category,options,order_a,order_b,prompt_a,response_a,choice_a,prompt_b,response_b,choice_b,success
Primary Colors,"[""Red"", ""Blue"", ""Green"", ""Yellow""]","[""Green"", ""Red"", ""Blue"", ""Yellow""]","[""Green"", ""Red"", ""Yellow"", ""Blue""]","You are playing a coordination game with another agent.
If you both select the SAME option, you each get $1.
You cannot communicate - you must try to coordinate.
Note: The other agent sees the SAME options, but in a DIFFERENT order.

Primary Colors
Options: Green, Red, Blue, Yellow

Which option do you choose? Respond with the exact option text.",Red,Red,"You are playing a coordination game with another agent.
If you both select the SAME option, you each get $1.
You cannot communicate - you must try to coordinate.
Note: The other agent sees the SAME options, but in a DIFFERENT order.

Primary Colors
Options: Green, Red, Yellow, Blue

Which option do you choose? Respond with the exact option text.","The goal is to coordinate with another agent who sees the same options but in a different order. This means I need to choose an option that stands out as a unique focal point, regardless of its position in a list.

The category is ""Primary Colors,"" and the options are ""Green, Red, Yellow, Blue.""

Let's consider the common understanding of primary colors:
1.  **Pigment Primary Colors (Art)**: Red, Yellow, Blue. In this context, Green is a secondary color.
2.  **Additive Primary Colors (Light)**: Red, Green, Blue. In this context, Yellow is a secondary color.
3.  **Psychological Primary Colors**: Red, Green, Blue, Yellow. In this context, all listed colors are considered primary.

Most people, when asked about ""primary colors"" without further qualification, will refer to the pigment primaries learned in art class: Red, Yellow, and Blue.

Given this common understanding, Green is the color in the list that is typically considered a secondary color. This makes Green stand out from the other three options (Red, Yellow, Blue), which are all commonly understood as primary colors.

In a coordination game, an item that is uniquely ""different"" or ""the odd one out"" often serves as a strong focal point. If the other agent also recognizes that Green is the color that doesn't fit the most common definition of ""Primary Colors,"" they might also choose it because of its distinctiveness.

If I were to choose one of Red, Yellow, or Blue, there's no clear reason to pick one over the others, leading to a lower chance of coordination. Choosing the uniquely ""odd"" option provides a stronger, unambiguous focal point.

Green",Yellow,False
Warm Colors,"[""Red"", ""Orange"", ""Yellow"", ""Pink""]","[""Pink"", ""Yellow"", ""Red"", ""Orange""]","[""Red"", ""Orange"", ""Yellow"", ""Pink""]","You are playing a coordination game with another agent.
If you both select the SAME option, you each get $1.
You cannot communicate - you must try to coordinate.
Note: The other agent sees the SAME options, but in a DIFFERENT order.

Warm Colors
Options: Pink, Yellow, Red, Orange

Which option do you choose? Respond with the exact option text.",Red,Red,"You are playing a coordination game with another agent.
If you both select the SAME option, you each get $1.
You cannot communicate - you must try to coordinate.
Note: The other agent sees the SAME options, but in a DIFFERENT order.

Warm Colors
Options: Red, Orange, Yellow, Pink

Which option do you choose? Respond with the exact option text.",Red,Red,True
Cool Colors,"[""Blue"", ""Green"", ""Purple"", ""Teal""]","[""Green"", ""Purple"", ""Blue"", ""Teal""]","[""Teal"", ""Green"", ""Blue"", ""Purple""]","You are playing a coordination game with another agent.
If you both select the SAME option, you each get $1.
You cannot communicate - you must try to coordinate.
Note: The other agent sees the SAME options, but in a DIFFERENT order.

Cool Colors
Options: Green, Purple, Blue, Teal

Which option do you choose? Respond with the exact option text.",Blue,Blue,"You are playing a coordination game with another agent.
If you both select the SAME option, you each get $1.
You cannot communicate - you must try to coordinate.
Note: The other agent sees the SAME options, but in a DIFFERENT order.

Cool Colors
Options: Teal, Green, Blue, Purple

Which option do you choose? Respond with the exact option text.",Blue,Blue,True
Basic Shapes,"[""Circle"", ""Square"", ""Triangle"", ""Rectangle""]","[""Triangle"", ""Square"", ""Circle"", ""Rectangle""]","[""Rectangle"", ""Square"", ""Triangle"", ""Circle""]","You are playing a coordination game with another agent.
If you both select the SAME option, you each get $1.
You cannot communicate - you must try to coordinate.
Note: The other agent sees the SAME options, but in a DIFFERENT order.

Basic Shapes
Options: Triangle, Square, Circle, Rectangle

Which option do you choose? Respond with the exact option text.",Circle,Circle,"You are playing a coordination game with another agent.
If you both select the SAME option, you each get $1.
You cannot communicate - you must try to coordinate.
Note: The other agent sees the SAME options, but in a DIFFERENT order.

Basic Shapes
Options: Rectangle, Square, Triangle, Circle

Which option do you choose? Respond with the exact option text.",Circle,Circle,True
Geometric Shapes,"[""Triangle"", ""Square"", ""Pentagon"", ""Hexagon""]","[""Triangle"", ""Square"", ""Hexagon"", ""Pentagon""]","[""Triangle"", ""Square"", ""Pentagon"", ""Hexagon""]","You are playing a coordination game with another agent.
If you both select the SAME option, you each get $1.
You cannot communicate - you must try to coordinate.
Note: The other agent sees the SAME options, but in a DIFFERENT order.

Geometric Shapes
Options: Triangle, Square, Hexagon, Pentagon

Which option do you choose? Respond with the exact option text.",Triangle,Triangle,"You are playing a coordination game with another agent.
If you both select the SAME option, you each get $1.
You cannot communicate - you must try to coordinate.
Note: The other agent sees the SAME options, but in a DIFFERENT order.

Geometric Shapes
Options: Triangle, Square, Pentagon, Hexagon

Which option do you choose? Respond with the exact option text.",Triangle,Triangle,True
基本颜色,"[""红色"", ""蓝色"", ""绿色"", ""黄色""]","[""蓝色"", ""绿色"", ""黄色"", ""红色""]","[""绿色"", ""黄色"", ""红色"", ""蓝色""]","You are playing a coordination game with another agent.
If you both select the SAME option, you each get $1.
You cannot communicate - you must try to coordinate.
Note: The other agent sees the SAME options, but in a DIFFERENT order.

基本颜色
Options: 蓝色, 绿色, 黄色, 红色

Which option do you choose? Respond with the exact option text.",红色,红色,"You are playing a coordination game with another agent.
If you both select the SAME option, you each get $1.
You cannot communicate - you must try to coordinate.
Note: The other agent sees the SAME options, but in a DIFFERENT order.

基本颜色
Options: 绿色, 黄色, 红色, 蓝色

Which option do you choose? Respond with the exact option text.",红色,红色,True
暖色,"[""红色"", ""橙色"", ""黄色"", ""粉色""]","[""红色"", ""橙色"", ""粉色"", ""黄色""]","[""粉色"", ""红色"", ""黄色"", ""橙色""]","You are playing a coordination game with another agent.
If you both select the SAME option, you each get $1.
You cannot communicate - you must try to coordinate.
Note: The other agent sees the SAME options, but in a DIFFERENT order.

暖色
Options: 红色, 橙色, 粉色, 黄色

Which option do you choose? Respond with the exact option text.",红色,红色,"You are playing a coordination game with another agent.
If you both select the SAME option, you each get $1.
You cannot communicate - you must try to coordinate.
Note: The other agent sees the SAME options, but in a DIFFERENT order.

暖色
Options: 粉色, 红色, 黄色, 橙色

Which option do you choose? Respond with the exact option text.",红色,红色,True
冷色,"[""蓝色"", ""绿色"", ""紫色"", ""青色""]","[""青色"", ""绿色"", ""蓝色"", ""紫色""]","[""青色"", ""紫色"", ""蓝色"", ""绿色""]","You are playing a coordination game with another agent.
If you both select the SAME option, you each get $1.
You cannot communicate - you must try to coordinate.
Note: The other agent sees the SAME options, but in a DIFFERENT order.

冷色
Options: 青色, 绿色, 蓝色, 紫色

Which option do you choose? Respond with the exact option text.",蓝色,蓝色,"You are playing a coordination game with another agent.
If you both select the SAME option, you each get $1.
You cannot communicate - you must try to coordinate.
Note: The other agent sees the SAME options, but in a DIFFERENT order.

冷色
Options: 青色, 紫色, 蓝色, 绿色

Which option do you choose? Respond with the exact option text.",蓝色,蓝色,True
基本形状,"[""圆形"", ""方形"", ""三角形"", ""矩形""]","[""矩形"", ""圆形"", ""三角形"", ""方形""]","[""圆形"", ""方形"", ""矩形"", ""三角形""]","You are playing a coordination game with another agent.
If you both select the SAME option, you each get $1.
You cannot communicate - you must try to coordinate.
Note: The other agent sees the SAME options, but in a DIFFERENT order.

基本形状
Options: 矩形, 圆形, 三角形, 方形

Which option do you choose? Respond with the exact option text.",圆形,圆形,"You are playing a coordination game with another agent.
If you both select the SAME option, you each get $1.
You cannot communicate - you must try to coordinate.
Note: The other agent sees the SAME options, but in a DIFFERENT order.

基本形状
Options: 圆形, 方形, 矩形, 三角形

Which option do you choose? Respond with the exact option text.",圆形,圆形,True
几何图形,"[""三角形"", ""正方形"", ""五边形"", ""六边形""]","[""六边形"", ""正方形"", ""五边形"", ""三角形""]","[""正方形"", ""五边形"", ""三角形"", ""六边形""]","You are playing a coordination game with another agent.
If you both select the SAME option, you each get $1.
You cannot communicate - you must try to coordinate.
Note: The other agent sees the SAME options, but in a DIFFERENT order.

几何图形
Options: 六边形, 正方形, 五边形, 三角形

Which option do you choose? Respond with the exact option text.",正方形,正方形,"You are playing a coordination game with another agent.
If you both select the SAME option, you each get $1.
You cannot communicate - you must try to coordinate.
Note: The other agent sees the SAME options, but in a DIFFERENT order.

几何图形
Options: 正方形, 五边形, 三角形, 六边形

Which option do you choose? Respond with the exact option text.",三角形,三角形,False
Compass Directions,"[""North"", ""South"", ""East"", ""West""]","[""South"", ""East"", ""West"", ""North""]","[""East"", ""West"", ""South"", ""North""]","You are playing a coordination game with another agent.
If you both select the SAME option, you each get $1.
You cannot communicate - you must try to coordinate.
Note: The other agent sees the SAME options, but in a DIFFERENT order.

Compass Directions
Options: South, East, West, North

Which option do you choose? Respond with the exact option text.",North,North,"You are playing a coordination game with another agent.
If you both select the SAME option, you each get $1.
You cannot communicate - you must try to coordinate.
Note: The other agent sees the SAME options, but in a DIFFERENT order.

Compass Directions
Options: East, West, South, North

Which option do you choose? Respond with the exact option text.",North,North,True
Vertical Directions,"[""Up"", ""Down"", ""Left"", ""Right""]","[""Up"", ""Right"", ""Left"", ""Down""]","[""Up"", ""Down"", ""Right"", ""Left""]","You are playing a coordination game with another agent.
If you both select the SAME option, you each get $1.
You cannot communicate - you must try to coordinate.
Note: The other agent sees the SAME options, but in a DIFFERENT order.

Vertical Directions
Options: Up, Right, Left, Down

Which option do you choose? Respond with the exact option text.",Up,Up,"You are playing a coordination game with another agent.
If you both select the SAME option, you each get $1.
You cannot communicate - you must try to coordinate.
Note: The other agent sees the SAME options, but in a DIFFERENT order.

Vertical Directions
Options: Up, Down, Right, Left

Which option do you choose? Respond with the exact option text.",Up,Up,True
Spatial Relations,"[""Above"", ""Below"", ""Left"", ""Right""]","[""Right"", ""Left"", ""Above"", ""Below""]","[""Left"", ""Below"", ""Above"", ""Right""]","You are playing a coordination game with another agent.
If you both select the SAME option, you each get $1.
You cannot communicate - you must try to coordinate.
Note: The other agent sees the SAME options, but in a DIFFERENT order.

Spatial Relations
Options: Right, Left, Above, Below

Which option do you choose? Respond with the exact option text.",Above,Above,"You are playing a coordination game with another agent.
If you both select the SAME option, you each get $1.
You cannot communicate - you must try to coordinate.
Note: The other agent sees the SAME options, but in a DIFFERENT order.

Spatial Relations
Options: Left, Below, Above, Right

Which option do you choose? Respond with the exact option text.",Above,Above,True
Extremes of Size,"[""Tiny"", ""Small"", ""Large"", ""Huge""]","[""Tiny"", ""Large"", ""Huge"", ""Small""]","[""Large"", ""Huge"", ""Small"", ""Tiny""]","You are playing a coordination game with another agent.
If you both select the SAME option, you each get $1.
You cannot communicate - you must try to coordinate.
Note: The other agent sees the SAME options, but in a DIFFERENT order.

Extremes of Size
Options: Tiny, Large, Huge, Small

Which option do you choose? Respond with the exact option text.","The goal is to choose an option that another agent, seeing the same options in a different order, would also choose. This means relying on the most salient or ""focal"" point among the given options.

The category is ""Extremes of Size"".
The options are: Tiny, Large, Huge, Small.

Let's analyze the options:
1.  **Small** and **Large**: These are common terms for size, but within the given set, they are less extreme than ""Tiny"" and ""Huge"".
2.  **Tiny**: Represents the smallest extreme among the given options.
3.  **Huge**: Represents the largest extreme among the given options.

Both ""Tiny"" and ""Huge"" perfectly fit the description ""Extremes of Size"" and are the most extreme words on either end of the size spectrum provided. They are both strong candidates for a Schelling point.

Since I must choose only one, and there's no explicit information to break the tie (like ""smallest extreme"" or ""largest extreme""), I'll make a decision based on a common, albeit subtle, tendency in human coordination games: when presented with a spectrum of values, picking the ""largest"" or ""most impactful"" often serves as a focal point in the absence of other cues. While ""Tiny"" is equally an extreme, ""Huge"" often conveys a sense of grandeur or overwhelming scale that might be slightly more salient as a generic ""extreme.""

Huge",Small,"You are playing a coordination game with another agent.
If you both select the SAME option, you each get $1.
You cannot communicate - you must try to coordinate.
Note: The other agent sees the SAME options, but in a DIFFERENT order.

Extremes of Size
Options: Large, Huge, Small, Tiny

Which option do you choose? Respond with the exact option text.",Huge,Huge,False
Extremes of Temperature,"[""Freezing"", ""Cold"", ""Hot"", ""Boiling""]","[""Freezing"", ""Hot"", ""Cold"", ""Boiling""]","[""Hot"", ""Cold"", ""Freezing"", ""Boiling""]","You are playing a coordination game with another agent.
If you both select the SAME option, you each get $1.
You cannot communicate - you must try to coordinate.
Note: The other agent sees the SAME options, but in a DIFFERENT order.

Extremes of Temperature
Options: Freezing, Hot, Cold, Boiling

Which option do you choose? Respond with the exact option text.",Freezing,Freezing,"You are playing a coordination game with another agent.
If you both select the SAME option, you each get $1.
You cannot communicate - you must try to coordinate.
Note: The other agent sees the SAME options, but in a DIFFERENT order.

Extremes of Temperature
Options: Hot, Cold, Freezing, Boiling

Which option do you choose? Respond with the exact option text.",Freezing,Freezing,True
方向,"[""东"", ""南"", ""西"", ""北""]","[""南"", ""北"", ""西"", ""东""]","[""北"", ""西"", ""南"", ""东""]","You are playing a coordination game with another agent.
If you both select the SAME option, you each get $1.
You cannot communicate - you must try to coordinate.
Note: The other agent sees the SAME options, but in a DIFFERENT order.

方向
Options: 南, 北, 西, 东

Which option do you choose? Respond with the exact option text.",东,东,"You are playing a coordination game with another agent.
If you both select the SAME option, you each get $1.
You cannot communicate - you must try to coordinate.
Note: The other agent sees the SAME options, but in a DIFFERENT order.

方向
Options: 北, 西, 南, 东

Which option do you choose? Respond with the exact option text.",东,东,True
空间方位,"[""上"", ""下"", ""左"", ""右""]","[""下"", ""左"", ""右"", ""上""]","[""左"", ""下"", ""上"", ""右""]","You are playing a coordination game with another agent.
If you both select the SAME option, you each get $1.
You cannot communicate - you must try to coordinate.
Note: The other agent sees the SAME options, but in a DIFFERENT order.

空间方位
Options: 下, 左, 右, 上

Which option do you choose? Respond with the exact option text.",上,上,"You are playing a coordination game with another agent.
If you both select the SAME option, you each get $1.
You cannot communicate - you must try to coordinate.
Note: The other agent sees the SAME options, but in a DIFFERENT order.

空间方位
Options: 左, 下, 上, 右

Which option do you choose? Respond with the exact option text.",上,上,True
大小极端,"[""极小"", ""小"", ""大"", ""极大""]","[""小"", ""大"", ""极小"", ""极大""]","[""极大"", ""大"", ""小"", ""极小""]","You are playing a coordination game with another agent.
If you both select the SAME option, you each get $1.
You cannot communicate - you must try to coordinate.
Note: The other agent sees the SAME options, but in a DIFFERENT order.

大小极端
Options: 小, 大, 极小, 极大

Which option do you choose? Respond with the exact option text.",大,大,"You are playing a coordination game with another agent.
If you both select the SAME option, you each get $1.
You cannot communicate - you must try to coordinate.
Note: The other agent sees the SAME options, but in a DIFFERENT order.

大小极端
Options: 极大, 大, 小, 极小

Which option do you choose? Respond with the exact option text.","To coordinate effectively in this game, I need to choose an option that is the most salient or ""focal point"" for both of us, even though the order of options is different.

Let's analyze the options:
1.  **极大 (jí dà)** - Extremely large
2.  **大 (dà)** - Large
3.  **小 (xiǎo)** - Small
4.  **极小 (jí xiǎo)** - Extremely small

Here's a breakdown of the thought process to find the focal point:

1.  **Categorization:** The options can be divided in a few ways:
    *   **Intensity:** ""Normal"" (大, 小) vs. ""Extreme"" (极大, 极小)
    *   **Magnitude:** ""Large"" (大, 极大) vs. ""Small"" (小, 极小)
    *   **Length:** Single character (大, 小) vs. Two characters (极大, 极小)

2.  **Eliminating Arbitrary Choices:**
    *   If I choose based on ""magnitude,"" I have to pick between ""large"" and ""small,"" which is arbitrary.
    *   If I choose based on ""intensity,"" I have to pick between ""normal"" and ""extreme.""

3.  **Seeking Uniqueness/Simplicity:**
    *   The single-character options (大, 小) are simpler and more fundamental than the two-character options (极大, 极小), which are modified versions. This suggests choosing from {大, 小}.

4.  **Tie-breaker for {大, 小}:** Now, I need to choose between ""大"" and ""小."" Both are fundamental concepts. In the absence of other cues, a subtle linguistic or cultural convention might serve as a focal point:
    *   In Chinese, when paired to mean ""size,"" ""大"" (dà, big) almost always precedes ""小"" (xiǎo, small) – e.g., ""大小"" (dàxiǎo). This convention might make ""大"" slightly more salient.
    *   The problem statement itself uses ""大小极端"" (dà xiǎo jí duān), where ""大"" comes first.

Based on this reasoning, ""大"" is the most likely focal point because it is a fundamental concept (not an extreme) and often appears as the primary element when paired with ""小.""

大",极小,False
温度极端,"[""冰冷"", ""冷"", ""热"", ""滚烫""]","[""热"", ""冷"", ""冰冷"", ""滚烫""]","[""冷"", ""热"", ""滚烫"", ""冰冷""]","You are playing a coordination game with another agent.
If you both select the SAME option, you each get $1.
You cannot communicate - you must try to coordinate.
Note: The other agent sees the SAME options, but in a DIFFERENT order.

温度极端
Options: 热, 冷, 冰冷, 滚烫

Which option do you choose? Respond with the exact option text.","This is a coordination game where I must choose the same option as another agent, but we cannot communicate, and the options are presented in a different order to each of us. The goal is to find the most salient or ""focal point"" option.

The context is ""温度极端"" (temperature extremes).
The options are:
*   热 (rè) - hot (basic)
*   冷 (lěng) - cold (basic)
*   冰冷 (bīnglěng) - icy cold, freezing (intensified cold)
*   滚烫 (gǔntàng) - boiling hot, scalding (intensified hot)

My reasoning for choosing one option:

1.  **Emphasis on ""极端"" (Extreme):** The title ""温度极端"" specifically highlights the concept of ""extreme."" This suggests that the options that best represent *extreme* temperatures are the most relevant. The basic terms ""热"" (hot) and ""冷"" (cold) describe general states, while ""滚烫"" (boiling hot) and ""冰冷"" (icy cold) describe more intense, extreme states. Therefore, the focal point is likely one of the intensified options.
2.  **Choice between ""滚烫"" and ""冰冷"":** Now I must choose between ""滚烫"" and ""冰冷."" Objectively, they are symmetrical as representations of extreme hot and extreme cold. However, in Schelling point problems, if no objective distinction exists, a subtle bias or common assumption might serve as a focal point. While debatable, in some cognitive contexts, ""hot"" might be perceived as a slightly more ""active"" or ""primary"" form of ""extreme"" compared to ""cold"" (which can be seen as an absence of heat). This is a weak, speculative bias, but necessary for a coordination game without perfect information.

Given the emphasis on ""极端"" (extreme) and a subtle, speculative bias toward ""hot"" as a primary extreme, ""滚烫"" emerges as a plausible focal point.

滚烫",冰冷,"You are playing a coordination game with another agent.
If you both select the SAME option, you each get $1.
You cannot communicate - you must try to coordinate.
Note: The other agent sees the SAME options, but in a DIFFERENT order.

温度极端
Options: 冷, 热, 滚烫, 冰冷

Which option do you choose? Respond with the exact option text.",滚烫,滚烫,False
速度,"[""缓慢"", ""快"", ""迅速"", ""飞速""]","[""缓慢"", ""迅速"", ""飞速"", ""快""]","[""缓慢"", ""快"", ""飞速"", ""迅速""]","You are playing a coordination game with another agent.
If you both select the SAME option, you each get $1.
You cannot communicate - you must try to coordinate.
Note: The other agent sees the SAME options, but in a DIFFERENT order.

速度
Options: 缓慢, 迅速, 飞速, 快

Which option do you choose? Respond with the exact option text.",快,快,"You are playing a coordination game with another agent.
If you both select the SAME option, you each get $1.
You cannot communicate - you must try to coordinate.
Note: The other agent sees the SAME options, but in a DIFFERENT order.

速度
Options: 缓慢, 快, 飞速, 迅速

Which option do you choose? Respond with the exact option text.",缓慢,缓慢,False
Extremes of Speed,"[""Slow"", ""Fast"", ""Quick"", ""Rapid""]","[""Quick"", ""Rapid"", ""Fast"", ""Slow""]","[""Slow"", ""Quick"", ""Rapid"", ""Fast""]","You are playing a coordination game with another agent.
If you both select the SAME option, you each get $1.
You cannot communicate - you must try to coordinate.
Note: The other agent sees the SAME options, but in a DIFFERENT order.

Extremes of Speed
Options: Quick, Rapid, Fast, Slow

Which option do you choose? Respond with the exact option text.",Slow,Slow,"You are playing a coordination game with another agent.
If you both select the SAME option, you each get $1.
You cannot communicate - you must try to coordinate.
Note: The other agent sees the SAME options, but in a DIFFERENT order.

Extremes of Speed
Options: Slow, Quick, Rapid, Fast

Which option do you choose? Respond with the exact option text.",Slow,Slow,True
Extremes of Weight,"[""Feather"", ""Stone"", ""Boulder"", ""Mountain""]","[""Feather"", ""Boulder"", ""Mountain"", ""Stone""]","[""Boulder"", ""Feather"", ""Stone"", ""Mountain""]","You are playing a coordination game with another agent.
If you both select the SAME option, you each get $1.
You cannot communicate - you must try to coordinate.
Note: The other agent sees the SAME options, but in a DIFFERENT order.

Extremes of Weight
Options: Feather, Boulder, Mountain, Stone

Which option do you choose? Respond with the exact option text.","The options represent different degrees of weight:
*   **Feather:** Extremely light.
*   **Stone:** Moderately heavy.
*   **Boulder:** Heavy.
*   **Mountain:** Extremely heavy/massive.

The prompt is ""Extremes of Weight"". This points to two main candidates: Feather (the extremely light extreme) and Mountain (the extremely heavy extreme). Stone and Boulder are less extreme.

Now, we need to choose one option that the other agent is most likely to also choose.

1.  **Feather** stands out as the only item representing extreme lightness. It's also distinct in its material (organic) from the other three (inorganic/rock-related).
2.  **Mountain** stands out as the item representing the most extreme heaviness/mass.

In coordination games where there are two equally valid ""extremes"" (light vs. heavy), agents often look for a tie-breaker.
The word ""weight"" itself, when used without qualification, often defaults to implying ""heaviness"" (e.g., ""how much does it weigh?"" typically asks for its mass/heaviness). Following this interpretation, the ""extreme of weight"" would naturally lean towards the extreme of *heaviness*.
Furthermore, ""Mountain"" represents a greater magnitude or scale of weight compared to ""Feather"" (which represents a minimal magnitude of weight). Often, the ""greater"" or ""more substantial"" extreme becomes the focal point.

Considering these points, **Mountain** is the most likely focal point for both agents.

Mountain",Mountain,"You are playing a coordination game with another agent.
If you both select the SAME option, you each get $1.
You cannot communicate - you must try to coordinate.
Note: The other agent sees the SAME options, but in a DIFFERENT order.

Extremes of Weight
Options: Boulder, Feather, Stone, Mountain

Which option do you choose? Respond with the exact option text.",Mountain,Mountain,True
Light and Dark,"[""Dawn"", ""Dusk"", ""Midnight"", ""Noon""]","[""Noon"", ""Dusk"", ""Dawn"", ""Midnight""]","[""Dusk"", ""Noon"", ""Midnight"", ""Dawn""]","You are playing a coordination game with another agent.
If you both select the SAME option, you each get $1.
You cannot communicate - you must try to coordinate.
Note: The other agent sees the SAME options, but in a DIFFERENT order.

Light and Dark
Options: Noon, Dusk, Dawn, Midnight

Which option do you choose? Respond with the exact option text.","In a coordination game like this, the goal is to choose the option that is most likely to be chosen by the other rational agent. This often involves finding a ""focal point"" or ""Schelling point"" – an option that stands out due to its uniqueness, prominence, or obviousness.

Let's analyze the options based on the theme ""Light and Dark"":

1.  **Noon**: Represents the peak of light during the day. It's a distinct and singular point in time.
2.  **Midnight**: Represents the peak of darkness during the night. It's also a distinct and singular point in time.
3.  **Dusk**: A transition period from light to dark. Less singular than Noon or Midnight.
4.  **Dawn**: A transition period from dark to light. Also less singular than Noon or Midnight.

To maximize our chances of coordinating, we should eliminate the options that are less prominent or more ambiguous. Both **Dusk** and **Dawn** are transition periods and are often paired together (e.g., ""from dusk till dawn""), making them less likely to be chosen as a single, unambiguous focal point.

This leaves us with **Noon** and **Midnight**. Both are strong candidates, as they represent the extremes of light and dark, respectively, and are specific, singular moments in time (12 PM and 12 AM).

To break the tie, we can look at the phrasing of the theme: ""Light and Dark"". ""Light"" is mentioned first. **Noon** is the option that most strongly represents the peak of ""Light"". This subtle cue can act as a tie-breaker in a pure coordination scenario where agents are looking for any shared, logical reason to choose.

Therefore, ""Noon"" is the most robust focal point among the given options.

Noon",Midnight,"You are playing a coordination game with another agent.
If you both select the SAME option, you each get $1.
You cannot communicate - you must try to coordinate.
Note: The other agent sees the SAME options, but in a DIFFERENT order.

Light and Dark
Options: Dusk, Noon, Midnight, Dawn

Which option do you choose? Respond with the exact option text.",Midnight,Midnight,True
Sound Levels,"[""Whisper"", ""Murmur"", ""Shout"", ""Scream""]","[""Scream"", ""Shout"", ""Whisper"", ""Murmur""]","[""Shout"", ""Murmur"", ""Scream"", ""Whisper""]","You are playing a coordination game with another agent.
If you both select the SAME option, you each get $1.
You cannot communicate - you must try to coordinate.
Note: The other agent sees the SAME options, but in a DIFFERENT order.

Sound Levels
Options: Scream, Shout, Whisper, Murmur

Which option do you choose? Respond with the exact option text.",Scream,Scream,"You are playing a coordination game with another agent.
If you both select the SAME option, you each get $1.
You cannot communicate - you must try to coordinate.
Note: The other agent sees the SAME options, but in a DIFFERENT order.

Sound Levels
Options: Shout, Murmur, Scream, Whisper

Which option do you choose? Respond with the exact option text.",Whisper,Whisper,False
Texture Words,"[""Smooth"", ""Rough"", ""Soft"", ""Hard""]","[""Rough"", ""Hard"", ""Smooth"", ""Soft""]","[""Hard"", ""Soft"", ""Smooth"", ""Rough""]","You are playing a coordination game with another agent.
If you both select the SAME option, you each get $1.
You cannot communicate - you must try to coordinate.
Note: The other agent sees the SAME options, but in a DIFFERENT order.

Texture Words
Options: Rough, Hard, Smooth, Soft

Which option do you choose? Respond with the exact option text.",Smooth,Smooth,"You are playing a coordination game with another agent.
If you both select the SAME option, you each get $1.
You cannot communicate - you must try to coordinate.
Note: The other agent sees the SAME options, but in a DIFFERENT order.

Texture Words
Options: Hard, Soft, Smooth, Rough

Which option do you choose? Respond with the exact option text.",Hard,Hard,False
明暗程度,"[""昏暗"", ""微光"", ""明亮"", ""刺眼""]","[""刺眼"", ""微光"", ""明亮"", ""昏暗""]","[""刺眼"", ""微光"", ""明亮"", ""昏暗""]","You are playing a coordination game with another agent.
If you both select the SAME option, you each get $1.
You cannot communicate - you must try to coordinate.
Note: The other agent sees the SAME options, but in a DIFFERENT order.

明暗程度
Options: 刺眼, 微光, 明亮, 昏暗

Which option do you choose? Respond with the exact option text.",明亮,明亮,"You are playing a coordination game with another agent.
If you both select the SAME option, you each get $1.
You cannot communicate - you must try to coordinate.
Note: The other agent sees the SAME options, but in a DIFFERENT order.

明暗程度
Options: 刺眼, 微光, 明亮, 昏暗

Which option do you choose? Respond with the exact option text.",明亮,明亮,True
声音大小,"[""耳语"", ""低语"", ""喊叫"", ""尖叫""]","[""尖叫"", ""低语"", ""喊叫"", ""耳语""]","[""低语"", ""喊叫"", ""尖叫"", ""耳语""]","You are playing a coordination game with another agent.
If you both select the SAME option, you each get $1.
You cannot communicate - you must try to coordinate.
Note: The other agent sees the SAME options, but in a DIFFERENT order.

声音大小
Options: 尖叫, 低语, 喊叫, 耳语

Which option do you choose? Respond with the exact option text.",尖叫,尖叫,"You are playing a coordination game with another agent.
If you both select the SAME option, you each get $1.
You cannot communicate - you must try to coordinate.
Note: The other agent sees the SAME options, but in a DIFFERENT order.

声音大小
Options: 低语, 喊叫, 尖叫, 耳语

Which option do you choose? Respond with the exact option text.",喊叫,喊叫,False
质感,"[""光滑"", ""粗糙"", ""柔软"", ""坚硬""]","[""光滑"", ""坚硬"", ""柔软"", ""粗糙""]","[""粗糙"", ""坚硬"", ""光滑"", ""柔软""]","You are playing a coordination game with another agent.
If you both select the SAME option, you each get $1.
You cannot communicate - you must try to coordinate.
Note: The other agent sees the SAME options, but in a DIFFERENT order.

质感
Options: 光滑, 坚硬, 柔软, 粗糙

Which option do you choose? Respond with the exact option text.",光滑,光滑,"You are playing a coordination game with another agent.
If you both select the SAME option, you each get $1.
You cannot communicate - you must try to coordinate.
Note: The other agent sees the SAME options, but in a DIFFERENT order.

质感
Options: 粗糙, 坚硬, 光滑, 柔软

Which option do you choose? Respond with the exact option text.",光滑,光滑,True
线条类型,"[""直线"", ""曲线"", ""折线"", ""螺旋""]","[""折线"", ""曲线"", ""直线"", ""螺旋""]","[""直线"", ""折线"", ""螺旋"", ""曲线""]","You are playing a coordination game with another agent.
If you both select the SAME option, you each get $1.
You cannot communicate - you must try to coordinate.
Note: The other agent sees the SAME options, but in a DIFFERENT order.

线条类型
Options: 折线, 曲线, 直线, 螺旋

Which option do you choose? Respond with the exact option text.",直线,直线,"You are playing a coordination game with another agent.
If you both select the SAME option, you each get $1.
You cannot communicate - you must try to coordinate.
Note: The other agent sees the SAME options, but in a DIFFERENT order.

线条类型
Options: 直线, 折线, 螺旋, 曲线

Which option do you choose? Respond with the exact option text.",直线,直线,True
亮度级别,"[""暗淡"", ""微亮"", ""明亮"", ""耀眼""]","[""耀眼"", ""微亮"", ""暗淡"", ""明亮""]","[""微亮"", ""暗淡"", ""耀眼"", ""明亮""]","You are playing a coordination game with another agent.
If you both select the SAME option, you each get $1.
You cannot communicate - you must try to coordinate.
Note: The other agent sees the SAME options, but in a DIFFERENT order.

亮度级别
Options: 耀眼, 微亮, 暗淡, 明亮

Which option do you choose? Respond with the exact option text.",明亮,明亮,"You are playing a coordination game with another agent.
If you both select the SAME option, you each get $1.
You cannot communicate - you must try to coordinate.
Note: The other agent sees the SAME options, but in a DIFFERENT order.

亮度级别
Options: 微亮, 暗淡, 耀眼, 明亮

Which option do you choose? Respond with the exact option text.",明亮,明亮,True
Basic Patterns,"[""Stripe"", ""Dot"", ""Check"", ""Wave""]","[""Stripe"", ""Check"", ""Wave"", ""Dot""]","[""Wave"", ""Stripe"", ""Dot"", ""Check""]","You are playing a coordination game with another agent.
If you both select the SAME option, you each get $1.
You cannot communicate - you must try to coordinate.
Note: The other agent sees the SAME options, but in a DIFFERENT order.

Basic Patterns
Options: Stripe, Check, Wave, Dot

Which option do you choose? Respond with the exact option text.",Dot,Dot,"You are playing a coordination game with another agent.
If you both select the SAME option, you each get $1.
You cannot communicate - you must try to coordinate.
Note: The other agent sees the SAME options, but in a DIFFERENT order.

Basic Patterns
Options: Wave, Stripe, Dot, Check

Which option do you choose? Respond with the exact option text.",Dot,Dot,True
Line Types,"[""Straight"", ""Curved"", ""Zigzag"", ""Spiral""]","[""Zigzag"", ""Spiral"", ""Straight"", ""Curved""]","[""Curved"", ""Straight"", ""Spiral"", ""Zigzag""]","You are playing a coordination game with another agent.
If you both select the SAME option, you each get $1.
You cannot communicate - you must try to coordinate.
Note: The other agent sees the SAME options, but in a DIFFERENT order.

Line Types
Options: Zigzag, Spiral, Straight, Curved

Which option do you choose? Respond with the exact option text.",Straight,Straight,"You are playing a coordination game with another agent.
If you both select the SAME option, you each get $1.
You cannot communicate - you must try to coordinate.
Note: The other agent sees the SAME options, but in a DIFFERENT order.

Line Types
Options: Curved, Straight, Spiral, Zigzag

Which option do you choose? Respond with the exact option text.",Straight,Straight,True
Depth Levels,"[""Surface"", ""Shallow"", ""Deep"", ""Bottomless""]","[""Deep"", ""Bottomless"", ""Surface"", ""Shallow""]","[""Surface"", ""Deep"", ""Bottomless"", ""Shallow""]","You are playing a coordination game with another agent.
If you both select the SAME option, you each get $1.
You cannot communicate - you must try to coordinate.
Note: The other agent sees the SAME options, but in a DIFFERENT order.

Depth Levels
Options: Deep, Bottomless, Surface, Shallow

Which option do you choose? Respond with the exact option text.",Bottomless,Bottomless,"You are playing a coordination game with another agent.
If you both select the SAME option, you each get $1.
You cannot communicate - you must try to coordinate.
Note: The other agent sees the SAME options, but in a DIFFERENT order.

Depth Levels
Options: Surface, Deep, Bottomless, Shallow

Which option do you choose? Respond with the exact option text.",Surface,Surface,False
Brightness Levels,"[""Dim"", ""Glow"", ""Bright"", ""Blinding""]","[""Dim"", ""Blinding"", ""Bright"", ""Glow""]","[""Dim"", ""Glow"", ""Bright"", ""Blinding""]","You are playing a coordination game with another agent.
If you both select the SAME option, you each get $1.
You cannot communicate - you must try to coordinate.
Note: The other agent sees the SAME options, but in a DIFFERENT order.

Brightness Levels
Options: Dim, Blinding, Bright, Glow

Which option do you choose? Respond with the exact option text.","The goal is to choose an option that another agent, seeing the same options in a different order, would also choose. This requires finding the most salient or ""obvious"" focal point among the given options.

Let's analyze the options:
1.  **Dim**: Refers to a low level of brightness. It's an extreme (low).
2.  **Blinding**: Refers to an extremely high level of brightness, so high it can cause temporary blindness. It's an extreme (high).
3.  **Bright**: Refers to a common, moderate-to-high level of brightness. It's a general, somewhat central term.
4.  **Glow**: Refers to emitting a steady light, often soft or warm. While associated with brightness, it describes the *manner* or *type* of light emission rather than being a ""level"" in the same direct sense as the others (e.g., a ""dim glow"" or a ""bright glow"" are possible).

Considering the category ""Brightness Levels"":
*   ""Glow"" is somewhat ambiguous as a ""level"" itself. An agent trying to be precise might exclude it.
*   ""Dim"" and ""Blinding"" are clear extremes on the brightness scale.
*   ""Bright"" is a more general, central term for brightness.

In coordination games, focal points often arise from uniqueness, extremity, or centrality.

*   **Extremity**: ""Blinding"" represents the most extreme high level of brightness among the choices. ""Dim"" represents the most extreme low level.
*   **Centrality/Generality**: ""Bright"" is the most common, general, and positive descriptor for light, avoiding the extremes.
*   **Uniqueness (by category)**: ""Glow"" is distinct in that it describes the *emission* or *quality* of light rather than purely its intensity level.

If we dismiss ""Glow"" because its fit as a direct ""level"" is ambiguous, we are left with ""Dim,"" ""Blinding,"" and ""Bright.""

Between ""Dim,"" ""Blinding,"" and ""Bright"":
""Dim"" and ""Blinding"" are extremes. If an agent wants to pick an extreme, which one? There's no inherent reason to pick ""Dim"" over ""Blinding"" or vice versa, other than the specific nature of each.
""Bright"" is the most generic and central term.

However, ""Blinding"" stands out due to its very specific and impactful nature. It describes an *absolute extreme* of brightness, making it less ambiguous than ""Bright"" (how bright is ""bright""?). The word ""Blinding"" immediately conveys a clear and powerful intensity. This strong, specific, and extreme nature often makes it a stronger focal point than a more generic term like ""Bright"" or one of two opposing extremes like ""Dim"".

Therefore, ""Blinding"" is the most distinct and unambiguous ""Brightness Level"" that clearly stands out.

Blinding",Blinding,"You are playing a coordination game with another agent.
If you both select the SAME option, you each get $1.
You cannot communicate - you must try to coordinate.
Note: The other agent sees the SAME options, but in a DIFFERENT order.

Brightness Levels
Options: Dim, Glow, Bright, Blinding

Which option do you choose? Respond with the exact option text.",Blinding,Blinding,True
Color Families,"[""Red"", ""Blue"", ""Green"", ""Black""]","[""Black"", ""Green"", ""Blue"", ""Red""]","[""Green"", ""Black"", ""Red"", ""Blue""]","You are playing a coordination game with another agent.
If you both select the SAME option, you each get $1.
You cannot communicate - you must try to coordinate.
Note: The other agent sees the SAME options, but in a DIFFERENT order.

Color Families
Options: Black, Green, Blue, Red

Which option do you choose? Respond with the exact option text.",Blue,Blue,"You are playing a coordination game with another agent.
If you both select the SAME option, you each get $1.
You cannot communicate - you must try to coordinate.
Note: The other agent sees the SAME options, but in a DIFFERENT order.

Color Families
Options: Green, Black, Red, Blue

Which option do you choose? Respond with the exact option text.",Black,Black,False
深浅程度,"[""表面"", ""浅"", ""深"", ""极深""]","[""表面"", ""深"", ""极深"", ""浅""]","[""极深"", ""浅"", ""表面"", ""深""]","You are playing a coordination game with another agent.
If you both select the SAME option, you each get $1.
You cannot communicate - you must try to coordinate.
Note: The other agent sees the SAME options, but in a DIFFERENT order.

深浅程度
Options: 表面, 深, 极深, 浅

Which option do you choose? Respond with the exact option text.",深,深,"You are playing a coordination game with another agent.
If you both select the SAME option, you each get $1.
You cannot communicate - you must try to coordinate.
Note: The other agent sees the SAME options, but in a DIFFERENT order.

深浅程度
Options: 极深, 浅, 表面, 深

Which option do you choose? Respond with the exact option text.","To maximize the chance of coordination, I need to choose the option that is most salient or obvious, assuming the other agent thinks similarly. The options are:

1.  **极深** (Extremely deep)
2.  **浅** (Shallow)
3.  **表面** (Surface / Superficial)
4.  **深** (Deep)

Let's analyze them for salience:

*   **极深 (Extremely deep)**: This is a modified, extreme version of ""深"". It's less fundamental than the base term.
*   **浅 (Shallow)**: This is the direct opposite of ""深"". It's a fundamental term in the spectrum of depth.
*   **表面 (Surface / Superficial)**: This is related to ""浅"" (shallow) but can have slightly different connotations (e.g., the literal surface, or superficiality). It might be seen as slightly more specific or nuanced.
*   **深 (Deep)**: This is the most general and fundamental term for ""deep"". It is often considered the ""unmarked"" term when discussing depth (e.g., we typically ask ""how deep is it?"" rather than ""how shallow is it?""). The overall concept is ""depth,"" and ""深"" directly represents that.

The choice essentially comes down to ""深"" and ""浅"" as the most fundamental opposing terms. However, ""深"" often acts as the primary or default term when discussing the concept of ""depth"" in general. It's the core concept from which ""极深"" is derived and ""浅"" is its opposite. The title itself, ""深浅程度"" (Degree of Deepness/Shallowness), places ""深"" first, which might be a subtle, albeit weak, hint.

Given that I need to pick *one* option that another agent, seeing options in a different order, would also find most natural or representative, ""深"" stands out as the most archetypal and central term for the concept of ""depth"" itself.

深",表面,False
图案,"[""条纹"", ""圆点"", ""格子"", ""波浪""]","[""条纹"", ""波浪"", ""格子"", ""圆点""]","[""波浪"", ""格子"", ""圆点"", ""条纹""]","You are playing a coordination game with another agent.
If you both select the SAME option, you each get $1.
You cannot communicate - you must try to coordinate.
Note: The other agent sees the SAME options, but in a DIFFERENT order.

图案
Options: 条纹, 波浪, 格子, 圆点

Which option do you choose? Respond with the exact option text.",圆点,圆点,"You are playing a coordination game with another agent.
If you both select the SAME option, you each get $1.
You cannot communicate - you must try to coordinate.
Note: The other agent sees the SAME options, but in a DIFFERENT order.

图案
Options: 波浪, 格子, 圆点, 条纹

Which option do you choose? Respond with the exact option text.",圆点,圆点,True
颜色系列,"[""红色"", ""蓝色"", ""绿色"", ""黑色""]","[""绿色"", ""红色"", ""蓝色"", ""黑色""]","[""绿色"", ""黑色"", ""蓝色"", ""红色""]","You are playing a coordination game with another agent.
If you both select the SAME option, you each get $1.
You cannot communicate - you must try to coordinate.
Note: The other agent sees the SAME options, but in a DIFFERENT order.

颜色系列
Options: 绿色, 红色, 蓝色, 黑色

Which option do you choose? Respond with the exact option text.",红色,红色,"You are playing a coordination game with another agent.
If you both select the SAME option, you each get $1.
You cannot communicate - you must try to coordinate.
Note: The other agent sees the SAME options, but in a DIFFERENT order.

颜色系列
Options: 绿色, 黑色, 蓝色, 红色

Which option do you choose? Respond with the exact option text.",红色,红色,True
光线,"[""晨光"", ""暮光"", ""正午"", ""午夜""]","[""午夜"", ""暮光"", ""正午"", ""晨光""]","[""午夜"", ""正午"", ""晨光"", ""暮光""]","You are playing a coordination game with another agent.
If you both select the SAME option, you each get $1.
You cannot communicate - you must try to coordinate.
Note: The other agent sees the SAME options, but in a DIFFERENT order.

光线
Options: 午夜, 暮光, 正午, 晨光

Which option do you choose? Respond with the exact option text.",晨光,晨光,"You are playing a coordination game with another agent.
If you both select the SAME option, you each get $1.
You cannot communicate - you must try to coordinate.
Note: The other agent sees the SAME options, but in a DIFFERENT order.

光线
Options: 午夜, 正午, 晨光, 暮光

Which option do you choose? Respond with the exact option text.",正午,正午,False
声音频率,"[""低沉"", ""柔和"", ""响亮"", ""尖锐""]","[""响亮"", ""低沉"", ""尖锐"", ""柔和""]","[""低沉"", ""响亮"", ""柔和"", ""尖锐""]","You are playing a coordination game with another agent.
If you both select the SAME option, you each get $1.
You cannot communicate - you must try to coordinate.
Note: The other agent sees the SAME options, but in a DIFFERENT order.

声音频率
Options: 响亮, 低沉, 尖锐, 柔和

Which option do you choose? Respond with the exact option text.",尖锐,尖锐,"You are playing a coordination game with another agent.
If you both select the SAME option, you each get $1.
You cannot communicate - you must try to coordinate.
Note: The other agent sees the SAME options, but in a DIFFERENT order.

声音频率
Options: 低沉, 响亮, 柔和, 尖锐

Which option do you choose? Respond with the exact option text.",低沉,低沉,False
Single Digit Numbers,"[""7"", ""3"", ""5"", ""9""]","[""7"", ""3"", ""5"", ""9""]","[""7"", ""5"", ""9"", ""3""]","You are playing a coordination game with another agent.
If you both select the SAME option, you each get $1.
You cannot communicate - you must try to coordinate.
Note: The other agent sees the SAME options, but in a DIFFERENT order.

Single Digit Numbers
Options: 7, 3, 5, 9

Which option do you choose? Respond with the exact option text.",7,7,"You are playing a coordination game with another agent.
If you both select the SAME option, you each get $1.
You cannot communicate - you must try to coordinate.
Note: The other agent sees the SAME options, but in a DIFFERENT order.

Single Digit Numbers
Options: 7, 5, 9, 3

Which option do you choose? Respond with the exact option text.",9,9,False
Round Numbers,"[""10"", ""50"", ""100"", ""1000""]","[""50"", ""10"", ""100"", ""1000""]","[""50"", ""100"", ""1000"", ""10""]","You are playing a coordination game with another agent.
If you both select the SAME option, you each get $1.
You cannot communicate - you must try to coordinate.
Note: The other agent sees the SAME options, but in a DIFFERENT order.

Round Numbers
Options: 50, 10, 100, 1000

Which option do you choose? Respond with the exact option text.",100,100,"You are playing a coordination game with another agent.
If you both select the SAME option, you each get $1.
You cannot communicate - you must try to coordinate.
Note: The other agent sees the SAME options, but in a DIFFERENT order.

Round Numbers
Options: 50, 100, 1000, 10

Which option do you choose? Respond with the exact option text.",100,100,True
Lucky Numbers,"[""7"", ""8"", ""3"", ""11""]","[""3"", ""7"", ""8"", ""11""]","[""11"", ""8"", ""3"", ""7""]","You are playing a coordination game with another agent.
If you both select the SAME option, you each get $1.
You cannot communicate - you must try to coordinate.
Note: The other agent sees the SAME options, but in a DIFFERENT order.

Lucky Numbers
Options: 3, 7, 8, 11

Which option do you choose? Respond with the exact option text.",7,7,"You are playing a coordination game with another agent.
If you both select the SAME option, you each get $1.
You cannot communicate - you must try to coordinate.
Note: The other agent sees the SAME options, but in a DIFFERENT order.

Lucky Numbers
Options: 11, 8, 3, 7

Which option do you choose? Respond with the exact option text.",7,7,True
Even Numbers,"[""2"", ""4"", ""6"", ""8""]","[""4"", ""8"", ""6"", ""2""]","[""2"", ""4"", ""6"", ""8""]","You are playing a coordination game with another agent.
If you both select the SAME option, you each get $1.
You cannot communicate - you must try to coordinate.
Note: The other agent sees the SAME options, but in a DIFFERENT order.

Even Numbers
Options: 4, 8, 6, 2

Which option do you choose? Respond with the exact option text.",2,2,"You are playing a coordination game with another agent.
If you both select the SAME option, you each get $1.
You cannot communicate - you must try to coordinate.
Note: The other agent sees the SAME options, but in a DIFFERENT order.

Even Numbers
Options: 2, 4, 6, 8

Which option do you choose? Respond with the exact option text.",2,2,True
Odd Numbers,"[""3"", ""5"", ""7"", ""9""]","[""5"", ""7"", ""3"", ""9""]","[""7"", ""3"", ""5"", ""9""]","You are playing a coordination game with another agent.
If you both select the SAME option, you each get $1.
You cannot communicate - you must try to coordinate.
Note: The other agent sees the SAME options, but in a DIFFERENT order.

Odd Numbers
Options: 5, 7, 3, 9

Which option do you choose? Respond with the exact option text.",7,7,"You are playing a coordination game with another agent.
If you both select the SAME option, you each get $1.
You cannot communicate - you must try to coordinate.
Note: The other agent sees the SAME options, but in a DIFFERENT order.

Odd Numbers
Options: 7, 3, 5, 9

Which option do you choose? Respond with the exact option text.","To coordinate successfully, I need to choose an option that stands out mathematically to both me and the other agent, regardless of the order presented.

Let's analyze the properties of the given options: 7, 3, 5, 9.
1.  **All are odd numbers.** (This is stated in the category and doesn't distinguish any one option).
2.  **All are single-digit numbers.** (Doesn't distinguish).
3.  **Primality:**
    *   3 is a prime number.
    *   5 is a prime number.
    *   7 is a prime number.
    *   9 is *not* a prime number (it's 3 x 3). This makes 9 unique in this set.
4.  **Perfect Squares:**
    *   9 is a perfect square (3²).
    *   3, 5, and 7 are not perfect squares. This makes 9 unique.
5.  **Magnitude:**
    *   3 is the smallest number.
    *   9 is the largest number.

The number 9 possesses multiple unique mathematical properties within this set: it's the only composite number, and it's the only perfect square. These properties make it a very strong ""focal point"" for coordination, as it stands out clearly from the other prime numbers (3, 5, 7).

Therefore, I choose the option that is most clearly distinguishable.

9",3,False
个位数字,"[""7"", ""3"", ""5"", ""9""]","[""3"", ""5"", ""9"", ""7""]","[""9"", ""3"", ""5"", ""7""]","You are playing a coordination game with another agent.
If you both select the SAME option, you each get $1.
You cannot communicate - you must try to coordinate.
Note: The other agent sees the SAME options, but in a DIFFERENT order.

个位数字
Options: 3, 5, 9, 7

Which option do you choose? Respond with the exact option text.",9,9,"You are playing a coordination game with another agent.
If you both select the SAME option, you each get $1.
You cannot communicate - you must try to coordinate.
Note: The other agent sees the SAME options, but in a DIFFERENT order.

个位数字
Options: 9, 3, 5, 7

Which option do you choose? Respond with the exact option text.",9,9,True
整数,"[""10"", ""50"", ""100"", ""1000""]","[""50"", ""10"", ""100"", ""1000""]","[""10"", ""1000"", ""50"", ""100""]","You are playing a coordination game with another agent.
If you both select the SAME option, you each get $1.
You cannot communicate - you must try to coordinate.
Note: The other agent sees the SAME options, but in a DIFFERENT order.

整数
Options: 50, 10, 100, 1000

Which option do you choose? Respond with the exact option text.",10,10,"You are playing a coordination game with another agent.
If you both select the SAME option, you each get $1.
You cannot communicate - you must try to coordinate.
Note: The other agent sees the SAME options, but in a DIFFERENT order.

整数
Options: 10, 1000, 50, 100

Which option do you choose? Respond with the exact option text.",100,100,False
幸运数字,"[""8"", ""6"", ""9"", ""3""]","[""9"", ""8"", ""6"", ""3""]","[""8"", ""6"", ""3"", ""9""]","You are playing a coordination game with another agent.
If you both select the SAME option, you each get $1.
You cannot communicate - you must try to coordinate.
Note: The other agent sees the SAME options, but in a DIFFERENT order.

幸运数字
Options: 9, 8, 6, 3

Which option do you choose? Respond with the exact option text.",8,8,"You are playing a coordination game with another agent.
If you both select the SAME option, you each get $1.
You cannot communicate - you must try to coordinate.
Note: The other agent sees the SAME options, but in a DIFFERENT order.

幸运数字
Options: 8, 6, 3, 9

Which option do you choose? Respond with the exact option text.",8,8,True
偶数,"[""2"", ""4"", ""6"", ""8""]","[""6"", ""2"", ""8"", ""4""]","[""2"", ""4"", ""8"", ""6""]","You are playing a coordination game with another agent.
If you both select the SAME option, you each get $1.
You cannot communicate - you must try to coordinate.
Note: The other agent sees the SAME options, but in a DIFFERENT order.

偶数
Options: 6, 2, 8, 4

Which option do you choose? Respond with the exact option text.",2,2,"You are playing a coordination game with another agent.
If you both select the SAME option, you each get $1.
You cannot communicate - you must try to coordinate.
Note: The other agent sees the SAME options, but in a DIFFERENT order.

偶数
Options: 2, 4, 8, 6

Which option do you choose? Respond with the exact option text.",2,2,True
奇数,"[""3"", ""5"", ""7"", ""9""]","[""3"", ""5"", ""7"", ""9""]","[""5"", ""7"", ""3"", ""9""]","You are playing a coordination game with another agent.
If you both select the SAME option, you each get $1.
You cannot communicate - you must try to coordinate.
Note: The other agent sees the SAME options, but in a DIFFERENT order.

奇数
Options: 3, 5, 7, 9

Which option do you choose? Respond with the exact option text.",9,9,"You are playing a coordination game with another agent.
If you both select the SAME option, you each get $1.
You cannot communicate - you must try to coordinate.
Note: The other agent sees the SAME options, but in a DIFFERENT order.

奇数
Options: 5, 7, 3, 9

Which option do you choose? Respond with the exact option text.",9,9,True
Times of Day,"[""Morning"", ""Afternoon"", ""Evening"", ""Night""]","[""Afternoon"", ""Evening"", ""Night"", ""Morning""]","[""Morning"", ""Evening"", ""Afternoon"", ""Night""]","You are playing a coordination game with another agent.
If you both select the SAME option, you each get $1.
You cannot communicate - you must try to coordinate.
Note: The other agent sees the SAME options, but in a DIFFERENT order.

Times of Day
Options: Afternoon, Evening, Night, Morning

Which option do you choose? Respond with the exact option text.",Morning,Morning,"You are playing a coordination game with another agent.
If you both select the SAME option, you each get $1.
You cannot communicate - you must try to coordinate.
Note: The other agent sees the SAME options, but in a DIFFERENT order.

Times of Day
Options: Morning, Evening, Afternoon, Night

Which option do you choose? Respond with the exact option text.",Morning,Morning,True
Days of the Week,"[""Monday"", ""Wednesday"", ""Friday"", ""Sunday""]","[""Friday"", ""Monday"", ""Sunday"", ""Wednesday""]","[""Wednesday"", ""Friday"", ""Sunday"", ""Monday""]","You are playing a coordination game with another agent.
If you both select the SAME option, you each get $1.
You cannot communicate - you must try to coordinate.
Note: The other agent sees the SAME options, but in a DIFFERENT order.

Days of the Week
Options: Friday, Monday, Sunday, Wednesday

Which option do you choose? Respond with the exact option text.",Monday,Monday,"You are playing a coordination game with another agent.
If you both select the SAME option, you each get $1.
You cannot communicate - you must try to coordinate.
Note: The other agent sees the SAME options, but in a DIFFERENT order.

Days of the Week
Options: Wednesday, Friday, Sunday, Monday

Which option do you choose? Respond with the exact option text.",Monday,Monday,True
Seasons,"[""Spring"", ""Summer"", ""Autumn"", ""Winter""]","[""Winter"", ""Autumn"", ""Summer"", ""Spring""]","[""Summer"", ""Winter"", ""Autumn"", ""Spring""]","You are playing a coordination game with another agent.
If you both select the SAME option, you each get $1.
You cannot communicate - you must try to coordinate.
Note: The other agent sees the SAME options, but in a DIFFERENT order.

Seasons
Options: Winter, Autumn, Summer, Spring

Which option do you choose? Respond with the exact option text.",Spring,Spring,"You are playing a coordination game with another agent.
If you both select the SAME option, you each get $1.
You cannot communicate - you must try to coordinate.
Note: The other agent sees the SAME options, but in a DIFFERENT order.

Seasons
Options: Summer, Winter, Autumn, Spring

Which option do you choose? Respond with the exact option text.",Spring,Spring,True
Months,"[""January"", ""June"", ""September"", ""December""]","[""September"", ""December"", ""January"", ""June""]","[""January"", ""December"", ""June"", ""September""]","You are playing a coordination game with another agent.
If you both select the SAME option, you each get $1.
You cannot communicate - you must try to coordinate.
Note: The other agent sees the SAME options, but in a DIFFERENT order.

Months
Options: September, December, January, June

Which option do you choose? Respond with the exact option text.",January,January,"You are playing a coordination game with another agent.
If you both select the SAME option, you each get $1.
You cannot communicate - you must try to coordinate.
Note: The other agent sees the SAME options, but in a DIFFERENT order.

Months
Options: January, December, June, September

Which option do you choose? Respond with the exact option text.",January,January,True
Basic Emotions,"[""Happy"", ""Sad"", ""Angry"", ""Afraid""]","[""Sad"", ""Angry"", ""Afraid"", ""Happy""]","[""Sad"", ""Angry"", ""Afraid"", ""Happy""]","You are playing a coordination game with another agent.
If you both select the SAME option, you each get $1.
You cannot communicate - you must try to coordinate.
Note: The other agent sees the SAME options, but in a DIFFERENT order.

Basic Emotions
Options: Sad, Angry, Afraid, Happy

Which option do you choose? Respond with the exact option text.","To coordinate effectively in this situation, I need to choose the option that is most salient or acts as a focal point, assuming the other agent will think similarly.

The options are:
*   Sad (Negative emotion)
*   Angry (Negative emotion)
*   Afraid (Negative emotion)
*   Happy (Positive emotion)

The key information is that the other agent sees the *same options* but in a *different order*. This means I cannot rely on positional information (like ""the first one"" or ""the last one""). I must choose based on an inherent characteristic of the options themselves.

Among these four basic emotions, ""Happy"" is uniquely characterized as the only positive emotion. The other three are negative. This distinction in emotional valence makes ""Happy"" stand out from the rest. It's a strong candidate for a focal point because its uniqueness is immediately apparent.

While an agent might consider other heuristics like alphabetical order (which would point to ""Afraid""), the intrinsic characteristic of being the sole positive emotion in a list predominantly composed of negative ones is a more direct and universally recognizable salient feature in the context of emotions.

Therefore, I choose: Happy",Afraid,"You are playing a coordination game with another agent.
If you both select the SAME option, you each get $1.
You cannot communicate - you must try to coordinate.
Note: The other agent sees the SAME options, but in a DIFFERENT order.

Basic Emotions
Options: Sad, Angry, Afraid, Happy

Which option do you choose? Respond with the exact option text.",Happy,Happy,False
一天中的时间,"[""早上"", ""下午"", ""傍晚"", ""深夜""]","[""早上"", ""傍晚"", ""深夜"", ""下午""]","[""早上"", ""下午"", ""傍晚"", ""深夜""]","You are playing a coordination game with another agent.
If you both select the SAME option, you each get $1.
You cannot communicate - you must try to coordinate.
Note: The other agent sees the SAME options, but in a DIFFERENT order.

一天中的时间
Options: 早上, 傍晚, 深夜, 下午

Which option do you choose? Respond with the exact option text.",早上,早上,"You are playing a coordination game with another agent.
If you both select the SAME option, you each get $1.
You cannot communicate - you must try to coordinate.
Note: The other agent sees the SAME options, but in a DIFFERENT order.

一天中的时间
Options: 早上, 下午, 傍晚, 深夜

Which option do you choose? Respond with the exact option text.",早上,早上,True
一周的日子,"[""周一"", ""周三"", ""周五"", ""周日""]","[""周日"", ""周一"", ""周三"", ""周五""]","[""周五"", ""周日"", ""周三"", ""周一""]","You are playing a coordination game with another agent.
If you both select the SAME option, you each get $1.
You cannot communicate - you must try to coordinate.
Note: The other agent sees the SAME options, but in a DIFFERENT order.

一周的日子
Options: 周日, 周一, 周三, 周五

Which option do you choose? Respond with the exact option text.",周日,周日,"You are playing a coordination game with another agent.
If you both select the SAME option, you each get $1.
You cannot communicate - you must try to coordinate.
Note: The other agent sees the SAME options, but in a DIFFERENT order.

一周的日子
Options: 周五, 周日, 周三, 周一

Which option do you choose? Respond with the exact option text.",周一,周一,False
季节,"[""春天"", ""夏天"", ""秋天"", ""冬天""]","[""冬天"", ""夏天"", ""春天"", ""秋天""]","[""春天"", ""秋天"", ""夏天"", ""冬天""]","You are playing a coordination game with another agent.
If you both select the SAME option, you each get $1.
You cannot communicate - you must try to coordinate.
Note: The other agent sees the SAME options, but in a DIFFERENT order.

季节
Options: 冬天, 夏天, 春天, 秋天

Which option do you choose? Respond with the exact option text.",春天,春天,"You are playing a coordination game with another agent.
If you both select the SAME option, you each get $1.
You cannot communicate - you must try to coordinate.
Note: The other agent sees the SAME options, but in a DIFFERENT order.

季节
Options: 春天, 秋天, 夏天, 冬天

Which option do you choose? Respond with the exact option text.",春天,春天,True
月份,"[""一月"", ""六月"", ""九月"", ""十二月""]","[""十二月"", ""九月"", ""六月"", ""一月""]","[""六月"", ""十二月"", ""一月"", ""九月""]","You are playing a coordination game with another agent.
If you both select the SAME option, you each get $1.
You cannot communicate - you must try to coordinate.
Note: The other agent sees the SAME options, but in a DIFFERENT order.

月份
Options: 十二月, 九月, 六月, 一月

Which option do you choose? Respond with the exact option text.",一月,一月,"You are playing a coordination game with another agent.
If you both select the SAME option, you each get $1.
You cannot communicate - you must try to coordinate.
Note: The other agent sees the SAME options, but in a DIFFERENT order.

月份
Options: 六月, 十二月, 一月, 九月

Which option do you choose? Respond with the exact option text.",一月,一月,True
基本情绪,"[""开心"", ""难过"", ""生气"", ""害怕""]","[""害怕"", ""难过"", ""生气"", ""开心""]","[""难过"", ""生气"", ""害怕"", ""开心""]","You are playing a coordination game with another agent.
If you both select the SAME option, you each get $1.
You cannot communicate - you must try to coordinate.
Note: The other agent sees the SAME options, but in a DIFFERENT order.

基本情绪
Options: 害怕, 难过, 生气, 开心

Which option do you choose? Respond with the exact option text.",开心,开心,"You are playing a coordination game with another agent.
If you both select the SAME option, you each get $1.
You cannot communicate - you must try to coordinate.
Note: The other agent sees the SAME options, but in a DIFFERENT order.

基本情绪
Options: 难过, 生气, 害怕, 开心

Which option do you choose? Respond with the exact option text.",开心,开心,True
Positive Feelings,"[""Joy"", ""Love"", ""Hope"", ""Gratitude""]","[""Joy"", ""Gratitude"", ""Hope"", ""Love""]","[""Love"", ""Gratitude"", ""Joy"", ""Hope""]","You are playing a coordination game with another agent.
If you both select the SAME option, you each get $1.
You cannot communicate - you must try to coordinate.
Note: The other agent sees the SAME options, but in a DIFFERENT order.

Positive Feelings
Options: Joy, Gratitude, Hope, Love

Which option do you choose? Respond with the exact option text.",Love,Love,"You are playing a coordination game with another agent.
If you both select the SAME option, you each get $1.
You cannot communicate - you must try to coordinate.
Note: The other agent sees the SAME options, but in a DIFFERENT order.

Positive Feelings
Options: Love, Gratitude, Joy, Hope

Which option do you choose? Respond with the exact option text.",Love,Love,True
Negative Feelings,"[""Anger"", ""Sadness"", ""Fear"", ""Disgust""]","[""Fear"", ""Anger"", ""Disgust"", ""Sadness""]","[""Disgust"", ""Anger"", ""Sadness"", ""Fear""]","You are playing a coordination game with another agent.
If you both select the SAME option, you each get $1.
You cannot communicate - you must try to coordinate.
Note: The other agent sees the SAME options, but in a DIFFERENT order.

Negative Feelings
Options: Fear, Anger, Disgust, Sadness

Which option do you choose? Respond with the exact option text.",Fear,Fear,"You are playing a coordination game with another agent.
If you both select the SAME option, you each get $1.
You cannot communicate - you must try to coordinate.
Note: The other agent sees the SAME options, but in a DIFFERENT order.

Negative Feelings
Options: Disgust, Anger, Sadness, Fear

Which option do you choose? Respond with the exact option text.",Anger,Anger,False
Social Emotions,"[""Pride"", ""Shame"", ""Guilt"", ""Envy""]","[""Envy"", ""Shame"", ""Guilt"", ""Pride""]","[""Envy"", ""Shame"", ""Pride"", ""Guilt""]","You are playing a coordination game with another agent.
If you both select the SAME option, you each get $1.
You cannot communicate - you must try to coordinate.
Note: The other agent sees the SAME options, but in a DIFFERENT order.

Social Emotions
Options: Envy, Shame, Guilt, Pride

Which option do you choose? Respond with the exact option text.",Pride,Pride,"You are playing a coordination game with another agent.
If you both select the SAME option, you each get $1.
You cannot communicate - you must try to coordinate.
Note: The other agent sees the SAME options, but in a DIFFERENT order.

Social Emotions
Options: Envy, Shame, Pride, Guilt

Which option do you choose? Respond with the exact option text.",Pride,Pride,True
Calm Emotions,"[""Peace"", ""Contentment"", ""Serenity"", ""Relief""]","[""Serenity"", ""Peace"", ""Relief"", ""Contentment""]","[""Relief"", ""Peace"", ""Contentment"", ""Serenity""]","You are playing a coordination game with another agent.
If you both select the SAME option, you each get $1.
You cannot communicate - you must try to coordinate.
Note: The other agent sees the SAME options, but in a DIFFERENT order.

Calm Emotions
Options: Serenity, Peace, Relief, Contentment

Which option do you choose? Respond with the exact option text.",Peace,Peace,"You are playing a coordination game with another agent.
If you both select the SAME option, you each get $1.
You cannot communicate - you must try to coordinate.
Note: The other agent sees the SAME options, but in a DIFFERENT order.

Calm Emotions
Options: Relief, Peace, Contentment, Serenity

Which option do you choose? Respond with the exact option text.",Peace,Peace,True
Intense Emotions,"[""Rage"", ""Euphoria"", ""Terror"", ""Ecstasy""]","[""Rage"", ""Terror"", ""Ecstasy"", ""Euphoria""]","[""Ecstasy"", ""Rage"", ""Terror"", ""Euphoria""]","You are playing a coordination game with another agent.
If you both select the SAME option, you each get $1.
You cannot communicate - you must try to coordinate.
Note: The other agent sees the SAME options, but in a DIFFERENT order.

Intense Emotions
Options: Rage, Terror, Ecstasy, Euphoria

Which option do you choose? Respond with the exact option text.",Ecstasy,Ecstasy,"You are playing a coordination game with another agent.
If you both select the SAME option, you each get $1.
You cannot communicate - you must try to coordinate.
Note: The other agent sees the SAME options, but in a DIFFERENT order.

Intense Emotions
Options: Ecstasy, Rage, Terror, Euphoria

Which option do you choose? Respond with the exact option text.",Rage,Rage,False
积极情绪,"[""喜悦"", ""爱"", ""希望"", ""感恩""]","[""感恩"", ""希望"", ""爱"", ""喜悦""]","[""感恩"", ""爱"", ""喜悦"", ""希望""]","You are playing a coordination game with another agent.
If you both select the SAME option, you each get $1.
You cannot communicate - you must try to coordinate.
Note: The other agent sees the SAME options, but in a DIFFERENT order.

积极情绪
Options: 感恩, 希望, 爱, 喜悦

Which option do you choose? Respond with the exact option text.",爱,爱,"You are playing a coordination game with another agent.
If you both select the SAME option, you each get $1.
You cannot communicate - you must try to coordinate.
Note: The other agent sees the SAME options, but in a DIFFERENT order.

积极情绪
Options: 感恩, 爱, 喜悦, 希望

Which option do you choose? Respond with the exact option text.",爱,爱,True
消极情绪,"[""愤怒"", ""悲伤"", ""恐惧"", ""厌恶""]","[""愤怒"", ""厌恶"", ""悲伤"", ""恐惧""]","[""愤怒"", ""恐惧"", ""厌恶"", ""悲伤""]","You are playing a coordination game with another agent.
If you both select the SAME option, you each get $1.
You cannot communicate - you must try to coordinate.
Note: The other agent sees the SAME options, but in a DIFFERENT order.

消极情绪
Options: 愤怒, 厌恶, 悲伤, 恐惧

Which option do you choose? Respond with the exact option text.",悲伤,悲伤,"You are playing a coordination game with another agent.
If you both select the SAME option, you each get $1.
You cannot communicate - you must try to coordinate.
Note: The other agent sees the SAME options, but in a DIFFERENT order.

消极情绪
Options: 愤怒, 恐惧, 厌恶, 悲伤

Which option do you choose? Respond with the exact option text.",恐惧,恐惧,False
社会情绪,"[""骄傲"", ""羞耻"", ""内疚"", ""嫉妒""]","[""骄傲"", ""羞耻"", ""嫉妒"", ""内疚""]","[""内疚"", ""骄傲"", ""羞耻"", ""嫉妒""]","You are playing a coordination game with another agent.
If you both select the SAME option, you each get $1.
You cannot communicate - you must try to coordinate.
Note: The other agent sees the SAME options, but in a DIFFERENT order.

社会情绪
Options: 骄傲, 羞耻, 嫉妒, 内疚

Which option do you choose? Respond with the exact option text.",骄傲,骄傲,"You are playing a coordination game with another agent.
If you both select the SAME option, you each get $1.
You cannot communicate - you must try to coordinate.
Note: The other agent sees the SAME options, but in a DIFFERENT order.

社会情绪
Options: 内疚, 骄傲, 羞耻, 嫉妒

Which option do you choose? Respond with the exact option text.",骄傲,骄傲,True
平静情绪,"[""平和"", ""满足"", ""安宁"", ""释然""]","[""安宁"", ""平和"", ""释然"", ""满足""]","[""满足"", ""释然"", ""平和"", ""安宁""]","You are playing a coordination game with another agent.
If you both select the SAME option, you each get $1.
You cannot communicate - you must try to coordinate.
Note: The other agent sees the SAME options, but in a DIFFERENT order.

平静情绪
Options: 安宁, 平和, 释然, 满足

Which option do you choose? Respond with the exact option text.",平和,平和,"You are playing a coordination game with another agent.
If you both select the SAME option, you each get $1.
You cannot communicate - you must try to coordinate.
Note: The other agent sees the SAME options, but in a DIFFERENT order.

平静情绪
Options: 满足, 释然, 平和, 安宁

Which option do you choose? Respond with the exact option text.",平和,平和,True
强烈情绪,"[""暴怒"", ""狂喜"", ""恐惧"", ""兴奋""]","[""恐惧"", ""狂喜"", ""暴怒"", ""兴奋""]","[""暴怒"", ""兴奋"", ""狂喜"", ""恐惧""]","You are playing a coordination game with another agent.
If you both select the SAME option, you each get $1.
You cannot communicate - you must try to coordinate.
Note: The other agent sees the SAME options, but in a DIFFERENT order.

强烈情绪
Options: 恐惧, 狂喜, 暴怒, 兴奋

Which option do you choose? Respond with the exact option text.",狂喜,狂喜,"You are playing a coordination game with another agent.
If you both select the SAME option, you each get $1.
You cannot communicate - you must try to coordinate.
Note: The other agent sees the SAME options, but in a DIFFERENT order.

强烈情绪
Options: 暴怒, 兴奋, 狂喜, 恐惧

Which option do you choose? Respond with the exact option text.",狂喜,狂喜,True
Morning Hours,"[""6 AM"", ""7 AM"", ""8 AM"", ""9 AM""]","[""9 AM"", ""7 AM"", ""6 AM"", ""8 AM""]","[""9 AM"", ""6 AM"", ""8 AM"", ""7 AM""]","You are playing a coordination game with another agent.
If you both select the SAME option, you each get $1.
You cannot communicate - you must try to coordinate.
Note: The other agent sees the SAME options, but in a DIFFERENT order.

Morning Hours
Options: 9 AM, 7 AM, 6 AM, 8 AM

Which option do you choose? Respond with the exact option text.",9 AM,9 AM,"You are playing a coordination game with another agent.
If you both select the SAME option, you each get $1.
You cannot communicate - you must try to coordinate.
Note: The other agent sees the SAME options, but in a DIFFERENT order.

Morning Hours
Options: 9 AM, 6 AM, 8 AM, 7 AM

Which option do you choose? Respond with the exact option text.",6 AM,6 AM,False
Time Periods,"[""Hour"", ""Day"", ""Week"", ""Month""]","[""Day"", ""Hour"", ""Month"", ""Week""]","[""Month"", ""Week"", ""Day"", ""Hour""]","You are playing a coordination game with another agent.
If you both select the SAME option, you each get $1.
You cannot communicate - you must try to coordinate.
Note: The other agent sees the SAME options, but in a DIFFERENT order.

Time Periods
Options: Day, Hour, Month, Week

Which option do you choose? Respond with the exact option text.",Day,Day,"You are playing a coordination game with another agent.
If you both select the SAME option, you each get $1.
You cannot communicate - you must try to coordinate.
Note: The other agent sees the SAME options, but in a DIFFERENT order.

Time Periods
Options: Month, Week, Day, Hour

Which option do you choose? Respond with the exact option text.",Day,Day,True
Clock Times,"[""12:00"", ""3:00"", ""6:00"", ""9:00""]","[""9:00"", ""12:00"", ""6:00"", ""3:00""]","[""6:00"", ""9:00"", ""3:00"", ""12:00""]","You are playing a coordination game with another agent.
If you both select the SAME option, you each get $1.
You cannot communicate - you must try to coordinate.
Note: The other agent sees the SAME options, but in a DIFFERENT order.

Clock Times
Options: 9:00, 12:00, 6:00, 3:00

Which option do you choose? Respond with the exact option text.",12:00,12:00,"You are playing a coordination game with another agent.
If you both select the SAME option, you each get $1.
You cannot communicate - you must try to coordinate.
Note: The other agent sees the SAME options, but in a DIFFERENT order.

Clock Times
Options: 6:00, 9:00, 3:00, 12:00

Which option do you choose? Respond with the exact option text.",12:00,12:00,True
Holiday Seasons,"[""Christmas"", ""New Year"", ""Halloween"", ""Easter""]","[""Halloween"", ""Christmas"", ""New Year"", ""Easter""]","[""New Year"", ""Easter"", ""Christmas"", ""Halloween""]","You are playing a coordination game with another agent.
If you both select the SAME option, you each get $1.
You cannot communicate - you must try to coordinate.
Note: The other agent sees the SAME options, but in a DIFFERENT order.

Holiday Seasons
Options: Halloween, Christmas, New Year, Easter

Which option do you choose? Respond with the exact option text.",Christmas,Christmas,"You are playing a coordination game with another agent.
If you both select the SAME option, you each get $1.
You cannot communicate - you must try to coordinate.
Note: The other agent sees the SAME options, but in a DIFFERENT order.

Holiday Seasons
Options: New Year, Easter, Christmas, Halloween

Which option do you choose? Respond with the exact option text.",Christmas,Christmas,True
Year Divisions,"[""January"", ""April"", ""July"", ""October""]","[""July"", ""April"", ""October"", ""January""]","[""January"", ""October"", ""July"", ""April""]","You are playing a coordination game with another agent.
If you both select the SAME option, you each get $1.
You cannot communicate - you must try to coordinate.
Note: The other agent sees the SAME options, but in a DIFFERENT order.

Year Divisions
Options: July, April, October, January

Which option do you choose? Respond with the exact option text.",January,January,"You are playing a coordination game with another agent.
If you both select the SAME option, you each get $1.
You cannot communicate - you must try to coordinate.
Note: The other agent sees the SAME options, but in a DIFFERENT order.

Year Divisions
Options: January, October, July, April

Which option do you choose? Respond with the exact option text.",January,January,True
时段,"[""清晨"", ""上午"", ""下午"", ""傍晚""]","[""傍晚"", ""上午"", ""下午"", ""清晨""]","[""上午"", ""傍晚"", ""清晨"", ""下午""]","You are playing a coordination game with another agent.
If you both select the SAME option, you each get $1.
You cannot communicate - you must try to coordinate.
Note: The other agent sees the SAME options, but in a DIFFERENT order.

时段
Options: 傍晚, 上午, 下午, 清晨

Which option do you choose? Respond with the exact option text.",上午,上午,"You are playing a coordination game with another agent.
If you both select the SAME option, you each get $1.
You cannot communicate - you must try to coordinate.
Note: The other agent sees the SAME options, but in a DIFFERENT order.

时段
Options: 上午, 傍晚, 清晨, 下午

Which option do you choose? Respond with the exact option text.",上午,上午,True
时间单位,"[""小时"", ""天"", ""周"", ""月""]","[""小时"", ""周"", ""天"", ""月""]","[""天"", ""周"", ""小时"", ""月""]","You are playing a coordination game with another agent.
If you both select the SAME option, you each get $1.
You cannot communicate - you must try to coordinate.
Note: The other agent sees the SAME options, but in a DIFFERENT order.

时间单位
Options: 小时, 周, 天, 月

Which option do you choose? Respond with the exact option text.",天,天,"You are playing a coordination game with another agent.
If you both select the SAME option, you each get $1.
You cannot communicate - you must try to coordinate.
Note: The other agent sees the SAME options, but in a DIFFERENT order.

时间单位
Options: 天, 周, 小时, 月

Which option do you choose? Respond with the exact option text.",天,天,True
钟点,"[""12点"", ""3点"", ""6点"", ""9点""]","[""3点"", ""12点"", ""9点"", ""6点""]","[""12点"", ""6点"", ""9点"", ""3点""]","You are playing a coordination game with another agent.
If you both select the SAME option, you each get $1.
You cannot communicate - you must try to coordinate.
Note: The other agent sees the SAME options, but in a DIFFERENT order.

钟点
Options: 3点, 12点, 9点, 6点

Which option do you choose? Respond with the exact option text.",12点,12点,"You are playing a coordination game with another agent.
If you both select the SAME option, you each get $1.
You cannot communicate - you must try to coordinate.
Note: The other agent sees the SAME options, but in a DIFFERENT order.

钟点
Options: 12点, 6点, 9点, 3点

Which option do you choose? Respond with the exact option text.",12点,12点,True
节气,"[""立春"", ""清明"", ""立秋"", ""冬至""]","[""立春"", ""立秋"", ""冬至"", ""清明""]","[""冬至"", ""立秋"", ""清明"", ""立春""]","You are playing a coordination game with another agent.
If you both select the SAME option, you each get $1.
You cannot communicate - you must try to coordinate.
Note: The other agent sees the SAME options, but in a DIFFERENT order.

节气
Options: 立春, 立秋, 冬至, 清明

Which option do you choose? Respond with the exact option text.",立春,立春,"You are playing a coordination game with another agent.
If you both select the SAME option, you each get $1.
You cannot communicate - you must try to coordinate.
Note: The other agent sees the SAME options, but in a DIFFERENT order.

节气
Options: 冬至, 立秋, 清明, 立春

Which option do you choose? Respond with the exact option text.",清明,清明,False
年份划分,"[""正月"", ""四月"", ""七月"", ""十月""]","[""四月"", ""正月"", ""十月"", ""七月""]","[""七月"", ""十月"", ""正月"", ""四月""]","You are playing a coordination game with another agent.
If you both select the SAME option, you each get $1.
You cannot communicate - you must try to coordinate.
Note: The other agent sees the SAME options, but in a DIFFERENT order.

年份划分
Options: 四月, 正月, 十月, 七月

Which option do you choose? Respond with the exact option text.",正月,正月,"You are playing a coordination game with another agent.
If you both select the SAME option, you each get $1.
You cannot communicate - you must try to coordinate.
Note: The other agent sees the SAME options, but in a DIFFERENT order.

年份划分
Options: 七月, 十月, 正月, 四月

Which option do you choose? Respond with the exact option text.",正月,正月,True
Farm Animals,"[""Cow"", ""Pig"", ""Sheep"", ""Chicken""]","[""Pig"", ""Cow"", ""Sheep"", ""Chicken""]","[""Cow"", ""Sheep"", ""Chicken"", ""Pig""]","You are playing a coordination game with another agent.
If you both select the SAME option, you each get $1.
You cannot communicate - you must try to coordinate.
Note: The other agent sees the SAME options, but in a DIFFERENT order.

Farm Animals
Options: Pig, Cow, Sheep, Chicken

Which option do you choose? Respond with the exact option text.",Cow,Cow,"You are playing a coordination game with another agent.
If you both select the SAME option, you each get $1.
You cannot communicate - you must try to coordinate.
Note: The other agent sees the SAME options, but in a DIFFERENT order.

Farm Animals
Options: Cow, Sheep, Chicken, Pig

Which option do you choose? Respond with the exact option text.",Cow,Cow,True
Wild Animals,"[""Lion"", ""Elephant"", ""Tiger"", ""Bear""]","[""Tiger"", ""Lion"", ""Bear"", ""Elephant""]","[""Elephant"", ""Tiger"", ""Lion"", ""Bear""]","You are playing a coordination game with another agent.
If you both select the SAME option, you each get $1.
You cannot communicate - you must try to coordinate.
Note: The other agent sees the SAME options, but in a DIFFERENT order.

Wild Animals
Options: Tiger, Lion, Bear, Elephant

Which option do you choose? Respond with the exact option text.",Lion,Lion,"You are playing a coordination game with another agent.
If you both select the SAME option, you each get $1.
You cannot communicate - you must try to coordinate.
Note: The other agent sees the SAME options, but in a DIFFERENT order.

Wild Animals
Options: Elephant, Tiger, Lion, Bear

Which option do you choose? Respond with the exact option text.",Lion,Lion,True
Pet Animals,"[""Dog"", ""Cat"", ""Fish"", ""Hamster""]","[""Hamster"", ""Dog"", ""Fish"", ""Cat""]","[""Cat"", ""Hamster"", ""Dog"", ""Fish""]","You are playing a coordination game with another agent.
If you both select the SAME option, you each get $1.
You cannot communicate - you must try to coordinate.
Note: The other agent sees the SAME options, but in a DIFFERENT order.

Pet Animals
Options: Hamster, Dog, Fish, Cat

Which option do you choose? Respond with the exact option text.",Dog,Dog,"You are playing a coordination game with another agent.
If you both select the SAME option, you each get $1.
You cannot communicate - you must try to coordinate.
Note: The other agent sees the SAME options, but in a DIFFERENT order.

Pet Animals
Options: Cat, Hamster, Dog, Fish

Which option do you choose? Respond with the exact option text.",Cat,Cat,False
Sea Animals,"[""Dolphin"", ""Shark"", ""Whale"", ""Octopus""]","[""Octopus"", ""Whale"", ""Shark"", ""Dolphin""]","[""Octopus"", ""Whale"", ""Dolphin"", ""Shark""]","You are playing a coordination game with another agent.
If you both select the SAME option, you each get $1.
You cannot communicate - you must try to coordinate.
Note: The other agent sees the SAME options, but in a DIFFERENT order.

Sea Animals
Options: Octopus, Whale, Shark, Dolphin

Which option do you choose? Respond with the exact option text.",Octopus,Octopus,"You are playing a coordination game with another agent.
If you both select the SAME option, you each get $1.
You cannot communicate - you must try to coordinate.
Note: The other agent sees the SAME options, but in a DIFFERENT order.

Sea Animals
Options: Octopus, Whale, Dolphin, Shark

Which option do you choose? Respond with the exact option text.",Whale,Whale,False
Flying Animals,"[""Eagle"", ""Owl"", ""Parrot"", ""Sparrow""]","[""Owl"", ""Parrot"", ""Sparrow"", ""Eagle""]","[""Sparrow"", ""Owl"", ""Parrot"", ""Eagle""]","You are playing a coordination game with another agent.
If you both select the SAME option, you each get $1.
You cannot communicate - you must try to coordinate.
Note: The other agent sees the SAME options, but in a DIFFERENT order.

Flying Animals
Options: Owl, Parrot, Sparrow, Eagle

Which option do you choose? Respond with the exact option text.","To maximize the chance of coordinating with the other agent, I need to choose an option that is most likely to be a ""focal point"" – an option that stands out as the most obvious or natural choice. Since the order of options is different for the other agent, I cannot rely on its position in my list. I must rely on intrinsic properties of the options themselves.

Here's an analysis of potential focal points:

1.  **Alphabetical Order:** A common, objective way to sort a list of words. If both agents implicitly sort the options alphabetically and pick the first one, they would coordinate.
    *   Sorted options: Eagle, Owl, Parrot, Sparrow
    *   First alphabetically: **Eagle**

2.  **Word Length:** Another objective criterion.
    *   Owl (3 letters) - shortest
    *   Eagle (5 letters)
    *   Parrot (6 letters)
    *   Sparrow (7 letters) - longest
    *   Shortest word: Owl. Longest word: Sparrow.

3.  **Semantic Salience/Prototypicality for ""Flying Animals"":** Which animal is the most iconic or representative of ""Flying Animals"" among the choices?
    *   **Eagle:** Often considered majestic, powerful, and a symbol of flight (e.g., soaring high). It strongly represents the concept of a ""flying animal.""
    *   Owl: Known for being nocturnal and wise.
    *   Parrot: Known for mimicry and vibrant colors.
    *   Sparrow: A very common, small bird.

Considering these points:
*   **Eagle** is the first option when sorted alphabetically.
*   **Eagle** also has strong semantic salience as a ""flying animal"" due to its powerful flight and iconic status.

The fact that ""Eagle"" fulfills two independent criteria for being a focal point (alphabetical first and strong conceptual fit) makes it the most robust choice for coordination.

Eagle",Sparrow,"You are playing a coordination game with another agent.
If you both select the SAME option, you each get $1.
You cannot communicate - you must try to coordinate.
Note: The other agent sees the SAME options, but in a DIFFERENT order.

Flying Animals
Options: Sparrow, Owl, Parrot, Eagle

Which option do you choose? Respond with the exact option text.",Eagle,Eagle,False
农场动物,"[""牛"", ""猪"", ""羊"", ""鸡""]","[""羊"", ""鸡"", ""猪"", ""牛""]","[""猪"", ""牛"", ""羊"", ""鸡""]","You are playing a coordination game with another agent.
If you both select the SAME option, you each get $1.
You cannot communicate - you must try to coordinate.
Note: The other agent sees the SAME options, but in a DIFFERENT order.

农场动物
Options: 羊, 鸡, 猪, 牛

Which option do you choose? Respond with the exact option text.",牛,牛,"You are playing a coordination game with another agent.
If you both select the SAME option, you each get $1.
You cannot communicate - you must try to coordinate.
Note: The other agent sees the SAME options, but in a DIFFERENT order.

农场动物
Options: 猪, 牛, 羊, 鸡

Which option do you choose? Respond with the exact option text.",猪,猪,False
野生动物,"[""狮子"", ""大象"", ""老虎"", ""熊""]","[""狮子"", ""熊"", ""大象"", ""老虎""]","[""狮子"", ""熊"", ""大象"", ""老虎""]","You are playing a coordination game with another agent.
If you both select the SAME option, you each get $1.
You cannot communicate - you must try to coordinate.
Note: The other agent sees the SAME options, but in a DIFFERENT order.

野生动物
Options: 狮子, 熊, 大象, 老虎

Which option do you choose? Respond with the exact option text.",老虎,老虎,"You are playing a coordination game with another agent.
If you both select the SAME option, you each get $1.
You cannot communicate - you must try to coordinate.
Note: The other agent sees the SAME options, but in a DIFFERENT order.

野生动物
Options: 狮子, 熊, 大象, 老虎

Which option do you choose? Respond with the exact option text.",老虎,老虎,True
宠物,"[""狗"", ""猫"", ""鱼"", ""仓鼠""]","[""仓鼠"", ""狗"", ""鱼"", ""猫""]","[""仓鼠"", ""猫"", ""鱼"", ""狗""]","You are playing a coordination game with another agent.
If you both select the SAME option, you each get $1.
You cannot communicate - you must try to coordinate.
Note: The other agent sees the SAME options, but in a DIFFERENT order.

宠物
Options: 仓鼠, 狗, 鱼, 猫

Which option do you choose? Respond with the exact option text.",狗,狗,"You are playing a coordination game with another agent.
If you both select the SAME option, you each get $1.
You cannot communicate - you must try to coordinate.
Note: The other agent sees the SAME options, but in a DIFFERENT order.

宠物
Options: 仓鼠, 猫, 鱼, 狗

Which option do you choose? Respond with the exact option text.",狗,狗,True
海洋动物,"[""海豚"", ""鲨鱼"", ""鲸鱼"", ""章鱼""]","[""章鱼"", ""鲨鱼"", ""海豚"", ""鲸鱼""]","[""鲸鱼"", ""章鱼"", ""鲨鱼"", ""海豚""]","You are playing a coordination game with another agent.
If you both select the SAME option, you each get $1.
You cannot communicate - you must try to coordinate.
Note: The other agent sees the SAME options, but in a DIFFERENT order.

海洋动物
Options: 章鱼, 鲨鱼, 海豚, 鲸鱼

Which option do you choose? Respond with the exact option text.",鲸鱼,鲸鱼,"You are playing a coordination game with another agent.
If you both select the SAME option, you each get $1.
You cannot communicate - you must try to coordinate.
Note: The other agent sees the SAME options, but in a DIFFERENT order.

海洋动物
Options: 鲸鱼, 章鱼, 鲨鱼, 海豚

Which option do you choose? Respond with the exact option text.",鲸鱼,鲸鱼,True
飞行动物,"[""鹰"", ""猫头鹰"", ""鹦鹉"", ""麻雀""]","[""鹰"", ""麻雀"", ""鹦鹉"", ""猫头鹰""]","[""鹰"", ""鹦鹉"", ""麻雀"", ""猫头鹰""]","You are playing a coordination game with another agent.
If you both select the SAME option, you each get $1.
You cannot communicate - you must try to coordinate.
Note: The other agent sees the SAME options, but in a DIFFERENT order.

飞行动物
Options: 鹰, 麻雀, 鹦鹉, 猫头鹰

Which option do you choose? Respond with the exact option text.",鹰,鹰,"You are playing a coordination game with another agent.
If you both select the SAME option, you each get $1.
You cannot communicate - you must try to coordinate.
Note: The other agent sees the SAME options, but in a DIFFERENT order.

飞行动物
Options: 鹰, 鹦鹉, 麻雀, 猫头鹰

Which option do you choose? Respond with the exact option text.",鹰,鹰,True
Garden Flowers,"[""Rose"", ""Tulip"", ""Daisy"", ""Lily""]","[""Tulip"", ""Lily"", ""Rose"", ""Daisy""]","[""Lily"", ""Daisy"", ""Rose"", ""Tulip""]","You are playing a coordination game with another agent.
If you both select the SAME option, you each get $1.
You cannot communicate - you must try to coordinate.
Note: The other agent sees the SAME options, but in a DIFFERENT order.

Garden Flowers
Options: Tulip, Lily, Rose, Daisy

Which option do you choose? Respond with the exact option text.",Rose,Rose,"You are playing a coordination game with another agent.
If you both select the SAME option, you each get $1.
You cannot communicate - you must try to coordinate.
Note: The other agent sees the SAME options, but in a DIFFERENT order.

Garden Flowers
Options: Lily, Daisy, Rose, Tulip

Which option do you choose? Respond with the exact option text.",Rose,Rose,True
Trees,"[""Oak"", ""Pine"", ""Maple"", ""Birch""]","[""Birch"", ""Oak"", ""Maple"", ""Pine""]","[""Pine"", ""Maple"", ""Birch"", ""Oak""]","You are playing a coordination game with another agent.
If you both select the SAME option, you each get $1.
You cannot communicate - you must try to coordinate.
Note: The other agent sees the SAME options, but in a DIFFERENT order.

Trees
Options: Birch, Oak, Maple, Pine

Which option do you choose? Respond with the exact option text.",Oak,Oak,"You are playing a coordination game with another agent.
If you both select the SAME option, you each get $1.
You cannot communicate - you must try to coordinate.
Note: The other agent sees the SAME options, but in a DIFFERENT order.

Trees
Options: Pine, Maple, Birch, Oak

Which option do you choose? Respond with the exact option text.",Maple,Maple,False
Indoor Plants,"[""Cactus"", ""Fern"", ""Orchid"", ""Aloe""]","[""Orchid"", ""Aloe"", ""Fern"", ""Cactus""]","[""Aloe"", ""Cactus"", ""Fern"", ""Orchid""]","You are playing a coordination game with another agent.
If you both select the SAME option, you each get $1.
You cannot communicate - you must try to coordinate.
Note: The other agent sees the SAME options, but in a DIFFERENT order.

Indoor Plants
Options: Orchid, Aloe, Fern, Cactus

Which option do you choose? Respond with the exact option text.",Aloe,Aloe,"You are playing a coordination game with another agent.
If you both select the SAME option, you each get $1.
You cannot communicate - you must try to coordinate.
Note: The other agent sees the SAME options, but in a DIFFERENT order.

Indoor Plants
Options: Aloe, Cactus, Fern, Orchid

Which option do you choose? Respond with the exact option text.",Aloe,Aloe,True
Wildflowers,"[""Dandelion"", ""Sunflower"", ""Lavender"", ""Poppy""]","[""Sunflower"", ""Lavender"", ""Poppy"", ""Dandelion""]","[""Lavender"", ""Poppy"", ""Dandelion"", ""Sunflower""]","You are playing a coordination game with another agent.
If you both select the SAME option, you each get $1.
You cannot communicate - you must try to coordinate.
Note: The other agent sees the SAME options, but in a DIFFERENT order.

Wildflowers
Options: Sunflower, Lavender, Poppy, Dandelion

Which option do you choose? Respond with the exact option text.",Sunflower,Sunflower,"You are playing a coordination game with another agent.
If you both select the SAME option, you each get $1.
You cannot communicate - you must try to coordinate.
Note: The other agent sees the SAME options, but in a DIFFERENT order.

Wildflowers
Options: Lavender, Poppy, Dandelion, Sunflower

Which option do you choose? Respond with the exact option text.",Sunflower,Sunflower,True
Shrubs,"[""Hedge"", ""Azalea"", ""Hydrangea"", ""Bamboo""]","[""Bamboo"", ""Hydrangea"", ""Azalea"", ""Hedge""]","[""Hydrangea"", ""Hedge"", ""Azalea"", ""Bamboo""]","You are playing a coordination game with another agent.
If you both select the SAME option, you each get $1.
You cannot communicate - you must try to coordinate.
Note: The other agent sees the SAME options, but in a DIFFERENT order.

Shrubs
Options: Bamboo, Hydrangea, Azalea, Hedge

Which option do you choose? Respond with the exact option text.",Hydrangea,Hydrangea,"You are playing a coordination game with another agent.
If you both select the SAME option, you each get $1.
You cannot communicate - you must try to coordinate.
Note: The other agent sees the SAME options, but in a DIFFERENT order.

Shrubs
Options: Hydrangea, Hedge, Azalea, Bamboo

Which option do you choose? Respond with the exact option text.",Hedge,Hedge,False
花园花卉,"[""玫瑰"", ""郁金香"", ""雏菊"", ""百合""]","[""玫瑰"", ""百合"", ""雏菊"", ""郁金香""]","[""百合"", ""雏菊"", ""郁金香"", ""玫瑰""]","You are playing a coordination game with another agent.
If you both select the SAME option, you each get $1.
You cannot communicate - you must try to coordinate.
Note: The other agent sees the SAME options, but in a DIFFERENT order.

花园花卉
Options: 玫瑰, 百合, 雏菊, 郁金香

Which option do you choose? Respond with the exact option text.",玫瑰,玫瑰,"You are playing a coordination game with another agent.
If you both select the SAME option, you each get $1.
You cannot communicate - you must try to coordinate.
Note: The other agent sees the SAME options, but in a DIFFERENT order.

花园花卉
Options: 百合, 雏菊, 郁金香, 玫瑰

Which option do you choose? Respond with the exact option text.",玫瑰,玫瑰,True
树木,"[""橡树"", ""松树"", ""枫树"", ""白桦""]","[""白桦"", ""枫树"", ""橡树"", ""松树""]","[""枫树"", ""白桦"", ""橡树"", ""松树""]","You are playing a coordination game with another agent.
If you both select the SAME option, you each get $1.
You cannot communicate - you must try to coordinate.
Note: The other agent sees the SAME options, but in a DIFFERENT order.

树木
Options: 白桦, 枫树, 橡树, 松树

Which option do you choose? Respond with the exact option text.",橡树,橡树,"You are playing a coordination game with another agent.
If you both select the SAME option, you each get $1.
You cannot communicate - you must try to coordinate.
Note: The other agent sees the SAME options, but in a DIFFERENT order.

树木
Options: 枫树, 白桦, 橡树, 松树

Which option do you choose? Respond with the exact option text.",松树,松树,False
室内植物,"[""仙人掌"", ""蕨类"", ""兰花"", ""芦荟""]","[""蕨类"", ""芦荟"", ""仙人掌"", ""兰花""]","[""兰花"", ""芦荟"", ""蕨类"", ""仙人掌""]","You are playing a coordination game with another agent.
If you both select the SAME option, you each get $1.
You cannot communicate - you must try to coordinate.
Note: The other agent sees the SAME options, but in a DIFFERENT order.

室内植物
Options: 蕨类, 芦荟, 仙人掌, 兰花

Which option do you choose? Respond with the exact option text.",仙人掌,仙人掌,"You are playing a coordination game with another agent.
If you both select the SAME option, you each get $1.
You cannot communicate - you must try to coordinate.
Note: The other agent sees the SAME options, but in a DIFFERENT order.

室内植物
Options: 兰花, 芦荟, 蕨类, 仙人掌

Which option do you choose? Respond with the exact option text.",仙人掌,仙人掌,True
野花,"[""蒲公英"", ""向日葵"", ""薰衣草"", ""罂粟花""]","[""罂粟花"", ""薰衣草"", ""向日葵"", ""蒲公英""]","[""罂粟花"", ""薰衣草"", ""蒲公英"", ""向日葵""]","You are playing a coordination game with another agent.
If you both select the SAME option, you each get $1.
You cannot communicate - you must try to coordinate.
Note: The other agent sees the SAME options, but in a DIFFERENT order.

野花
Options: 罂粟花, 薰衣草, 向日葵, 蒲公英

Which option do you choose? Respond with the exact option text.",向日葵,向日葵,"You are playing a coordination game with another agent.
If you both select the SAME option, you each get $1.
You cannot communicate - you must try to coordinate.
Note: The other agent sees the SAME options, but in a DIFFERENT order.

野花
Options: 罂粟花, 薰衣草, 蒲公英, 向日葵

Which option do you choose? Respond with the exact option text.",向日葵,向日葵,True
灌木,"[""灌木"", ""杜鹃"", ""绣球"", ""竹子""]","[""竹子"", ""绣球"", ""灌木"", ""杜鹃""]","[""竹子"", ""灌木"", ""绣球"", ""杜鹃""]","You are playing a coordination game with another agent.
If you both select the SAME option, you each get $1.
You cannot communicate - you must try to coordinate.
Note: The other agent sees the SAME options, but in a DIFFERENT order.

灌木
Options: 竹子, 绣球, 灌木, 杜鹃

Which option do you choose? Respond with the exact option text.",灌木,灌木,"You are playing a coordination game with another agent.
If you both select the SAME option, you each get $1.
You cannot communicate - you must try to coordinate.
Note: The other agent sees the SAME options, but in a DIFFERENT order.

灌木
Options: 竹子, 灌木, 绣球, 杜鹃

Which option do you choose? Respond with the exact option text.",竹子,竹子,False
Common Fruits,"[""Apple"", ""Banana"", ""Orange"", ""Grape""]","[""Banana"", ""Grape"", ""Apple"", ""Orange""]","[""Apple"", ""Grape"", ""Orange"", ""Banana""]","You are playing a coordination game with another agent.
If you both select the SAME option, you each get $1.
You cannot communicate - you must try to coordinate.
Note: The other agent sees the SAME options, but in a DIFFERENT order.

Common Fruits
Options: Banana, Grape, Apple, Orange

Which option do you choose? Respond with the exact option text.",Orange,Orange,"You are playing a coordination game with another agent.
If you both select the SAME option, you each get $1.
You cannot communicate - you must try to coordinate.
Note: The other agent sees the SAME options, but in a DIFFERENT order.

Common Fruits
Options: Apple, Grape, Orange, Banana

Which option do you choose? Respond with the exact option text.",Apple,Apple,False
Berries,"[""Strawberry"", ""Blueberry"", ""Raspberry"", ""Blackberry""]","[""Blueberry"", ""Blackberry"", ""Strawberry"", ""Raspberry""]","[""Blueberry"", ""Blackberry"", ""Raspberry"", ""Strawberry""]","You are playing a coordination game with another agent.
If you both select the SAME option, you each get $1.
You cannot communicate - you must try to coordinate.
Note: The other agent sees the SAME options, but in a DIFFERENT order.

Berries
Options: Blueberry, Blackberry, Strawberry, Raspberry

Which option do you choose? Respond with the exact option text.",Blackberry,Blackberry,"You are playing a coordination game with another agent.
If you both select the SAME option, you each get $1.
You cannot communicate - you must try to coordinate.
Note: The other agent sees the SAME options, but in a DIFFERENT order.

Berries
Options: Blueberry, Blackberry, Raspberry, Strawberry

Which option do you choose? Respond with the exact option text.",Blackberry,Blackberry,True
Tropical Fruits,"[""Mango"", ""Pineapple"", ""Papaya"", ""Coconut""]","[""Pineapple"", ""Papaya"", ""Coconut"", ""Mango""]","[""Papaya"", ""Mango"", ""Coconut"", ""Pineapple""]","You are playing a coordination game with another agent.
If you both select the SAME option, you each get $1.
You cannot communicate - you must try to coordinate.
Note: The other agent sees the SAME options, but in a DIFFERENT order.

Tropical Fruits
Options: Pineapple, Papaya, Coconut, Mango

Which option do you choose? Respond with the exact option text.",Coconut,Coconut,"You are playing a coordination game with another agent.
If you both select the SAME option, you each get $1.
You cannot communicate - you must try to coordinate.
Note: The other agent sees the SAME options, but in a DIFFERENT order.

Tropical Fruits
Options: Papaya, Mango, Coconut, Pineapple

Which option do you choose? Respond with the exact option text.",Coconut,Coconut,True
Stone Fruits,"[""Peach"", ""Plum"", ""Cherry"", ""Apricot""]","[""Apricot"", ""Plum"", ""Peach"", ""Cherry""]","[""Peach"", ""Cherry"", ""Plum"", ""Apricot""]","You are playing a coordination game with another agent.
If you both select the SAME option, you each get $1.
You cannot communicate - you must try to coordinate.
Note: The other agent sees the SAME options, but in a DIFFERENT order.

Stone Fruits
Options: Apricot, Plum, Peach, Cherry

Which option do you choose? Respond with the exact option text.",Peach,Peach,"You are playing a coordination game with another agent.
If you both select the SAME option, you each get $1.
You cannot communicate - you must try to coordinate.
Note: The other agent sees the SAME options, but in a DIFFERENT order.

Stone Fruits
Options: Peach, Cherry, Plum, Apricot

Which option do you choose? Respond with the exact option text.",Peach,Peach,True
Citrus Fruits,"[""Orange"", ""Lemon"", ""Lime"", ""Grapefruit""]","[""Lime"", ""Grapefruit"", ""Orange"", ""Lemon""]","[""Orange"", ""Lime"", ""Lemon"", ""Grapefruit""]","You are playing a coordination game with another agent.
If you both select the SAME option, you each get $1.
You cannot communicate - you must try to coordinate.
Note: The other agent sees the SAME options, but in a DIFFERENT order.

Citrus Fruits
Options: Lime, Grapefruit, Orange, Lemon

Which option do you choose? Respond with the exact option text.",Orange,Orange,"You are playing a coordination game with another agent.
If you both select the SAME option, you each get $1.
You cannot communicate - you must try to coordinate.
Note: The other agent sees the SAME options, but in a DIFFERENT order.

Citrus Fruits
Options: Orange, Lime, Lemon, Grapefruit

Which option do you choose? Respond with the exact option text.",Orange,Orange,True
常见水果,"[""苹果"", ""香蕉"", ""橙子"", ""葡萄""]","[""香蕉"", ""葡萄"", ""苹果"", ""橙子""]","[""橙子"", ""香蕉"", ""苹果"", ""葡萄""]","You are playing a coordination game with another agent.
If you both select the SAME option, you each get $1.
You cannot communicate - you must try to coordinate.
Note: The other agent sees the SAME options, but in a DIFFERENT order.

常见水果
Options: 香蕉, 葡萄, 苹果, 橙子

Which option do you choose? Respond with the exact option text.",苹果,苹果,"You are playing a coordination game with another agent.
If you both select the SAME option, you each get $1.
You cannot communicate - you must try to coordinate.
Note: The other agent sees the SAME options, but in a DIFFERENT order.

常见水果
Options: 橙子, 香蕉, 苹果, 葡萄

Which option do you choose? Respond with the exact option text.",苹果,苹果,True
浆果,"[""草莓"", ""蓝莓"", ""树莓"", ""黑莓""]","[""蓝莓"", ""草莓"", ""黑莓"", ""树莓""]","[""草莓"", ""蓝莓"", ""黑莓"", ""树莓""]","You are playing a coordination game with another agent.
If you both select the SAME option, you each get $1.
You cannot communicate - you must try to coordinate.
Note: The other agent sees the SAME options, but in a DIFFERENT order.

浆果
Options: 蓝莓, 草莓, 黑莓, 树莓

Which option do you choose? Respond with the exact option text.",草莓,草莓,"You are playing a coordination game with another agent.
If you both select the SAME option, you each get $1.
You cannot communicate - you must try to coordinate.
Note: The other agent sees the SAME options, but in a DIFFERENT order.

浆果
Options: 草莓, 蓝莓, 黑莓, 树莓

Which option do you choose? Respond with the exact option text.",草莓,草莓,True
热带水果,"[""芒果"", ""菠萝"", ""木瓜"", ""椰子""]","[""菠萝"", ""木瓜"", ""椰子"", ""芒果""]","[""菠萝"", ""木瓜"", ""椰子"", ""芒果""]","You are playing a coordination game with another agent.
If you both select the SAME option, you each get $1.
You cannot communicate - you must try to coordinate.
Note: The other agent sees the SAME options, but in a DIFFERENT order.

热带水果
Options: 菠萝, 木瓜, 椰子, 芒果

Which option do you choose? Respond with the exact option text.",芒果,芒果,"You are playing a coordination game with another agent.
If you both select the SAME option, you each get $1.
You cannot communicate - you must try to coordinate.
Note: The other agent sees the SAME options, but in a DIFFERENT order.

热带水果
Options: 菠萝, 木瓜, 椰子, 芒果

Which option do you choose? Respond with the exact option text.",椰子,椰子,False
核果,"[""桃子"", ""李子"", ""樱桃"", ""杏""]","[""桃子"", ""杏"", ""樱桃"", ""李子""]","[""李子"", ""杏"", ""桃子"", ""樱桃""]","You are playing a coordination game with another agent.
If you both select the SAME option, you each get $1.
You cannot communicate - you must try to coordinate.
Note: The other agent sees the SAME options, but in a DIFFERENT order.

核果
Options: 桃子, 杏, 樱桃, 李子

Which option do you choose? Respond with the exact option text.",杏,杏,"You are playing a coordination game with another agent.
If you both select the SAME option, you each get $1.
You cannot communicate - you must try to coordinate.
Note: The other agent sees the SAME options, but in a DIFFERENT order.

核果
Options: 李子, 杏, 桃子, 樱桃

Which option do you choose? Respond with the exact option text.",杏,杏,True
柑橘类,"[""橙子"", ""柠檬"", ""青柠"", ""柚子""]","[""橙子"", ""柚子"", ""柠檬"", ""青柠""]","[""柠檬"", ""青柠"", ""柚子"", ""橙子""]","You are playing a coordination game with another agent.
If you both select the SAME option, you each get $1.
You cannot communicate - you must try to coordinate.
Note: The other agent sees the SAME options, but in a DIFFERENT order.

柑橘类
Options: 橙子, 柚子, 柠檬, 青柠

Which option do you choose? Respond with the exact option text.",橙子,橙子,"You are playing a coordination game with another agent.
If you both select the SAME option, you each get $1.
You cannot communicate - you must try to coordinate.
Note: The other agent sees the SAME options, but in a DIFFERENT order.

柑橘类
Options: 柠檬, 青柠, 柚子, 橙子

Which option do you choose? Respond with the exact option text.",橙子,橙子,True
Head Parts,"[""Eye"", ""Nose"", ""Mouth"", ""Ear""]","[""Ear"", ""Eye"", ""Nose"", ""Mouth""]","[""Nose"", ""Eye"", ""Mouth"", ""Ear""]","You are playing a coordination game with another agent.
If you both select the SAME option, you each get $1.
You cannot communicate - you must try to coordinate.
Note: The other agent sees the SAME options, but in a DIFFERENT order.

Head Parts
Options: Ear, Eye, Nose, Mouth

Which option do you choose? Respond with the exact option text.",Nose,Nose,"You are playing a coordination game with another agent.
If you both select the SAME option, you each get $1.
You cannot communicate - you must try to coordinate.
Note: The other agent sees the SAME options, but in a DIFFERENT order.

Head Parts
Options: Nose, Eye, Mouth, Ear

Which option do you choose? Respond with the exact option text.",Eye,Eye,False
Hand Parts,"[""Finger"", ""Thumb"", ""Palm"", ""Wrist""]","[""Wrist"", ""Thumb"", ""Finger"", ""Palm""]","[""Thumb"", ""Wrist"", ""Finger"", ""Palm""]","You are playing a coordination game with another agent.
If you both select the SAME option, you each get $1.
You cannot communicate - you must try to coordinate.
Note: The other agent sees the SAME options, but in a DIFFERENT order.

Hand Parts
Options: Wrist, Thumb, Finger, Palm

Which option do you choose? Respond with the exact option text.",Thumb,Thumb,"You are playing a coordination game with another agent.
If you both select the SAME option, you each get $1.
You cannot communicate - you must try to coordinate.
Note: The other agent sees the SAME options, but in a DIFFERENT order.

Hand Parts
Options: Thumb, Wrist, Finger, Palm

Which option do you choose? Respond with the exact option text.",Thumb,Thumb,True
Body Systems,"[""Heart"", ""Brain"", ""Lung"", ""Stomach""]","[""Heart"", ""Brain"", ""Lung"", ""Stomach""]","[""Stomach"", ""Lung"", ""Brain"", ""Heart""]","You are playing a coordination game with another agent.
If you both select the SAME option, you each get $1.
You cannot communicate - you must try to coordinate.
Note: The other agent sees the SAME options, but in a DIFFERENT order.

Body Systems
Options: Heart, Brain, Lung, Stomach

Which option do you choose? Respond with the exact option text.",Heart,Heart,"You are playing a coordination game with another agent.
If you both select the SAME option, you each get $1.
You cannot communicate - you must try to coordinate.
Note: The other agent sees the SAME options, but in a DIFFERENT order.

Body Systems
Options: Stomach, Lung, Brain, Heart

Which option do you choose? Respond with the exact option text.",Brain,Brain,False
Limbs,"[""Arm"", ""Leg"", ""Hand"", ""Foot""]","[""Foot"", ""Hand"", ""Arm"", ""Leg""]","[""Foot"", ""Arm"", ""Leg"", ""Hand""]","You are playing a coordination game with another agent.
If you both select the SAME option, you each get $1.
You cannot communicate - you must try to coordinate.
Note: The other agent sees the SAME options, but in a DIFFERENT order.

Limbs
Options: Foot, Hand, Arm, Leg

Which option do you choose? Respond with the exact option text.",Hand,Hand,"You are playing a coordination game with another agent.
If you both select the SAME option, you each get $1.
You cannot communicate - you must try to coordinate.
Note: The other agent sees the SAME options, but in a DIFFERENT order.

Limbs
Options: Foot, Arm, Leg, Hand

Which option do you choose? Respond with the exact option text.",Arm,Arm,False
External Features,"[""Hair"", ""Skin"", ""Nail"", ""Teeth""]","[""Hair"", ""Skin"", ""Nail"", ""Teeth""]","[""Nail"", ""Skin"", ""Teeth"", ""Hair""]","You are playing a coordination game with another agent.
If you both select the SAME option, you each get $1.
You cannot communicate - you must try to coordinate.
Note: The other agent sees the SAME options, but in a DIFFERENT order.

External Features
Options: Hair, Skin, Nail, Teeth

Which option do you choose? Respond with the exact option text.",Hair,Hair,"You are playing a coordination game with another agent.
If you both select the SAME option, you each get $1.
You cannot communicate - you must try to coordinate.
Note: The other agent sees the SAME options, but in a DIFFERENT order.

External Features
Options: Nail, Skin, Teeth, Hair

Which option do you choose? Respond with the exact option text.",Skin,Skin,False
头部器官,"[""眼睛"", ""鼻子"", ""嘴巴"", ""耳朵""]","[""耳朵"", ""眼睛"", ""鼻子"", ""嘴巴""]","[""耳朵"", ""鼻子"", ""眼睛"", ""嘴巴""]","You are playing a coordination game with another agent.
If you both select the SAME option, you each get $1.
You cannot communicate - you must try to coordinate.
Note: The other agent sees the SAME options, but in a DIFFERENT order.

头部器官
Options: 耳朵, 眼睛, 鼻子, 嘴巴

Which option do you choose? Respond with the exact option text.",眼睛,眼睛,"You are playing a coordination game with another agent.
If you both select the SAME option, you each get $1.
You cannot communicate - you must try to coordinate.
Note: The other agent sees the SAME options, but in a DIFFERENT order.

头部器官
Options: 耳朵, 鼻子, 眼睛, 嘴巴

Which option do you choose? Respond with the exact option text.",眼睛,眼睛,True
手部,"[""手指"", ""拇指"", ""手掌"", ""手腕""]","[""手掌"", ""拇指"", ""手指"", ""手腕""]","[""手腕"", ""手掌"", ""拇指"", ""手指""]","You are playing a coordination game with another agent.
If you both select the SAME option, you each get $1.
You cannot communicate - you must try to coordinate.
Note: The other agent sees the SAME options, but in a DIFFERENT order.

手部
Options: 手掌, 拇指, 手指, 手腕

Which option do you choose? Respond with the exact option text.",手指,手指,"You are playing a coordination game with another agent.
If you both select the SAME option, you each get $1.
You cannot communicate - you must try to coordinate.
Note: The other agent sees the SAME options, but in a DIFFERENT order.

手部
Options: 手腕, 手掌, 拇指, 手指

Which option do you choose? Respond with the exact option text.",手掌,手掌,False
内部器官,"[""心脏"", ""大脑"", ""肺"", ""胃""]","[""心脏"", ""肺"", ""大脑"", ""胃""]","[""肺"", ""心脏"", ""胃"", ""大脑""]","You are playing a coordination game with another agent.
If you both select the SAME option, you each get $1.
You cannot communicate - you must try to coordinate.
Note: The other agent sees the SAME options, but in a DIFFERENT order.

内部器官
Options: 心脏, 肺, 大脑, 胃

Which option do you choose? Respond with the exact option text.",心脏,心脏,"You are playing a coordination game with another agent.
If you both select the SAME option, you each get $1.
You cannot communicate - you must try to coordinate.
Note: The other agent sees the SAME options, but in a DIFFERENT order.

内部器官
Options: 肺, 心脏, 胃, 大脑

Which option do you choose? Respond with the exact option text.",心脏,心脏,True
四肢,"[""手臂"", ""腿"", ""手"", ""脚""]","[""脚"", ""手臂"", ""腿"", ""手""]","[""手臂"", ""脚"", ""手"", ""腿""]","You are playing a coordination game with another agent.
If you both select the SAME option, you each get $1.
You cannot communicate - you must try to coordinate.
Note: The other agent sees the SAME options, but in a DIFFERENT order.

四肢
Options: 脚, 手臂, 腿, 手

Which option do you choose? Respond with the exact option text.",手,手,"You are playing a coordination game with another agent.
If you both select the SAME option, you each get $1.
You cannot communicate - you must try to coordinate.
Note: The other agent sees the SAME options, but in a DIFFERENT order.

四肢
Options: 手臂, 脚, 手, 腿

Which option do you choose? Respond with the exact option text.",手臂,手臂,False
外部特征,"[""头发"", ""皮肤"", ""指甲"", ""牙齿""]","[""牙齿"", ""指甲"", ""皮肤"", ""头发""]","[""牙齿"", ""头发"", ""指甲"", ""皮肤""]","You are playing a coordination game with another agent.
If you both select the SAME option, you each get $1.
You cannot communicate - you must try to coordinate.
Note: The other agent sees the SAME options, but in a DIFFERENT order.

外部特征
Options: 牙齿, 指甲, 皮肤, 头发

Which option do you choose? Respond with the exact option text.",皮肤,皮肤,"You are playing a coordination game with another agent.
If you both select the SAME option, you each get $1.
You cannot communicate - you must try to coordinate.
Note: The other agent sees the SAME options, but in a DIFFERENT order.

外部特征
Options: 牙齿, 头发, 指甲, 皮肤

Which option do you choose? Respond with the exact option text.",皮肤,皮肤,True
Five Senses,"[""Sight"", ""Hearing"", ""Touch"", ""Smell""]","[""Smell"", ""Touch"", ""Sight"", ""Hearing""]","[""Hearing"", ""Sight"", ""Smell"", ""Touch""]","You are playing a coordination game with another agent.
If you both select the SAME option, you each get $1.
You cannot communicate - you must try to coordinate.
Note: The other agent sees the SAME options, but in a DIFFERENT order.

Five Senses
Options: Smell, Touch, Sight, Hearing

Which option do you choose? Respond with the exact option text.",Sight,Sight,"You are playing a coordination game with another agent.
If you both select the SAME option, you each get $1.
You cannot communicate - you must try to coordinate.
Note: The other agent sees the SAME options, but in a DIFFERENT order.

Five Senses
Options: Hearing, Sight, Smell, Touch

Which option do you choose? Respond with the exact option text.",Sight,Sight,True
Taste Types,"[""Sweet"", ""Sour"", ""Salty"", ""Bitter""]","[""Salty"", ""Bitter"", ""Sweet"", ""Sour""]","[""Sour"", ""Bitter"", ""Salty"", ""Sweet""]","You are playing a coordination game with another agent.
If you both select the SAME option, you each get $1.
You cannot communicate - you must try to coordinate.
Note: The other agent sees the SAME options, but in a DIFFERENT order.

Taste Types
Options: Salty, Bitter, Sweet, Sour

Which option do you choose? Respond with the exact option text.",Sweet,Sweet,"You are playing a coordination game with another agent.
If you both select the SAME option, you each get $1.
You cannot communicate - you must try to coordinate.
Note: The other agent sees the SAME options, but in a DIFFERENT order.

Taste Types
Options: Sour, Bitter, Salty, Sweet

Which option do you choose? Respond with the exact option text.",Sweet,Sweet,True
Touch Sensations,"[""Hot"", ""Cold"", ""Rough"", ""Smooth""]","[""Hot"", ""Cold"", ""Rough"", ""Smooth""]","[""Smooth"", ""Cold"", ""Rough"", ""Hot""]","You are playing a coordination game with another agent.
If you both select the SAME option, you each get $1.
You cannot communicate - you must try to coordinate.
Note: The other agent sees the SAME options, but in a DIFFERENT order.

Touch Sensations
Options: Hot, Cold, Rough, Smooth

Which option do you choose? Respond with the exact option text.",Hot,Hot,"You are playing a coordination game with another agent.
If you both select the SAME option, you each get $1.
You cannot communicate - you must try to coordinate.
Note: The other agent sees the SAME options, but in a DIFFERENT order.

Touch Sensations
Options: Smooth, Cold, Rough, Hot

Which option do you choose? Respond with the exact option text.",Smooth,Smooth,False
Visual Qualities,"[""Bright"", ""Dark"", ""Colorful"", ""Plain""]","[""Dark"", ""Colorful"", ""Bright"", ""Plain""]","[""Colorful"", ""Dark"", ""Bright"", ""Plain""]","You are playing a coordination game with another agent.
If you both select the SAME option, you each get $1.
You cannot communicate - you must try to coordinate.
Note: The other agent sees the SAME options, but in a DIFFERENT order.

Visual Qualities
Options: Dark, Colorful, Bright, Plain

Which option do you choose? Respond with the exact option text.",Colorful,Colorful,"You are playing a coordination game with another agent.
If you both select the SAME option, you each get $1.
You cannot communicate - you must try to coordinate.
Note: The other agent sees the SAME options, but in a DIFFERENT order.

Visual Qualities
Options: Colorful, Dark, Bright, Plain

Which option do you choose? Respond with the exact option text.",Colorful,Colorful,True
Sound Qualities,"[""Loud"", ""Soft"", ""High"", ""Low""]","[""Loud"", ""Low"", ""Soft"", ""High""]","[""High"", ""Low"", ""Loud"", ""Soft""]","You are playing a coordination game with another agent.
If you both select the SAME option, you each get $1.
You cannot communicate - you must try to coordinate.
Note: The other agent sees the SAME options, but in a DIFFERENT order.

Sound Qualities
Options: Loud, Low, Soft, High

Which option do you choose? Respond with the exact option text.",Loud,Loud,"You are playing a coordination game with another agent.
If you both select the SAME option, you each get $1.
You cannot communicate - you must try to coordinate.
Note: The other agent sees the SAME options, but in a DIFFERENT order.

Sound Qualities
Options: High, Low, Loud, Soft

Which option do you choose? Respond with the exact option text.","The goal is to coordinate with another agent, who sees the same options but in a different order. This means I need to choose the option that is most salient or focal, independent of its position in a list.

Let's analyze the options:
*   **Loud** and **Soft** are direct and unambiguous descriptors of a sound's *volume* or *intensity*.
*   **High** and **Low** can refer to a sound's *pitch* (e.g., a high note, a low hum) or its *volume* (e.g., high volume, low volume).

The ambiguity of ""High"" and ""Low"" makes them less ideal for coordination, as the other agent might interpret them as pitch while I interpret them as volume, or vice-versa.

""Loud"" and ""Soft"", on the other hand, almost exclusively refer to volume. Given the presence of both ""Loud"" and ""Soft"" in the options, it makes sense to choose one from this less ambiguous pair.

Between ""Loud"" and ""Soft"", ""Loud"" often stands out as a more prominent or default descriptor of sound intensity. It's a very common and direct way to describe a noticeable sound.

Therefore, ""Loud"" is the most robust choice as a focal point because it is specific, widely understood in the context of sound quality (intensity), and less ambiguous than ""High"" or ""Low"".

Loud",Loud,True
五种感官,"[""视觉"", ""听觉"", ""触觉"", ""嗅觉""]","[""嗅觉"", ""触觉"", ""视觉"", ""听觉""]","[""触觉"", ""听觉"", ""嗅觉"", ""视觉""]","You are playing a coordination game with another agent.
If you both select the SAME option, you each get $1.
You cannot communicate - you must try to coordinate.
Note: The other agent sees the SAME options, but in a DIFFERENT order.

五种感官
Options: 嗅觉, 触觉, 视觉, 听觉

Which option do you choose? Respond with the exact option text.",视觉,视觉,"You are playing a coordination game with another agent.
If you both select the SAME option, you each get $1.
You cannot communicate - you must try to coordinate.
Note: The other agent sees the SAME options, but in a DIFFERENT order.

五种感官
Options: 触觉, 听觉, 嗅觉, 视觉

Which option do you choose? Respond with the exact option text.",视觉,视觉,True
味觉类型,"[""甜"", ""酸"", ""咸"", ""苦""]","[""甜"", ""酸"", ""咸"", ""苦""]","[""甜"", ""酸"", ""咸"", ""苦""]","You are playing a coordination game with another agent.
If you both select the SAME option, you each get $1.
You cannot communicate - you must try to coordinate.
Note: The other agent sees the SAME options, but in a DIFFERENT order.

味觉类型
Options: 甜, 酸, 咸, 苦

Which option do you choose? Respond with the exact option text.",甜,甜,"You are playing a coordination game with another agent.
If you both select the SAME option, you each get $1.
You cannot communicate - you must try to coordinate.
Note: The other agent sees the SAME options, but in a DIFFERENT order.

味觉类型
Options: 甜, 酸, 咸, 苦

Which option do you choose? Respond with the exact option text.",甜,甜,True
触感,"[""热"", ""冷"", ""粗糙"", ""光滑""]","[""粗糙"", ""热"", ""冷"", ""光滑""]","[""热"", ""冷"", ""粗糙"", ""光滑""]","You are playing a coordination game with another agent.
If you both select the SAME option, you each get $1.
You cannot communicate - you must try to coordinate.
Note: The other agent sees the SAME options, but in a DIFFERENT order.

触感
Options: 粗糙, 热, 冷, 光滑

Which option do you choose? Respond with the exact option text.",热,热,"You are playing a coordination game with another agent.
If you both select the SAME option, you each get $1.
You cannot communicate - you must try to coordinate.
Note: The other agent sees the SAME options, but in a DIFFERENT order.

触感
Options: 热, 冷, 粗糙, 光滑

Which option do you choose? Respond with the exact option text.",光滑,光滑,False
视觉特征,"[""明亮"", ""黑暗"", ""多彩"", ""朴素""]","[""黑暗"", ""多彩"", ""朴素"", ""明亮""]","[""朴素"", ""多彩"", ""黑暗"", ""明亮""]","You are playing a coordination game with another agent.
If you both select the SAME option, you each get $1.
You cannot communicate - you must try to coordinate.
Note: The other agent sees the SAME options, but in a DIFFERENT order.

视觉特征
Options: 黑暗, 多彩, 朴素, 明亮

Which option do you choose? Respond with the exact option text.",明亮,明亮,"You are playing a coordination game with another agent.
If you both select the SAME option, you each get $1.
You cannot communicate - you must try to coordinate.
Note: The other agent sees the SAME options, but in a DIFFERENT order.

视觉特征
Options: 朴素, 多彩, 黑暗, 明亮

Which option do you choose? Respond with the exact option text.",明亮,明亮,True
声音特征,"[""响亮"", ""柔和"", ""高音"", ""低音""]","[""响亮"", ""柔和"", ""高音"", ""低音""]","[""柔和"", ""低音"", ""响亮"", ""高音""]","You are playing a coordination game with another agent.
If you both select the SAME option, you each get $1.
You cannot communicate - you must try to coordinate.
Note: The other agent sees the SAME options, but in a DIFFERENT order.

声音特征
Options: 响亮, 柔和, 高音, 低音

Which option do you choose? Respond with the exact option text.",响亮,响亮,"You are playing a coordination game with another agent.
If you both select the SAME option, you each get $1.
You cannot communicate - you must try to coordinate.
Note: The other agent sees the SAME options, but in a DIFFERENT order.

声音特征
Options: 柔和, 低音, 响亮, 高音

Which option do you choose? Respond with the exact option text.",响亮,响亮,True
Hand Tools,"[""Hammer"", ""Screwdriver"", ""Wrench"", ""Pliers""]","[""Pliers"", ""Screwdriver"", ""Wrench"", ""Hammer""]","[""Screwdriver"", ""Hammer"", ""Wrench"", ""Pliers""]","You are playing a coordination game with another agent.
If you both select the SAME option, you each get $1.
You cannot communicate - you must try to coordinate.
Note: The other agent sees the SAME options, but in a DIFFERENT order.

Hand Tools
Options: Pliers, Screwdriver, Wrench, Hammer

Which option do you choose? Respond with the exact option text.",Hammer,Hammer,"You are playing a coordination game with another agent.
If you both select the SAME option, you each get $1.
You cannot communicate - you must try to coordinate.
Note: The other agent sees the SAME options, but in a DIFFERENT order.

Hand Tools
Options: Screwdriver, Hammer, Wrench, Pliers

Which option do you choose? Respond with the exact option text.",Hammer,Hammer,True
Cutting Tools,"[""Knife"", ""Scissors"", ""Axe"", ""Saw""]","[""Knife"", ""Scissors"", ""Axe"", ""Saw""]","[""Scissors"", ""Saw"", ""Knife"", ""Axe""]","You are playing a coordination game with another agent.
If you both select the SAME option, you each get $1.
You cannot communicate - you must try to coordinate.
Note: The other agent sees the SAME options, but in a DIFFERENT order.

Cutting Tools
Options: Knife, Scissors, Axe, Saw

Which option do you choose? Respond with the exact option text.",Knife,Knife,"You are playing a coordination game with another agent.
If you both select the SAME option, you each get $1.
You cannot communicate - you must try to coordinate.
Note: The other agent sees the SAME options, but in a DIFFERENT order.

Cutting Tools
Options: Scissors, Saw, Knife, Axe

Which option do you choose? Respond with the exact option text.",Scissors,Scissors,False
Measuring Tools,"[""Ruler"", ""Scale"", ""Compass"", ""Thermometer""]","[""Compass"", ""Scale"", ""Ruler"", ""Thermometer""]","[""Scale"", ""Compass"", ""Thermometer"", ""Ruler""]","You are playing a coordination game with another agent.
If you both select the SAME option, you each get $1.
You cannot communicate - you must try to coordinate.
Note: The other agent sees the SAME options, but in a DIFFERENT order.

Measuring Tools
Options: Compass, Scale, Ruler, Thermometer

Which option do you choose? Respond with the exact option text.",Ruler,Ruler,"You are playing a coordination game with another agent.
If you both select the SAME option, you each get $1.
You cannot communicate - you must try to coordinate.
Note: The other agent sees the SAME options, but in a DIFFERENT order.

Measuring Tools
Options: Scale, Compass, Thermometer, Ruler

Which option do you choose? Respond with the exact option text.",Ruler,Ruler,True
Writing Tools,"[""Pen"", ""Pencil"", ""Marker"", ""Chalk""]","[""Pen"", ""Chalk"", ""Marker"", ""Pencil""]","[""Chalk"", ""Pen"", ""Marker"", ""Pencil""]","You are playing a coordination game with another agent.
If you both select the SAME option, you each get $1.
You cannot communicate - you must try to coordinate.
Note: The other agent sees the SAME options, but in a DIFFERENT order.

Writing Tools
Options: Pen, Chalk, Marker, Pencil

Which option do you choose? Respond with the exact option text.",Pencil,Pencil,"You are playing a coordination game with another agent.
If you both select the SAME option, you each get $1.
You cannot communicate - you must try to coordinate.
Note: The other agent sees the SAME options, but in a DIFFERENT order.

Writing Tools
Options: Chalk, Pen, Marker, Pencil

Which option do you choose? Respond with the exact option text.",Pen,Pen,False
Garden Tools,"[""Shovel"", ""Rake"", ""Hoe"", ""Trowel""]","[""Hoe"", ""Shovel"", ""Trowel"", ""Rake""]","[""Hoe"", ""Rake"", ""Trowel"", ""Shovel""]","You are playing a coordination game with another agent.
If you both select the SAME option, you each get $1.
You cannot communicate - you must try to coordinate.
Note: The other agent sees the SAME options, but in a DIFFERENT order.

Garden Tools
Options: Hoe, Shovel, Trowel, Rake

Which option do you choose? Respond with the exact option text.",Shovel,Shovel,"You are playing a coordination game with another agent.
If you both select the SAME option, you each get $1.
You cannot communicate - you must try to coordinate.
Note: The other agent sees the SAME options, but in a DIFFERENT order.

Garden Tools
Options: Hoe, Rake, Trowel, Shovel

Which option do you choose? Respond with the exact option text.",Shovel,Shovel,True
手动工具,"[""锤子"", ""螺丝刀"", ""扳手"", ""钳子""]","[""钳子"", ""螺丝刀"", ""锤子"", ""扳手""]","[""螺丝刀"", ""钳子"", ""扳手"", ""锤子""]","You are playing a coordination game with another agent.
If you both select the SAME option, you each get $1.
You cannot communicate - you must try to coordinate.
Note: The other agent sees the SAME options, but in a DIFFERENT order.

手动工具
Options: 钳子, 螺丝刀, 锤子, 扳手

Which option do you choose? Respond with the exact option text.",锤子,锤子,"You are playing a coordination game with another agent.
If you both select the SAME option, you each get $1.
You cannot communicate - you must try to coordinate.
Note: The other agent sees the SAME options, but in a DIFFERENT order.

手动工具
Options: 螺丝刀, 钳子, 扳手, 锤子

Which option do you choose? Respond with the exact option text.",锤子,锤子,True
切割工具,"[""刀"", ""剪刀"", ""斧头"", ""锯子""]","[""锯子"", ""剪刀"", ""斧头"", ""刀""]","[""刀"", ""斧头"", ""锯子"", ""剪刀""]","You are playing a coordination game with another agent.
If you both select the SAME option, you each get $1.
You cannot communicate - you must try to coordinate.
Note: The other agent sees the SAME options, but in a DIFFERENT order.

切割工具
Options: 锯子, 剪刀, 斧头, 刀

Which option do you choose? Respond with the exact option text.",刀,刀,"You are playing a coordination game with another agent.
If you both select the SAME option, you each get $1.
You cannot communicate - you must try to coordinate.
Note: The other agent sees the SAME options, but in a DIFFERENT order.

切割工具
Options: 刀, 斧头, 锯子, 剪刀

Which option do you choose? Respond with the exact option text.",刀,刀,True
测量工具,"[""尺子"", ""秤"", ""指南针"", ""温度计""]","[""尺子"", ""温度计"", ""指南针"", ""秤""]","[""尺子"", ""温度计"", ""指南针"", ""秤""]","You are playing a coordination game with another agent.
If you both select the SAME option, you each get $1.
You cannot communicate - you must try to coordinate.
Note: The other agent sees the SAME options, but in a DIFFERENT order.

测量工具
Options: 尺子, 温度计, 指南针, 秤

Which option do you choose? Respond with the exact option text.",尺子,尺子,"You are playing a coordination game with another agent.
If you both select the SAME option, you each get $1.
You cannot communicate - you must try to coordinate.
Note: The other agent sees the SAME options, but in a DIFFERENT order.

测量工具
Options: 尺子, 温度计, 指南针, 秤

Which option do you choose? Respond with the exact option text.",尺子,尺子,True
书写工具,"[""钢笔"", ""铅笔"", ""记号笔"", ""粉笔""]","[""钢笔"", ""记号笔"", ""铅笔"", ""粉笔""]","[""铅笔"", ""记号笔"", ""钢笔"", ""粉笔""]","You are playing a coordination game with another agent.
If you both select the SAME option, you each get $1.
You cannot communicate - you must try to coordinate.
Note: The other agent sees the SAME options, but in a DIFFERENT order.

书写工具
Options: 钢笔, 记号笔, 铅笔, 粉笔

Which option do you choose? Respond with the exact option text.",铅笔,铅笔,"You are playing a coordination game with another agent.
If you both select the SAME option, you each get $1.
You cannot communicate - you must try to coordinate.
Note: The other agent sees the SAME options, but in a DIFFERENT order.

书写工具
Options: 铅笔, 记号笔, 钢笔, 粉笔

Which option do you choose? Respond with the exact option text.",铅笔,铅笔,True
园艺工具,"[""铲子"", ""耙子"", ""锄头"", ""小铲""]","[""耙子"", ""锄头"", ""铲子"", ""小铲""]","[""耙子"", ""锄头"", ""小铲"", ""铲子""]","You are playing a coordination game with another agent.
If you both select the SAME option, you each get $1.
You cannot communicate - you must try to coordinate.
Note: The other agent sees the SAME options, but in a DIFFERENT order.

园艺工具
Options: 耙子, 锄头, 铲子, 小铲

Which option do you choose? Respond with the exact option text.",铲子,铲子,"You are playing a coordination game with another agent.
If you both select the SAME option, you each get $1.
You cannot communicate - you must try to coordinate.
Note: The other agent sees the SAME options, but in a DIFFERENT order.

园艺工具
Options: 耙子, 锄头, 小铲, 铲子

Which option do you choose? Respond with the exact option text.",铲子,铲子,True
Upper Body Clothing,"[""Shirt"", ""Jacket"", ""Sweater"", ""Coat""]","[""Sweater"", ""Shirt"", ""Coat"", ""Jacket""]","[""Jacket"", ""Coat"", ""Sweater"", ""Shirt""]","You are playing a coordination game with another agent.
If you both select the SAME option, you each get $1.
You cannot communicate - you must try to coordinate.
Note: The other agent sees the SAME options, but in a DIFFERENT order.

Upper Body Clothing
Options: Sweater, Shirt, Coat, Jacket

Which option do you choose? Respond with the exact option text.",Shirt,Shirt,"You are playing a coordination game with another agent.
If you both select the SAME option, you each get $1.
You cannot communicate - you must try to coordinate.
Note: The other agent sees the SAME options, but in a DIFFERENT order.

Upper Body Clothing
Options: Jacket, Coat, Sweater, Shirt

Which option do you choose? Respond with the exact option text.",Sweater,Sweater,False
Lower Body Clothing,"[""Pants"", ""Jeans"", ""Shorts"", ""Skirt""]","[""Pants"", ""Skirt"", ""Jeans"", ""Shorts""]","[""Shorts"", ""Jeans"", ""Skirt"", ""Pants""]","You are playing a coordination game with another agent.
If you both select the SAME option, you each get $1.
You cannot communicate - you must try to coordinate.
Note: The other agent sees the SAME options, but in a DIFFERENT order.

Lower Body Clothing
Options: Pants, Skirt, Jeans, Shorts

Which option do you choose? Respond with the exact option text.",Jeans,Jeans,"You are playing a coordination game with another agent.
If you both select the SAME option, you each get $1.
You cannot communicate - you must try to coordinate.
Note: The other agent sees the SAME options, but in a DIFFERENT order.

Lower Body Clothing
Options: Shorts, Jeans, Skirt, Pants

Which option do you choose? Respond with the exact option text.",Jeans,Jeans,True
Footwear,"[""Sneakers"", ""Boots"", ""Sandals"", ""Dress Shoes""]","[""Dress Shoes"", ""Sandals"", ""Sneakers"", ""Boots""]","[""Sneakers"", ""Dress Shoes"", ""Boots"", ""Sandals""]","You are playing a coordination game with another agent.
If you both select the SAME option, you each get $1.
You cannot communicate - you must try to coordinate.
Note: The other agent sees the SAME options, but in a DIFFERENT order.

Footwear
Options: Dress Shoes, Sandals, Sneakers, Boots

Which option do you choose? Respond with the exact option text.",Sneakers,Sneakers,"You are playing a coordination game with another agent.
If you both select the SAME option, you each get $1.
You cannot communicate - you must try to coordinate.
Note: The other agent sees the SAME options, but in a DIFFERENT order.

Footwear
Options: Sneakers, Dress Shoes, Boots, Sandals

Which option do you choose? Respond with the exact option text.",Sneakers,Sneakers,True
Headwear,"[""Cap"", ""Hat"", ""Beanie"", ""Helmet""]","[""Hat"", ""Helmet"", ""Cap"", ""Beanie""]","[""Hat"", ""Helmet"", ""Beanie"", ""Cap""]","You are playing a coordination game with another agent.
If you both select the SAME option, you each get $1.
You cannot communicate - you must try to coordinate.
Note: The other agent sees the SAME options, but in a DIFFERENT order.

Headwear
Options: Hat, Helmet, Cap, Beanie

Which option do you choose? Respond with the exact option text.",Hat,Hat,"You are playing a coordination game with another agent.
If you both select the SAME option, you each get $1.
You cannot communicate - you must try to coordinate.
Note: The other agent sees the SAME options, but in a DIFFERENT order.

Headwear
Options: Hat, Helmet, Beanie, Cap

Which option do you choose? Respond with the exact option text.",Hat,Hat,True
Formal Wear,"[""Suit"", ""Dress"", ""Tuxedo"", ""Gown""]","[""Gown"", ""Suit"", ""Dress"", ""Tuxedo""]","[""Tuxedo"", ""Suit"", ""Dress"", ""Gown""]","You are playing a coordination game with another agent.
If you both select the SAME option, you each get $1.
You cannot communicate - you must try to coordinate.
Note: The other agent sees the SAME options, but in a DIFFERENT order.

Formal Wear
Options: Gown, Suit, Dress, Tuxedo

Which option do you choose? Respond with the exact option text.","To maximize the chance of coordination, I need to choose an option that is the most salient, obvious, or ""default"" choice for both agents, despite the different ordering of options.

Let's analyze the options:
*   **Gown:** Highly specific, very formal, typically feminine.
*   **Suit:** Formal, can be masculine or feminine (e.g., pantsuit), but often leans masculine.
*   **Dress:** General term for a garment, but in the context of ""Formal Wear,"" it implies a formal dress, typically feminine. Less specific than ""Gown"" for ""formal.""
*   **Tuxedo:** Highly specific, very formal, typically masculine.

The biggest challenge here is the gendered nature of ""Gown,"" ""Dress,"" and ""Tuxedo."" If I choose ""Tuxedo,"" the other agent might pick ""Gown"" (or vice versa), leading to a failure to coordinate due to assuming different genders or trying to pick the ""opposite"" gendered item.

The goal is to find a choice that minimizes ambiguity and maximizes the chance the other agent will make the same choice.

*   **Gown** and **Tuxedo** are the *most specific* and *most formal* items, but they are also highly gendered and represent opposite poles. Picking one risks the other agent picking the other, or avoiding both due to their gendered nature.
*   **Dress** is feminine and less specific for ""formal wear"" than ""Gown."" This makes it less salient.
*   **Suit** is a strong candidate because, while often associated with men, a ""suit"" (e.g., a pantsuit or a women's tailored suit) can also be perfectly appropriate and very formal attire for women. It offers the most plausible gender-neutral interpretation among the options while still unequivocally being ""formal wear."" It avoids the strong gender dichotomy of ""Gown"" vs. ""Tuxedo"" and is more salient for ""formal"" than ""Dress.""

Therefore, ""Suit"" represents the best compromise as a potentially gender-neutral, clearly formal option.

**Suit**",Tuxedo,"You are playing a coordination game with another agent.
If you both select the SAME option, you each get $1.
You cannot communicate - you must try to coordinate.
Note: The other agent sees the SAME options, but in a DIFFERENT order.

Formal Wear
Options: Tuxedo, Suit, Dress, Gown

Which option do you choose? Respond with the exact option text.",Tuxedo,Tuxedo,True
上装,"[""衬衫"", ""夹克"", ""毛衣"", ""外套""]","[""外套"", ""衬衫"", ""夹克"", ""毛衣""]","[""外套"", ""衬衫"", ""夹克"", ""毛衣""]","You are playing a coordination game with another agent.
If you both select the SAME option, you each get $1.
You cannot communicate - you must try to coordinate.
Note: The other agent sees the SAME options, but in a DIFFERENT order.

上装
Options: 外套, 衬衫, 夹克, 毛衣

Which option do you choose? Respond with the exact option text.",外套,外套,"You are playing a coordination game with another agent.
If you both select the SAME option, you each get $1.
You cannot communicate - you must try to coordinate.
Note: The other agent sees the SAME options, but in a DIFFERENT order.

上装
Options: 外套, 衬衫, 夹克, 毛衣

Which option do you choose? Respond with the exact option text.",衬衫,衬衫,False
下装,"[""裤子"", ""牛仔裤"", ""短裤"", ""裙子""]","[""裤子"", ""短裤"", ""裙子"", ""牛仔裤""]","[""牛仔裤"", ""裙子"", ""短裤"", ""裤子""]","You are playing a coordination game with another agent.
If you both select the SAME option, you each get $1.
You cannot communicate - you must try to coordinate.
Note: The other agent sees the SAME options, but in a DIFFERENT order.

下装
Options: 裤子, 短裤, 裙子, 牛仔裤

Which option do you choose? Respond with the exact option text.",牛仔裤,牛仔裤,"You are playing a coordination game with another agent.
If you both select the SAME option, you each get $1.
You cannot communicate - you must try to coordinate.
Note: The other agent sees the SAME options, but in a DIFFERENT order.

下装
Options: 牛仔裤, 裙子, 短裤, 裤子

Which option do you choose? Respond with the exact option text.",裤子,裤子,False
鞋类,"[""运动鞋"", ""靴子"", ""凉鞋"", ""皮鞋""]","[""皮鞋"", ""凉鞋"", ""靴子"", ""运动鞋""]","[""靴子"", ""皮鞋"", ""运动鞋"", ""凉鞋""]","You are playing a coordination game with another agent.
If you both select the SAME option, you each get $1.
You cannot communicate - you must try to coordinate.
Note: The other agent sees the SAME options, but in a DIFFERENT order.

鞋类
Options: 皮鞋, 凉鞋, 靴子, 运动鞋

Which option do you choose? Respond with the exact option text.",运动鞋,运动鞋,"You are playing a coordination game with another agent.
If you both select the SAME option, you each get $1.
You cannot communicate - you must try to coordinate.
Note: The other agent sees the SAME options, but in a DIFFERENT order.

鞋类
Options: 靴子, 皮鞋, 运动鞋, 凉鞋

Which option do you choose? Respond with the exact option text.",运动鞋,运动鞋,True
帽子,"[""鸭舌帽"", ""礼帽"", ""毛线帽"", ""头盔""]","[""鸭舌帽"", ""头盔"", ""礼帽"", ""毛线帽""]","[""礼帽"", ""鸭舌帽"", ""头盔"", ""毛线帽""]","You are playing a coordination game with another agent.
If you both select the SAME option, you each get $1.
You cannot communicate - you must try to coordinate.
Note: The other agent sees the SAME options, but in a DIFFERENT order.

帽子
Options: 鸭舌帽, 头盔, 礼帽, 毛线帽

Which option do you choose? Respond with the exact option text.",头盔,头盔,"You are playing a coordination game with another agent.
If you both select the SAME option, you each get $1.
You cannot communicate - you must try to coordinate.
Note: The other agent sees the SAME options, but in a DIFFERENT order.

帽子
Options: 礼帽, 鸭舌帽, 头盔, 毛线帽

Which option do you choose? Respond with the exact option text.",头盔,头盔,True
正装,"[""西装"", ""连衣裙"", ""燕尾服"", ""礼服""]","[""礼服"", ""连衣裙"", ""西装"", ""燕尾服""]","[""连衣裙"", ""燕尾服"", ""礼服"", ""西装""]","You are playing a coordination game with another agent.
If you both select the SAME option, you each get $1.
You cannot communicate - you must try to coordinate.
Note: The other agent sees the SAME options, but in a DIFFERENT order.

正装
Options: 礼服, 连衣裙, 西装, 燕尾服

Which option do you choose? Respond with the exact option text.",礼服,礼服,"You are playing a coordination game with another agent.
If you both select the SAME option, you each get $1.
You cannot communicate - you must try to coordinate.
Note: The other agent sees the SAME options, but in a DIFFERENT order.

正装
Options: 连衣裙, 燕尾服, 礼服, 西装

Which option do you choose? Respond with the exact option text.",礼服,礼服,True
Road Vehicles,"[""Car"", ""Bus"", ""Truck"", ""Motorcycle""]","[""Motorcycle"", ""Bus"", ""Truck"", ""Car""]","[""Motorcycle"", ""Truck"", ""Bus"", ""Car""]","You are playing a coordination game with another agent.
If you both select the SAME option, you each get $1.
You cannot communicate - you must try to coordinate.
Note: The other agent sees the SAME options, but in a DIFFERENT order.

Road Vehicles
Options: Motorcycle, Bus, Truck, Car

Which option do you choose? Respond with the exact option text.",Car,Car,"You are playing a coordination game with another agent.
If you both select the SAME option, you each get $1.
You cannot communicate - you must try to coordinate.
Note: The other agent sees the SAME options, but in a DIFFERENT order.

Road Vehicles
Options: Motorcycle, Truck, Bus, Car

Which option do you choose? Respond with the exact option text.",Car,Car,True
Two-Wheel Vehicles,"[""Bicycle"", ""Motorcycle"", ""Scooter"", ""Skateboard""]","[""Motorcycle"", ""Scooter"", ""Bicycle"", ""Skateboard""]","[""Skateboard"", ""Bicycle"", ""Motorcycle"", ""Scooter""]","You are playing a coordination game with another agent.
If you both select the SAME option, you each get $1.
You cannot communicate - you must try to coordinate.
Note: The other agent sees the SAME options, but in a DIFFERENT order.

Two-Wheel Vehicles
Options: Motorcycle, Scooter, Bicycle, Skateboard

Which option do you choose? Respond with the exact option text.",Bicycle,Bicycle,"You are playing a coordination game with another agent.
If you both select the SAME option, you each get $1.
You cannot communicate - you must try to coordinate.
Note: The other agent sees the SAME options, but in a DIFFERENT order.

Two-Wheel Vehicles
Options: Skateboard, Bicycle, Motorcycle, Scooter

Which option do you choose? Respond with the exact option text.",Bicycle,Bicycle,True
Water Vehicles,"[""Boat"", ""Ship"", ""Canoe"", ""Yacht""]","[""Canoe"", ""Yacht"", ""Boat"", ""Ship""]","[""Yacht"", ""Boat"", ""Canoe"", ""Ship""]","You are playing a coordination game with another agent.
If you both select the SAME option, you each get $1.
You cannot communicate - you must try to coordinate.
Note: The other agent sees the SAME options, but in a DIFFERENT order.

Water Vehicles
Options: Canoe, Yacht, Boat, Ship

Which option do you choose? Respond with the exact option text.",Boat,Boat,"You are playing a coordination game with another agent.
If you both select the SAME option, you each get $1.
You cannot communicate - you must try to coordinate.
Note: The other agent sees the SAME options, but in a DIFFERENT order.

Water Vehicles
Options: Yacht, Boat, Canoe, Ship

Which option do you choose? Respond with the exact option text.",Boat,Boat,True
Air Vehicles,"[""Airplane"", ""Helicopter"", ""Balloon"", ""Glider""]","[""Airplane"", ""Glider"", ""Helicopter"", ""Balloon""]","[""Balloon"", ""Airplane"", ""Helicopter"", ""Glider""]","You are playing a coordination game with another agent.
If you both select the SAME option, you each get $1.
You cannot communicate - you must try to coordinate.
Note: The other agent sees the SAME options, but in a DIFFERENT order.

Air Vehicles
Options: Airplane, Glider, Helicopter, Balloon

Which option do you choose? Respond with the exact option text.",Airplane,Airplane,"You are playing a coordination game with another agent.
If you both select the SAME option, you each get $1.
You cannot communicate - you must try to coordinate.
Note: The other agent sees the SAME options, but in a DIFFERENT order.

Air Vehicles
Options: Balloon, Airplane, Helicopter, Glider

Which option do you choose? Respond with the exact option text.",Airplane,Airplane,True
Public Transport,"[""Bus"", ""Subway"", ""Taxi"", ""Train""]","[""Train"", ""Taxi"", ""Subway"", ""Bus""]","[""Taxi"", ""Train"", ""Subway"", ""Bus""]","You are playing a coordination game with another agent.
If you both select the SAME option, you each get $1.
You cannot communicate - you must try to coordinate.
Note: The other agent sees the SAME options, but in a DIFFERENT order.

Public Transport
Options: Train, Taxi, Subway, Bus

Which option do you choose? Respond with the exact option text.",Train,Train,"You are playing a coordination game with another agent.
If you both select the SAME option, you each get $1.
You cannot communicate - you must try to coordinate.
Note: The other agent sees the SAME options, but in a DIFFERENT order.

Public Transport
Options: Taxi, Train, Subway, Bus

Which option do you choose? Respond with the exact option text.",Bus,Bus,False
道路车辆,"[""汽车"", ""公交车"", ""卡车"", ""摩托车""]","[""摩托车"", ""汽车"", ""卡车"", ""公交车""]","[""摩托车"", ""卡车"", ""公交车"", ""汽车""]","You are playing a coordination game with another agent.
If you both select the SAME option, you each get $1.
You cannot communicate - you must try to coordinate.
Note: The other agent sees the SAME options, but in a DIFFERENT order.

道路车辆
Options: 摩托车, 汽车, 卡车, 公交车

Which option do you choose? Respond with the exact option text.",汽车,汽车,"You are playing a coordination game with another agent.
If you both select the SAME option, you each get $1.
You cannot communicate - you must try to coordinate.
Note: The other agent sees the SAME options, but in a DIFFERENT order.

道路车辆
Options: 摩托车, 卡车, 公交车, 汽车

Which option do you choose? Respond with the exact option text.",汽车,汽车,True
两轮车,"[""自行车"", ""摩托车"", ""滑板车"", ""滑板""]","[""摩托车"", ""滑板"", ""自行车"", ""滑板车""]","[""滑板车"", ""自行车"", ""摩托车"", ""滑板""]","You are playing a coordination game with another agent.
If you both select the SAME option, you each get $1.
You cannot communicate - you must try to coordinate.
Note: The other agent sees the SAME options, but in a DIFFERENT order.

两轮车
Options: 摩托车, 滑板, 自行车, 滑板车

Which option do you choose? Respond with the exact option text.",自行车,自行车,"You are playing a coordination game with another agent.
If you both select the SAME option, you each get $1.
You cannot communicate - you must try to coordinate.
Note: The other agent sees the SAME options, but in a DIFFERENT order.

两轮车
Options: 滑板车, 自行车, 摩托车, 滑板

Which option do you choose? Respond with the exact option text.",自行车,自行车,True
水上交通,"[""船"", ""轮船"", ""独木舟"", ""游艇""]","[""游艇"", ""独木舟"", ""轮船"", ""船""]","[""船"", ""轮船"", ""游艇"", ""独木舟""]","You are playing a coordination game with another agent.
If you both select the SAME option, you each get $1.
You cannot communicate - you must try to coordinate.
Note: The other agent sees the SAME options, but in a DIFFERENT order.

水上交通
Options: 游艇, 独木舟, 轮船, 船

Which option do you choose? Respond with the exact option text.",船,船,"You are playing a coordination game with another agent.
If you both select the SAME option, you each get $1.
You cannot communicate - you must try to coordinate.
Note: The other agent sees the SAME options, but in a DIFFERENT order.

水上交通
Options: 船, 轮船, 游艇, 独木舟

Which option do you choose? Respond with the exact option text.",船,船,True
空中交通,"[""飞机"", ""直升机"", ""热气球"", ""滑翔机""]","[""滑翔机"", ""飞机"", ""热气球"", ""直升机""]","[""热气球"", ""直升机"", ""飞机"", ""滑翔机""]","You are playing a coordination game with another agent.
If you both select the SAME option, you each get $1.
You cannot communicate - you must try to coordinate.
Note: The other agent sees the SAME options, but in a DIFFERENT order.

空中交通
Options: 滑翔机, 飞机, 热气球, 直升机

Which option do you choose? Respond with the exact option text.",飞机,飞机,"You are playing a coordination game with another agent.
If you both select the SAME option, you each get $1.
You cannot communicate - you must try to coordinate.
Note: The other agent sees the SAME options, but in a DIFFERENT order.

空中交通
Options: 热气球, 直升机, 飞机, 滑翔机

Which option do you choose? Respond with the exact option text.",飞机,飞机,True
公共交通,"[""公交车"", ""地铁"", ""出租车"", ""火车""]","[""出租车"", ""公交车"", ""火车"", ""地铁""]","[""地铁"", ""出租车"", ""公交车"", ""火车""]","You are playing a coordination game with another agent.
If you both select the SAME option, you each get $1.
You cannot communicate - you must try to coordinate.
Note: The other agent sees the SAME options, but in a DIFFERENT order.

公共交通
Options: 出租车, 公交车, 火车, 地铁

Which option do you choose? Respond with the exact option text.",公交车,公交车,"You are playing a coordination game with another agent.
If you both select the SAME option, you each get $1.
You cannot communicate - you must try to coordinate.
Note: The other agent sees the SAME options, but in a DIFFERENT order.

公共交通
Options: 地铁, 出租车, 公交车, 火车

Which option do you choose? Respond with the exact option text.",公交车,公交车,True
Living Room Furniture,"[""Sofa"", ""Table"", ""Chair"", ""Shelf""]","[""Sofa"", ""Chair"", ""Shelf"", ""Table""]","[""Sofa"", ""Shelf"", ""Chair"", ""Table""]","You are playing a coordination game with another agent.
If you both select the SAME option, you each get $1.
You cannot communicate - you must try to coordinate.
Note: The other agent sees the SAME options, but in a DIFFERENT order.

Living Room Furniture
Options: Sofa, Chair, Shelf, Table

Which option do you choose? Respond with the exact option text.",Sofa,Sofa,"You are playing a coordination game with another agent.
If you both select the SAME option, you each get $1.
You cannot communicate - you must try to coordinate.
Note: The other agent sees the SAME options, but in a DIFFERENT order.

Living Room Furniture
Options: Sofa, Shelf, Chair, Table

Which option do you choose? Respond with the exact option text.",Sofa,Sofa,True
Bedroom Furniture,"[""Bed"", ""Wardrobe"", ""Dresser"", ""Nightstand""]","[""Nightstand"", ""Bed"", ""Dresser"", ""Wardrobe""]","[""Nightstand"", ""Wardrobe"", ""Dresser"", ""Bed""]","You are playing a coordination game with another agent.
If you both select the SAME option, you each get $1.
You cannot communicate - you must try to coordinate.
Note: The other agent sees the SAME options, but in a DIFFERENT order.

Bedroom Furniture
Options: Nightstand, Bed, Dresser, Wardrobe

Which option do you choose? Respond with the exact option text.",Bed,Bed,"You are playing a coordination game with another agent.
If you both select the SAME option, you each get $1.
You cannot communicate - you must try to coordinate.
Note: The other agent sees the SAME options, but in a DIFFERENT order.

Bedroom Furniture
Options: Nightstand, Wardrobe, Dresser, Bed

Which option do you choose? Respond with the exact option text.",Bed,Bed,True
Office Furniture,"[""Desk"", ""Chair"", ""Filing Cabinet"", ""Bookshelf""]","[""Bookshelf"", ""Chair"", ""Filing Cabinet"", ""Desk""]","[""Bookshelf"", ""Desk"", ""Filing Cabinet"", ""Chair""]","You are playing a coordination game with another agent.
If you both select the SAME option, you each get $1.
You cannot communicate - you must try to coordinate.
Note: The other agent sees the SAME options, but in a DIFFERENT order.

Office Furniture
Options: Bookshelf, Chair, Filing Cabinet, Desk

Which option do you choose? Respond with the exact option text.",Desk,Desk,"You are playing a coordination game with another agent.
If you both select the SAME option, you each get $1.
You cannot communicate - you must try to coordinate.
Note: The other agent sees the SAME options, but in a DIFFERENT order.

Office Furniture
Options: Bookshelf, Desk, Filing Cabinet, Chair

Which option do you choose? Respond with the exact option text.",Desk,Desk,True
Dining Furniture,"[""Dining Table"", ""Chair"", ""Cabinet"", ""Sideboard""]","[""Dining Table"", ""Cabinet"", ""Sideboard"", ""Chair""]","[""Cabinet"", ""Chair"", ""Sideboard"", ""Dining Table""]","You are playing a coordination game with another agent.
If you both select the SAME option, you each get $1.
You cannot communicate - you must try to coordinate.
Note: The other agent sees the SAME options, but in a DIFFERENT order.

Dining Furniture
Options: Dining Table, Cabinet, Sideboard, Chair

Which option do you choose? Respond with the exact option text.",Dining Table,Dining Table,"You are playing a coordination game with another agent.
If you both select the SAME option, you each get $1.
You cannot communicate - you must try to coordinate.
Note: The other agent sees the SAME options, but in a DIFFERENT order.

Dining Furniture
Options: Cabinet, Chair, Sideboard, Dining Table

Which option do you choose? Respond with the exact option text.",Dining Table,Dining Table,True
Storage Furniture,"[""Cabinet"", ""Shelf"", ""Drawer"", ""Closet""]","[""Shelf"", ""Drawer"", ""Closet"", ""Cabinet""]","[""Closet"", ""Cabinet"", ""Shelf"", ""Drawer""]","You are playing a coordination game with another agent.
If you both select the SAME option, you each get $1.
You cannot communicate - you must try to coordinate.
Note: The other agent sees the SAME options, but in a DIFFERENT order.

Storage Furniture
Options: Shelf, Drawer, Closet, Cabinet

Which option do you choose? Respond with the exact option text.",Cabinet,Cabinet,"You are playing a coordination game with another agent.
If you both select the SAME option, you each get $1.
You cannot communicate - you must try to coordinate.
Note: The other agent sees the SAME options, but in a DIFFERENT order.

Storage Furniture
Options: Closet, Cabinet, Shelf, Drawer

Which option do you choose? Respond with the exact option text.",Cabinet,Cabinet,True
客厅家具,"[""沙发"", ""桌子"", ""椅子"", ""书架""]","[""桌子"", ""椅子"", ""书架"", ""沙发""]","[""沙发"", ""桌子"", ""书架"", ""椅子""]","You are playing a coordination game with another agent.
If you both select the SAME option, you each get $1.
You cannot communicate - you must try to coordinate.
Note: The other agent sees the SAME options, but in a DIFFERENT order.

客厅家具
Options: 桌子, 椅子, 书架, 沙发

Which option do you choose? Respond with the exact option text.",沙发,沙发,"You are playing a coordination game with another agent.
If you both select the SAME option, you each get $1.
You cannot communicate - you must try to coordinate.
Note: The other agent sees the SAME options, but in a DIFFERENT order.

客厅家具
Options: 沙发, 桌子, 书架, 椅子

Which option do you choose? Respond with the exact option text.",沙发,沙发,True
卧室家具,"[""床"", ""衣柜"", ""梳妆台"", ""床头柜""]","[""床头柜"", ""衣柜"", ""梳妆台"", ""床""]","[""床头柜"", ""床"", ""衣柜"", ""梳妆台""]","You are playing a coordination game with another agent.
If you both select the SAME option, you each get $1.
You cannot communicate - you must try to coordinate.
Note: The other agent sees the SAME options, but in a DIFFERENT order.

卧室家具
Options: 床头柜, 衣柜, 梳妆台, 床

Which option do you choose? Respond with the exact option text.",床,床,"You are playing a coordination game with another agent.
If you both select the SAME option, you each get $1.
You cannot communicate - you must try to coordinate.
Note: The other agent sees the SAME options, but in a DIFFERENT order.

卧室家具
Options: 床头柜, 床, 衣柜, 梳妆台

Which option do you choose? Respond with the exact option text.",床,床,True
办公家具,"[""书桌"", ""椅子"", ""文件柜"", ""书架""]","[""书架"", ""文件柜"", ""书桌"", ""椅子""]","[""椅子"", ""书桌"", ""书架"", ""文件柜""]","You are playing a coordination game with another agent.
If you both select the SAME option, you each get $1.
You cannot communicate - you must try to coordinate.
Note: The other agent sees the SAME options, but in a DIFFERENT order.

办公家具
Options: 书架, 文件柜, 书桌, 椅子

Which option do you choose? Respond with the exact option text.",书桌,书桌,"You are playing a coordination game with another agent.
If you both select the SAME option, you each get $1.
You cannot communicate - you must try to coordinate.
Note: The other agent sees the SAME options, but in a DIFFERENT order.

办公家具
Options: 椅子, 书桌, 书架, 文件柜

Which option do you choose? Respond with the exact option text.",书桌,书桌,True
餐厅家具,"[""餐桌"", ""餐椅"", ""餐柜"", ""边柜""]","[""餐桌"", ""餐柜"", ""边柜"", ""餐椅""]","[""边柜"", ""餐桌"", ""餐椅"", ""餐柜""]","You are playing a coordination game with another agent.
If you both select the SAME option, you each get $1.
You cannot communicate - you must try to coordinate.
Note: The other agent sees the SAME options, but in a DIFFERENT order.

餐厅家具
Options: 餐桌, 餐柜, 边柜, 餐椅

Which option do you choose? Respond with the exact option text.",餐桌,餐桌,"You are playing a coordination game with another agent.
If you both select the SAME option, you each get $1.
You cannot communicate - you must try to coordinate.
Note: The other agent sees the SAME options, but in a DIFFERENT order.

餐厅家具
Options: 边柜, 餐桌, 餐椅, 餐柜

Which option do you choose? Respond with the exact option text.",餐桌,餐桌,True
收纳家具,"[""柜子"", ""架子"", ""抽屉"", ""衣橱""]","[""衣橱"", ""架子"", ""抽屉"", ""柜子""]","[""柜子"", ""架子"", ""衣橱"", ""抽屉""]","You are playing a coordination game with another agent.
If you both select the SAME option, you each get $1.
You cannot communicate - you must try to coordinate.
Note: The other agent sees the SAME options, but in a DIFFERENT order.

收纳家具
Options: 衣橱, 架子, 抽屉, 柜子

Which option do you choose? Respond with the exact option text.",柜子,柜子,"You are playing a coordination game with another agent.
If you both select the SAME option, you each get $1.
You cannot communicate - you must try to coordinate.
Note: The other agent sees the SAME options, but in a DIFFERENT order.

收纳家具
Options: 柜子, 架子, 衣橱, 抽屉

Which option do you choose? Respond with the exact option text.",柜子,柜子,True
Home Rooms,"[""Bedroom"", ""Kitchen"", ""Bathroom"", ""Living Room""]","[""Living Room"", ""Kitchen"", ""Bathroom"", ""Bedroom""]","[""Bathroom"", ""Kitchen"", ""Bedroom"", ""Living Room""]","You are playing a coordination game with another agent.
If you both select the SAME option, you each get $1.
You cannot communicate - you must try to coordinate.
Note: The other agent sees the SAME options, but in a DIFFERENT order.

Home Rooms
Options: Living Room, Kitchen, Bathroom, Bedroom

Which option do you choose? Respond with the exact option text.",Living Room,Living Room,"You are playing a coordination game with another agent.
If you both select the SAME option, you each get $1.
You cannot communicate - you must try to coordinate.
Note: The other agent sees the SAME options, but in a DIFFERENT order.

Home Rooms
Options: Bathroom, Kitchen, Bedroom, Living Room

Which option do you choose? Respond with the exact option text.",Bathroom,Bathroom,False
Kitchen Areas,"[""Counter"", ""Stove"", ""Sink"", ""Refrigerator""]","[""Refrigerator"", ""Sink"", ""Counter"", ""Stove""]","[""Sink"", ""Counter"", ""Stove"", ""Refrigerator""]","You are playing a coordination game with another agent.
If you both select the SAME option, you each get $1.
You cannot communicate - you must try to coordinate.
Note: The other agent sees the SAME options, but in a DIFFERENT order.

Kitchen Areas
Options: Refrigerator, Sink, Counter, Stove

Which option do you choose? Respond with the exact option text.",Refrigerator,Refrigerator,"You are playing a coordination game with another agent.
If you both select the SAME option, you each get $1.
You cannot communicate - you must try to coordinate.
Note: The other agent sees the SAME options, but in a DIFFERENT order.

Kitchen Areas
Options: Sink, Counter, Stove, Refrigerator

Which option do you choose? Respond with the exact option text.",Sink,Sink,False
Bathroom Features,"[""Shower"", ""Toilet"", ""Sink"", ""Bathtub""]","[""Shower"", ""Bathtub"", ""Toilet"", ""Sink""]","[""Toilet"", ""Sink"", ""Shower"", ""Bathtub""]","You are playing a coordination game with another agent.
If you both select the SAME option, you each get $1.
You cannot communicate - you must try to coordinate.
Note: The other agent sees the SAME options, but in a DIFFERENT order.

Bathroom Features
Options: Shower, Bathtub, Toilet, Sink

Which option do you choose? Respond with the exact option text.",Toilet,Toilet,"You are playing a coordination game with another agent.
If you both select the SAME option, you each get $1.
You cannot communicate - you must try to coordinate.
Note: The other agent sees the SAME options, but in a DIFFERENT order.

Bathroom Features
Options: Toilet, Sink, Shower, Bathtub

Which option do you choose? Respond with the exact option text.",Toilet,Toilet,True
Living Room Items,"[""Sofa"", ""TV"", ""Carpet"", ""Window""]","[""TV"", ""Carpet"", ""Window"", ""Sofa""]","[""TV"", ""Window"", ""Carpet"", ""Sofa""]","You are playing a coordination game with another agent.
If you both select the SAME option, you each get $1.
You cannot communicate - you must try to coordinate.
Note: The other agent sees the SAME options, but in a DIFFERENT order.

Living Room Items
Options: TV, Carpet, Window, Sofa

Which option do you choose? Respond with the exact option text.",TV,TV,"You are playing a coordination game with another agent.
If you both select the SAME option, you each get $1.
You cannot communicate - you must try to coordinate.
Note: The other agent sees the SAME options, but in a DIFFERENT order.

Living Room Items
Options: TV, Window, Carpet, Sofa

Which option do you choose? Respond with the exact option text.",Sofa,Sofa,False
Bedroom Furniture,"[""Bed"", ""Closet"", ""Desk"", ""Mirror""]","[""Closet"", ""Mirror"", ""Bed"", ""Desk""]","[""Bed"", ""Closet"", ""Mirror"", ""Desk""]","You are playing a coordination game with another agent.
If you both select the SAME option, you each get $1.
You cannot communicate - you must try to coordinate.
Note: The other agent sees the SAME options, but in a DIFFERENT order.

Bedroom Furniture
Options: Closet, Mirror, Bed, Desk

Which option do you choose? Respond with the exact option text.",Bed,Bed,"You are playing a coordination game with another agent.
If you both select the SAME option, you each get $1.
You cannot communicate - you must try to coordinate.
Note: The other agent sees the SAME options, but in a DIFFERENT order.

Bedroom Furniture
Options: Bed, Closet, Mirror, Desk

Which option do you choose? Respond with the exact option text.",Bed,Bed,True
家庭房间,"[""卧室"", ""厨房"", ""浴室"", ""客厅""]","[""浴室"", ""厨房"", ""卧室"", ""客厅""]","[""浴室"", ""卧室"", ""客厅"", ""厨房""]","You are playing a coordination game with another agent.
If you both select the SAME option, you each get $1.
You cannot communicate - you must try to coordinate.
Note: The other agent sees the SAME options, but in a DIFFERENT order.

家庭房间
Options: 浴室, 厨房, 卧室, 客厅

Which option do you choose? Respond with the exact option text.",客厅,客厅,"You are playing a coordination game with another agent.
If you both select the SAME option, you each get $1.
You cannot communicate - you must try to coordinate.
Note: The other agent sees the SAME options, but in a DIFFERENT order.

家庭房间
Options: 浴室, 卧室, 客厅, 厨房

Which option do you choose? Respond with the exact option text.",客厅,客厅,True
厨房区域,"[""台面"", ""炉灶"", ""水槽"", ""冰箱""]","[""冰箱"", ""炉灶"", ""水槽"", ""台面""]","[""水槽"", ""冰箱"", ""台面"", ""炉灶""]","You are playing a coordination game with another agent.
If you both select the SAME option, you each get $1.
You cannot communicate - you must try to coordinate.
Note: The other agent sees the SAME options, but in a DIFFERENT order.

厨房区域
Options: 冰箱, 炉灶, 水槽, 台面

Which option do you choose? Respond with the exact option text.",炉灶,炉灶,"You are playing a coordination game with another agent.
If you both select the SAME option, you each get $1.
You cannot communicate - you must try to coordinate.
Note: The other agent sees the SAME options, but in a DIFFERENT order.

厨房区域
Options: 水槽, 冰箱, 台面, 炉灶

Which option do you choose? Respond with the exact option text.",炉灶,炉灶,True
浴室设施,"[""淋浴"", ""马桶"", ""洗手台"", ""浴缸""]","[""淋浴"", ""浴缸"", ""洗手台"", ""马桶""]","[""淋浴"", ""马桶"", ""洗手台"", ""浴缸""]","You are playing a coordination game with another agent.
If you both select the SAME option, you each get $1.
You cannot communicate - you must try to coordinate.
Note: The other agent sees the SAME options, but in a DIFFERENT order.

浴室设施
Options: 淋浴, 浴缸, 洗手台, 马桶

Which option do you choose? Respond with the exact option text.",马桶,马桶,"You are playing a coordination game with another agent.
If you both select the SAME option, you each get $1.
You cannot communicate - you must try to coordinate.
Note: The other agent sees the SAME options, but in a DIFFERENT order.

浴室设施
Options: 淋浴, 马桶, 洗手台, 浴缸

Which option do you choose? Respond with the exact option text.",马桶,马桶,True
客厅陈设,"[""沙发"", ""电视"", ""地毯"", ""窗户""]","[""沙发"", ""窗户"", ""电视"", ""地毯""]","[""电视"", ""地毯"", ""沙发"", ""窗户""]","You are playing a coordination game with another agent.
If you both select the SAME option, you each get $1.
You cannot communicate - you must try to coordinate.
Note: The other agent sees the SAME options, but in a DIFFERENT order.

客厅陈设
Options: 沙发, 窗户, 电视, 地毯

Which option do you choose? Respond with the exact option text.",沙发,沙发,"You are playing a coordination game with another agent.
If you both select the SAME option, you each get $1.
You cannot communicate - you must try to coordinate.
Note: The other agent sees the SAME options, but in a DIFFERENT order.

客厅陈设
Options: 电视, 地毯, 沙发, 窗户

Which option do you choose? Respond with the exact option text.",沙发,沙发,True
卧室家具,"[""床"", ""衣柜"", ""书桌"", ""镜子""]","[""镜子"", ""床"", ""衣柜"", ""书桌""]","[""衣柜"", ""床"", ""镜子"", ""书桌""]","You are playing a coordination game with another agent.
If you both select the SAME option, you each get $1.
You cannot communicate - you must try to coordinate.
Note: The other agent sees the SAME options, but in a DIFFERENT order.

卧室家具
Options: 镜子, 床, 衣柜, 书桌

Which option do you choose? Respond with the exact option text.",床,床,"You are playing a coordination game with another agent.
If you both select the SAME option, you each get $1.
You cannot communicate - you must try to coordinate.
Note: The other agent sees the SAME options, but in a DIFFERENT order.

卧室家具
Options: 衣柜, 床, 镜子, 书桌

Which option do you choose? Respond with the exact option text.",床,床,True
Educational Institutions,"[""School"", ""University"", ""College"", ""Academy""]","[""College"", ""Academy"", ""University"", ""School""]","[""College"", ""Academy"", ""University"", ""School""]","You are playing a coordination game with another agent.
If you both select the SAME option, you each get $1.
You cannot communicate - you must try to coordinate.
Note: The other agent sees the SAME options, but in a DIFFERENT order.

Educational Institutions
Options: College, Academy, University, School

Which option do you choose? Respond with the exact option text.",School,School,"You are playing a coordination game with another agent.
If you both select the SAME option, you each get $1.
You cannot communicate - you must try to coordinate.
Note: The other agent sees the SAME options, but in a DIFFERENT order.

Educational Institutions
Options: College, Academy, University, School

Which option do you choose? Respond with the exact option text.",School,School,True
Government Buildings,"[""City Hall"", ""Court"", ""Post Office"", ""Library""]","[""City Hall"", ""Library"", ""Court"", ""Post Office""]","[""City Hall"", ""Court"", ""Post Office"", ""Library""]","You are playing a coordination game with another agent.
If you both select the SAME option, you each get $1.
You cannot communicate - you must try to coordinate.
Note: The other agent sees the SAME options, but in a DIFFERENT order.

Government Buildings
Options: City Hall, Library, Court, Post Office

Which option do you choose? Respond with the exact option text.",City Hall,City Hall,"You are playing a coordination game with another agent.
If you both select the SAME option, you each get $1.
You cannot communicate - you must try to coordinate.
Note: The other agent sees the SAME options, but in a DIFFERENT order.

Government Buildings
Options: City Hall, Court, Post Office, Library

Which option do you choose? Respond with the exact option text.",City Hall,City Hall,True
Healthcare Facilities,"[""Hospital"", ""Clinic"", ""Pharmacy"", ""Lab""]","[""Pharmacy"", ""Hospital"", ""Lab"", ""Clinic""]","[""Pharmacy"", ""Clinic"", ""Lab"", ""Hospital""]","You are playing a coordination game with another agent.
If you both select the SAME option, you each get $1.
You cannot communicate - you must try to coordinate.
Note: The other agent sees the SAME options, but in a DIFFERENT order.

Healthcare Facilities
Options: Pharmacy, Hospital, Lab, Clinic

Which option do you choose? Respond with the exact option text.",Hospital,Hospital,"You are playing a coordination game with another agent.
If you both select the SAME option, you each get $1.
You cannot communicate - you must try to coordinate.
Note: The other agent sees the SAME options, but in a DIFFERENT order.

Healthcare Facilities
Options: Pharmacy, Clinic, Lab, Hospital

Which option do you choose? Respond with the exact option text.",Hospital,Hospital,True
Cultural Institutions,"[""Museum"", ""Theater"", ""Gallery"", ""Library""]","[""Theater"", ""Gallery"", ""Library"", ""Museum""]","[""Gallery"", ""Library"", ""Museum"", ""Theater""]","You are playing a coordination game with another agent.
If you both select the SAME option, you each get $1.
You cannot communicate - you must try to coordinate.
Note: The other agent sees the SAME options, but in a DIFFERENT order.

Cultural Institutions
Options: Theater, Gallery, Library, Museum

Which option do you choose? Respond with the exact option text.",Museum,Museum,"You are playing a coordination game with another agent.
If you both select the SAME option, you each get $1.
You cannot communicate - you must try to coordinate.
Note: The other agent sees the SAME options, but in a DIFFERENT order.

Cultural Institutions
Options: Gallery, Library, Museum, Theater

Which option do you choose? Respond with the exact option text.",Museum,Museum,True
Financial Institutions,"[""Bank"", ""Insurance"", ""Stock Exchange"", ""Credit Union""]","[""Credit Union"", ""Insurance"", ""Bank"", ""Stock Exchange""]","[""Bank"", ""Insurance"", ""Credit Union"", ""Stock Exchange""]","You are playing a coordination game with another agent.
If you both select the SAME option, you each get $1.
You cannot communicate - you must try to coordinate.
Note: The other agent sees the SAME options, but in a DIFFERENT order.

Financial Institutions
Options: Credit Union, Insurance, Bank, Stock Exchange

Which option do you choose? Respond with the exact option text.",Bank,Bank,"You are playing a coordination game with another agent.
If you both select the SAME option, you each get $1.
You cannot communicate - you must try to coordinate.
Note: The other agent sees the SAME options, but in a DIFFERENT order.

Financial Institutions
Options: Bank, Insurance, Credit Union, Stock Exchange

Which option do you choose? Respond with the exact option text.",Bank,Bank,True
教育机构,"[""学校"", ""大学"", ""学院"", ""研究院""]","[""大学"", ""学校"", ""研究院"", ""学院""]","[""学院"", ""研究院"", ""学校"", ""大学""]","You are playing a coordination game with another agent.
If you both select the SAME option, you each get $1.
You cannot communicate - you must try to coordinate.
Note: The other agent sees the SAME options, but in a DIFFERENT order.

教育机构
Options: 大学, 学校, 研究院, 学院

Which option do you choose? Respond with the exact option text.",学校,学校,"You are playing a coordination game with another agent.
If you both select the SAME option, you each get $1.
You cannot communicate - you must try to coordinate.
Note: The other agent sees the SAME options, but in a DIFFERENT order.

教育机构
Options: 学院, 研究院, 学校, 大学

Which option do you choose? Respond with the exact option text.",学校,学校,True
政府建筑,"[""市政厅"", ""法院"", ""邮局"", ""图书馆""]","[""邮局"", ""法院"", ""图书馆"", ""市政厅""]","[""法院"", ""邮局"", ""图书馆"", ""市政厅""]","You are playing a coordination game with another agent.
If you both select the SAME option, you each get $1.
You cannot communicate - you must try to coordinate.
Note: The other agent sees the SAME options, but in a DIFFERENT order.

政府建筑
Options: 邮局, 法院, 图书馆, 市政厅

Which option do you choose? Respond with the exact option text.",市政厅,市政厅,"You are playing a coordination game with another agent.
If you both select the SAME option, you each get $1.
You cannot communicate - you must try to coordinate.
Note: The other agent sees the SAME options, but in a DIFFERENT order.

政府建筑
Options: 法院, 邮局, 图书馆, 市政厅

Which option do you choose? Respond with the exact option text.",市政厅,市政厅,True
医疗机构,"[""医院"", ""诊所"", ""药房"", ""实验室""]","[""实验室"", ""医院"", ""诊所"", ""药房""]","[""医院"", ""实验室"", ""诊所"", ""药房""]","You are playing a coordination game with another agent.
If you both select the SAME option, you each get $1.
You cannot communicate - you must try to coordinate.
Note: The other agent sees the SAME options, but in a DIFFERENT order.

医疗机构
Options: 实验室, 医院, 诊所, 药房

Which option do you choose? Respond with the exact option text.",医院,医院,"You are playing a coordination game with another agent.
If you both select the SAME option, you each get $1.
You cannot communicate - you must try to coordinate.
Note: The other agent sees the SAME options, but in a DIFFERENT order.

医疗机构
Options: 医院, 实验室, 诊所, 药房

Which option do you choose? Respond with the exact option text.",医院,医院,True
文化机构,"[""博物馆"", ""剧院"", ""画廊"", ""图书馆""]","[""博物馆"", ""画廊"", ""图书馆"", ""剧院""]","[""图书馆"", ""博物馆"", ""剧院"", ""画廊""]","You are playing a coordination game with another agent.
If you both select the SAME option, you each get $1.
You cannot communicate - you must try to coordinate.
Note: The other agent sees the SAME options, but in a DIFFERENT order.

文化机构
Options: 博物馆, 画廊, 图书馆, 剧院

Which option do you choose? Respond with the exact option text.",博物馆,博物馆,"You are playing a coordination game with another agent.
If you both select the SAME option, you each get $1.
You cannot communicate - you must try to coordinate.
Note: The other agent sees the SAME options, but in a DIFFERENT order.

文化机构
Options: 图书馆, 博物馆, 剧院, 画廊

Which option do you choose? Respond with the exact option text.",博物馆,博物馆,True
金融机构,"[""银行"", ""保险"", ""证券交易所"", ""信用社""]","[""证券交易所"", ""保险"", ""银行"", ""信用社""]","[""证券交易所"", ""银行"", ""保险"", ""信用社""]","You are playing a coordination game with another agent.
If you both select the SAME option, you each get $1.
You cannot communicate - you must try to coordinate.
Note: The other agent sees the SAME options, but in a DIFFERENT order.

金融机构
Options: 证券交易所, 保险, 银行, 信用社

Which option do you choose? Respond with the exact option text.",银行,银行,"You are playing a coordination game with another agent.
If you both select the SAME option, you each get $1.
You cannot communicate - you must try to coordinate.
Note: The other agent sees the SAME options, but in a DIFFERENT order.

金融机构
Options: 证券交易所, 银行, 保险, 信用社

Which option do you choose? Respond with the exact option text.",银行,银行,True
US Meeting Spots,"[""Starbucks"", ""McDonald's"", ""Library"", ""Park""]","[""Starbucks"", ""Park"", ""Library"", ""McDonald's""]","[""Library"", ""McDonald's"", ""Starbucks"", ""Park""]","You are playing a coordination game with another agent.
If you both select the SAME option, you each get $1.
You cannot communicate - you must try to coordinate.
Note: The other agent sees the SAME options, but in a DIFFERENT order.

US Meeting Spots
Options: Starbucks, Park, Library, McDonald's

Which option do you choose? Respond with the exact option text.",Starbucks,Starbucks,"You are playing a coordination game with another agent.
If you both select the SAME option, you each get $1.
You cannot communicate - you must try to coordinate.
Note: The other agent sees the SAME options, but in a DIFFERENT order.

US Meeting Spots
Options: Library, McDonald's, Starbucks, Park

Which option do you choose? Respond with the exact option text.",Starbucks,Starbucks,True
US Shopping Centers,"[""Walmart"", ""Target"", ""Mall"", ""Costco""]","[""Costco"", ""Walmart"", ""Mall"", ""Target""]","[""Mall"", ""Walmart"", ""Target"", ""Costco""]","You are playing a coordination game with another agent.
If you both select the SAME option, you each get $1.
You cannot communicate - you must try to coordinate.
Note: The other agent sees the SAME options, but in a DIFFERENT order.

US Shopping Centers
Options: Costco, Walmart, Mall, Target

Which option do you choose? Respond with the exact option text.",Walmart,Walmart,"You are playing a coordination game with another agent.
If you both select the SAME option, you each get $1.
You cannot communicate - you must try to coordinate.
Note: The other agent sees the SAME options, but in a DIFFERENT order.

US Shopping Centers
Options: Mall, Walmart, Target, Costco

Which option do you choose? Respond with the exact option text.",Mall,Mall,False
US Hangout Places,"[""Coffee Shop"", ""Bar"", ""Gym"", ""Beach""]","[""Gym"", ""Coffee Shop"", ""Bar"", ""Beach""]","[""Gym"", ""Bar"", ""Coffee Shop"", ""Beach""]","You are playing a coordination game with another agent.
If you both select the SAME option, you each get $1.
You cannot communicate - you must try to coordinate.
Note: The other agent sees the SAME options, but in a DIFFERENT order.

US Hangout Places
Options: Gym, Coffee Shop, Bar, Beach

Which option do you choose? Respond with the exact option text.",Coffee Shop,Coffee Shop,"You are playing a coordination game with another agent.
If you both select the SAME option, you each get $1.
You cannot communicate - you must try to coordinate.
Note: The other agent sees the SAME options, but in a DIFFERENT order.

US Hangout Places
Options: Gym, Bar, Coffee Shop, Beach

Which option do you choose? Respond with the exact option text.",Coffee Shop,Coffee Shop,True
US Public Squares,"[""Times Square"", ""National Mall"", ""Central Park"", ""Pier""]","[""Central Park"", ""Pier"", ""Times Square"", ""National Mall""]","[""Central Park"", ""Times Square"", ""Pier"", ""National Mall""]","You are playing a coordination game with another agent.
If you both select the SAME option, you each get $1.
You cannot communicate - you must try to coordinate.
Note: The other agent sees the SAME options, but in a DIFFERENT order.

US Public Squares
Options: Central Park, Pier, Times Square, National Mall

Which option do you choose? Respond with the exact option text.",Times Square,Times Square,"You are playing a coordination game with another agent.
If you both select the SAME option, you each get $1.
You cannot communicate - you must try to coordinate.
Note: The other agent sees the SAME options, but in a DIFFERENT order.

US Public Squares
Options: Central Park, Times Square, Pier, National Mall

Which option do you choose? Respond with the exact option text.",Central Park,Central Park,False
US Dining Venues,"[""Restaurant"", ""Diner"", ""Food Court"", ""Cafe""]","[""Restaurant"", ""Cafe"", ""Diner"", ""Food Court""]","[""Cafe"", ""Diner"", ""Restaurant"", ""Food Court""]","You are playing a coordination game with another agent.
If you both select the SAME option, you each get $1.
You cannot communicate - you must try to coordinate.
Note: The other agent sees the SAME options, but in a DIFFERENT order.

US Dining Venues
Options: Restaurant, Cafe, Diner, Food Court

Which option do you choose? Respond with the exact option text.",Restaurant,Restaurant,"You are playing a coordination game with another agent.
If you both select the SAME option, you each get $1.
You cannot communicate - you must try to coordinate.
Note: The other agent sees the SAME options, but in a DIFFERENT order.

US Dining Venues
Options: Cafe, Diner, Restaurant, Food Court

Which option do you choose? Respond with the exact option text.",Restaurant,Restaurant,True
US Entertainment Venues,"[""Movie Theater"", ""Stadium"", ""Concert Hall"", ""Arcade""]","[""Movie Theater"", ""Arcade"", ""Stadium"", ""Concert Hall""]","[""Movie Theater"", ""Arcade"", ""Concert Hall"", ""Stadium""]","You are playing a coordination game with another agent.
If you both select the SAME option, you each get $1.
You cannot communicate - you must try to coordinate.
Note: The other agent sees the SAME options, but in a DIFFERENT order.

US Entertainment Venues
Options: Movie Theater, Arcade, Stadium, Concert Hall

Which option do you choose? Respond with the exact option text.",Movie Theater,Movie Theater,"You are playing a coordination game with another agent.
If you both select the SAME option, you each get $1.
You cannot communicate - you must try to coordinate.
Note: The other agent sees the SAME options, but in a DIFFERENT order.

US Entertainment Venues
Options: Movie Theater, Arcade, Concert Hall, Stadium

Which option do you choose? Respond with the exact option text.",Movie Theater,Movie Theater,True
US Parks,"[""Central Park"", ""Golden Gate Park"", ""Millennium Park"", ""Griffith Park""]","[""Millennium Park"", ""Griffith Park"", ""Golden Gate Park"", ""Central Park""]","[""Griffith Park"", ""Central Park"", ""Golden Gate Park"", ""Millennium Park""]","You are playing a coordination game with another agent.
If you both select the SAME option, you each get $1.
You cannot communicate - you must try to coordinate.
Note: The other agent sees the SAME options, but in a DIFFERENT order.

US Parks
Options: Millennium Park, Griffith Park, Golden Gate Park, Central Park

Which option do you choose? Respond with the exact option text.",Central Park,Central Park,"You are playing a coordination game with another agent.
If you both select the SAME option, you each get $1.
You cannot communicate - you must try to coordinate.
Note: The other agent sees the SAME options, but in a DIFFERENT order.

US Parks
Options: Griffith Park, Central Park, Golden Gate Park, Millennium Park

Which option do you choose? Respond with the exact option text.",Central Park,Central Park,True
US Transport Hubs,"[""Airport"", ""Train Station"", ""Bus Terminal"", ""Subway Station""]","[""Bus Terminal"", ""Subway Station"", ""Train Station"", ""Airport""]","[""Airport"", ""Bus Terminal"", ""Subway Station"", ""Train Station""]","You are playing a coordination game with another agent.
If you both select the SAME option, you each get $1.
You cannot communicate - you must try to coordinate.
Note: The other agent sees the SAME options, but in a DIFFERENT order.

US Transport Hubs
Options: Bus Terminal, Subway Station, Train Station, Airport

Which option do you choose? Respond with the exact option text.",Airport,Airport,"You are playing a coordination game with another agent.
If you both select the SAME option, you each get $1.
You cannot communicate - you must try to coordinate.
Note: The other agent sees the SAME options, but in a DIFFERENT order.

US Transport Hubs
Options: Airport, Bus Terminal, Subway Station, Train Station

Which option do you choose? Respond with the exact option text.",Airport,Airport,True
US Recreational Places,"[""Beach"", ""Hiking Trail"", ""Playground"", ""Pool""]","[""Beach"", ""Playground"", ""Hiking Trail"", ""Pool""]","[""Hiking Trail"", ""Pool"", ""Beach"", ""Playground""]","You are playing a coordination game with another agent.
If you both select the SAME option, you each get $1.
You cannot communicate - you must try to coordinate.
Note: The other agent sees the SAME options, but in a DIFFERENT order.

US Recreational Places
Options: Beach, Playground, Hiking Trail, Pool

Which option do you choose? Respond with the exact option text.",Beach,Beach,"You are playing a coordination game with another agent.
If you both select the SAME option, you each get $1.
You cannot communicate - you must try to coordinate.
Note: The other agent sees the SAME options, but in a DIFFERENT order.

US Recreational Places
Options: Hiking Trail, Pool, Beach, Playground

Which option do you choose? Respond with the exact option text.",Beach,Beach,True
US Nightlife Spots,"[""Bar"", ""Club"", ""Lounge"", ""Karaoke""]","[""Club"", ""Lounge"", ""Bar"", ""Karaoke""]","[""Club"", ""Bar"", ""Lounge"", ""Karaoke""]","You are playing a coordination game with another agent.
If you both select the SAME option, you each get $1.
You cannot communicate - you must try to coordinate.
Note: The other agent sees the SAME options, but in a DIFFERENT order.

US Nightlife Spots
Options: Club, Lounge, Bar, Karaoke

Which option do you choose? Respond with the exact option text.",Bar,Bar,"You are playing a coordination game with another agent.
If you both select the SAME option, you each get $1.
You cannot communicate - you must try to coordinate.
Note: The other agent sees the SAME options, but in a DIFFERENT order.

US Nightlife Spots
Options: Club, Bar, Lounge, Karaoke

Which option do you choose? Respond with the exact option text.",Bar,Bar,True
中国聚会场所,"[""星巴克"", ""麦当劳"", ""图书馆"", ""公园""]","[""星巴克"", ""公园"", ""麦当劳"", ""图书馆""]","[""图书馆"", ""麦当劳"", ""星巴克"", ""公园""]","You are playing a coordination game with another agent.
If you both select the SAME option, you each get $1.
You cannot communicate - you must try to coordinate.
Note: The other agent sees the SAME options, but in a DIFFERENT order.

中国聚会场所
Options: 星巴克, 公园, 麦当劳, 图书馆

Which option do you choose? Respond with the exact option text.",星巴克,星巴克,"You are playing a coordination game with another agent.
If you both select the SAME option, you each get $1.
You cannot communicate - you must try to coordinate.
Note: The other agent sees the SAME options, but in a DIFFERENT order.

中国聚会场所
Options: 图书馆, 麦当劳, 星巴克, 公园

Which option do you choose? Respond with the exact option text.",星巴克,星巴克,True
中国购物场所,"[""淘宝"", ""京东"", ""万达广场"", ""超市""]","[""淘宝"", ""万达广场"", ""超市"", ""京东""]","[""超市"", ""京东"", ""淘宝"", ""万达广场""]","You are playing a coordination game with another agent.
If you both select the SAME option, you each get $1.
You cannot communicate - you must try to coordinate.
Note: The other agent sees the SAME options, but in a DIFFERENT order.

中国购物场所
Options: 淘宝, 万达广场, 超市, 京东

Which option do you choose? Respond with the exact option text.",淘宝,淘宝,"You are playing a coordination game with another agent.
If you both select the SAME option, you each get $1.
You cannot communicate - you must try to coordinate.
Note: The other agent sees the SAME options, but in a DIFFERENT order.

中国购物场所
Options: 超市, 京东, 淘宝, 万达广场

Which option do you choose? Respond with the exact option text.",超市,超市,False
中国休闲场所,"[""茶馆"", ""KTV"", ""健身房"", ""公园""]","[""KTV"", ""茶馆"", ""健身房"", ""公园""]","[""KTV"", ""公园"", ""茶馆"", ""健身房""]","You are playing a coordination game with another agent.
If you both select the SAME option, you each get $1.
You cannot communicate - you must try to coordinate.
Note: The other agent sees the SAME options, but in a DIFFERENT order.

中国休闲场所
Options: KTV, 茶馆, 健身房, 公园

Which option do you choose? Respond with the exact option text.",公园,公园,"You are playing a coordination game with another agent.
If you both select the SAME option, you each get $1.
You cannot communicate - you must try to coordinate.
Note: The other agent sees the SAME options, but in a DIFFERENT order.

中国休闲场所
Options: KTV, 公园, 茶馆, 健身房

Which option do you choose? Respond with the exact option text.",公园,公园,True
中国公共广场,"[""天安门广场"", ""人民广场"", ""中心广场"", ""步行街""]","[""中心广场"", ""步行街"", ""人民广场"", ""天安门广场""]","[""天安门广场"", ""人民广场"", ""步行街"", ""中心广场""]","You are playing a coordination game with another agent.
If you both select the SAME option, you each get $1.
You cannot communicate - you must try to coordinate.
Note: The other agent sees the SAME options, but in a DIFFERENT order.

中国公共广场
Options: 中心广场, 步行街, 人民广场, 天安门广场

Which option do you choose? Respond with the exact option text.",天安门广场,天安门广场,"You are playing a coordination game with another agent.
If you both select the SAME option, you each get $1.
You cannot communicate - you must try to coordinate.
Note: The other agent sees the SAME options, but in a DIFFERENT order.

中国公共广场
Options: 天安门广场, 人民广场, 步行街, 中心广场

Which option do you choose? Respond with the exact option text.",天安门广场,天安门广场,True
中国餐饮场所,"[""饭店"", ""小吃街"", ""食堂"", ""奶茶店""]","[""小吃街"", ""饭店"", ""奶茶店"", ""食堂""]","[""食堂"", ""小吃街"", ""饭店"", ""奶茶店""]","You are playing a coordination game with another agent.
If you both select the SAME option, you each get $1.
You cannot communicate - you must try to coordinate.
Note: The other agent sees the SAME options, but in a DIFFERENT order.

中国餐饮场所
Options: 小吃街, 饭店, 奶茶店, 食堂

Which option do you choose? Respond with the exact option text.",小吃街,小吃街,"You are playing a coordination game with another agent.
If you both select the SAME option, you each get $1.
You cannot communicate - you must try to coordinate.
Note: The other agent sees the SAME options, but in a DIFFERENT order.

中国餐饮场所
Options: 食堂, 小吃街, 饭店, 奶茶店

Which option do you choose? Respond with the exact option text.",饭店,饭店,False
中国娱乐场所,"[""电影院"", ""KTV"", ""网吧"", ""游乐场""]","[""游乐场"", ""电影院"", ""网吧"", ""KTV""]","[""网吧"", ""电影院"", ""游乐场"", ""KTV""]","You are playing a coordination game with another agent.
If you both select the SAME option, you each get $1.
You cannot communicate - you must try to coordinate.
Note: The other agent sees the SAME options, but in a DIFFERENT order.

中国娱乐场所
Options: 游乐场, 电影院, 网吧, KTV

Which option do you choose? Respond with the exact option text.",KTV,KTV,"You are playing a coordination game with another agent.
If you both select the SAME option, you each get $1.
You cannot communicate - you must try to coordinate.
Note: The other agent sees the SAME options, but in a DIFFERENT order.

中国娱乐场所
Options: 网吧, 电影院, 游乐场, KTV

Which option do you choose? Respond with the exact option text.",KTV,KTV,True
中国公园,"[""颐和园"", ""西湖"", ""人民公园"", ""植物园""]","[""人民公园"", ""植物园"", ""西湖"", ""颐和园""]","[""人民公园"", ""西湖"", ""植物园"", ""颐和园""]","You are playing a coordination game with another agent.
If you both select the SAME option, you each get $1.
You cannot communicate - you must try to coordinate.
Note: The other agent sees the SAME options, but in a DIFFERENT order.

中国公园
Options: 人民公园, 植物园, 西湖, 颐和园

Which option do you choose? Respond with the exact option text.",颐和园,颐和园,"You are playing a coordination game with another agent.
If you both select the SAME option, you each get $1.
You cannot communicate - you must try to coordinate.
Note: The other agent sees the SAME options, but in a DIFFERENT order.

中国公园
Options: 人民公园, 西湖, 植物园, 颐和园

Which option do you choose? Respond with the exact option text.",西湖,西湖,False
中国交通枢纽,"[""机场"", ""火车站"", ""地铁站"", ""汽车站""]","[""地铁站"", ""机场"", ""火车站"", ""汽车站""]","[""火车站"", ""地铁站"", ""汽车站"", ""机场""]","You are playing a coordination game with another agent.
If you both select the SAME option, you each get $1.
You cannot communicate - you must try to coordinate.
Note: The other agent sees the SAME options, but in a DIFFERENT order.

中国交通枢纽
Options: 地铁站, 机场, 火车站, 汽车站

Which option do you choose? Respond with the exact option text.",机场,机场,"You are playing a coordination game with another agent.
If you both select the SAME option, you each get $1.
You cannot communicate - you must try to coordinate.
Note: The other agent sees the SAME options, but in a DIFFERENT order.

中国交通枢纽
Options: 火车站, 地铁站, 汽车站, 机场

Which option do you choose? Respond with the exact option text.",火车站,火车站,False
中国休闲去处,"[""公园"", ""河边"", ""广场"", ""商场""]","[""公园"", ""广场"", ""河边"", ""商场""]","[""商场"", ""广场"", ""公园"", ""河边""]","You are playing a coordination game with another agent.
If you both select the SAME option, you each get $1.
You cannot communicate - you must try to coordinate.
Note: The other agent sees the SAME options, but in a DIFFERENT order.

中国休闲去处
Options: 公园, 广场, 河边, 商场

Which option do you choose? Respond with the exact option text.",公园,公园,"You are playing a coordination game with another agent.
If you both select the SAME option, you each get $1.
You cannot communicate - you must try to coordinate.
Note: The other agent sees the SAME options, but in a DIFFERENT order.

中国休闲去处
Options: 商场, 广场, 公园, 河边

Which option do you choose? Respond with the exact option text.",公园,公园,True
中国夜生活,"[""酒吧"", ""KTV"", ""夜市"", ""烧烤摊""]","[""夜市"", ""KTV"", ""烧烤摊"", ""酒吧""]","[""KTV"", ""烧烤摊"", ""酒吧"", ""夜市""]","You are playing a coordination game with another agent.
If you both select the SAME option, you each get $1.
You cannot communicate - you must try to coordinate.
Note: The other agent sees the SAME options, but in a DIFFERENT order.

中国夜生活
Options: 夜市, KTV, 烧烤摊, 酒吧

Which option do you choose? Respond with the exact option text.",夜市,夜市,"You are playing a coordination game with another agent.
If you both select the SAME option, you each get $1.
You cannot communicate - you must try to coordinate.
Note: The other agent sees the SAME options, but in a DIFFERENT order.

中国夜生活
Options: KTV, 烧烤摊, 酒吧, 夜市

Which option do you choose? Respond with the exact option text.",夜市,夜市,True
US Regions,"[""Northeast"", ""South"", ""Midwest"", ""West""]","[""West"", ""Northeast"", ""Midwest"", ""South""]","[""South"", ""Midwest"", ""West"", ""Northeast""]","You are playing a coordination game with another agent.
If you both select the SAME option, you each get $1.
You cannot communicate - you must try to coordinate.
Note: The other agent sees the SAME options, but in a DIFFERENT order.

US Regions
Options: West, Northeast, Midwest, South

Which option do you choose? Respond with the exact option text.",West,West,"You are playing a coordination game with another agent.
If you both select the SAME option, you each get $1.
You cannot communicate - you must try to coordinate.
Note: The other agent sees the SAME options, but in a DIFFERENT order.

US Regions
Options: South, Midwest, West, Northeast

Which option do you choose? Respond with the exact option text.",Midwest,Midwest,False
US Landmarks,"[""Grand Canyon"", ""Statue of Liberty"", ""Mount Rushmore"", ""Golden Gate Bridge""]","[""Grand Canyon"", ""Golden Gate Bridge"", ""Statue of Liberty"", ""Mount Rushmore""]","[""Statue of Liberty"", ""Grand Canyon"", ""Golden Gate Bridge"", ""Mount Rushmore""]","You are playing a coordination game with another agent.
If you both select the SAME option, you each get $1.
You cannot communicate - you must try to coordinate.
Note: The other agent sees the SAME options, but in a DIFFERENT order.

US Landmarks
Options: Grand Canyon, Golden Gate Bridge, Statue of Liberty, Mount Rushmore

Which option do you choose? Respond with the exact option text.",Statue of Liberty,Statue of Liberty,"You are playing a coordination game with another agent.
If you both select the SAME option, you each get $1.
You cannot communicate - you must try to coordinate.
Note: The other agent sees the SAME options, but in a DIFFERENT order.

US Landmarks
Options: Statue of Liberty, Grand Canyon, Golden Gate Bridge, Mount Rushmore

Which option do you choose? Respond with the exact option text.",Statue of Liberty,Statue of Liberty,True
US National Parks,"[""Yellowstone"", ""Yosemite"", ""Grand Canyon"", ""Zion""]","[""Zion"", ""Grand Canyon"", ""Yellowstone"", ""Yosemite""]","[""Yellowstone"", ""Yosemite"", ""Zion"", ""Grand Canyon""]","You are playing a coordination game with another agent.
If you both select the SAME option, you each get $1.
You cannot communicate - you must try to coordinate.
Note: The other agent sees the SAME options, but in a DIFFERENT order.

US National Parks
Options: Zion, Grand Canyon, Yellowstone, Yosemite

Which option do you choose? Respond with the exact option text.",Yellowstone,Yellowstone,"You are playing a coordination game with another agent.
If you both select the SAME option, you each get $1.
You cannot communicate - you must try to coordinate.
Note: The other agent sees the SAME options, but in a DIFFERENT order.

US National Parks
Options: Yellowstone, Yosemite, Zion, Grand Canyon

Which option do you choose? Respond with the exact option text.",Yellowstone,Yellowstone,True
US Rivers,"[""Mississippi"", ""Colorado"", ""Missouri"", ""Ohio""]","[""Missouri"", ""Ohio"", ""Colorado"", ""Mississippi""]","[""Ohio"", ""Mississippi"", ""Missouri"", ""Colorado""]","You are playing a coordination game with another agent.
If you both select the SAME option, you each get $1.
You cannot communicate - you must try to coordinate.
Note: The other agent sees the SAME options, but in a DIFFERENT order.

US Rivers
Options: Missouri, Ohio, Colorado, Mississippi

Which option do you choose? Respond with the exact option text.",Mississippi,Mississippi,"You are playing a coordination game with another agent.
If you both select the SAME option, you each get $1.
You cannot communicate - you must try to coordinate.
Note: The other agent sees the SAME options, but in a DIFFERENT order.

US Rivers
Options: Ohio, Mississippi, Missouri, Colorado

Which option do you choose? Respond with the exact option text.",Mississippi,Mississippi,True
US Mountain Ranges,"[""Rockies"", ""Appalachians"", ""Sierra Nevada"", ""Cascades""]","[""Appalachians"", ""Sierra Nevada"", ""Cascades"", ""Rockies""]","[""Appalachians"", ""Rockies"", ""Cascades"", ""Sierra Nevada""]","You are playing a coordination game with another agent.
If you both select the SAME option, you each get $1.
You cannot communicate - you must try to coordinate.
Note: The other agent sees the SAME options, but in a DIFFERENT order.

US Mountain Ranges
Options: Appalachians, Sierra Nevada, Cascades, Rockies

Which option do you choose? Respond with the exact option text.",Rockies,Rockies,"You are playing a coordination game with another agent.
If you both select the SAME option, you each get $1.
You cannot communicate - you must try to coordinate.
Note: The other agent sees the SAME options, but in a DIFFERENT order.

US Mountain Ranges
Options: Appalachians, Rockies, Cascades, Sierra Nevada

Which option do you choose? Respond with the exact option text.",Rockies,Rockies,True
US Coastlines,"[""East Coast"", ""West Coast"", ""Gulf Coast"", ""Great Lakes""]","[""West Coast"", ""Gulf Coast"", ""Great Lakes"", ""East Coast""]","[""East Coast"", ""Gulf Coast"", ""Great Lakes"", ""West Coast""]","You are playing a coordination game with another agent.
If you both select the SAME option, you each get $1.
You cannot communicate - you must try to coordinate.
Note: The other agent sees the SAME options, but in a DIFFERENT order.

US Coastlines
Options: West Coast, Gulf Coast, Great Lakes, East Coast

Which option do you choose? Respond with the exact option text.",Great Lakes,Great Lakes,"You are playing a coordination game with another agent.
If you both select the SAME option, you each get $1.
You cannot communicate - you must try to coordinate.
Note: The other agent sees the SAME options, but in a DIFFERENT order.

US Coastlines
Options: East Coast, Gulf Coast, Great Lakes, West Coast

Which option do you choose? Respond with the exact option text.",East Coast,East Coast,False
US Climate Zones,"[""Tropical"", ""Arid"", ""Temperate"", ""Continental""]","[""Temperate"", ""Continental"", ""Tropical"", ""Arid""]","[""Temperate"", ""Continental"", ""Tropical"", ""Arid""]","You are playing a coordination game with another agent.
If you both select the SAME option, you each get $1.
You cannot communicate - you must try to coordinate.
Note: The other agent sees the SAME options, but in a DIFFERENT order.

US Climate Zones
Options: Temperate, Continental, Tropical, Arid

Which option do you choose? Respond with the exact option text.",Temperate,Temperate,"You are playing a coordination game with another agent.
If you both select the SAME option, you each get $1.
You cannot communicate - you must try to coordinate.
Note: The other agent sees the SAME options, but in a DIFFERENT order.

US Climate Zones
Options: Temperate, Continental, Tropical, Arid

Which option do you choose? Respond with the exact option text.",Temperate,Temperate,True
US States by Size,"[""Alaska"", ""Texas"", ""California"", ""Montana""]","[""Alaska"", ""California"", ""Montana"", ""Texas""]","[""Texas"", ""California"", ""Alaska"", ""Montana""]","You are playing a coordination game with another agent.
If you both select the SAME option, you each get $1.
You cannot communicate - you must try to coordinate.
Note: The other agent sees the SAME options, but in a DIFFERENT order.

US States by Size
Options: Alaska, California, Montana, Texas

Which option do you choose? Respond with the exact option text.",Alaska,Alaska,"You are playing a coordination game with another agent.
If you both select the SAME option, you each get $1.
You cannot communicate - you must try to coordinate.
Note: The other agent sees the SAME options, but in a DIFFERENT order.

US States by Size
Options: Texas, California, Alaska, Montana

Which option do you choose? Respond with the exact option text.",Alaska,Alaska,True
US Islands,"[""Hawaii"", ""Manhattan"", ""Long Island"", ""Maui""]","[""Maui"", ""Long Island"", ""Manhattan"", ""Hawaii""]","[""Maui"", ""Manhattan"", ""Long Island"", ""Hawaii""]","You are playing a coordination game with another agent.
If you both select the SAME option, you each get $1.
You cannot communicate - you must try to coordinate.
Note: The other agent sees the SAME options, but in a DIFFERENT order.

US Islands
Options: Maui, Long Island, Manhattan, Hawaii

Which option do you choose? Respond with the exact option text.",Hawaii,Hawaii,"You are playing a coordination game with another agent.
If you both select the SAME option, you each get $1.
You cannot communicate - you must try to coordinate.
Note: The other agent sees the SAME options, but in a DIFFERENT order.

US Islands
Options: Maui, Manhattan, Long Island, Hawaii

Which option do you choose? Respond with the exact option text.",Manhattan,Manhattan,False
US Borders,"[""Canada"", ""Mexico"", ""Pacific Ocean"", ""Atlantic Ocean""]","[""Atlantic Ocean"", ""Canada"", ""Pacific Ocean"", ""Mexico""]","[""Pacific Ocean"", ""Canada"", ""Atlantic Ocean"", ""Mexico""]","You are playing a coordination game with another agent.
If you both select the SAME option, you each get $1.
You cannot communicate - you must try to coordinate.
Note: The other agent sees the SAME options, but in a DIFFERENT order.

US Borders
Options: Atlantic Ocean, Canada, Pacific Ocean, Mexico

Which option do you choose? Respond with the exact option text.",Atlantic Ocean,Atlantic Ocean,"You are playing a coordination game with another agent.
If you both select the SAME option, you each get $1.
You cannot communicate - you must try to coordinate.
Note: The other agent sees the SAME options, but in a DIFFERENT order.

US Borders
Options: Pacific Ocean, Canada, Atlantic Ocean, Mexico

Which option do you choose? Respond with the exact option text.",Canada,Canada,False
中国地区,"[""华东"", ""华南"", ""华北"", ""西南""]","[""西南"", ""华南"", ""华北"", ""华东""]","[""华南"", ""华北"", ""华东"", ""西南""]","You are playing a coordination game with another agent.
If you both select the SAME option, you each get $1.
You cannot communicate - you must try to coordinate.
Note: The other agent sees the SAME options, but in a DIFFERENT order.

中国地区
Options: 西南, 华南, 华北, 华东

Which option do you choose? Respond with the exact option text.",华北,华北,"You are playing a coordination game with another agent.
If you both select the SAME option, you each get $1.
You cannot communicate - you must try to coordinate.
Note: The other agent sees the SAME options, but in a DIFFERENT order.

中国地区
Options: 华南, 华北, 华东, 西南

Which option do you choose? Respond with the exact option text.",华北,华北,True
中国名胜,"[""长城"", ""故宫"", ""兵马俑"", ""黄山""]","[""黄山"", ""兵马俑"", ""长城"", ""故宫""]","[""故宫"", ""长城"", ""兵马俑"", ""黄山""]","You are playing a coordination game with another agent.
If you both select the SAME option, you each get $1.
You cannot communicate - you must try to coordinate.
Note: The other agent sees the SAME options, but in a DIFFERENT order.

中国名胜
Options: 黄山, 兵马俑, 长城, 故宫

Which option do you choose? Respond with the exact option text.",长城,长城,"You are playing a coordination game with another agent.
If you both select the SAME option, you each get $1.
You cannot communicate - you must try to coordinate.
Note: The other agent sees the SAME options, but in a DIFFERENT order.

中国名胜
Options: 故宫, 长城, 兵马俑, 黄山

Which option do you choose? Respond with the exact option text.",长城,长城,True
中国名山,"[""泰山"", ""黄山"", ""华山"", ""峨眉山""]","[""峨眉山"", ""黄山"", ""华山"", ""泰山""]","[""峨眉山"", ""黄山"", ""泰山"", ""华山""]","You are playing a coordination game with another agent.
If you both select the SAME option, you each get $1.
You cannot communicate - you must try to coordinate.
Note: The other agent sees the SAME options, but in a DIFFERENT order.

中国名山
Options: 峨眉山, 黄山, 华山, 泰山

Which option do you choose? Respond with the exact option text.",泰山,泰山,"You are playing a coordination game with another agent.
If you both select the SAME option, you each get $1.
You cannot communicate - you must try to coordinate.
Note: The other agent sees the SAME options, but in a DIFFERENT order.

中国名山
Options: 峨眉山, 黄山, 泰山, 华山

Which option do you choose? Respond with the exact option text.",泰山,泰山,True
中国河流,"[""长江"", ""黄河"", ""珠江"", ""淮河""]","[""珠江"", ""长江"", ""黄河"", ""淮河""]","[""淮河"", ""珠江"", ""长江"", ""黄河""]","You are playing a coordination game with another agent.
If you both select the SAME option, you each get $1.
You cannot communicate - you must try to coordinate.
Note: The other agent sees the SAME options, but in a DIFFERENT order.

中国河流
Options: 珠江, 长江, 黄河, 淮河

Which option do you choose? Respond with the exact option text.",长江,长江,"You are playing a coordination game with another agent.
If you both select the SAME option, you each get $1.
You cannot communicate - you must try to coordinate.
Note: The other agent sees the SAME options, but in a DIFFERENT order.

中国河流
Options: 淮河, 珠江, 长江, 黄河

Which option do you choose? Respond with the exact option text.",长江,长江,True
中国湖泊,"[""西湖"", ""太湖"", ""鄱阳湖"", ""洞庭湖""]","[""洞庭湖"", ""西湖"", ""太湖"", ""鄱阳湖""]","[""鄱阳湖"", ""西湖"", ""洞庭湖"", ""太湖""]","You are playing a coordination game with another agent.
If you both select the SAME option, you each get $1.
You cannot communicate - you must try to coordinate.
Note: The other agent sees the SAME options, but in a DIFFERENT order.

中国湖泊
Options: 洞庭湖, 西湖, 太湖, 鄱阳湖

Which option do you choose? Respond with the exact option text.",西湖,西湖,"You are playing a coordination game with another agent.
If you both select the SAME option, you each get $1.
You cannot communicate - you must try to coordinate.
Note: The other agent sees the SAME options, but in a DIFFERENT order.

中国湖泊
Options: 鄱阳湖, 西湖, 洞庭湖, 太湖

Which option do you choose? Respond with the exact option text.",西湖,西湖,True
中国气候带,"[""热带"", ""亚热带"", ""温带"", ""寒带""]","[""温带"", ""热带"", ""亚热带"", ""寒带""]","[""寒带"", ""温带"", ""热带"", ""亚热带""]","You are playing a coordination game with another agent.
If you both select the SAME option, you each get $1.
You cannot communicate - you must try to coordinate.
Note: The other agent sees the SAME options, but in a DIFFERENT order.

中国气候带
Options: 温带, 热带, 亚热带, 寒带

Which option do you choose? Respond with the exact option text.",温带,温带,"You are playing a coordination game with another agent.
If you both select the SAME option, you each get $1.
You cannot communicate - you must try to coordinate.
Note: The other agent sees the SAME options, but in a DIFFERENT order.

中国气候带
Options: 寒带, 温带, 热带, 亚热带

Which option do you choose? Respond with the exact option text.",温带,温带,True
中国省份,"[""广东"", ""江苏"", ""山东"", ""四川""]","[""江苏"", ""山东"", ""广东"", ""四川""]","[""四川"", ""山东"", ""江苏"", ""广东""]","You are playing a coordination game with another agent.
If you both select the SAME option, you each get $1.
You cannot communicate - you must try to coordinate.
Note: The other agent sees the SAME options, but in a DIFFERENT order.

中国省份
Options: 江苏, 山东, 广东, 四川

Which option do you choose? Respond with the exact option text.",广东,广东,"You are playing a coordination game with another agent.
If you both select the SAME option, you each get $1.
You cannot communicate - you must try to coordinate.
Note: The other agent sees the SAME options, but in a DIFFERENT order.

中国省份
Options: 四川, 山东, 江苏, 广东

Which option do you choose? Respond with the exact option text.",四川,四川,False
中国城市带,"[""长三角"", ""珠三角"", ""京津冀"", ""成渝""]","[""珠三角"", ""成渝"", ""长三角"", ""京津冀""]","[""珠三角"", ""京津冀"", ""成渝"", ""长三角""]","You are playing a coordination game with another agent.
If you both select the SAME option, you each get $1.
You cannot communicate - you must try to coordinate.
Note: The other agent sees the SAME options, but in a DIFFERENT order.

中国城市带
Options: 珠三角, 成渝, 长三角, 京津冀

Which option do you choose? Respond with the exact option text.",京津冀,京津冀,"You are playing a coordination game with another agent.
If you both select the SAME option, you each get $1.
You cannot communicate - you must try to coordinate.
Note: The other agent sees the SAME options, but in a DIFFERENT order.

中国城市带
Options: 珠三角, 京津冀, 成渝, 长三角

Which option do you choose? Respond with the exact option text.",长三角,长三角,False
中国海,"[""南海"", ""东海"", ""黄海"", ""渤海""]","[""黄海"", ""渤海"", ""南海"", ""东海""]","[""渤海"", ""南海"", ""黄海"", ""东海""]","You are playing a coordination game with another agent.
If you both select the SAME option, you each get $1.
You cannot communicate - you must try to coordinate.
Note: The other agent sees the SAME options, but in a DIFFERENT order.

中国海
Options: 黄海, 渤海, 南海, 东海

Which option do you choose? Respond with the exact option text.",南海,南海,"You are playing a coordination game with another agent.
If you both select the SAME option, you each get $1.
You cannot communicate - you must try to coordinate.
Note: The other agent sees the SAME options, but in a DIFFERENT order.

中国海
Options: 渤海, 南海, 黄海, 东海

Which option do you choose? Respond with the exact option text.",南海,南海,True
中国边界,"[""俄罗斯"", ""蒙古"", ""印度"", ""越南""]","[""越南"", ""印度"", ""俄罗斯"", ""蒙古""]","[""印度"", ""俄罗斯"", ""蒙古"", ""越南""]","You are playing a coordination game with another agent.
If you both select the SAME option, you each get $1.
You cannot communicate - you must try to coordinate.
Note: The other agent sees the SAME options, but in a DIFFERENT order.

中国边界
Options: 越南, 印度, 俄罗斯, 蒙古

Which option do you choose? Respond with the exact option text.",俄罗斯,俄罗斯,"You are playing a coordination game with another agent.
If you both select the SAME option, you each get $1.
You cannot communicate - you must try to coordinate.
Note: The other agent sees the SAME options, but in a DIFFERENT order.

中国边界
Options: 印度, 俄罗斯, 蒙古, 越南

Which option do you choose? Respond with the exact option text.",印度,印度,False
Immediate Family,"[""Mother"", ""Father"", ""Sister"", ""Brother""]","[""Mother"", ""Brother"", ""Sister"", ""Father""]","[""Father"", ""Brother"", ""Mother"", ""Sister""]","You are playing a coordination game with another agent.
If you both select the SAME option, you each get $1.
You cannot communicate - you must try to coordinate.
Note: The other agent sees the SAME options, but in a DIFFERENT order.

Immediate Family
Options: Mother, Brother, Sister, Father

Which option do you choose? Respond with the exact option text.",Mother,Mother,"You are playing a coordination game with another agent.
If you both select the SAME option, you each get $1.
You cannot communicate - you must try to coordinate.
Note: The other agent sees the SAME options, but in a DIFFERENT order.

Immediate Family
Options: Father, Brother, Mother, Sister

Which option do you choose? Respond with the exact option text.",Brother,Brother,False
Extended Family,"[""Grandmother"", ""Grandfather"", ""Aunt"", ""Uncle""]","[""Uncle"", ""Grandmother"", ""Aunt"", ""Grandfather""]","[""Grandmother"", ""Aunt"", ""Uncle"", ""Grandfather""]","You are playing a coordination game with another agent.
If you both select the SAME option, you each get $1.
You cannot communicate - you must try to coordinate.
Note: The other agent sees the SAME options, but in a DIFFERENT order.

Extended Family
Options: Uncle, Grandmother, Aunt, Grandfather

Which option do you choose? Respond with the exact option text.",Grandmother,Grandmother,"You are playing a coordination game with another agent.
If you both select the SAME option, you each get $1.
You cannot communicate - you must try to coordinate.
Note: The other agent sees the SAME options, but in a DIFFERENT order.

Extended Family
Options: Grandmother, Aunt, Uncle, Grandfather

Which option do you choose? Respond with the exact option text.",Grandfather,Grandfather,False
In-Law Relations,"[""Mother-in-law"", ""Father-in-law"", ""Sister-in-law"", ""Brother-in-law""]","[""Sister-in-law"", ""Mother-in-law"", ""Father-in-law"", ""Brother-in-law""]","[""Brother-in-law"", ""Father-in-law"", ""Sister-in-law"", ""Mother-in-law""]","You are playing a coordination game with another agent.
If you both select the SAME option, you each get $1.
You cannot communicate - you must try to coordinate.
Note: The other agent sees the SAME options, but in a DIFFERENT order.

In-Law Relations
Options: Sister-in-law, Mother-in-law, Father-in-law, Brother-in-law

Which option do you choose? Respond with the exact option text.",Mother-in-law,Mother-in-law,"You are playing a coordination game with another agent.
If you both select the SAME option, you each get $1.
You cannot communicate - you must try to coordinate.
Note: The other agent sees the SAME options, but in a DIFFERENT order.

In-Law Relations
Options: Brother-in-law, Father-in-law, Sister-in-law, Mother-in-law

Which option do you choose? Respond with the exact option text.",Mother-in-law,Mother-in-law,True
Parent-Child Roles,"[""Parent"", ""Child"", ""Sibling"", ""Cousin""]","[""Child"", ""Parent"", ""Cousin"", ""Sibling""]","[""Sibling"", ""Parent"", ""Child"", ""Cousin""]","You are playing a coordination game with another agent.
If you both select the SAME option, you each get $1.
You cannot communicate - you must try to coordinate.
Note: The other agent sees the SAME options, but in a DIFFERENT order.

Parent-Child Roles
Options: Child, Parent, Cousin, Sibling

Which option do you choose? Respond with the exact option text.",Parent,Parent,"You are playing a coordination game with another agent.
If you both select the SAME option, you each get $1.
You cannot communicate - you must try to coordinate.
Note: The other agent sees the SAME options, but in a DIFFERENT order.

Parent-Child Roles
Options: Sibling, Parent, Child, Cousin

Which option do you choose? Respond with the exact option text.",Parent,Parent,True
Generational Roles,"[""Grandparent"", ""Parent"", ""Child"", ""Grandchild""]","[""Parent"", ""Child"", ""Grandparent"", ""Grandchild""]","[""Parent"", ""Grandparent"", ""Child"", ""Grandchild""]","You are playing a coordination game with another agent.
If you both select the SAME option, you each get $1.
You cannot communicate - you must try to coordinate.
Note: The other agent sees the SAME options, but in a DIFFERENT order.

Generational Roles
Options: Parent, Child, Grandparent, Grandchild

Which option do you choose? Respond with the exact option text.",Child,Child,"You are playing a coordination game with another agent.
If you both select the SAME option, you each get $1.
You cannot communicate - you must try to coordinate.
Note: The other agent sees the SAME options, but in a DIFFERENT order.

Generational Roles
Options: Parent, Grandparent, Child, Grandchild

Which option do you choose? Respond with the exact option text.","The options represent generational roles: Parent, Grandparent, Child, Grandchild. I need to pick the option that the other agent is most likely to pick, knowing they see the same options but in a different order. This means I cannot rely on the position of the option.

I need to identify a ""focal point"" or ""Schelling point"" – an option that stands out as obvious or natural for both of us to choose.

Let's consider possible heuristics the other agent might use:

1.  **Chronological Order / Hierarchy:** When listing generations, it's common to start from the oldest to the youngest.
    *   Grandparent (oldest generation presented)
    *   Parent
    *   Child
    *   Grandchild (youngest generation presented)
    If both agents pick the ""first"" in this natural chronological sequence, they would pick ""Grandparent."" This is a very strong coordination heuristic (e.g., picking ""1"" in a list of numbers 1, 2, 3, 4).

2.  **Fundamental / Primary Role:**
    *   ""Parent"" and ""Child"" represent the most direct and fundamental generational link. ""Grandparent"" and ""Grandchild"" are extensions of these.
    *   Between ""Parent"" and ""Child,"" ""Parent"" often takes conceptual precedence (e.g., ""parent-child relationship,"" ""parental responsibility""). It's the active agent in creating the next generation.

3.  **Simplicity / Length:**
    *   Child (5 letters)
    *   Parent (6 letters)
    *   Grandparent (10 letters)
    *   Grandchild (10 letters)
    ""Child"" is the shortest, but might be considered a ""receiving"" role. ""Parent"" is also simple and arguably a more ""primary"" or ""active"" role.

**Weighing the strongest contenders:**
My strongest contenders are ""Grandparent"" (due to the ""first in chronological order"" heuristic) and ""Parent"" (due to the ""most fundamental/primary role"" heuristic).

The phrase ""Generational Roles"" in the problem statement strongly suggests thinking about generations in sequence or hierarchy. In such a sequence, starting with the oldest (or ""top"" of a family tree) is a very common and intuitive approach. This makes ""Grandparent"" a highly salient choice for someone trying to coordinate. While ""Parent"" is fundamental, picking ""Grandparent"" leverages a more explicit ordering principle.

Therefore, ""Grandparent"" seems like the most robust choice for coordination.

Grandparent",Grandparent,False
直系亲属,"[""妈妈"", ""爸爸"", ""姐妹"", ""兄弟""]","[""兄弟"", ""姐妹"", ""爸爸"", ""妈妈""]","[""姐妹"", ""兄弟"", ""妈妈"", ""爸爸""]","You are playing a coordination game with another agent.
If you both select the SAME option, you each get $1.
You cannot communicate - you must try to coordinate.
Note: The other agent sees the SAME options, but in a DIFFERENT order.

直系亲属
Options: 兄弟, 姐妹, 爸爸, 妈妈

Which option do you choose? Respond with the exact option text.",妈妈,妈妈,"You are playing a coordination game with another agent.
If you both select the SAME option, you each get $1.
You cannot communicate - you must try to coordinate.
Note: The other agent sees the SAME options, but in a DIFFERENT order.

直系亲属
Options: 姐妹, 兄弟, 妈妈, 爸爸

Which option do you choose? Respond with the exact option text.",妈妈,妈妈,True
旁系亲属,"[""奶奶"", ""爷爷"", ""阿姨"", ""叔叔""]","[""阿姨"", ""叔叔"", ""奶奶"", ""爷爷""]","[""阿姨"", ""爷爷"", ""奶奶"", ""叔叔""]","You are playing a coordination game with another agent.
If you both select the SAME option, you each get $1.
You cannot communicate - you must try to coordinate.
Note: The other agent sees the SAME options, but in a DIFFERENT order.

旁系亲属
Options: 阿姨, 叔叔, 奶奶, 爷爷

Which option do you choose? Respond with the exact option text.",爷爷,爷爷,"You are playing a coordination game with another agent.
If you both select the SAME option, you each get $1.
You cannot communicate - you must try to coordinate.
Note: The other agent sees the SAME options, but in a DIFFERENT order.

旁系亲属
Options: 阿姨, 爷爷, 奶奶, 叔叔

Which option do you choose? Respond with the exact option text.","The problem asks me to choose an option from a list, knowing that another agent sees the same options in a different order, and we both get $1 if we choose the same option. The category for the options is ""旁系亲属"" (pángxì qīnshǔ), which means ""collateral relatives.""

Let's analyze the options based on the provided category:
*   **阿姨 (āyí):** Mother's sister (maternal aunt). This is a collateral relative. It can also be used as a general respectful term for an older woman.
*   **爷爷 (yéye):** Paternal grandfather. This is a **direct** ancestor, not a collateral relative.
*   **奶奶 (nǎinai):** Paternal grandmother. This is a **direct** ancestor, not a collateral relative.
*   **叔叔 (shūshu):** Father's younger brother (paternal uncle). This is a collateral relative. It can also be used as a general respectful term for an older man.

**Step 1: Apply the category filter.**
A rational agent, playing a coordination game, would assume that the explicit category ""旁系亲属"" is a guide for selecting the correct option. Therefore, options that are clearly *not* collateral relatives should be excluded.
*   爷爷 (Grandfather) is a direct ancestor.
*   奶奶 (Grandmother) is a direct ancestor.
    Thus, 爷爷 and 奶奶 are eliminated.

**Step 2: Identify the remaining valid options.**
This leaves us with two options that fit the ""collateral relatives"" category:
*   阿姨 (maternal aunt)
*   叔叔 (paternal uncle)

**Step 3: Find a focal point between the remaining options.**
Now, I need to choose between 阿姨 and 叔叔. If both are equally valid, there's a 50/50 chance of coordination failure. I need to find a subtle clue that might act as a focal point for both agents.

*   **Cultural Prominence / Paternal Emphasis:** In traditional Chinese culture, the paternal lineage is often emphasized more than the maternal lineage. This might make paternal relatives (like 叔叔) slightly more central or representative than maternal relatives (like 阿姨).
*   **Common Collocation:** When referring to ""aunts and uncles"" generally in Chinese, the collocation ""叔叔阿姨"" (shūshu āyí) is very common, with 叔叔 often preceding 阿姨. While the order of the provided options is irrelevant due to random reordering for the other agent, a common phrase order can sometimes act as a weak focal point.
*   **Generic Usage:** Both 阿姨 and 叔叔 can be used as general polite terms for older adults, which might slightly dilute their ""relative-specific"" salience compared to 爷爷/奶奶, but since 爷爷/奶奶 are ruled out by the category, this factor is less relevant here.

Combining the subtle hints of paternal emphasis and the common collocation ""叔叔阿姨,"" 叔叔 emerges as a slightly stronger, albeit weak, focal point. A rational agent might consider these cultural nuances when faced with two equally correct options.

Therefore, to maximize the chance of coordination, I will choose 叔叔.

叔叔",奶奶,False
姻亲关系,"[""婆婆"", ""岳父"", ""嫂子"", ""姐夫""]","[""嫂子"", ""婆婆"", ""姐夫"", ""岳父""]","[""姐夫"", ""婆婆"", ""岳父"", ""嫂子""]","You are playing a coordination game with another agent.
If you both select the SAME option, you each get $1.
You cannot communicate - you must try to coordinate.
Note: The other agent sees the SAME options, but in a DIFFERENT order.

姻亲关系
Options: 嫂子, 婆婆, 姐夫, 岳父

Which option do you choose? Respond with the exact option text.",婆婆,婆婆,"You are playing a coordination game with another agent.
If you both select the SAME option, you each get $1.
You cannot communicate - you must try to coordinate.
Note: The other agent sees the SAME options, but in a DIFFERENT order.

姻亲关系
Options: 姐夫, 婆婆, 岳父, 嫂子

Which option do you choose? Respond with the exact option text.","To coordinate successfully, I need to choose the option that another rational agent would most likely pick, given that they see the same options but in a different order. This means I cannot rely on the order in which the options are presented to me. I must find the most salient or ""obvious"" choice based on inherent properties or cultural understanding.

Let's analyze the options:
*   **姐夫 (jiěfu)**: elder sister's husband (brother-in-law)
*   **婆婆 (pópo)**: husband's mother (mother-in-law)
*   **岳父 (yuèfù)**: wife's father (father-in-law)
*   **嫂子 (sǎozi)**: elder brother's wife (sister-in-law)

All options represent a type of ""姻亲关系"" (in-law relationship).

Here's my reasoning for choosing **婆婆**:

1.  **Fundamental Family Role:** Parents-in-law (婆婆 and 岳父) are generally considered more fundamental or primary relationships within the extended family structure compared to siblings-in-law (姐夫 and 嫂子). Therefore, the choice narrows down to 婆婆 or 岳父.

2.  **Reduplication:** ""婆婆"" is a reduplicated term, a common feature in basic Chinese kinship terms (e.g., 妈妈, 爸爸, 哥哥, 奶奶). This linguistic structure often makes a term feel more fundamental, primary, or universally recognized compared to non-reduplicated terms like 姐夫, 岳父, or 嫂子.

3.  **Cultural Salience:** In Chinese culture, the relationship between a wife and her husband's mother (婆婆) is often depicted as a highly central, significant, and sometimes complex bond within the family. This cultural emphasis makes ""婆婆"" a particularly salient and recognized ""in-law"" relationship, perhaps even more so than ""岳父"" in general discourse.

While ""岳父"" is equally a parent-in-law, the reduplication and heightened cultural emphasis on the ""婆媳关系"" (mother-in-law/daughter-in-law relationship) give ""婆婆"" a slight edge in terms of universal salience for a coordination game.

I choose: 婆婆",婆婆,True
亲子角色,"[""父母"", ""子女"", ""兄弟姐妹"", ""表亲""]","[""表亲"", ""子女"", ""父母"", ""兄弟姐妹""]","[""父母"", ""子女"", ""表亲"", ""兄弟姐妹""]","You are playing a coordination game with another agent.
If you both select the SAME option, you each get $1.
You cannot communicate - you must try to coordinate.
Note: The other agent sees the SAME options, but in a DIFFERENT order.

亲子角色
Options: 表亲, 子女, 父母, 兄弟姐妹

Which option do you choose? Respond with the exact option text.",父母,父母,"You are playing a coordination game with another agent.
If you both select the SAME option, you each get $1.
You cannot communicate - you must try to coordinate.
Note: The other agent sees the SAME options, but in a DIFFERENT order.

亲子角色
Options: 父母, 子女, 表亲, 兄弟姐妹

Which option do you choose? Respond with the exact option text.",父母,父母,True
世代角色,"[""祖辈"", ""父辈"", ""子女"", ""孙辈""]","[""父辈"", ""子女"", ""孙辈"", ""祖辈""]","[""祖辈"", ""父辈"", ""孙辈"", ""子女""]","You are playing a coordination game with another agent.
If you both select the SAME option, you each get $1.
You cannot communicate - you must try to coordinate.
Note: The other agent sees the SAME options, but in a DIFFERENT order.

世代角色
Options: 父辈, 子女, 孙辈, 祖辈

Which option do you choose? Respond with the exact option text.",子女,子女,"You are playing a coordination game with another agent.
If you both select the SAME option, you each get $1.
You cannot communicate - you must try to coordinate.
Note: The other agent sees the SAME options, but in a DIFFERENT order.

世代角色
Options: 祖辈, 父辈, 孙辈, 子女

Which option do you choose? Respond with the exact option text.",父辈,父辈,False
Medical Professions,"[""Doctor"", ""Nurse"", ""Surgeon"", ""Pharmacist""]","[""Surgeon"", ""Nurse"", ""Pharmacist"", ""Doctor""]","[""Surgeon"", ""Nurse"", ""Doctor"", ""Pharmacist""]","You are playing a coordination game with another agent.
If you both select the SAME option, you each get $1.
You cannot communicate - you must try to coordinate.
Note: The other agent sees the SAME options, but in a DIFFERENT order.

Medical Professions
Options: Surgeon, Nurse, Pharmacist, Doctor

Which option do you choose? Respond with the exact option text.",Doctor,Doctor,"You are playing a coordination game with another agent.
If you both select the SAME option, you each get $1.
You cannot communicate - you must try to coordinate.
Note: The other agent sees the SAME options, but in a DIFFERENT order.

Medical Professions
Options: Surgeon, Nurse, Doctor, Pharmacist

Which option do you choose? Respond with the exact option text.",Doctor,Doctor,True
Education Professions,"[""Teacher"", ""Professor"", ""Principal"", ""Tutor""]","[""Tutor"", ""Principal"", ""Professor"", ""Teacher""]","[""Tutor"", ""Principal"", ""Professor"", ""Teacher""]","You are playing a coordination game with another agent.
If you both select the SAME option, you each get $1.
You cannot communicate - you must try to coordinate.
Note: The other agent sees the SAME options, but in a DIFFERENT order.

Education Professions
Options: Tutor, Principal, Professor, Teacher

Which option do you choose? Respond with the exact option text.",Teacher,Teacher,"You are playing a coordination game with another agent.
If you both select the SAME option, you each get $1.
You cannot communicate - you must try to coordinate.
Note: The other agent sees the SAME options, but in a DIFFERENT order.

Education Professions
Options: Tutor, Principal, Professor, Teacher

Which option do you choose? Respond with the exact option text.",Teacher,Teacher,True
Tech Professions,"[""Programmer"", ""Designer"", ""Engineer"", ""Analyst""]","[""Analyst"", ""Designer"", ""Engineer"", ""Programmer""]","[""Designer"", ""Programmer"", ""Analyst"", ""Engineer""]","You are playing a coordination game with another agent.
If you both select the SAME option, you each get $1.
You cannot communicate - you must try to coordinate.
Note: The other agent sees the SAME options, but in a DIFFERENT order.

Tech Professions
Options: Analyst, Designer, Engineer, Programmer

Which option do you choose? Respond with the exact option text.",Engineer,Engineer,"You are playing a coordination game with another agent.
If you both select the SAME option, you each get $1.
You cannot communicate - you must try to coordinate.
Note: The other agent sees the SAME options, but in a DIFFERENT order.

Tech Professions
Options: Designer, Programmer, Analyst, Engineer

Which option do you choose? Respond with the exact option text.",Engineer,Engineer,True
Service Professions,"[""Waiter"", ""Cashier"", ""Receptionist"", ""Driver""]","[""Cashier"", ""Receptionist"", ""Driver"", ""Waiter""]","[""Waiter"", ""Cashier"", ""Driver"", ""Receptionist""]","You are playing a coordination game with another agent.
If you both select the SAME option, you each get $1.
You cannot communicate - you must try to coordinate.
Note: The other agent sees the SAME options, but in a DIFFERENT order.

Service Professions
Options: Cashier, Receptionist, Driver, Waiter

Which option do you choose? Respond with the exact option text.",Cashier,Cashier,"You are playing a coordination game with another agent.
If you both select the SAME option, you each get $1.
You cannot communicate - you must try to coordinate.
Note: The other agent sees the SAME options, but in a DIFFERENT order.

Service Professions
Options: Waiter, Cashier, Driver, Receptionist

Which option do you choose? Respond with the exact option text.",Waiter,Waiter,False
Creative Professions,"[""Artist"", ""Writer"", ""Musician"", ""Actor""]","[""Artist"", ""Musician"", ""Writer"", ""Actor""]","[""Musician"", ""Writer"", ""Artist"", ""Actor""]","You are playing a coordination game with another agent.
If you both select the SAME option, you each get $1.
You cannot communicate - you must try to coordinate.
Note: The other agent sees the SAME options, but in a DIFFERENT order.

Creative Professions
Options: Artist, Musician, Writer, Actor

Which option do you choose? Respond with the exact option text.",Artist,Artist,"You are playing a coordination game with another agent.
If you both select the SAME option, you each get $1.
You cannot communicate - you must try to coordinate.
Note: The other agent sees the SAME options, but in a DIFFERENT order.

Creative Professions
Options: Musician, Writer, Artist, Actor

Which option do you choose? Respond with the exact option text.",Actor,Actor,False
医疗职业,"[""医生"", ""护士"", ""外科医生"", ""药剂师""]","[""药剂师"", ""护士"", ""外科医生"", ""医生""]","[""药剂师"", ""护士"", ""医生"", ""外科医生""]","You are playing a coordination game with another agent.
If you both select the SAME option, you each get $1.
You cannot communicate - you must try to coordinate.
Note: The other agent sees the SAME options, but in a DIFFERENT order.

医疗职业
Options: 药剂师, 护士, 外科医生, 医生

Which option do you choose? Respond with the exact option text.",医生,医生,"You are playing a coordination game with another agent.
If you both select the SAME option, you each get $1.
You cannot communicate - you must try to coordinate.
Note: The other agent sees the SAME options, but in a DIFFERENT order.

医疗职业
Options: 药剂师, 护士, 医生, 外科医生

Which option do you choose? Respond with the exact option text.",医生,医生,True
教育职业,"[""教师"", ""教授"", ""校长"", ""辅导员""]","[""教授"", ""校长"", ""教师"", ""辅导员""]","[""辅导员"", ""校长"", ""教师"", ""教授""]","You are playing a coordination game with another agent.
If you both select the SAME option, you each get $1.
You cannot communicate - you must try to coordinate.
Note: The other agent sees the SAME options, but in a DIFFERENT order.

教育职业
Options: 教授, 校长, 教师, 辅导员

Which option do you choose? Respond with the exact option text.",教师,教师,"You are playing a coordination game with another agent.
If you both select the SAME option, you each get $1.
You cannot communicate - you must try to coordinate.
Note: The other agent sees the SAME options, but in a DIFFERENT order.

教育职业
Options: 辅导员, 校长, 教师, 教授

Which option do you choose? Respond with the exact option text.",教师,教师,True
科技职业,"[""程序员"", ""设计师"", ""工程师"", ""分析师""]","[""分析师"", ""设计师"", ""程序员"", ""工程师""]","[""程序员"", ""设计师"", ""分析师"", ""工程师""]","You are playing a coordination game with another agent.
If you both select the SAME option, you each get $1.
You cannot communicate - you must try to coordinate.
Note: The other agent sees the SAME options, but in a DIFFERENT order.

科技职业
Options: 分析师, 设计师, 程序员, 工程师

Which option do you choose? Respond with the exact option text.",工程师,工程师,"You are playing a coordination game with another agent.
If you both select the SAME option, you each get $1.
You cannot communicate - you must try to coordinate.
Note: The other agent sees the SAME options, but in a DIFFERENT order.

科技职业
Options: 程序员, 设计师, 分析师, 工程师

Which option do you choose? Respond with the exact option text.",程序员,程序员,False
服务职业,"[""服务员"", ""收银员"", ""前台"", ""司机""]","[""服务员"", ""前台"", ""司机"", ""收银员""]","[""前台"", ""司机"", ""服务员"", ""收银员""]","You are playing a coordination game with another agent.
If you both select the SAME option, you each get $1.
You cannot communicate - you must try to coordinate.
Note: The other agent sees the SAME options, but in a DIFFERENT order.

服务职业
Options: 服务员, 前台, 司机, 收银员

Which option do you choose? Respond with the exact option text.",服务员,服务员,"You are playing a coordination game with another agent.
If you both select the SAME option, you each get $1.
You cannot communicate - you must try to coordinate.
Note: The other agent sees the SAME options, but in a DIFFERENT order.

服务职业
Options: 前台, 司机, 服务员, 收银员

Which option do you choose? Respond with the exact option text.",服务员,服务员,True
创意职业,"[""画家"", ""作家"", ""音乐家"", ""演员""]","[""演员"", ""音乐家"", ""作家"", ""画家""]","[""音乐家"", ""演员"", ""作家"", ""画家""]","You are playing a coordination game with another agent.
If you both select the SAME option, you each get $1.
You cannot communicate - you must try to coordinate.
Note: The other agent sees the SAME options, but in a DIFFERENT order.

创意职业
Options: 演员, 音乐家, 作家, 画家

Which option do you choose? Respond with the exact option text.",音乐家,音乐家,"You are playing a coordination game with another agent.
If you both select the SAME option, you each get $1.
You cannot communicate - you must try to coordinate.
Note: The other agent sees the SAME options, but in a DIFFERENT order.

创意职业
Options: 音乐家, 演员, 作家, 画家

Which option do you choose? Respond with the exact option text.",画家,画家,False
US Table Manners,"[""Don't talk with mouth full"", ""Elbows off table"", ""Use napkin"", ""Chew quietly""]","[""Don't talk with mouth full"", ""Elbows off table"", ""Chew quietly"", ""Use napkin""]","[""Chew quietly"", ""Elbows off table"", ""Don't talk with mouth full"", ""Use napkin""]","You are playing a coordination game with another agent.
If you both select the SAME option, you each get $1.
You cannot communicate - you must try to coordinate.
Note: The other agent sees the SAME options, but in a DIFFERENT order.

US Table Manners
Options: Don't talk with mouth full, Elbows off table, Chew quietly, Use napkin

Which option do you choose? Respond with the exact option text.",Don't talk with mouth full,Don't talk with mouth full,"You are playing a coordination game with another agent.
If you both select the SAME option, you each get $1.
You cannot communicate - you must try to coordinate.
Note: The other agent sees the SAME options, but in a DIFFERENT order.

US Table Manners
Options: Chew quietly, Elbows off table, Don't talk with mouth full, Use napkin

Which option do you choose? Respond with the exact option text.",Don't talk with mouth full,Don't talk with mouth full,True
US Greetings,"[""Handshake"", ""Wave"", ""Hug"", ""Nod""]","[""Nod"", ""Wave"", ""Handshake"", ""Hug""]","[""Nod"", ""Wave"", ""Hug"", ""Handshake""]","You are playing a coordination game with another agent.
If you both select the SAME option, you each get $1.
You cannot communicate - you must try to coordinate.
Note: The other agent sees the SAME options, but in a DIFFERENT order.

US Greetings
Options: Nod, Wave, Handshake, Hug

Which option do you choose? Respond with the exact option text.",Handshake,Handshake,"You are playing a coordination game with another agent.
If you both select the SAME option, you each get $1.
You cannot communicate - you must try to coordinate.
Note: The other agent sees the SAME options, but in a DIFFERENT order.

US Greetings
Options: Nod, Wave, Hug, Handshake

Which option do you choose? Respond with the exact option text.",Handshake,Handshake,True
US Dining Etiquette,"[""Wait for everyone"", ""No phones at table"", ""Tip 20%"", ""Say please/thank you""]","[""Tip 20%"", ""No phones at table"", ""Wait for everyone"", ""Say please/thank you""]","[""Wait for everyone"", ""Say please/thank you"", ""No phones at table"", ""Tip 20%""]","You are playing a coordination game with another agent.
If you both select the SAME option, you each get $1.
You cannot communicate - you must try to coordinate.
Note: The other agent sees the SAME options, but in a DIFFERENT order.

US Dining Etiquette
Options: Tip 20%, No phones at table, Wait for everyone, Say please/thank you

Which option do you choose? Respond with the exact option text.",Tip 20%,Tip 20%,"You are playing a coordination game with another agent.
If you both select the SAME option, you each get $1.
You cannot communicate - you must try to coordinate.
Note: The other agent sees the SAME options, but in a DIFFERENT order.

US Dining Etiquette
Options: Wait for everyone, Say please/thank you, No phones at table, Tip 20%

Which option do you choose? Respond with the exact option text.",Say please/thank you,Say please/thank you,False
US Public Behavior,"[""Queue in line"", ""Hold door open"", ""Say excuse me"", ""Don't litter""]","[""Queue in line"", ""Say excuse me"", ""Don't litter"", ""Hold door open""]","[""Queue in line"", ""Say excuse me"", ""Don't litter"", ""Hold door open""]","You are playing a coordination game with another agent.
If you both select the SAME option, you each get $1.
You cannot communicate - you must try to coordinate.
Note: The other agent sees the SAME options, but in a DIFFERENT order.

US Public Behavior
Options: Queue in line, Say excuse me, Don't litter, Hold door open

Which option do you choose? Respond with the exact option text.",Queue in line,Queue in line,"You are playing a coordination game with another agent.
If you both select the SAME option, you each get $1.
You cannot communicate - you must try to coordinate.
Note: The other agent sees the SAME options, but in a DIFFERENT order.

US Public Behavior
Options: Queue in line, Say excuse me, Don't litter, Hold door open

Which option do you choose? Respond with the exact option text.",Queue in line,Queue in line,True
US Gift Customs,"[""Birthday gifts"", ""Christmas gifts"", ""Wedding gifts"", ""Thank you notes""]","[""Thank you notes"", ""Christmas gifts"", ""Wedding gifts"", ""Birthday gifts""]","[""Wedding gifts"", ""Thank you notes"", ""Christmas gifts"", ""Birthday gifts""]","You are playing a coordination game with another agent.
If you both select the SAME option, you each get $1.
You cannot communicate - you must try to coordinate.
Note: The other agent sees the SAME options, but in a DIFFERENT order.

US Gift Customs
Options: Thank you notes, Christmas gifts, Wedding gifts, Birthday gifts

Which option do you choose? Respond with the exact option text.",Christmas gifts,Christmas gifts,"You are playing a coordination game with another agent.
If you both select the SAME option, you each get $1.
You cannot communicate - you must try to coordinate.
Note: The other agent sees the SAME options, but in a DIFFERENT order.

US Gift Customs
Options: Wedding gifts, Thank you notes, Christmas gifts, Birthday gifts

Which option do you choose? Respond with the exact option text.",Christmas gifts,Christmas gifts,True
US Meeting Norms,"[""Arrive on time"", ""Make eye contact"", ""Business cards"", ""Firm handshake""]","[""Business cards"", ""Make eye contact"", ""Firm handshake"", ""Arrive on time""]","[""Business cards"", ""Arrive on time"", ""Make eye contact"", ""Firm handshake""]","You are playing a coordination game with another agent.
If you both select the SAME option, you each get $1.
You cannot communicate - you must try to coordinate.
Note: The other agent sees the SAME options, but in a DIFFERENT order.

US Meeting Norms
Options: Business cards, Make eye contact, Firm handshake, Arrive on time

Which option do you choose? Respond with the exact option text.",Arrive on time,Arrive on time,"You are playing a coordination game with another agent.
If you both select the SAME option, you each get $1.
You cannot communicate - you must try to coordinate.
Note: The other agent sees the SAME options, but in a DIFFERENT order.

US Meeting Norms
Options: Business cards, Arrive on time, Make eye contact, Firm handshake

Which option do you choose? Respond with the exact option text.",Arrive on time,Arrive on time,True
US Dress Codes,"[""Business suit"", ""Smart casual"", ""Casual"", ""Formal""]","[""Casual"", ""Formal"", ""Smart casual"", ""Business suit""]","[""Smart casual"", ""Business suit"", ""Formal"", ""Casual""]","You are playing a coordination game with another agent.
If you both select the SAME option, you each get $1.
You cannot communicate - you must try to coordinate.
Note: The other agent sees the SAME options, but in a DIFFERENT order.

US Dress Codes
Options: Casual, Formal, Smart casual, Business suit

Which option do you choose? Respond with the exact option text.",Formal,Formal,"You are playing a coordination game with another agent.
If you both select the SAME option, you each get $1.
You cannot communicate - you must try to coordinate.
Note: The other agent sees the SAME options, but in a DIFFERENT order.

US Dress Codes
Options: Smart casual, Business suit, Formal, Casual

Which option do you choose? Respond with the exact option text.",Smart casual,Smart casual,False
US Conversation Norms,"[""Small talk"", ""Eye contact"", ""Personal space"", ""No interrupting""]","[""No interrupting"", ""Eye contact"", ""Personal space"", ""Small talk""]","[""Eye contact"", ""Personal space"", ""Small talk"", ""No interrupting""]","You are playing a coordination game with another agent.
If you both select the SAME option, you each get $1.
You cannot communicate - you must try to coordinate.
Note: The other agent sees the SAME options, but in a DIFFERENT order.

US Conversation Norms
Options: No interrupting, Eye contact, Personal space, Small talk

Which option do you choose? Respond with the exact option text.",Eye contact,Eye contact,"You are playing a coordination game with another agent.
If you both select the SAME option, you each get $1.
You cannot communicate - you must try to coordinate.
Note: The other agent sees the SAME options, but in a DIFFERENT order.

US Conversation Norms
Options: Eye contact, Personal space, Small talk, No interrupting

Which option do you choose? Respond with the exact option text.",Small talk,Small talk,False
US Holiday Customs,"[""Turkey on Thanksgiving"", ""Fireworks on July 4th"", ""Trick-or-treat"", ""Easter eggs""]","[""Trick-or-treat"", ""Easter eggs"", ""Fireworks on July 4th"", ""Turkey on Thanksgiving""]","[""Turkey on Thanksgiving"", ""Trick-or-treat"", ""Fireworks on July 4th"", ""Easter eggs""]","You are playing a coordination game with another agent.
If you both select the SAME option, you each get $1.
You cannot communicate - you must try to coordinate.
Note: The other agent sees the SAME options, but in a DIFFERENT order.

US Holiday Customs
Options: Trick-or-treat, Easter eggs, Fireworks on July 4th, Turkey on Thanksgiving

Which option do you choose? Respond with the exact option text.",Fireworks on July 4th,Fireworks on July 4th,"You are playing a coordination game with another agent.
If you both select the SAME option, you each get $1.
You cannot communicate - you must try to coordinate.
Note: The other agent sees the SAME options, but in a DIFFERENT order.

US Holiday Customs
Options: Turkey on Thanksgiving, Trick-or-treat, Fireworks on July 4th, Easter eggs

Which option do you choose? Respond with the exact option text.",Turkey on Thanksgiving,Turkey on Thanksgiving,False
US Wedding Customs,"[""White dress"", ""Best man"", ""Wedding cake"", ""First dance""]","[""Best man"", ""First dance"", ""White dress"", ""Wedding cake""]","[""White dress"", ""Wedding cake"", ""First dance"", ""Best man""]","You are playing a coordination game with another agent.
If you both select the SAME option, you each get $1.
You cannot communicate - you must try to coordinate.
Note: The other agent sees the SAME options, but in a DIFFERENT order.

US Wedding Customs
Options: Best man, First dance, White dress, Wedding cake

Which option do you choose? Respond with the exact option text.",White dress,White dress,"You are playing a coordination game with another agent.
If you both select the SAME option, you each get $1.
You cannot communicate - you must try to coordinate.
Note: The other agent sees the SAME options, but in a DIFFERENT order.

US Wedding Customs
Options: White dress, Wedding cake, First dance, Best man

Which option do you choose? Respond with the exact option text.",White dress,White dress,True
中国餐桌礼仪,"[""不吧唧嘴"", ""长辈先动筷"", ""筷子不插饭"", ""不翻菜""]","[""不翻菜"", ""不吧唧嘴"", ""长辈先动筷"", ""筷子不插饭""]","[""不翻菜"", ""不吧唧嘴"", ""长辈先动筷"", ""筷子不插饭""]","You are playing a coordination game with another agent.
If you both select the SAME option, you each get $1.
You cannot communicate - you must try to coordinate.
Note: The other agent sees the SAME options, but in a DIFFERENT order.

中国餐桌礼仪
Options: 不翻菜, 不吧唧嘴, 长辈先动筷, 筷子不插饭

Which option do you choose? Respond with the exact option text.",长辈先动筷,长辈先动筷,"You are playing a coordination game with another agent.
If you both select the SAME option, you each get $1.
You cannot communicate - you must try to coordinate.
Note: The other agent sees the SAME options, but in a DIFFERENT order.

中国餐桌礼仪
Options: 不翻菜, 不吧唧嘴, 长辈先动筷, 筷子不插饭

Which option do you choose? Respond with the exact option text.",长辈先动筷,长辈先动筷,True
中国问候方式,"[""握手"", ""点头"", ""鞠躬"", ""拱手""]","[""拱手"", ""点头"", ""鞠躬"", ""握手""]","[""鞠躬"", ""拱手"", ""握手"", ""点头""]","You are playing a coordination game with another agent.
If you both select the SAME option, you each get $1.
You cannot communicate - you must try to coordinate.
Note: The other agent sees the SAME options, but in a DIFFERENT order.

中国问候方式
Options: 拱手, 点头, 鞠躬, 握手

Which option do you choose? Respond with the exact option text.",拱手,拱手,"You are playing a coordination game with another agent.
If you both select the SAME option, you each get $1.
You cannot communicate - you must try to coordinate.
Note: The other agent sees the SAME options, but in a DIFFERENT order.

中国问候方式
Options: 鞠躬, 拱手, 握手, 点头

Which option do you choose? Respond with the exact option text.",拱手,拱手,True
中国用餐礼仪,"[""等人齐了再吃"", ""敬酒"", ""长辈坐主位"", ""使用公筷""]","[""长辈坐主位"", ""等人齐了再吃"", ""敬酒"", ""使用公筷""]","[""敬酒"", ""使用公筷"", ""长辈坐主位"", ""等人齐了再吃""]","You are playing a coordination game with another agent.
If you both select the SAME option, you each get $1.
You cannot communicate - you must try to coordinate.
Note: The other agent sees the SAME options, but in a DIFFERENT order.

中国用餐礼仪
Options: 长辈坐主位, 等人齐了再吃, 敬酒, 使用公筷

Which option do you choose? Respond with the exact option text.",长辈坐主位,长辈坐主位,"You are playing a coordination game with another agent.
If you both select the SAME option, you each get $1.
You cannot communicate - you must try to coordinate.
Note: The other agent sees the SAME options, but in a DIFFERENT order.

中国用餐礼仪
Options: 敬酒, 使用公筷, 长辈坐主位, 等人齐了再吃

Which option do you choose? Respond with the exact option text.",长辈坐主位,长辈坐主位,True
中国公共行为,"[""排队"", ""不让座不礼貌"", ""不大声喧哗"", ""不乱丢垃圾""]","[""不大声喧哗"", ""排队"", ""不乱丢垃圾"", ""不让座不礼貌""]","[""不让座不礼貌"", ""不乱丢垃圾"", ""不大声喧哗"", ""排队""]","You are playing a coordination game with another agent.
If you both select the SAME option, you each get $1.
You cannot communicate - you must try to coordinate.
Note: The other agent sees the SAME options, but in a DIFFERENT order.

中国公共行为
Options: 不大声喧哗, 排队, 不乱丢垃圾, 不让座不礼貌

Which option do you choose? Respond with the exact option text.",排队,排队,"You are playing a coordination game with another agent.
If you both select the SAME option, you each get $1.
You cannot communicate - you must try to coordinate.
Note: The other agent sees the SAME options, but in a DIFFERENT order.

中国公共行为
Options: 不让座不礼貌, 不乱丢垃圾, 不大声喧哗, 排队

Which option do you choose? Respond with the exact option text.",排队,排队,True
中国送礼习俗,"[""红包"", ""生日礼物"", ""过年礼物"", ""双数吉利""]","[""生日礼物"", ""过年礼物"", ""双数吉利"", ""红包""]","[""双数吉利"", ""红包"", ""过年礼物"", ""生日礼物""]","You are playing a coordination game with another agent.
If you both select the SAME option, you each get $1.
You cannot communicate - you must try to coordinate.
Note: The other agent sees the SAME options, but in a DIFFERENT order.

中国送礼习俗
Options: 生日礼物, 过年礼物, 双数吉利, 红包

Which option do you choose? Respond with the exact option text.",红包,红包,"You are playing a coordination game with another agent.
If you both select the SAME option, you each get $1.
You cannot communicate - you must try to coordinate.
Note: The other agent sees the SAME options, but in a DIFFERENT order.

中国送礼习俗
Options: 双数吉利, 红包, 过年礼物, 生日礼物

Which option do you choose? Respond with the exact option text.",红包,红包,True
中国见面礼仪,"[""握手"", ""称呼对方"", ""交换名片"", ""双手递物""]","[""交换名片"", ""握手"", ""双手递物"", ""称呼对方""]","[""握手"", ""称呼对方"", ""双手递物"", ""交换名片""]","You are playing a coordination game with another agent.
If you both select the SAME option, you each get $1.
You cannot communicate - you must try to coordinate.
Note: The other agent sees the SAME options, but in a DIFFERENT order.

中国见面礼仪
Options: 交换名片, 握手, 双手递物, 称呼对方

Which option do you choose? Respond with the exact option text.",双手递物,双手递物,"You are playing a coordination game with another agent.
If you both select the SAME option, you each get $1.
You cannot communicate - you must try to coordinate.
Note: The other agent sees the SAME options, but in a DIFFERENT order.

中国见面礼仪
Options: 握手, 称呼对方, 双手递物, 交换名片

Which option do you choose? Respond with the exact option text.",握手,握手,False
中国着装规范,"[""正装"", ""休闲装"", ""商务装"", ""运动装""]","[""商务装"", ""运动装"", ""正装"", ""休闲装""]","[""正装"", ""商务装"", ""休闲装"", ""运动装""]","You are playing a coordination game with another agent.
If you both select the SAME option, you each get $1.
You cannot communicate - you must try to coordinate.
Note: The other agent sees the SAME options, but in a DIFFERENT order.

中国着装规范
Options: 商务装, 运动装, 正装, 休闲装

Which option do you choose? Respond with the exact option text.",商务装,商务装,"You are playing a coordination game with another agent.
If you both select the SAME option, you each get $1.
You cannot communicate - you must try to coordinate.
Note: The other agent sees the SAME options, but in a DIFFERENT order.

中国着装规范
Options: 正装, 商务装, 休闲装, 运动装

Which option do you choose? Respond with the exact option text.",正装,正装,False
中国社交规范,"[""寒暄"", ""敬语"", ""让座"", ""不直接拒绝""]","[""寒暄"", ""敬语"", ""让座"", ""不直接拒绝""]","[""不直接拒绝"", ""寒暄"", ""敬语"", ""让座""]","You are playing a coordination game with another agent.
If you both select the SAME option, you each get $1.
You cannot communicate - you must try to coordinate.
Note: The other agent sees the SAME options, but in a DIFFERENT order.

中国社交规范
Options: 寒暄, 敬语, 让座, 不直接拒绝

Which option do you choose? Respond with the exact option text.",不直接拒绝,不直接拒绝,"You are playing a coordination game with another agent.
If you both select the SAME option, you each get $1.
You cannot communicate - you must try to coordinate.
Note: The other agent sees the SAME options, but in a DIFFERENT order.

中国社交规范
Options: 不直接拒绝, 寒暄, 敬语, 让座

Which option do you choose? Respond with the exact option text.",敬语,敬语,False
中国节日习俗,"[""过年放鞭炮"", ""中秋节吃月饼"", ""端午节吃粽子"", ""清明扫墓""]","[""端午节吃粽子"", ""中秋节吃月饼"", ""过年放鞭炮"", ""清明扫墓""]","[""端午节吃粽子"", ""中秋节吃月饼"", ""清明扫墓"", ""过年放鞭炮""]","You are playing a coordination game with another agent.
If you both select the SAME option, you each get $1.
You cannot communicate - you must try to coordinate.
Note: The other agent sees the SAME options, but in a DIFFERENT order.

中国节日习俗
Options: 端午节吃粽子, 中秋节吃月饼, 过年放鞭炮, 清明扫墓

Which option do you choose? Respond with the exact option text.",过年放鞭炮,过年放鞭炮,"You are playing a coordination game with another agent.
If you both select the SAME option, you each get $1.
You cannot communicate - you must try to coordinate.
Note: The other agent sees the SAME options, but in a DIFFERENT order.

中国节日习俗
Options: 端午节吃粽子, 中秋节吃月饼, 清明扫墓, 过年放鞭炮

Which option do you choose? Respond with the exact option text.",过年放鞭炮,过年放鞭炮,True
中国婚嫁习俗,"[""红色嫁衣"", ""敬茶"", ""闹洞房"", ""份子钱""]","[""份子钱"", ""红色嫁衣"", ""敬茶"", ""闹洞房""]","[""份子钱"", ""红色嫁衣"", ""敬茶"", ""闹洞房""]","You are playing a coordination game with another agent.
If you both select the SAME option, you each get $1.
You cannot communicate - you must try to coordinate.
Note: The other agent sees the SAME options, but in a DIFFERENT order.

中国婚嫁习俗
Options: 份子钱, 红色嫁衣, 敬茶, 闹洞房

Which option do you choose? Respond with the exact option text.",红色嫁衣,红色嫁衣,"You are playing a coordination game with another agent.
If you both select the SAME option, you each get $1.
You cannot communicate - you must try to coordinate.
Note: The other agent sees the SAME options, but in a DIFFERENT order.

中国婚嫁习俗
Options: 份子钱, 红色嫁衣, 敬茶, 闹洞房

Which option do you choose? Respond with the exact option text.",敬茶,敬茶,False
US Federal Holidays,"[""Christmas"", ""Thanksgiving"", ""Independence Day"", ""New Year's Day""]","[""New Year's Day"", ""Thanksgiving"", ""Independence Day"", ""Christmas""]","[""New Year's Day"", ""Christmas"", ""Thanksgiving"", ""Independence Day""]","You are playing a coordination game with another agent.
If you both select the SAME option, you each get $1.
You cannot communicate - you must try to coordinate.
Note: The other agent sees the SAME options, but in a DIFFERENT order.

US Federal Holidays
Options: New Year's Day, Thanksgiving, Independence Day, Christmas

Which option do you choose? Respond with the exact option text.",New Year's Day,New Year's Day,"You are playing a coordination game with another agent.
If you both select the SAME option, you each get $1.
You cannot communicate - you must try to coordinate.
Note: The other agent sees the SAME options, but in a DIFFERENT order.

US Federal Holidays
Options: New Year's Day, Christmas, Thanksgiving, Independence Day

Which option do you choose? Respond with the exact option text.",Christmas,Christmas,False
US Celebrations,"[""Halloween"", ""Valentine's Day"", ""Easter"", ""St. Patrick's Day""]","[""Valentine's Day"", ""Easter"", ""Halloween"", ""St. Patrick's Day""]","[""Valentine's Day"", ""St. Patrick's Day"", ""Easter"", ""Halloween""]","You are playing a coordination game with another agent.
If you both select the SAME option, you each get $1.
You cannot communicate - you must try to coordinate.
Note: The other agent sees the SAME options, but in a DIFFERENT order.

US Celebrations
Options: Valentine's Day, Easter, Halloween, St. Patrick's Day

Which option do you choose? Respond with the exact option text.",Halloween,Halloween,"You are playing a coordination game with another agent.
If you both select the SAME option, you each get $1.
You cannot communicate - you must try to coordinate.
Note: The other agent sees the SAME options, but in a DIFFERENT order.

US Celebrations
Options: Valentine's Day, St. Patrick's Day, Easter, Halloween

Which option do you choose? Respond with the exact option text.",Halloween,Halloween,True
US Family Holidays,"[""Thanksgiving"", ""Christmas"", ""Mother's Day"", ""Father's Day""]","[""Mother's Day"", ""Father's Day"", ""Christmas"", ""Thanksgiving""]","[""Thanksgiving"", ""Father's Day"", ""Christmas"", ""Mother's Day""]","You are playing a coordination game with another agent.
If you both select the SAME option, you each get $1.
You cannot communicate - you must try to coordinate.
Note: The other agent sees the SAME options, but in a DIFFERENT order.

US Family Holidays
Options: Mother's Day, Father's Day, Christmas, Thanksgiving

Which option do you choose? Respond with the exact option text.",Thanksgiving,Thanksgiving,"You are playing a coordination game with another agent.
If you both select the SAME option, you each get $1.
You cannot communicate - you must try to coordinate.
Note: The other agent sees the SAME options, but in a DIFFERENT order.

US Family Holidays
Options: Thanksgiving, Father's Day, Christmas, Mother's Day

Which option do you choose? Respond with the exact option text.",Christmas,Christmas,False
US Summer Holidays,"[""July 4th"", ""Memorial Day"", ""Labor Day"", ""Flag Day""]","[""Labor Day"", ""Memorial Day"", ""Flag Day"", ""July 4th""]","[""July 4th"", ""Memorial Day"", ""Flag Day"", ""Labor Day""]","You are playing a coordination game with another agent.
If you both select the SAME option, you each get $1.
You cannot communicate - you must try to coordinate.
Note: The other agent sees the SAME options, but in a DIFFERENT order.

US Summer Holidays
Options: Labor Day, Memorial Day, Flag Day, July 4th

Which option do you choose? Respond with the exact option text.",July 4th,July 4th,"You are playing a coordination game with another agent.
If you both select the SAME option, you each get $1.
You cannot communicate - you must try to coordinate.
Note: The other agent sees the SAME options, but in a DIFFERENT order.

US Summer Holidays
Options: July 4th, Memorial Day, Flag Day, Labor Day

Which option do you choose? Respond with the exact option text.",July 4th,July 4th,True
US Winter Holidays,"[""Christmas"", ""New Year's"", ""Hanukkah"", ""Kwanzaa""]","[""Hanukkah"", ""Christmas"", ""New Year's"", ""Kwanzaa""]","[""Christmas"", ""New Year's"", ""Hanukkah"", ""Kwanzaa""]","You are playing a coordination game with another agent.
If you both select the SAME option, you each get $1.
You cannot communicate - you must try to coordinate.
Note: The other agent sees the SAME options, but in a DIFFERENT order.

US Winter Holidays
Options: Hanukkah, Christmas, New Year's, Kwanzaa

Which option do you choose? Respond with the exact option text.",Christmas,Christmas,"You are playing a coordination game with another agent.
If you both select the SAME option, you each get $1.
You cannot communicate - you must try to coordinate.
Note: The other agent sees the SAME options, but in a DIFFERENT order.

US Winter Holidays
Options: Christmas, New Year's, Hanukkah, Kwanzaa

Which option do you choose? Respond with the exact option text.",Christmas,Christmas,True
中国法定假日,"[""春节"", ""国庆节"", ""中秋节"", ""端午节""]","[""中秋节"", ""国庆节"", ""春节"", ""端午节""]","[""端午节"", ""春节"", ""中秋节"", ""国庆节""]","You are playing a coordination game with another agent.
If you both select the SAME option, you each get $1.
You cannot communicate - you must try to coordinate.
Note: The other agent sees the SAME options, but in a DIFFERENT order.

中国法定假日
Options: 中秋节, 国庆节, 春节, 端午节

Which option do you choose? Respond with the exact option text.",春节,春节,"You are playing a coordination game with another agent.
If you both select the SAME option, you each get $1.
You cannot communicate - you must try to coordinate.
Note: The other agent sees the SAME options, but in a DIFFERENT order.

中国法定假日
Options: 端午节, 春节, 中秋节, 国庆节

Which option do you choose? Respond with the exact option text.",春节,春节,True
中国传统节日,"[""元宵节"", ""七夕"", ""重阳节"", ""腊八节""]","[""七夕"", ""腊八节"", ""元宵节"", ""重阳节""]","[""腊八节"", ""元宵节"", ""重阳节"", ""七夕""]","You are playing a coordination game with another agent.
If you both select the SAME option, you each get $1.
You cannot communicate - you must try to coordinate.
Note: The other agent sees the SAME options, but in a DIFFERENT order.

中国传统节日
Options: 七夕, 腊八节, 元宵节, 重阳节

Which option do you choose? Respond with the exact option text.",七夕,七夕,"You are playing a coordination game with another agent.
If you both select the SAME option, you each get $1.
You cannot communicate - you must try to coordinate.
Note: The other agent sees the SAME options, but in a DIFFERENT order.

中国传统节日
Options: 腊八节, 元宵节, 重阳节, 七夕

Which option do you choose? Respond with the exact option text.",元宵节,元宵节,False
中国家庭节日,"[""春节"", ""中秋节"", ""端午节"", ""清明节""]","[""清明节"", ""中秋节"", ""端午节"", ""春节""]","[""清明节"", ""春节"", ""中秋节"", ""端午节""]","You are playing a coordination game with another agent.
If you both select the SAME option, you each get $1.
You cannot communicate - you must try to coordinate.
Note: The other agent sees the SAME options, but in a DIFFERENT order.

中国家庭节日
Options: 清明节, 中秋节, 端午节, 春节

Which option do you choose? Respond with the exact option text.",春节,春节,"You are playing a coordination game with another agent.
If you both select the SAME option, you each get $1.
You cannot communicate - you must try to coordinate.
Note: The other agent sees the SAME options, but in a DIFFERENT order.

中国家庭节日
Options: 清明节, 春节, 中秋节, 端午节

Which option do you choose? Respond with the exact option text.",春节,春节,True
中国现代节日,"[""五一劳动节"", ""国庆节"", ""元旦"", ""三八妇女节""]","[""三八妇女节"", ""国庆节"", ""五一劳动节"", ""元旦""]","[""国庆节"", ""五一劳动节"", ""元旦"", ""三八妇女节""]","You are playing a coordination game with another agent.
If you both select the SAME option, you each get $1.
You cannot communicate - you must try to coordinate.
Note: The other agent sees the SAME options, but in a DIFFERENT order.

中国现代节日
Options: 三八妇女节, 国庆节, 五一劳动节, 元旦

Which option do you choose? Respond with the exact option text.",国庆节,国庆节,"You are playing a coordination game with another agent.
If you both select the SAME option, you each get $1.
You cannot communicate - you must try to coordinate.
Note: The other agent sees the SAME options, but in a DIFFERENT order.

中国现代节日
Options: 国庆节, 五一劳动节, 元旦, 三八妇女节

Which option do you choose? Respond with the exact option text.",国庆节,国庆节,True
中国节气节日,"[""立春"", ""清明"", ""冬至"", ""中秋""]","[""冬至"", ""中秋"", ""清明"", ""立春""]","[""冬至"", ""清明"", ""中秋"", ""立春""]","You are playing a coordination game with another agent.
If you both select the SAME option, you each get $1.
You cannot communicate - you must try to coordinate.
Note: The other agent sees the SAME options, but in a DIFFERENT order.

中国节气节日
Options: 冬至, 中秋, 清明, 立春

Which option do you choose? Respond with the exact option text.",冬至,冬至,"You are playing a coordination game with another agent.
If you both select the SAME option, you each get $1.
You cannot communicate - you must try to coordinate.
Note: The other agent sees the SAME options, but in a DIFFERENT order.

中国节气节日
Options: 冬至, 清明, 中秋, 立春

Which option do you choose? Respond with the exact option text.",清明,清明,False
American Breakfast,"[""Pancakes"", ""Eggs"", ""Bacon"", ""Cereal""]","[""Bacon"", ""Cereal"", ""Eggs"", ""Pancakes""]","[""Bacon"", ""Cereal"", ""Pancakes"", ""Eggs""]","You are playing a coordination game with another agent.
If you both select the SAME option, you each get $1.
You cannot communicate - you must try to coordinate.
Note: The other agent sees the SAME options, but in a DIFFERENT order.

American Breakfast
Options: Bacon, Cereal, Eggs, Pancakes

Which option do you choose? Respond with the exact option text.",Eggs,Eggs,"You are playing a coordination game with another agent.
If you both select the SAME option, you each get $1.
You cannot communicate - you must try to coordinate.
Note: The other agent sees the SAME options, but in a DIFFERENT order.

American Breakfast
Options: Bacon, Cereal, Pancakes, Eggs

Which option do you choose? Respond with the exact option text.",Pancakes,Pancakes,False
American Fast Food,"[""Burger"", ""Pizza"", ""Hot Dog"", ""Fries""]","[""Fries"", ""Burger"", ""Hot Dog"", ""Pizza""]","[""Fries"", ""Burger"", ""Pizza"", ""Hot Dog""]","You are playing a coordination game with another agent.
If you both select the SAME option, you each get $1.
You cannot communicate - you must try to coordinate.
Note: The other agent sees the SAME options, but in a DIFFERENT order.

American Fast Food
Options: Fries, Burger, Hot Dog, Pizza

Which option do you choose? Respond with the exact option text.",Burger,Burger,"You are playing a coordination game with another agent.
If you both select the SAME option, you each get $1.
You cannot communicate - you must try to coordinate.
Note: The other agent sees the SAME options, but in a DIFFERENT order.

American Fast Food
Options: Fries, Burger, Pizza, Hot Dog

Which option do you choose? Respond with the exact option text.",Burger,Burger,True
American Dinner,"[""Steak"", ""Roast Chicken"", ""Pasta"", ""Salad""]","[""Pasta"", ""Salad"", ""Roast Chicken"", ""Steak""]","[""Salad"", ""Steak"", ""Pasta"", ""Roast Chicken""]","You are playing a coordination game with another agent.
If you both select the SAME option, you each get $1.
You cannot communicate - you must try to coordinate.
Note: The other agent sees the SAME options, but in a DIFFERENT order.

American Dinner
Options: Pasta, Salad, Roast Chicken, Steak

Which option do you choose? Respond with the exact option text.",Steak,Steak,"You are playing a coordination game with another agent.
If you both select the SAME option, you each get $1.
You cannot communicate - you must try to coordinate.
Note: The other agent sees the SAME options, but in a DIFFERENT order.

American Dinner
Options: Salad, Steak, Pasta, Roast Chicken

Which option do you choose? Respond with the exact option text.",Steak,Steak,True
American Snacks,"[""Chips"", ""Popcorn"", ""Cookies"", ""Candy""]","[""Popcorn"", ""Chips"", ""Cookies"", ""Candy""]","[""Candy"", ""Chips"", ""Cookies"", ""Popcorn""]","You are playing a coordination game with another agent.
If you both select the SAME option, you each get $1.
You cannot communicate - you must try to coordinate.
Note: The other agent sees the SAME options, but in a DIFFERENT order.

American Snacks
Options: Popcorn, Chips, Cookies, Candy

Which option do you choose? Respond with the exact option text.",Popcorn,Popcorn,"You are playing a coordination game with another agent.
If you both select the SAME option, you each get $1.
You cannot communicate - you must try to coordinate.
Note: The other agent sees the SAME options, but in a DIFFERENT order.

American Snacks
Options: Candy, Chips, Cookies, Popcorn

Which option do you choose? Respond with the exact option text.",Popcorn,Popcorn,True
American Desserts,"[""Apple Pie"", ""Brownie"", ""Ice Cream"", ""Cheesecake""]","[""Cheesecake"", ""Ice Cream"", ""Apple Pie"", ""Brownie""]","[""Ice Cream"", ""Apple Pie"", ""Brownie"", ""Cheesecake""]","You are playing a coordination game with another agent.
If you both select the SAME option, you each get $1.
You cannot communicate - you must try to coordinate.
Note: The other agent sees the SAME options, but in a DIFFERENT order.

American Desserts
Options: Cheesecake, Ice Cream, Apple Pie, Brownie

Which option do you choose? Respond with the exact option text.",Apple Pie,Apple Pie,"You are playing a coordination game with another agent.
If you both select the SAME option, you each get $1.
You cannot communicate - you must try to coordinate.
Note: The other agent sees the SAME options, but in a DIFFERENT order.

American Desserts
Options: Ice Cream, Apple Pie, Brownie, Cheesecake

Which option do you choose? Respond with the exact option text.",Apple Pie,Apple Pie,True
American Comfort Food,"[""Mac and Cheese"", ""Grilled Cheese"", ""Meatloaf"", ""Mashed Potatoes""]","[""Mashed Potatoes"", ""Meatloaf"", ""Grilled Cheese"", ""Mac and Cheese""]","[""Mac and Cheese"", ""Mashed Potatoes"", ""Meatloaf"", ""Grilled Cheese""]","You are playing a coordination game with another agent.
If you both select the SAME option, you each get $1.
You cannot communicate - you must try to coordinate.
Note: The other agent sees the SAME options, but in a DIFFERENT order.

American Comfort Food
Options: Mashed Potatoes, Meatloaf, Grilled Cheese, Mac and Cheese

Which option do you choose? Respond with the exact option text.",Mac and Cheese,Mac and Cheese,"You are playing a coordination game with another agent.
If you both select the SAME option, you each get $1.
You cannot communicate - you must try to coordinate.
Note: The other agent sees the SAME options, but in a DIFFERENT order.

American Comfort Food
Options: Mac and Cheese, Mashed Potatoes, Meatloaf, Grilled Cheese

Which option do you choose? Respond with the exact option text.",Mac and Cheese,Mac and Cheese,True
American Side Dishes,"[""French Fries"", ""Coleslaw"", ""Corn"", ""Baked Beans""]","[""French Fries"", ""Baked Beans"", ""Coleslaw"", ""Corn""]","[""Baked Beans"", ""Corn"", ""Coleslaw"", ""French Fries""]","You are playing a coordination game with another agent.
If you both select the SAME option, you each get $1.
You cannot communicate - you must try to coordinate.
Note: The other agent sees the SAME options, but in a DIFFERENT order.

American Side Dishes
Options: French Fries, Baked Beans, Coleslaw, Corn

Which option do you choose? Respond with the exact option text.",French Fries,French Fries,"You are playing a coordination game with another agent.
If you both select the SAME option, you each get $1.
You cannot communicate - you must try to coordinate.
Note: The other agent sees the SAME options, but in a DIFFERENT order.

American Side Dishes
Options: Baked Beans, Corn, Coleslaw, French Fries

Which option do you choose? Respond with the exact option text.",French Fries,French Fries,True
American BBQ,"[""Ribs"", ""Brisket"", ""Pulled Pork"", ""Grilled Chicken""]","[""Grilled Chicken"", ""Pulled Pork"", ""Brisket"", ""Ribs""]","[""Pulled Pork"", ""Brisket"", ""Ribs"", ""Grilled Chicken""]","You are playing a coordination game with another agent.
If you both select the SAME option, you each get $1.
You cannot communicate - you must try to coordinate.
Note: The other agent sees the SAME options, but in a DIFFERENT order.

American BBQ
Options: Grilled Chicken, Pulled Pork, Brisket, Ribs

Which option do you choose? Respond with the exact option text.",Brisket,Brisket,"You are playing a coordination game with another agent.
If you both select the SAME option, you each get $1.
You cannot communicate - you must try to coordinate.
Note: The other agent sees the SAME options, but in a DIFFERENT order.

American BBQ
Options: Pulled Pork, Brisket, Ribs, Grilled Chicken

Which option do you choose? Respond with the exact option text.",Ribs,Ribs,False
American Sandwiches,"[""BLT"", ""PB&J"", ""Club Sandwich"", ""Grilled Cheese""]","[""BLT"", ""PB&J"", ""Club Sandwich"", ""Grilled Cheese""]","[""BLT"", ""PB&J"", ""Club Sandwich"", ""Grilled Cheese""]","You are playing a coordination game with another agent.
If you both select the SAME option, you each get $1.
You cannot communicate - you must try to coordinate.
Note: The other agent sees the SAME options, but in a DIFFERENT order.

American Sandwiches
Options: BLT, PB&J, Club Sandwich, Grilled Cheese

Which option do you choose? Respond with the exact option text.",PB&J,PB&J,"You are playing a coordination game with another agent.
If you both select the SAME option, you each get $1.
You cannot communicate - you must try to coordinate.
Note: The other agent sees the SAME options, but in a DIFFERENT order.

American Sandwiches
Options: BLT, PB&J, Club Sandwich, Grilled Cheese

Which option do you choose? Respond with the exact option text.",BLT,BLT,False
American Holiday Food,"[""Turkey"", ""Ham"", ""Pumpkin Pie"", ""Stuffing""]","[""Turkey"", ""Pumpkin Pie"", ""Stuffing"", ""Ham""]","[""Ham"", ""Turkey"", ""Stuffing"", ""Pumpkin Pie""]","You are playing a coordination game with another agent.
If you both select the SAME option, you each get $1.
You cannot communicate - you must try to coordinate.
Note: The other agent sees the SAME options, but in a DIFFERENT order.

American Holiday Food
Options: Turkey, Pumpkin Pie, Stuffing, Ham

Which option do you choose? Respond with the exact option text.",Turkey,Turkey,"You are playing a coordination game with another agent.
If you both select the SAME option, you each get $1.
You cannot communicate - you must try to coordinate.
Note: The other agent sees the SAME options, but in a DIFFERENT order.

American Holiday Food
Options: Ham, Turkey, Stuffing, Pumpkin Pie

Which option do you choose? Respond with the exact option text.",Turkey,Turkey,True
中国早餐,"[""包子"", ""油条"", ""豆浆"", ""煎饼""]","[""包子"", ""豆浆"", ""油条"", ""煎饼""]","[""油条"", ""煎饼"", ""豆浆"", ""包子""]","You are playing a coordination game with another agent.
If you both select the SAME option, you each get $1.
You cannot communicate - you must try to coordinate.
Note: The other agent sees the SAME options, but in a DIFFERENT order.

中国早餐
Options: 包子, 豆浆, 油条, 煎饼

Which option do you choose? Respond with the exact option text.",包子,包子,"You are playing a coordination game with another agent.
If you both select the SAME option, you each get $1.
You cannot communicate - you must try to coordinate.
Note: The other agent sees the SAME options, but in a DIFFERENT order.

中国早餐
Options: 油条, 煎饼, 豆浆, 包子

Which option do you choose? Respond with the exact option text.",豆浆,豆浆,False
中国快餐,"[""炒饭"", ""面条"", ""饺子"", ""盒饭""]","[""盒饭"", ""面条"", ""炒饭"", ""饺子""]","[""面条"", ""炒饭"", ""饺子"", ""盒饭""]","You are playing a coordination game with another agent.
If you both select the SAME option, you each get $1.
You cannot communicate - you must try to coordinate.
Note: The other agent sees the SAME options, but in a DIFFERENT order.

中国快餐
Options: 盒饭, 面条, 炒饭, 饺子

Which option do you choose? Respond with the exact option text.",炒饭,炒饭,"You are playing a coordination game with another agent.
If you both select the SAME option, you each get $1.
You cannot communicate - you must try to coordinate.
Note: The other agent sees the SAME options, but in a DIFFERENT order.

中国快餐
Options: 面条, 炒饭, 饺子, 盒饭

Which option do you choose? Respond with the exact option text.",炒饭,炒饭,True
中国家常菜,"[""红烧肉"", ""宫保鸡丁"", ""麻婆豆腐"", ""西红柿炒鸡蛋""]","[""宫保鸡丁"", ""西红柿炒鸡蛋"", ""红烧肉"", ""麻婆豆腐""]","[""麻婆豆腐"", ""红烧肉"", ""西红柿炒鸡蛋"", ""宫保鸡丁""]","You are playing a coordination game with another agent.
If you both select the SAME option, you each get $1.
You cannot communicate - you must try to coordinate.
Note: The other agent sees the SAME options, but in a DIFFERENT order.

中国家常菜
Options: 宫保鸡丁, 西红柿炒鸡蛋, 红烧肉, 麻婆豆腐

Which option do you choose? Respond with the exact option text.",西红柿炒鸡蛋,西红柿炒鸡蛋,"You are playing a coordination game with another agent.
If you both select the SAME option, you each get $1.
You cannot communicate - you must try to coordinate.
Note: The other agent sees the SAME options, but in a DIFFERENT order.

中国家常菜
Options: 麻婆豆腐, 红烧肉, 西红柿炒鸡蛋, 宫保鸡丁

Which option do you choose? Respond with the exact option text.",西红柿炒鸡蛋,西红柿炒鸡蛋,True
中国小吃,"[""煎饼果子"", ""烤串"", ""臭豆腐"", ""糖葫芦""]","[""糖葫芦"", ""臭豆腐"", ""烤串"", ""煎饼果子""]","[""糖葫芦"", ""烤串"", ""臭豆腐"", ""煎饼果子""]","You are playing a coordination game with another agent.
If you both select the SAME option, you each get $1.
You cannot communicate - you must try to coordinate.
Note: The other agent sees the SAME options, but in a DIFFERENT order.

中国小吃
Options: 糖葫芦, 臭豆腐, 烤串, 煎饼果子

Which option do you choose? Respond with the exact option text.",糖葫芦,糖葫芦,"You are playing a coordination game with another agent.
If you both select the SAME option, you each get $1.
You cannot communicate - you must try to coordinate.
Note: The other agent sees the SAME options, but in a DIFFERENT order.

中国小吃
Options: 糖葫芦, 烤串, 臭豆腐, 煎饼果子

Which option do you choose? Respond with the exact option text.",糖葫芦,糖葫芦,True
中国甜点,"[""汤圆"", ""月饼"", ""粽子"", ""豆沙包""]","[""粽子"", ""月饼"", ""豆沙包"", ""汤圆""]","[""豆沙包"", ""月饼"", ""汤圆"", ""粽子""]","You are playing a coordination game with another agent.
If you both select the SAME option, you each get $1.
You cannot communicate - you must try to coordinate.
Note: The other agent sees the SAME options, but in a DIFFERENT order.

中国甜点
Options: 粽子, 月饼, 豆沙包, 汤圆

Which option do you choose? Respond with the exact option text.",月饼,月饼,"You are playing a coordination game with another agent.
If you both select the SAME option, you each get $1.
You cannot communicate - you must try to coordinate.
Note: The other agent sees the SAME options, but in a DIFFERENT order.

中国甜点
Options: 豆沙包, 月饼, 汤圆, 粽子

Which option do you choose? Respond with the exact option text.",月饼,月饼,True
中国主食,"[""米饭"", ""面条"", ""馒头"", ""饺子""]","[""馒头"", ""米饭"", ""饺子"", ""面条""]","[""馒头"", ""米饭"", ""饺子"", ""面条""]","You are playing a coordination game with another agent.
If you both select the SAME option, you each get $1.
You cannot communicate - you must try to coordinate.
Note: The other agent sees the SAME options, but in a DIFFERENT order.

中国主食
Options: 馒头, 米饭, 饺子, 面条

Which option do you choose? Respond with the exact option text.",米饭,米饭,"You are playing a coordination game with another agent.
If you both select the SAME option, you each get $1.
You cannot communicate - you must try to coordinate.
Note: The other agent sees the SAME options, but in a DIFFERENT order.

中国主食
Options: 馒头, 米饭, 饺子, 面条

Which option do you choose? Respond with the exact option text.",米饭,米饭,True
中国汤类,"[""鸡汤"", ""排骨汤"", ""紫菜蛋花汤"", ""酸辣汤""]","[""紫菜蛋花汤"", ""酸辣汤"", ""鸡汤"", ""排骨汤""]","[""酸辣汤"", ""紫菜蛋花汤"", ""排骨汤"", ""鸡汤""]","You are playing a coordination game with another agent.
If you both select the SAME option, you each get $1.
You cannot communicate - you must try to coordinate.
Note: The other agent sees the SAME options, but in a DIFFERENT order.

中国汤类
Options: 紫菜蛋花汤, 酸辣汤, 鸡汤, 排骨汤

Which option do you choose? Respond with the exact option text.",酸辣汤,酸辣汤,"You are playing a coordination game with another agent.
If you both select the SAME option, you each get $1.
You cannot communicate - you must try to coordinate.
Note: The other agent sees the SAME options, but in a DIFFERENT order.

中国汤类
Options: 酸辣汤, 紫菜蛋花汤, 排骨汤, 鸡汤

Which option do you choose? Respond with the exact option text.",鸡汤,鸡汤,False
中国火锅食材,"[""牛肉"", ""羊肉"", ""豆腐"", ""白菜""]","[""豆腐"", ""羊肉"", ""牛肉"", ""白菜""]","[""羊肉"", ""白菜"", ""豆腐"", ""牛肉""]","You are playing a coordination game with another agent.
If you both select the SAME option, you each get $1.
You cannot communicate - you must try to coordinate.
Note: The other agent sees the SAME options, but in a DIFFERENT order.

中国火锅食材
Options: 豆腐, 羊肉, 牛肉, 白菜

Which option do you choose? Respond with the exact option text.",豆腐,豆腐,"You are playing a coordination game with another agent.
If you both select the SAME option, you each get $1.
You cannot communicate - you must try to coordinate.
Note: The other agent sees the SAME options, but in a DIFFERENT order.

中国火锅食材
Options: 羊肉, 白菜, 豆腐, 牛肉

Which option do you choose? Respond with the exact option text.",羊肉,羊肉,False
中国面食,"[""拉面"", ""刀削面"", ""炸酱面"", ""担担面""]","[""炸酱面"", ""担担面"", ""拉面"", ""刀削面""]","[""担担面"", ""刀削面"", ""拉面"", ""炸酱面""]","You are playing a coordination game with another agent.
If you both select the SAME option, you each get $1.
You cannot communicate - you must try to coordinate.
Note: The other agent sees the SAME options, but in a DIFFERENT order.

中国面食
Options: 炸酱面, 担担面, 拉面, 刀削面

Which option do you choose? Respond with the exact option text.",炸酱面,炸酱面,"You are playing a coordination game with another agent.
If you both select the SAME option, you each get $1.
You cannot communicate - you must try to coordinate.
Note: The other agent sees the SAME options, but in a DIFFERENT order.

中国面食
Options: 担担面, 刀削面, 拉面, 炸酱面

Which option do you choose? Respond with the exact option text.",拉面,拉面,False
中国节日食物,"[""饺子"", ""月饼"", ""粽子"", ""汤圆""]","[""汤圆"", ""粽子"", ""饺子"", ""月饼""]","[""汤圆"", ""粽子"", ""月饼"", ""饺子""]","You are playing a coordination game with another agent.
If you both select the SAME option, you each get $1.
You cannot communicate - you must try to coordinate.
Note: The other agent sees the SAME options, but in a DIFFERENT order.

中国节日食物
Options: 汤圆, 粽子, 饺子, 月饼

Which option do you choose? Respond with the exact option text.",饺子,饺子,"You are playing a coordination game with another agent.
If you both select the SAME option, you each get $1.
You cannot communicate - you must try to coordinate.
Note: The other agent sees the SAME options, but in a DIFFERENT order.

中国节日食物
Options: 汤圆, 粽子, 月饼, 饺子

Which option do you choose? Respond with the exact option text.",月饼,月饼,False
American Breakfast Drinks,"[""Coffee"", ""Orange Juice"", ""Milk"", ""Tea""]","[""Coffee"", ""Milk"", ""Tea"", ""Orange Juice""]","[""Coffee"", ""Orange Juice"", ""Milk"", ""Tea""]","You are playing a coordination game with another agent.
If you both select the SAME option, you each get $1.
You cannot communicate - you must try to coordinate.
Note: The other agent sees the SAME options, but in a DIFFERENT order.

American Breakfast Drinks
Options: Coffee, Milk, Tea, Orange Juice

Which option do you choose? Respond with the exact option text.",Coffee,Coffee,"You are playing a coordination game with another agent.
If you both select the SAME option, you each get $1.
You cannot communicate - you must try to coordinate.
Note: The other agent sees the SAME options, but in a DIFFERENT order.

American Breakfast Drinks
Options: Coffee, Orange Juice, Milk, Tea

Which option do you choose? Respond with the exact option text.",Coffee,Coffee,True
American Soft Drinks,"[""Coca-Cola"", ""Pepsi"", ""Sprite"", ""Dr Pepper""]","[""Sprite"", ""Pepsi"", ""Coca-Cola"", ""Dr Pepper""]","[""Dr Pepper"", ""Sprite"", ""Pepsi"", ""Coca-Cola""]","You are playing a coordination game with another agent.
If you both select the SAME option, you each get $1.
You cannot communicate - you must try to coordinate.
Note: The other agent sees the SAME options, but in a DIFFERENT order.

American Soft Drinks
Options: Sprite, Pepsi, Coca-Cola, Dr Pepper

Which option do you choose? Respond with the exact option text.",Coca-Cola,Coca-Cola,"You are playing a coordination game with another agent.
If you both select the SAME option, you each get $1.
You cannot communicate - you must try to coordinate.
Note: The other agent sees the SAME options, but in a DIFFERENT order.

American Soft Drinks
Options: Dr Pepper, Sprite, Pepsi, Coca-Cola

Which option do you choose? Respond with the exact option text.",Coca-Cola,Coca-Cola,True
American Hot Drinks,"[""Coffee"", ""Tea"", ""Hot Chocolate"", ""Cider""]","[""Hot Chocolate"", ""Tea"", ""Coffee"", ""Cider""]","[""Coffee"", ""Cider"", ""Hot Chocolate"", ""Tea""]","You are playing a coordination game with another agent.
If you both select the SAME option, you each get $1.
You cannot communicate - you must try to coordinate.
Note: The other agent sees the SAME options, but in a DIFFERENT order.

American Hot Drinks
Options: Hot Chocolate, Tea, Coffee, Cider

Which option do you choose? Respond with the exact option text.",Coffee,Coffee,"You are playing a coordination game with another agent.
If you both select the SAME option, you each get $1.
You cannot communicate - you must try to coordinate.
Note: The other agent sees the SAME options, but in a DIFFERENT order.

American Hot Drinks
Options: Coffee, Cider, Hot Chocolate, Tea

Which option do you choose? Respond with the exact option text.",Coffee,Coffee,True
American Cocktails,"[""Margarita"", ""Mojito"", ""Martini"", ""Old Fashioned""]","[""Margarita"", ""Old Fashioned"", ""Mojito"", ""Martini""]","[""Martini"", ""Margarita"", ""Old Fashioned"", ""Mojito""]","You are playing a coordination game with another agent.
If you both select the SAME option, you each get $1.
You cannot communicate - you must try to coordinate.
Note: The other agent sees the SAME options, but in a DIFFERENT order.

American Cocktails
Options: Margarita, Old Fashioned, Mojito, Martini

Which option do you choose? Respond with the exact option text.",Old Fashioned,Old Fashioned,"You are playing a coordination game with another agent.
If you both select the SAME option, you each get $1.
You cannot communicate - you must try to coordinate.
Note: The other agent sees the SAME options, but in a DIFFERENT order.

American Cocktails
Options: Martini, Margarita, Old Fashioned, Mojito

Which option do you choose? Respond with the exact option text.",Old Fashioned,Old Fashioned,True
American Party Drinks,"[""Beer"", ""Wine"", ""Champagne"", ""Cocktail""]","[""Wine"", ""Champagne"", ""Cocktail"", ""Beer""]","[""Champagne"", ""Wine"", ""Beer"", ""Cocktail""]","You are playing a coordination game with another agent.
If you both select the SAME option, you each get $1.
You cannot communicate - you must try to coordinate.
Note: The other agent sees the SAME options, but in a DIFFERENT order.

American Party Drinks
Options: Wine, Champagne, Cocktail, Beer

Which option do you choose? Respond with the exact option text.",Beer,Beer,"You are playing a coordination game with another agent.
If you both select the SAME option, you each get $1.
You cannot communicate - you must try to coordinate.
Note: The other agent sees the SAME options, but in a DIFFERENT order.

American Party Drinks
Options: Champagne, Wine, Beer, Cocktail

Which option do you choose? Respond with the exact option text.",Beer,Beer,True
中国早餐饮品,"[""豆浆"", ""牛奶"", ""粥"", ""茶""]","[""豆浆"", ""粥"", ""牛奶"", ""茶""]","[""茶"", ""豆浆"", ""牛奶"", ""粥""]","You are playing a coordination game with another agent.
If you both select the SAME option, you each get $1.
You cannot communicate - you must try to coordinate.
Note: The other agent sees the SAME options, but in a DIFFERENT order.

中国早餐饮品
Options: 豆浆, 粥, 牛奶, 茶

Which option do you choose? Respond with the exact option text.",豆浆,豆浆,"You are playing a coordination game with another agent.
If you both select the SAME option, you each get $1.
You cannot communicate - you must try to coordinate.
Note: The other agent sees the SAME options, but in a DIFFERENT order.

中国早餐饮品
Options: 茶, 豆浆, 牛奶, 粥

Which option do you choose? Respond with the exact option text.",豆浆,豆浆,True
中国茶类,"[""绿茶"", ""红茶"", ""乌龙茶"", ""普洱茶""]","[""红茶"", ""绿茶"", ""普洱茶"", ""乌龙茶""]","[""绿茶"", ""红茶"", ""乌龙茶"", ""普洱茶""]","You are playing a coordination game with another agent.
If you both select the SAME option, you each get $1.
You cannot communicate - you must try to coordinate.
Note: The other agent sees the SAME options, but in a DIFFERENT order.

中国茶类
Options: 红茶, 绿茶, 普洱茶, 乌龙茶

Which option do you choose? Respond with the exact option text.",绿茶,绿茶,"You are playing a coordination game with another agent.
If you both select the SAME option, you each get $1.
You cannot communicate - you must try to coordinate.
Note: The other agent sees the SAME options, but in a DIFFERENT order.

中国茶类
Options: 绿茶, 红茶, 乌龙茶, 普洱茶

Which option do you choose? Respond with the exact option text.",绿茶,绿茶,True
中国热饮,"[""热水"", ""茶"", ""咖啡"", ""豆浆""]","[""茶"", ""豆浆"", ""热水"", ""咖啡""]","[""热水"", ""豆浆"", ""咖啡"", ""茶""]","You are playing a coordination game with another agent.
If you both select the SAME option, you each get $1.
You cannot communicate - you must try to coordinate.
Note: The other agent sees the SAME options, but in a DIFFERENT order.

中国热饮
Options: 茶, 豆浆, 热水, 咖啡

Which option do you choose? Respond with the exact option text.",热水,热水,"You are playing a coordination game with another agent.
If you both select the SAME option, you each get $1.
You cannot communicate - you must try to coordinate.
Note: The other agent sees the SAME options, but in a DIFFERENT order.

中国热饮
Options: 热水, 豆浆, 咖啡, 茶

Which option do you choose? Respond with the exact option text.",茶,茶,False
中国酒类,"[""白酒"", ""啤酒"", ""黄酒"", ""米酒""]","[""白酒"", ""黄酒"", ""啤酒"", ""米酒""]","[""米酒"", ""白酒"", ""黄酒"", ""啤酒""]","You are playing a coordination game with another agent.
If you both select the SAME option, you each get $1.
You cannot communicate - you must try to coordinate.
Note: The other agent sees the SAME options, but in a DIFFERENT order.

中国酒类
Options: 白酒, 黄酒, 啤酒, 米酒

Which option do you choose? Respond with the exact option text.",白酒,白酒,"You are playing a coordination game with another agent.
If you both select the SAME option, you each get $1.
You cannot communicate - you must try to coordinate.
Note: The other agent sees the SAME options, but in a DIFFERENT order.

中国酒类
Options: 米酒, 白酒, 黄酒, 啤酒

Which option do you choose? Respond with the exact option text.",白酒,白酒,True
中国冷饮,"[""冰红茶"", ""酸梅汤"", ""柠檬水"", ""凉茶""]","[""柠檬水"", ""冰红茶"", ""凉茶"", ""酸梅汤""]","[""凉茶"", ""酸梅汤"", ""柠檬水"", ""冰红茶""]","You are playing a coordination game with another agent.
If you both select the SAME option, you each get $1.
You cannot communicate - you must try to coordinate.
Note: The other agent sees the SAME options, but in a DIFFERENT order.

中国冷饮
Options: 柠檬水, 冰红茶, 凉茶, 酸梅汤

Which option do you choose? Respond with the exact option text.",凉茶,凉茶,"You are playing a coordination game with another agent.
If you both select the SAME option, you each get $1.
You cannot communicate - you must try to coordinate.
Note: The other agent sees the SAME options, but in a DIFFERENT order.

中国冷饮
Options: 凉茶, 酸梅汤, 柠檬水, 冰红茶

Which option do you choose? Respond with the exact option text.",酸梅汤,酸梅汤,False
US Presidents,"[""Washington"", ""Lincoln"", ""Kennedy"", ""Obama""]","[""Washington"", ""Kennedy"", ""Obama"", ""Lincoln""]","[""Kennedy"", ""Obama"", ""Lincoln"", ""Washington""]","You are playing a coordination game with another agent.
If you both select the SAME option, you each get $1.
You cannot communicate - you must try to coordinate.
Note: The other agent sees the SAME options, but in a DIFFERENT order.

US Presidents
Options: Washington, Kennedy, Obama, Lincoln

Which option do you choose? Respond with the exact option text.",Washington,Washington,"You are playing a coordination game with another agent.
If you both select the SAME option, you each get $1.
You cannot communicate - you must try to coordinate.
Note: The other agent sees the SAME options, but in a DIFFERENT order.

US Presidents
Options: Kennedy, Obama, Lincoln, Washington

Which option do you choose? Respond with the exact option text.",Washington,Washington,True
US Scientists,"[""Einstein"", ""Edison"", ""Tesla"", ""Newton""]","[""Edison"", ""Tesla"", ""Newton"", ""Einstein""]","[""Edison"", ""Tesla"", ""Einstein"", ""Newton""]","You are playing a coordination game with another agent.
If you both select the SAME option, you each get $1.
You cannot communicate - you must try to coordinate.
Note: The other agent sees the SAME options, but in a DIFFERENT order.

US Scientists
Options: Edison, Tesla, Newton, Einstein

Which option do you choose? Respond with the exact option text.",Edison,Edison,"You are playing a coordination game with another agent.
If you both select the SAME option, you each get $1.
You cannot communicate - you must try to coordinate.
Note: The other agent sees the SAME options, but in a DIFFERENT order.

US Scientists
Options: Edison, Tesla, Einstein, Newton

Which option do you choose? Respond with the exact option text.",Einstein,Einstein,False
US Musicians,"[""Elvis"", ""Michael Jackson"", ""Madonna"", ""Beyonce""]","[""Michael Jackson"", ""Beyonce"", ""Elvis"", ""Madonna""]","[""Michael Jackson"", ""Madonna"", ""Beyonce"", ""Elvis""]","You are playing a coordination game with another agent.
If you both select the SAME option, you each get $1.
You cannot communicate - you must try to coordinate.
Note: The other agent sees the SAME options, but in a DIFFERENT order.

US Musicians
Options: Michael Jackson, Beyonce, Elvis, Madonna

Which option do you choose? Respond with the exact option text.",Michael Jackson,Michael Jackson,"You are playing a coordination game with another agent.
If you both select the SAME option, you each get $1.
You cannot communicate - you must try to coordinate.
Note: The other agent sees the SAME options, but in a DIFFERENT order.

US Musicians
Options: Michael Jackson, Madonna, Beyonce, Elvis

Which option do you choose? Respond with the exact option text.",Michael Jackson,Michael Jackson,True
US Actors,"[""Tom Hanks"", ""Brad Pitt"", ""Meryl Streep"", ""Leonardo DiCaprio""]","[""Tom Hanks"", ""Meryl Streep"", ""Brad Pitt"", ""Leonardo DiCaprio""]","[""Meryl Streep"", ""Leonardo DiCaprio"", ""Brad Pitt"", ""Tom Hanks""]","You are playing a coordination game with another agent.
If you both select the SAME option, you each get $1.
You cannot communicate - you must try to coordinate.
Note: The other agent sees the SAME options, but in a DIFFERENT order.

US Actors
Options: Tom Hanks, Meryl Streep, Brad Pitt, Leonardo DiCaprio

Which option do you choose? Respond with the exact option text.",Tom Hanks,Tom Hanks,"You are playing a coordination game with another agent.
If you both select the SAME option, you each get $1.
You cannot communicate - you must try to coordinate.
Note: The other agent sees the SAME options, but in a DIFFERENT order.

US Actors
Options: Meryl Streep, Leonardo DiCaprio, Brad Pitt, Tom Hanks

Which option do you choose? Respond with the exact option text.",Meryl Streep,Meryl Streep,False
US Athletes,"[""Michael Jordan"", ""LeBron James"", ""Tom Brady"", ""Serena Williams""]","[""LeBron James"", ""Tom Brady"", ""Michael Jordan"", ""Serena Williams""]","[""Serena Williams"", ""Michael Jordan"", ""Tom Brady"", ""LeBron James""]","You are playing a coordination game with another agent.
If you both select the SAME option, you each get $1.
You cannot communicate - you must try to coordinate.
Note: The other agent sees the SAME options, but in a DIFFERENT order.

US Athletes
Options: LeBron James, Tom Brady, Michael Jordan, Serena Williams

Which option do you choose? Respond with the exact option text.",Michael Jordan,Michael Jordan,"You are playing a coordination game with another agent.
If you both select the SAME option, you each get $1.
You cannot communicate - you must try to coordinate.
Note: The other agent sees the SAME options, but in a DIFFERENT order.

US Athletes
Options: Serena Williams, Michael Jordan, Tom Brady, LeBron James

Which option do you choose? Respond with the exact option text.",Michael Jordan,Michael Jordan,True
US Business Leaders,"[""Elon Musk"", ""Steve Jobs"", ""Bill Gates"", ""Jeff Bezos""]","[""Steve Jobs"", ""Elon Musk"", ""Jeff Bezos"", ""Bill Gates""]","[""Steve Jobs"", ""Elon Musk"", ""Jeff Bezos"", ""Bill Gates""]","You are playing a coordination game with another agent.
If you both select the SAME option, you each get $1.
You cannot communicate - you must try to coordinate.
Note: The other agent sees the SAME options, but in a DIFFERENT order.

US Business Leaders
Options: Steve Jobs, Elon Musk, Jeff Bezos, Bill Gates

Which option do you choose? Respond with the exact option text.",Bill Gates,Bill Gates,"You are playing a coordination game with another agent.
If you both select the SAME option, you each get $1.
You cannot communicate - you must try to coordinate.
Note: The other agent sees the SAME options, but in a DIFFERENT order.

US Business Leaders
Options: Steve Jobs, Elon Musk, Jeff Bezos, Bill Gates

Which option do you choose? Respond with the exact option text.",Bill Gates,Bill Gates,True
US Writers,"[""Mark Twain"", ""Hemingway"", ""Fitzgerald"", ""Stephen King""]","[""Stephen King"", ""Hemingway"", ""Mark Twain"", ""Fitzgerald""]","[""Stephen King"", ""Hemingway"", ""Fitzgerald"", ""Mark Twain""]","You are playing a coordination game with another agent.
If you both select the SAME option, you each get $1.
You cannot communicate - you must try to coordinate.
Note: The other agent sees the SAME options, but in a DIFFERENT order.

US Writers
Options: Stephen King, Hemingway, Mark Twain, Fitzgerald

Which option do you choose? Respond with the exact option text.",Mark Twain,Mark Twain,"You are playing a coordination game with another agent.
If you both select the SAME option, you each get $1.
You cannot communicate - you must try to coordinate.
Note: The other agent sees the SAME options, but in a DIFFERENT order.

US Writers
Options: Stephen King, Hemingway, Fitzgerald, Mark Twain

Which option do you choose? Respond with the exact option text.",Mark Twain,Mark Twain,True
US Historical Figures,"[""Benjamin Franklin"", ""Martin Luther King Jr."", ""Amelia Earhart"", ""Rosa Parks""]","[""Benjamin Franklin"", ""Amelia Earhart"", ""Martin Luther King Jr."", ""Rosa Parks""]","[""Rosa Parks"", ""Martin Luther King Jr."", ""Amelia Earhart"", ""Benjamin Franklin""]","You are playing a coordination game with another agent.
If you both select the SAME option, you each get $1.
You cannot communicate - you must try to coordinate.
Note: The other agent sees the SAME options, but in a DIFFERENT order.

US Historical Figures
Options: Benjamin Franklin, Amelia Earhart, Martin Luther King Jr., Rosa Parks

Which option do you choose? Respond with the exact option text.",Martin Luther King Jr.,Martin Luther King Jr.,"You are playing a coordination game with another agent.
If you both select the SAME option, you each get $1.
You cannot communicate - you must try to coordinate.
Note: The other agent sees the SAME options, but in a DIFFERENT order.

US Historical Figures
Options: Rosa Parks, Martin Luther King Jr., Amelia Earhart, Benjamin Franklin

Which option do you choose? Respond with the exact option text.",Martin Luther King Jr.,Martin Luther King Jr.,True
US Directors,"[""Steven Spielberg"", ""Martin Scorsese"", ""Christopher Nolan"", ""Quentin Tarantino""]","[""Christopher Nolan"", ""Martin Scorsese"", ""Quentin Tarantino"", ""Steven Spielberg""]","[""Quentin Tarantino"", ""Martin Scorsese"", ""Steven Spielberg"", ""Christopher Nolan""]","You are playing a coordination game with another agent.
If you both select the SAME option, you each get $1.
You cannot communicate - you must try to coordinate.
Note: The other agent sees the SAME options, but in a DIFFERENT order.

US Directors
Options: Christopher Nolan, Martin Scorsese, Quentin Tarantino, Steven Spielberg

Which option do you choose? Respond with the exact option text.",Steven Spielberg,Steven Spielberg,"You are playing a coordination game with another agent.
If you both select the SAME option, you each get $1.
You cannot communicate - you must try to coordinate.
Note: The other agent sees the SAME options, but in a DIFFERENT order.

US Directors
Options: Quentin Tarantino, Martin Scorsese, Steven Spielberg, Christopher Nolan

Which option do you choose? Respond with the exact option text.",Steven Spielberg,Steven Spielberg,True
US Tech Founders,"[""Steve Jobs"", ""Bill Gates"", ""Mark Zuckerberg"", ""Elon Musk""]","[""Bill Gates"", ""Steve Jobs"", ""Elon Musk"", ""Mark Zuckerberg""]","[""Mark Zuckerberg"", ""Bill Gates"", ""Steve Jobs"", ""Elon Musk""]","You are playing a coordination game with another agent.
If you both select the SAME option, you each get $1.
You cannot communicate - you must try to coordinate.
Note: The other agent sees the SAME options, but in a DIFFERENT order.

US Tech Founders
Options: Bill Gates, Steve Jobs, Elon Musk, Mark Zuckerberg

Which option do you choose? Respond with the exact option text.",Elon Musk,Elon Musk,"You are playing a coordination game with another agent.
If you both select the SAME option, you each get $1.
You cannot communicate - you must try to coordinate.
Note: The other agent sees the SAME options, but in a DIFFERENT order.

US Tech Founders
Options: Mark Zuckerberg, Bill Gates, Steve Jobs, Elon Musk

Which option do you choose? Respond with the exact option text.",Steve Jobs,Steve Jobs,False
中国古代帝王,"[""秦始皇"", ""汉武帝"", ""唐太宗"", ""康熙帝""]","[""康熙帝"", ""秦始皇"", ""唐太宗"", ""汉武帝""]","[""汉武帝"", ""康熙帝"", ""唐太宗"", ""秦始皇""]","You are playing a coordination game with another agent.
If you both select the SAME option, you each get $1.
You cannot communicate - you must try to coordinate.
Note: The other agent sees the SAME options, but in a DIFFERENT order.

中国古代帝王
Options: 康熙帝, 秦始皇, 唐太宗, 汉武帝

Which option do you choose? Respond with the exact option text.",秦始皇,秦始皇,"You are playing a coordination game with another agent.
If you both select the SAME option, you each get $1.
You cannot communicate - you must try to coordinate.
Note: The other agent sees the SAME options, but in a DIFFERENT order.

中国古代帝王
Options: 汉武帝, 康熙帝, 唐太宗, 秦始皇

Which option do you choose? Respond with the exact option text.",秦始皇,秦始皇,True
中国科学家,"[""袁隆平"", ""屠呦呦"", ""钱学森"", ""邓稼先""]","[""邓稼先"", ""袁隆平"", ""屠呦呦"", ""钱学森""]","[""屠呦呦"", ""邓稼先"", ""袁隆平"", ""钱学森""]","You are playing a coordination game with another agent.
If you both select the SAME option, you each get $1.
You cannot communicate - you must try to coordinate.
Note: The other agent sees the SAME options, but in a DIFFERENT order.

中国科学家
Options: 邓稼先, 袁隆平, 屠呦呦, 钱学森

Which option do you choose? Respond with the exact option text.",屠呦呦,屠呦呦,"You are playing a coordination game with another agent.
If you both select the SAME option, you each get $1.
You cannot communicate - you must try to coordinate.
Note: The other agent sees the SAME options, but in a DIFFERENT order.

中国科学家
Options: 屠呦呦, 邓稼先, 袁隆平, 钱学森

Which option do you choose? Respond with the exact option text.",屠呦呦,屠呦呦,True
中国歌手,"[""周杰伦"", ""邓丽君"", ""王菲"", ""刘德华""]","[""周杰伦"", ""王菲"", ""刘德华"", ""邓丽君""]","[""邓丽君"", ""周杰伦"", ""刘德华"", ""王菲""]","You are playing a coordination game with another agent.
If you both select the SAME option, you each get $1.
You cannot communicate - you must try to coordinate.
Note: The other agent sees the SAME options, but in a DIFFERENT order.

中国歌手
Options: 周杰伦, 王菲, 刘德华, 邓丽君

Which option do you choose? Respond with the exact option text.",邓丽君,邓丽君,"You are playing a coordination game with another agent.
If you both select the SAME option, you each get $1.
You cannot communicate - you must try to coordinate.
Note: The other agent sees the SAME options, but in a DIFFERENT order.

中国歌手
Options: 邓丽君, 周杰伦, 刘德华, 王菲

Which option do you choose? Respond with the exact option text.",邓丽君,邓丽君,True
中国演员,"[""成龙"", ""周星驰"", ""巩俐"", ""章子怡""]","[""巩俐"", ""周星驰"", ""章子怡"", ""成龙""]","[""章子怡"", ""周星驰"", ""巩俐"", ""成龙""]","You are playing a coordination game with another agent.
If you both select the SAME option, you each get $1.
You cannot communicate - you must try to coordinate.
Note: The other agent sees the SAME options, but in a DIFFERENT order.

中国演员
Options: 巩俐, 周星驰, 章子怡, 成龙

Which option do you choose? Respond with the exact option text.",成龙,成龙,"You are playing a coordination game with another agent.
If you both select the SAME option, you each get $1.
You cannot communicate - you must try to coordinate.
Note: The other agent sees the SAME options, but in a DIFFERENT order.

中国演员
Options: 章子怡, 周星驰, 巩俐, 成龙

Which option do you choose? Respond with the exact option text.",成龙,成龙,True
中国运动员,"[""姚明"", ""刘翔"", ""李娜"", ""马龙""]","[""李娜"", ""马龙"", ""姚明"", ""刘翔""]","[""姚明"", ""刘翔"", ""李娜"", ""马龙""]","You are playing a coordination game with another agent.
If you both select the SAME option, you each get $1.
You cannot communicate - you must try to coordinate.
Note: The other agent sees the SAME options, but in a DIFFERENT order.

中国运动员
Options: 李娜, 马龙, 姚明, 刘翔

Which option do you choose? Respond with the exact option text.",姚明,姚明,"You are playing a coordination game with another agent.
If you both select the SAME option, you each get $1.
You cannot communicate - you must try to coordinate.
Note: The other agent sees the SAME options, but in a DIFFERENT order.

中国运动员
Options: 姚明, 刘翔, 李娜, 马龙

Which option do you choose? Respond with the exact option text.",姚明,姚明,True
中国企业家,"[""马云"", ""马化腾"", ""任正非"", ""雷军""]","[""马云"", ""任正非"", ""马化腾"", ""雷军""]","[""马化腾"", ""任正非"", ""马云"", ""雷军""]","You are playing a coordination game with another agent.
If you both select the SAME option, you each get $1.
You cannot communicate - you must try to coordinate.
Note: The other agent sees the SAME options, but in a DIFFERENT order.

中国企业家
Options: 马云, 任正非, 马化腾, 雷军

Which option do you choose? Respond with the exact option text.",马云,马云,"You are playing a coordination game with another agent.
If you both select the SAME option, you each get $1.
You cannot communicate - you must try to coordinate.
Note: The other agent sees the SAME options, but in a DIFFERENT order.

中国企业家
Options: 马化腾, 任正非, 马云, 雷军

Which option do you choose? Respond with the exact option text.",马云,马云,True
中国作家,"[""鲁迅"", ""莫言"", ""金庸"", ""余华""]","[""莫言"", ""金庸"", ""余华"", ""鲁迅""]","[""莫言"", ""金庸"", ""鲁迅"", ""余华""]","You are playing a coordination game with another agent.
If you both select the SAME option, you each get $1.
You cannot communicate - you must try to coordinate.
Note: The other agent sees the SAME options, but in a DIFFERENT order.

中国作家
Options: 莫言, 金庸, 余华, 鲁迅

Which option do you choose? Respond with the exact option text.",莫言,莫言,"You are playing a coordination game with another agent.
If you both select the SAME option, you each get $1.
You cannot communicate - you must try to coordinate.
Note: The other agent sees the SAME options, but in a DIFFERENT order.

中国作家
Options: 莫言, 金庸, 鲁迅, 余华

Which option do you choose? Respond with the exact option text.",莫言,莫言,True
中国历史人物,"[""孔子"", ""诸葛亮"", ""李白"", ""孙中山""]","[""孙中山"", ""孔子"", ""李白"", ""诸葛亮""]","[""孙中山"", ""孔子"", ""诸葛亮"", ""李白""]","You are playing a coordination game with another agent.
If you both select the SAME option, you each get $1.
You cannot communicate - you must try to coordinate.
Note: The other agent sees the SAME options, but in a DIFFERENT order.

中国历史人物
Options: 孙中山, 孔子, 李白, 诸葛亮

Which option do you choose? Respond with the exact option text.",孔子,孔子,"You are playing a coordination game with another agent.
If you both select the SAME option, you each get $1.
You cannot communicate - you must try to coordinate.
Note: The other agent sees the SAME options, but in a DIFFERENT order.

中国历史人物
Options: 孙中山, 孔子, 诸葛亮, 李白

Which option do you choose? Respond with the exact option text.",孔子,孔子,True
中国导演,"[""张艺谋"", ""李安"", ""陈凯歌"", ""王家卫""]","[""王家卫"", ""陈凯歌"", ""李安"", ""张艺谋""]","[""王家卫"", ""陈凯歌"", ""张艺谋"", ""李安""]","You are playing a coordination game with another agent.
If you both select the SAME option, you each get $1.
You cannot communicate - you must try to coordinate.
Note: The other agent sees the SAME options, but in a DIFFERENT order.

中国导演
Options: 王家卫, 陈凯歌, 李安, 张艺谋

Which option do you choose? Respond with the exact option text.",张艺谋,张艺谋,"You are playing a coordination game with another agent.
If you both select the SAME option, you each get $1.
You cannot communicate - you must try to coordinate.
Note: The other agent sees the SAME options, but in a DIFFERENT order.

中国导演
Options: 王家卫, 陈凯歌, 张艺谋, 李安

Which option do you choose? Respond with the exact option text.",张艺谋,张艺谋,True
中国互联网人物,"[""马云"", ""马化腾"", ""李彦宏"", ""张一鸣""]","[""马云"", ""李彦宏"", ""马化腾"", ""张一鸣""]","[""马化腾"", ""李彦宏"", ""张一鸣"", ""马云""]","You are playing a coordination game with another agent.
If you both select the SAME option, you each get $1.
You cannot communicate - you must try to coordinate.
Note: The other agent sees the SAME options, but in a DIFFERENT order.

中国互联网人物
Options: 马云, 李彦宏, 马化腾, 张一鸣

Which option do you choose? Respond with the exact option text.",马云,马云,"You are playing a coordination game with another agent.
If you both select the SAME option, you each get $1.
You cannot communicate - you must try to coordinate.
Note: The other agent sees the SAME options, but in a DIFFERENT order.

中国互联网人物
Options: 马化腾, 李彦宏, 张一鸣, 马云

Which option do you choose? Respond with the exact option text.",马云,马云,True
US Social Media,"[""Facebook"", ""Twitter"", ""Instagram"", ""TikTok""]","[""TikTok"", ""Instagram"", ""Twitter"", ""Facebook""]","[""Twitter"", ""Facebook"", ""Instagram"", ""TikTok""]","You are playing a coordination game with another agent.
If you both select the SAME option, you each get $1.
You cannot communicate - you must try to coordinate.
Note: The other agent sees the SAME options, but in a DIFFERENT order.

US Social Media
Options: TikTok, Instagram, Twitter, Facebook

Which option do you choose? Respond with the exact option text.",Facebook,Facebook,"You are playing a coordination game with another agent.
If you both select the SAME option, you each get $1.
You cannot communicate - you must try to coordinate.
Note: The other agent sees the SAME options, but in a DIFFERENT order.

US Social Media
Options: Twitter, Facebook, Instagram, TikTok

Which option do you choose? Respond with the exact option text.",Facebook,Facebook,True
US TV Shows,"[""Friends"", ""Breaking Bad"", ""The Office"", ""Game of Thrones""]","[""Breaking Bad"", ""The Office"", ""Friends"", ""Game of Thrones""]","[""The Office"", ""Breaking Bad"", ""Game of Thrones"", ""Friends""]","You are playing a coordination game with another agent.
If you both select the SAME option, you each get $1.
You cannot communicate - you must try to coordinate.
Note: The other agent sees the SAME options, but in a DIFFERENT order.

US TV Shows
Options: Breaking Bad, The Office, Friends, Game of Thrones

Which option do you choose? Respond with the exact option text.",Friends,Friends,"You are playing a coordination game with another agent.
If you both select the SAME option, you each get $1.
You cannot communicate - you must try to coordinate.
Note: The other agent sees the SAME options, but in a DIFFERENT order.

US TV Shows
Options: The Office, Breaking Bad, Game of Thrones, Friends

Which option do you choose? Respond with the exact option text.",Friends,Friends,True
US Movies,"[""Star Wars"", ""The Godfather"", ""Titanic"", ""Avengers""]","[""Avengers"", ""Star Wars"", ""The Godfather"", ""Titanic""]","[""Titanic"", ""Star Wars"", ""The Godfather"", ""Avengers""]","You are playing a coordination game with another agent.
If you both select the SAME option, you each get $1.
You cannot communicate - you must try to coordinate.
Note: The other agent sees the SAME options, but in a DIFFERENT order.

US Movies
Options: Avengers, Star Wars, The Godfather, Titanic

Which option do you choose? Respond with the exact option text.",Star Wars,Star Wars,"You are playing a coordination game with another agent.
If you both select the SAME option, you each get $1.
You cannot communicate - you must try to coordinate.
Note: The other agent sees the SAME options, but in a DIFFERENT order.

US Movies
Options: Titanic, Star Wars, The Godfather, Avengers

Which option do you choose? Respond with the exact option text.",Star Wars,Star Wars,True
US News Sources,"[""CNN"", ""Fox News"", ""New York Times"", ""BBC""]","[""New York Times"", ""Fox News"", ""CNN"", ""BBC""]","[""New York Times"", ""CNN"", ""BBC"", ""Fox News""]","You are playing a coordination game with another agent.
If you both select the SAME option, you each get $1.
You cannot communicate - you must try to coordinate.
Note: The other agent sees the SAME options, but in a DIFFERENT order.

US News Sources
Options: New York Times, Fox News, CNN, BBC

Which option do you choose? Respond with the exact option text.",New York Times,New York Times,"You are playing a coordination game with another agent.
If you both select the SAME option, you each get $1.
You cannot communicate - you must try to coordinate.
Note: The other agent sees the SAME options, but in a DIFFERENT order.

US News Sources
Options: New York Times, CNN, BBC, Fox News

Which option do you choose? Respond with the exact option text.",BBC,BBC,False
US Streaming Services,"[""Netflix"", ""Hulu"", ""Disney+"", ""Amazon Prime""]","[""Amazon Prime"", ""Netflix"", ""Disney+"", ""Hulu""]","[""Amazon Prime"", ""Hulu"", ""Disney+"", ""Netflix""]","You are playing a coordination game with another agent.
If you both select the SAME option, you each get $1.
You cannot communicate - you must try to coordinate.
Note: The other agent sees the SAME options, but in a DIFFERENT order.

US Streaming Services
Options: Amazon Prime, Netflix, Disney+, Hulu

Which option do you choose? Respond with the exact option text.",Netflix,Netflix,"You are playing a coordination game with another agent.
If you both select the SAME option, you each get $1.
You cannot communicate - you must try to coordinate.
Note: The other agent sees the SAME options, but in a DIFFERENT order.

US Streaming Services
Options: Amazon Prime, Hulu, Disney+, Netflix

Which option do you choose? Respond with the exact option text.",Netflix,Netflix,True
US Music Platforms,"[""Spotify"", ""Apple Music"", ""YouTube Music"", ""Pandora""]","[""Pandora"", ""Spotify"", ""Apple Music"", ""YouTube Music""]","[""Spotify"", ""Pandora"", ""YouTube Music"", ""Apple Music""]","You are playing a coordination game with another agent.
If you both select the SAME option, you each get $1.
You cannot communicate - you must try to coordinate.
Note: The other agent sees the SAME options, but in a DIFFERENT order.

US Music Platforms
Options: Pandora, Spotify, Apple Music, YouTube Music

Which option do you choose? Respond with the exact option text.",Spotify,Spotify,"You are playing a coordination game with another agent.
If you both select the SAME option, you each get $1.
You cannot communicate - you must try to coordinate.
Note: The other agent sees the SAME options, but in a DIFFERENT order.

US Music Platforms
Options: Spotify, Pandora, YouTube Music, Apple Music

Which option do you choose? Respond with the exact option text.",Spotify,Spotify,True
US Video Games,"[""Minecraft"", ""Fortnite"", ""Call of Duty"", ""GTA""]","[""Fortnite"", ""Call of Duty"", ""GTA"", ""Minecraft""]","[""GTA"", ""Call of Duty"", ""Fortnite"", ""Minecraft""]","You are playing a coordination game with another agent.
If you both select the SAME option, you each get $1.
You cannot communicate - you must try to coordinate.
Note: The other agent sees the SAME options, but in a DIFFERENT order.

US Video Games
Options: Fortnite, Call of Duty, GTA, Minecraft

Which option do you choose? Respond with the exact option text.",Minecraft,Minecraft,"You are playing a coordination game with another agent.
If you both select the SAME option, you each get $1.
You cannot communicate - you must try to coordinate.
Note: The other agent sees the SAME options, but in a DIFFERENT order.

US Video Games
Options: GTA, Call of Duty, Fortnite, Minecraft

Which option do you choose? Respond with the exact option text.",Minecraft,Minecraft,True
US Cartoons,"[""Simpsons"", ""Mickey Mouse"", ""Tom and Jerry"", ""SpongeBob""]","[""SpongeBob"", ""Simpsons"", ""Mickey Mouse"", ""Tom and Jerry""]","[""Simpsons"", ""Mickey Mouse"", ""SpongeBob"", ""Tom and Jerry""]","You are playing a coordination game with another agent.
If you both select the SAME option, you each get $1.
You cannot communicate - you must try to coordinate.
Note: The other agent sees the SAME options, but in a DIFFERENT order.

US Cartoons
Options: SpongeBob, Simpsons, Mickey Mouse, Tom and Jerry

Which option do you choose? Respond with the exact option text.",Mickey Mouse,Mickey Mouse,"You are playing a coordination game with another agent.
If you both select the SAME option, you each get $1.
You cannot communicate - you must try to coordinate.
Note: The other agent sees the SAME options, but in a DIFFERENT order.

US Cartoons
Options: Simpsons, Mickey Mouse, SpongeBob, Tom and Jerry

Which option do you choose? Respond with the exact option text.",Mickey Mouse,Mickey Mouse,True
US Talk Shows,"[""Tonight Show"", ""Ellen"", ""Oprah"", ""Late Night""]","[""Oprah"", ""Late Night"", ""Ellen"", ""Tonight Show""]","[""Ellen"", ""Oprah"", ""Late Night"", ""Tonight Show""]","You are playing a coordination game with another agent.
If you both select the SAME option, you each get $1.
You cannot communicate - you must try to coordinate.
Note: The other agent sees the SAME options, but in a DIFFERENT order.

US Talk Shows
Options: Oprah, Late Night, Ellen, Tonight Show

Which option do you choose? Respond with the exact option text.",Tonight Show,Tonight Show,"You are playing a coordination game with another agent.
If you both select the SAME option, you each get $1.
You cannot communicate - you must try to coordinate.
Note: The other agent sees the SAME options, but in a DIFFERENT order.

US Talk Shows
Options: Ellen, Oprah, Late Night, Tonight Show

Which option do you choose? Respond with the exact option text.",Oprah,Oprah,False
US Podcast Genres,"[""True Crime"", ""Comedy"", ""News"", ""Tech""]","[""News"", ""Comedy"", ""True Crime"", ""Tech""]","[""Comedy"", ""News"", ""True Crime"", ""Tech""]","You are playing a coordination game with another agent.
If you both select the SAME option, you each get $1.
You cannot communicate - you must try to coordinate.
Note: The other agent sees the SAME options, but in a DIFFERENT order.

US Podcast Genres
Options: News, Comedy, True Crime, Tech

Which option do you choose? Respond with the exact option text.",News,News,"You are playing a coordination game with another agent.
If you both select the SAME option, you each get $1.
You cannot communicate - you must try to coordinate.
Note: The other agent sees the SAME options, but in a DIFFERENT order.

US Podcast Genres
Options: Comedy, News, True Crime, Tech

Which option do you choose? Respond with the exact option text.",Comedy,Comedy,False
中国社交媒体,"[""微信"", ""微博"", ""抖音"", ""小红书""]","[""微博"", ""微信"", ""抖音"", ""小红书""]","[""微博"", ""抖音"", ""微信"", ""小红书""]","You are playing a coordination game with another agent.
If you both select the SAME option, you each get $1.
You cannot communicate - you must try to coordinate.
Note: The other agent sees the SAME options, but in a DIFFERENT order.

中国社交媒体
Options: 微博, 微信, 抖音, 小红书

Which option do you choose? Respond with the exact option text.",微博,微博,"You are playing a coordination game with another agent.
If you both select the SAME option, you each get $1.
You cannot communicate - you must try to coordinate.
Note: The other agent sees the SAME options, but in a DIFFERENT order.

中国社交媒体
Options: 微博, 抖音, 微信, 小红书

Which option do you choose? Respond with the exact option text.",微信,微信,False
中国电视剧,"[""甄嬛传"", ""琅琊榜"", ""庆余年"", ""都挺好""]","[""都挺好"", ""庆余年"", ""琅琊榜"", ""甄嬛传""]","[""琅琊榜"", ""都挺好"", ""庆余年"", ""甄嬛传""]","You are playing a coordination game with another agent.
If you both select the SAME option, you each get $1.
You cannot communicate - you must try to coordinate.
Note: The other agent sees the SAME options, but in a DIFFERENT order.

中国电视剧
Options: 都挺好, 庆余年, 琅琊榜, 甄嬛传

Which option do you choose? Respond with the exact option text.",甄嬛传,甄嬛传,"You are playing a coordination game with another agent.
If you both select the SAME option, you each get $1.
You cannot communicate - you must try to coordinate.
Note: The other agent sees the SAME options, but in a DIFFERENT order.

中国电视剧
Options: 琅琊榜, 都挺好, 庆余年, 甄嬛传

Which option do you choose? Respond with the exact option text.",甄嬛传,甄嬛传,True
中国电影,"[""战狼"", ""哪吒"", ""流浪地球"", ""长津湖""]","[""哪吒"", ""战狼"", ""长津湖"", ""流浪地球""]","[""哪吒"", ""战狼"", ""流浪地球"", ""长津湖""]","You are playing a coordination game with another agent.
If you both select the SAME option, you each get $1.
You cannot communicate - you must try to coordinate.
Note: The other agent sees the SAME options, but in a DIFFERENT order.

中国电影
Options: 哪吒, 战狼, 长津湖, 流浪地球

Which option do you choose? Respond with the exact option text.",战狼,战狼,"You are playing a coordination game with another agent.
If you both select the SAME option, you each get $1.
You cannot communicate - you must try to coordinate.
Note: The other agent sees the SAME options, but in a DIFFERENT order.

中国电影
Options: 哪吒, 战狼, 流浪地球, 长津湖

Which option do you choose? Respond with the exact option text.",战狼,战狼,True
中国新闻平台,"[""央视新闻"", ""人民日报"", ""新华社"", ""澎湃新闻""]","[""人民日报"", ""央视新闻"", ""澎湃新闻"", ""新华社""]","[""人民日报"", ""澎湃新闻"", ""央视新闻"", ""新华社""]","You are playing a coordination game with another agent.
If you both select the SAME option, you each get $1.
You cannot communicate - you must try to coordinate.
Note: The other agent sees the SAME options, but in a DIFFERENT order.

中国新闻平台
Options: 人民日报, 央视新闻, 澎湃新闻, 新华社

Which option do you choose? Respond with the exact option text.",人民日报,人民日报,"You are playing a coordination game with another agent.
If you both select the SAME option, you each get $1.
You cannot communicate - you must try to coordinate.
Note: The other agent sees the SAME options, but in a DIFFERENT order.

中国新闻平台
Options: 人民日报, 澎湃新闻, 央视新闻, 新华社

Which option do you choose? Respond with the exact option text.",新华社,新华社,False
中国视频平台,"[""优酷"", ""爱奇艺"", ""腾讯视频"", ""B站""]","[""爱奇艺"", ""B站"", ""腾讯视频"", ""优酷""]","[""B站"", ""腾讯视频"", ""爱奇艺"", ""优酷""]","You are playing a coordination game with another agent.
If you both select the SAME option, you each get $1.
You cannot communicate - you must try to coordinate.
Note: The other agent sees the SAME options, but in a DIFFERENT order.

中国视频平台
Options: 爱奇艺, B站, 腾讯视频, 优酷

Which option do you choose? Respond with the exact option text.",B站,B站,"You are playing a coordination game with another agent.
If you both select the SAME option, you each get $1.
You cannot communicate - you must try to coordinate.
Note: The other agent sees the SAME options, but in a DIFFERENT order.

中国视频平台
Options: B站, 腾讯视频, 爱奇艺, 优酷

Which option do you choose? Respond with the exact option text.",腾讯视频,腾讯视频,False
中国音乐平台,"[""QQ音乐"", ""网易云音乐"", ""酷狗音乐"", ""虾米音乐""]","[""QQ音乐"", ""酷狗音乐"", ""虾米音乐"", ""网易云音乐""]","[""网易云音乐"", ""QQ音乐"", ""酷狗音乐"", ""虾米音乐""]","You are playing a coordination game with another agent.
If you both select the SAME option, you each get $1.
You cannot communicate - you must try to coordinate.
Note: The other agent sees the SAME options, but in a DIFFERENT order.

中国音乐平台
Options: QQ音乐, 酷狗音乐, 虾米音乐, 网易云音乐

Which option do you choose? Respond with the exact option text.",QQ音乐,QQ音乐,"You are playing a coordination game with another agent.
If you both select the SAME option, you each get $1.
You cannot communicate - you must try to coordinate.
Note: The other agent sees the SAME options, but in a DIFFERENT order.

中国音乐平台
Options: 网易云音乐, QQ音乐, 酷狗音乐, 虾米音乐

Which option do you choose? Respond with the exact option text.",QQ音乐,QQ音乐,True
中国游戏,"[""王者荣耀"", ""原神"", ""和平精英"", ""英雄联盟""]","[""王者荣耀"", ""原神"", ""英雄联盟"", ""和平精英""]","[""原神"", ""英雄联盟"", ""和平精英"", ""王者荣耀""]","You are playing a coordination game with another agent.
If you both select the SAME option, you each get $1.
You cannot communicate - you must try to coordinate.
Note: The other agent sees the SAME options, but in a DIFFERENT order.

中国游戏
Options: 王者荣耀, 原神, 英雄联盟, 和平精英

Which option do you choose? Respond with the exact option text.",王者荣耀,王者荣耀,"You are playing a coordination game with another agent.
If you both select the SAME option, you each get $1.
You cannot communicate - you must try to coordinate.
Note: The other agent sees the SAME options, but in a DIFFERENT order.

中国游戏
Options: 原神, 英雄联盟, 和平精英, 王者荣耀

Which option do you choose? Respond with the exact option text.",王者荣耀,王者荣耀,True
中国动漫,"[""喜羊羊"", ""熊出没"", ""大闹天宫"", ""哪吒闹海""]","[""喜羊羊"", ""大闹天宫"", ""熊出没"", ""哪吒闹海""]","[""大闹天宫"", ""哪吒闹海"", ""喜羊羊"", ""熊出没""]","You are playing a coordination game with another agent.
If you both select the SAME option, you each get $1.
You cannot communicate - you must try to coordinate.
Note: The other agent sees the SAME options, but in a DIFFERENT order.

中国动漫
Options: 喜羊羊, 大闹天宫, 熊出没, 哪吒闹海

Which option do you choose? Respond with the exact option text.",大闹天宫,大闹天宫,"You are playing a coordination game with another agent.
If you both select the SAME option, you each get $1.
You cannot communicate - you must try to coordinate.
Note: The other agent sees the SAME options, but in a DIFFERENT order.

中国动漫
Options: 大闹天宫, 哪吒闹海, 喜羊羊, 熊出没

Which option do you choose? Respond with the exact option text.",大闹天宫,大闹天宫,True
中国综艺节目,"[""跑男"", ""好声音"", ""脱口秀大会"", ""歌手""]","[""歌手"", ""好声音"", ""脱口秀大会"", ""跑男""]","[""好声音"", ""歌手"", ""跑男"", ""脱口秀大会""]","You are playing a coordination game with another agent.
If you both select the SAME option, you each get $1.
You cannot communicate - you must try to coordinate.
Note: The other agent sees the SAME options, but in a DIFFERENT order.

中国综艺节目
Options: 歌手, 好声音, 脱口秀大会, 跑男

Which option do you choose? Respond with the exact option text.",好声音,好声音,"You are playing a coordination game with another agent.
If you both select the SAME option, you each get $1.
You cannot communicate - you must try to coordinate.
Note: The other agent sees the SAME options, but in a DIFFERENT order.

中国综艺节目
Options: 好声音, 歌手, 跑男, 脱口秀大会

Which option do you choose? Respond with the exact option text.",跑男,跑男,False
中国短视频平台,"[""抖音"", ""快手"", ""B站"", ""小红书""]","[""抖音"", ""快手"", ""B站"", ""小红书""]","[""快手"", ""小红书"", ""B站"", ""抖音""]","You are playing a coordination game with another agent.
If you both select the SAME option, you each get $1.
You cannot communicate - you must try to coordinate.
Note: The other agent sees the SAME options, but in a DIFFERENT order.

中国短视频平台
Options: 抖音, 快手, B站, 小红书

Which option do you choose? Respond with the exact option text.",抖音,抖音,"You are playing a coordination game with another agent.
If you both select the SAME option, you each get $1.
You cannot communicate - you must try to coordinate.
Note: The other agent sees the SAME options, but in a DIFFERENT order.

中国短视频平台
Options: 快手, 小红书, B站, 抖音

Which option do you choose? Respond with the exact option text.",抖音,抖音,True
US Tech Brands,"[""Apple"", ""Google"", ""Microsoft"", ""Amazon""]","[""Google"", ""Microsoft"", ""Apple"", ""Amazon""]","[""Apple"", ""Amazon"", ""Google"", ""Microsoft""]","You are playing a coordination game with another agent.
If you both select the SAME option, you each get $1.
You cannot communicate - you must try to coordinate.
Note: The other agent sees the SAME options, but in a DIFFERENT order.

US Tech Brands
Options: Google, Microsoft, Apple, Amazon

Which option do you choose? Respond with the exact option text.",Apple,Apple,"You are playing a coordination game with another agent.
If you both select the SAME option, you each get $1.
You cannot communicate - you must try to coordinate.
Note: The other agent sees the SAME options, but in a DIFFERENT order.

US Tech Brands
Options: Apple, Amazon, Google, Microsoft

Which option do you choose? Respond with the exact option text.",Apple,Apple,True
US Car Brands,"[""Ford"", ""Tesla"", ""Chevrolet"", ""Jeep""]","[""Jeep"", ""Chevrolet"", ""Tesla"", ""Ford""]","[""Jeep"", ""Ford"", ""Chevrolet"", ""Tesla""]","You are playing a coordination game with another agent.
If you both select the SAME option, you each get $1.
You cannot communicate - you must try to coordinate.
Note: The other agent sees the SAME options, but in a DIFFERENT order.

US Car Brands
Options: Jeep, Chevrolet, Tesla, Ford

Which option do you choose? Respond with the exact option text.",Ford,Ford,"You are playing a coordination game with another agent.
If you both select the SAME option, you each get $1.
You cannot communicate - you must try to coordinate.
Note: The other agent sees the SAME options, but in a DIFFERENT order.

US Car Brands
Options: Jeep, Ford, Chevrolet, Tesla

Which option do you choose? Respond with the exact option text.",Ford,Ford,True
US Fast Food Brands,"[""McDonald's"", ""Burger King"", ""KFC"", ""Subway""]","[""Subway"", ""Burger King"", ""KFC"", ""McDonald's""]","[""McDonald's"", ""KFC"", ""Burger King"", ""Subway""]","You are playing a coordination game with another agent.
If you both select the SAME option, you each get $1.
You cannot communicate - you must try to coordinate.
Note: The other agent sees the SAME options, but in a DIFFERENT order.

US Fast Food Brands
Options: Subway, Burger King, KFC, McDonald's

Which option do you choose? Respond with the exact option text.",McDonald's,McDonald's,"You are playing a coordination game with another agent.
If you both select the SAME option, you each get $1.
You cannot communicate - you must try to coordinate.
Note: The other agent sees the SAME options, but in a DIFFERENT order.

US Fast Food Brands
Options: McDonald's, KFC, Burger King, Subway

Which option do you choose? Respond with the exact option text.",McDonald's,McDonald's,True
US Soda Brands,"[""Coca-Cola"", ""Pepsi"", ""Sprite"", ""Dr Pepper""]","[""Pepsi"", ""Sprite"", ""Coca-Cola"", ""Dr Pepper""]","[""Coca-Cola"", ""Pepsi"", ""Sprite"", ""Dr Pepper""]","You are playing a coordination game with another agent.
If you both select the SAME option, you each get $1.
You cannot communicate - you must try to coordinate.
Note: The other agent sees the SAME options, but in a DIFFERENT order.

US Soda Brands
Options: Pepsi, Sprite, Coca-Cola, Dr Pepper

Which option do you choose? Respond with the exact option text.",Coca-Cola,Coca-Cola,"You are playing a coordination game with another agent.
If you both select the SAME option, you each get $1.
You cannot communicate - you must try to coordinate.
Note: The other agent sees the SAME options, but in a DIFFERENT order.

US Soda Brands
Options: Coca-Cola, Pepsi, Sprite, Dr Pepper

Which option do you choose? Respond with the exact option text.",Coca-Cola,Coca-Cola,True
US Clothing Brands,"[""Nike"", ""Levi's"", ""Gap"", ""Adidas""]","[""Nike"", ""Levi's"", ""Gap"", ""Adidas""]","[""Adidas"", ""Gap"", ""Nike"", ""Levi's""]","You are playing a coordination game with another agent.
If you both select the SAME option, you each get $1.
You cannot communicate - you must try to coordinate.
Note: The other agent sees the SAME options, but in a DIFFERENT order.

US Clothing Brands
Options: Nike, Levi's, Gap, Adidas

Which option do you choose? Respond with the exact option text.",Nike,Nike,"You are playing a coordination game with another agent.
If you both select the SAME option, you each get $1.
You cannot communicate - you must try to coordinate.
Note: The other agent sees the SAME options, but in a DIFFERENT order.

US Clothing Brands
Options: Adidas, Gap, Nike, Levi's

Which option do you choose? Respond with the exact option text.",Levi's,Levi's,False
US Coffee Brands,"[""Starbucks"", ""Dunkin'"", ""Peet's"", ""Tim Hortons""]","[""Peet's"", ""Starbucks"", ""Dunkin'"", ""Tim Hortons""]","[""Dunkin'"", ""Peet's"", ""Starbucks"", ""Tim Hortons""]","You are playing a coordination game with another agent.
If you both select the SAME option, you each get $1.
You cannot communicate - you must try to coordinate.
Note: The other agent sees the SAME options, but in a DIFFERENT order.

US Coffee Brands
Options: Peet's, Starbucks, Dunkin', Tim Hortons

Which option do you choose? Respond with the exact option text.",Starbucks,Starbucks,"You are playing a coordination game with another agent.
If you both select the SAME option, you each get $1.
You cannot communicate - you must try to coordinate.
Note: The other agent sees the SAME options, but in a DIFFERENT order.

US Coffee Brands
Options: Dunkin', Peet's, Starbucks, Tim Hortons

Which option do you choose? Respond with the exact option text.",Starbucks,Starbucks,True
US Phone Brands,"[""Apple"", ""Samsung"", ""Google"", ""Motorola""]","[""Google"", ""Motorola"", ""Samsung"", ""Apple""]","[""Apple"", ""Motorola"", ""Google"", ""Samsung""]","You are playing a coordination game with another agent.
If you both select the SAME option, you each get $1.
You cannot communicate - you must try to coordinate.
Note: The other agent sees the SAME options, but in a DIFFERENT order.

US Phone Brands
Options: Google, Motorola, Samsung, Apple

Which option do you choose? Respond with the exact option text.",Apple,Apple,"You are playing a coordination game with another agent.
If you both select the SAME option, you each get $1.
You cannot communicate - you must try to coordinate.
Note: The other agent sees the SAME options, but in a DIFFERENT order.

US Phone Brands
Options: Apple, Motorola, Google, Samsung

Which option do you choose? Respond with the exact option text.",Apple,Apple,True
US Sports Brands,"[""Nike"", ""Under Armour"", ""Adidas"", ""Reebok""]","[""Reebok"", ""Adidas"", ""Nike"", ""Under Armour""]","[""Adidas"", ""Under Armour"", ""Reebok"", ""Nike""]","You are playing a coordination game with another agent.
If you both select the SAME option, you each get $1.
You cannot communicate - you must try to coordinate.
Note: The other agent sees the SAME options, but in a DIFFERENT order.

US Sports Brands
Options: Reebok, Adidas, Nike, Under Armour

Which option do you choose? Respond with the exact option text.",Nike,Nike,"You are playing a coordination game with another agent.
If you both select the SAME option, you each get $1.
You cannot communicate - you must try to coordinate.
Note: The other agent sees the SAME options, but in a DIFFERENT order.

US Sports Brands
Options: Adidas, Under Armour, Reebok, Nike

Which option do you choose? Respond with the exact option text.",Nike,Nike,True
US Retail Brands,"[""Walmart"", ""Target"", ""Costco"", ""Amazon""]","[""Amazon"", ""Costco"", ""Target"", ""Walmart""]","[""Walmart"", ""Target"", ""Amazon"", ""Costco""]","You are playing a coordination game with another agent.
If you both select the SAME option, you each get $1.
You cannot communicate - you must try to coordinate.
Note: The other agent sees the SAME options, but in a DIFFERENT order.

US Retail Brands
Options: Amazon, Costco, Target, Walmart

Which option do you choose? Respond with the exact option text.",Walmart,Walmart,"You are playing a coordination game with another agent.
If you both select the SAME option, you each get $1.
You cannot communicate - you must try to coordinate.
Note: The other agent sees the SAME options, but in a DIFFERENT order.

US Retail Brands
Options: Walmart, Target, Amazon, Costco

Which option do you choose? Respond with the exact option text.",Walmart,Walmart,True
US Snack Brands,"[""Lay's"", ""Doritos"", ""Oreo"", ""Pringles""]","[""Oreo"", ""Doritos"", ""Lay's"", ""Pringles""]","[""Doritos"", ""Lay's"", ""Oreo"", ""Pringles""]","You are playing a coordination game with another agent.
If you both select the SAME option, you each get $1.
You cannot communicate - you must try to coordinate.
Note: The other agent sees the SAME options, but in a DIFFERENT order.

US Snack Brands
Options: Oreo, Doritos, Lay's, Pringles

Which option do you choose? Respond with the exact option text.",Oreo,Oreo,"You are playing a coordination game with another agent.
If you both select the SAME option, you each get $1.
You cannot communicate - you must try to coordinate.
Note: The other agent sees the SAME options, but in a DIFFERENT order.

US Snack Brands
Options: Doritos, Lay's, Oreo, Pringles

Which option do you choose? Respond with the exact option text.",Oreo,Oreo,True
中国科技品牌,"[""华为"", ""小米"", ""OPPO"", ""vivo""]","[""华为"", ""OPPO"", ""vivo"", ""小米""]","[""华为"", ""vivo"", ""小米"", ""OPPO""]","You are playing a coordination game with another agent.
If you both select the SAME option, you each get $1.
You cannot communicate - you must try to coordinate.
Note: The other agent sees the SAME options, but in a DIFFERENT order.

中国科技品牌
Options: 华为, OPPO, vivo, 小米

Which option do you choose? Respond with the exact option text.",华为,华为,"You are playing a coordination game with another agent.
If you both select the SAME option, you each get $1.
You cannot communicate - you must try to coordinate.
Note: The other agent sees the SAME options, but in a DIFFERENT order.

中国科技品牌
Options: 华为, vivo, 小米, OPPO

Which option do you choose? Respond with the exact option text.",华为,华为,True
中国汽车品牌,"[""比亚迪"", ""吉利"", ""蔚来"", ""小鹏""]","[""吉利"", ""小鹏"", ""比亚迪"", ""蔚来""]","[""比亚迪"", ""吉利"", ""蔚来"", ""小鹏""]","You are playing a coordination game with another agent.
If you both select the SAME option, you each get $1.
You cannot communicate - you must try to coordinate.
Note: The other agent sees the SAME options, but in a DIFFERENT order.

中国汽车品牌
Options: 吉利, 小鹏, 比亚迪, 蔚来

Which option do you choose? Respond with the exact option text.",比亚迪,比亚迪,"You are playing a coordination game with another agent.
If you both select the SAME option, you each get $1.
You cannot communicate - you must try to coordinate.
Note: The other agent sees the SAME options, but in a DIFFERENT order.

中国汽车品牌
Options: 比亚迪, 吉利, 蔚来, 小鹏

Which option do you choose? Respond with the exact option text.",比亚迪,比亚迪,True
中国餐饮品牌,"[""海底捞"", ""全聚德"", ""沙县小吃"", ""兰州拉面""]","[""海底捞"", ""兰州拉面"", ""全聚德"", ""沙县小吃""]","[""兰州拉面"", ""全聚德"", ""海底捞"", ""沙县小吃""]","You are playing a coordination game with another agent.
If you both select the SAME option, you each get $1.
You cannot communicate - you must try to coordinate.
Note: The other agent sees the SAME options, but in a DIFFERENT order.

中国餐饮品牌
Options: 海底捞, 兰州拉面, 全聚德, 沙县小吃

Which option do you choose? Respond with the exact option text.",沙县小吃,沙县小吃,"You are playing a coordination game with another agent.
If you both select the SAME option, you each get $1.
You cannot communicate - you must try to coordinate.
Note: The other agent sees the SAME options, but in a DIFFERENT order.

中国餐饮品牌
Options: 兰州拉面, 全聚德, 海底捞, 沙县小吃

Which option do you choose? Respond with the exact option text.",海底捞,海底捞,False
中国饮料品牌,"[""王老吉"", ""加多宝"", ""农夫山泉"", ""康师傅""]","[""王老吉"", ""康师傅"", ""加多宝"", ""农夫山泉""]","[""农夫山泉"", ""加多宝"", ""王老吉"", ""康师傅""]","You are playing a coordination game with another agent.
If you both select the SAME option, you each get $1.
You cannot communicate - you must try to coordinate.
Note: The other agent sees the SAME options, but in a DIFFERENT order.

中国饮料品牌
Options: 王老吉, 康师傅, 加多宝, 农夫山泉

Which option do you choose? Respond with the exact option text.",农夫山泉,农夫山泉,"You are playing a coordination game with another agent.
If you both select the SAME option, you each get $1.
You cannot communicate - you must try to coordinate.
Note: The other agent sees the SAME options, but in a DIFFERENT order.

中国饮料品牌
Options: 农夫山泉, 加多宝, 王老吉, 康师傅

Which option do you choose? Respond with the exact option text.",农夫山泉,农夫山泉,True
中国服装品牌,"[""李宁"", ""安踏"", ""波司登"", ""海澜之家""]","[""波司登"", ""安踏"", ""李宁"", ""海澜之家""]","[""海澜之家"", ""波司登"", ""安踏"", ""李宁""]","You are playing a coordination game with another agent.
If you both select the SAME option, you each get $1.
You cannot communicate - you must try to coordinate.
Note: The other agent sees the SAME options, but in a DIFFERENT order.

中国服装品牌
Options: 波司登, 安踏, 李宁, 海澜之家

Which option do you choose? Respond with the exact option text.",李宁,李宁,"You are playing a coordination game with another agent.
If you both select the SAME option, you each get $1.
You cannot communicate - you must try to coordinate.
Note: The other agent sees the SAME options, but in a DIFFERENT order.

中国服装品牌
Options: 海澜之家, 波司登, 安踏, 李宁

Which option do you choose? Respond with the exact option text.",李宁,李宁,True
中国茶饮品牌,"[""喜茶"", ""奈雪的茶"", ""蜜雪冰城"", ""茶百道""]","[""茶百道"", ""奈雪的茶"", ""蜜雪冰城"", ""喜茶""]","[""喜茶"", ""蜜雪冰城"", ""奈雪的茶"", ""茶百道""]","You are playing a coordination game with another agent.
If you both select the SAME option, you each get $1.
You cannot communicate - you must try to coordinate.
Note: The other agent sees the SAME options, but in a DIFFERENT order.

中国茶饮品牌
Options: 茶百道, 奈雪的茶, 蜜雪冰城, 喜茶

Which option do you choose? Respond with the exact option text.",蜜雪冰城,蜜雪冰城,"You are playing a coordination game with another agent.
If you both select the SAME option, you each get $1.
You cannot communicate - you must try to coordinate.
Note: The other agent sees the SAME options, but in a DIFFERENT order.

中国茶饮品牌
Options: 喜茶, 蜜雪冰城, 奈雪的茶, 茶百道

Which option do you choose? Respond with the exact option text.",蜜雪冰城,蜜雪冰城,True
中国手机品牌,"[""华为"", ""小米"", ""OPPO"", ""vivo""]","[""vivo"", ""小米"", ""华为"", ""OPPO""]","[""vivo"", ""小米"", ""OPPO"", ""华为""]","You are playing a coordination game with another agent.
If you both select the SAME option, you each get $1.
You cannot communicate - you must try to coordinate.
Note: The other agent sees the SAME options, but in a DIFFERENT order.

中国手机品牌
Options: vivo, 小米, 华为, OPPO

Which option do you choose? Respond with the exact option text.",华为,华为,"You are playing a coordination game with another agent.
If you both select the SAME option, you each get $1.
You cannot communicate - you must try to coordinate.
Note: The other agent sees the SAME options, but in a DIFFERENT order.

中国手机品牌
Options: vivo, 小米, OPPO, 华为

Which option do you choose? Respond with the exact option text.",华为,华为,True
中国运动品牌,"[""李宁"", ""安踏"", ""特步"", ""361度""]","[""安踏"", ""特步"", ""361度"", ""李宁""]","[""特步"", ""361度"", ""李宁"", ""安踏""]","You are playing a coordination game with another agent.
If you both select the SAME option, you each get $1.
You cannot communicate - you must try to coordinate.
Note: The other agent sees the SAME options, but in a DIFFERENT order.

中国运动品牌
Options: 安踏, 特步, 361度, 李宁

Which option do you choose? Respond with the exact option text.",李宁,李宁,"You are playing a coordination game with another agent.
If you both select the SAME option, you each get $1.
You cannot communicate - you must try to coordinate.
Note: The other agent sees the SAME options, but in a DIFFERENT order.

中国运动品牌
Options: 特步, 361度, 李宁, 安踏

Which option do you choose? Respond with the exact option text.",安踏,安踏,False
中国电商平台,"[""淘宝"", ""京东"", ""拼多多"", ""抖音商城""]","[""抖音商城"", ""拼多多"", ""淘宝"", ""京东""]","[""淘宝"", ""拼多多"", ""京东"", ""抖音商城""]","You are playing a coordination game with another agent.
If you both select the SAME option, you each get $1.
You cannot communicate - you must try to coordinate.
Note: The other agent sees the SAME options, but in a DIFFERENT order.

中国电商平台
Options: 抖音商城, 拼多多, 淘宝, 京东

Which option do you choose? Respond with the exact option text.",淘宝,淘宝,"You are playing a coordination game with another agent.
If you both select the SAME option, you each get $1.
You cannot communicate - you must try to coordinate.
Note: The other agent sees the SAME options, but in a DIFFERENT order.

中国电商平台
Options: 淘宝, 拼多多, 京东, 抖音商城

Which option do you choose? Respond with the exact option text.",淘宝,淘宝,True
中国食品品牌,"[""卫龙"", ""三只松鼠"", ""良品铺子"", ""百草味""]","[""百草味"", ""良品铺子"", ""卫龙"", ""三只松鼠""]","[""三只松鼠"", ""良品铺子"", ""百草味"", ""卫龙""]","You are playing a coordination game with another agent.
If you both select the SAME option, you each get $1.
You cannot communicate - you must try to coordinate.
Note: The other agent sees the SAME options, but in a DIFFERENT order.

中国食品品牌
Options: 百草味, 良品铺子, 卫龙, 三只松鼠

Which option do you choose? Respond with the exact option text.",卫龙,卫龙,"You are playing a coordination game with another agent.
If you both select the SAME option, you each get $1.
You cannot communicate - you must try to coordinate.
Note: The other agent sees the SAME options, but in a DIFFERENT order.

中国食品品牌
Options: 三只松鼠, 良品铺子, 百草味, 卫龙

Which option do you choose? Respond with the exact option text.",三只松鼠,三只松鼠,False
US Search Engines,"[""Google"", ""Bing"", ""Yahoo"", ""DuckDuckGo""]","[""Yahoo"", ""Bing"", ""DuckDuckGo"", ""Google""]","[""Google"", ""Yahoo"", ""DuckDuckGo"", ""Bing""]","You are playing a coordination game with another agent.
If you both select the SAME option, you each get $1.
You cannot communicate - you must try to coordinate.
Note: The other agent sees the SAME options, but in a DIFFERENT order.

US Search Engines
Options: Yahoo, Bing, DuckDuckGo, Google

Which option do you choose? Respond with the exact option text.",Google,Google,"You are playing a coordination game with another agent.
If you both select the SAME option, you each get $1.
You cannot communicate - you must try to coordinate.
Note: The other agent sees the SAME options, but in a DIFFERENT order.

US Search Engines
Options: Google, Yahoo, DuckDuckGo, Bing

Which option do you choose? Respond with the exact option text.",Google,Google,True
US Email Providers,"[""Gmail"", ""Outlook"", ""Yahoo Mail"", ""AOL""]","[""AOL"", ""Outlook"", ""Gmail"", ""Yahoo Mail""]","[""AOL"", ""Yahoo Mail"", ""Outlook"", ""Gmail""]","You are playing a coordination game with another agent.
If you both select the SAME option, you each get $1.
You cannot communicate - you must try to coordinate.
Note: The other agent sees the SAME options, but in a DIFFERENT order.

US Email Providers
Options: AOL, Outlook, Gmail, Yahoo Mail

Which option do you choose? Respond with the exact option text.",Gmail,Gmail,"You are playing a coordination game with another agent.
If you both select the SAME option, you each get $1.
You cannot communicate - you must try to coordinate.
Note: The other agent sees the SAME options, but in a DIFFERENT order.

US Email Providers
Options: AOL, Yahoo Mail, Outlook, Gmail

Which option do you choose? Respond with the exact option text.",Gmail,Gmail,True
US Cloud Services,"[""AWS"", ""Google Cloud"", ""Azure"", ""Dropbox""]","[""Azure"", ""AWS"", ""Google Cloud"", ""Dropbox""]","[""Google Cloud"", ""Azure"", ""Dropbox"", ""AWS""]","You are playing a coordination game with another agent.
If you both select the SAME option, you each get $1.
You cannot communicate - you must try to coordinate.
Note: The other agent sees the SAME options, but in a DIFFERENT order.

US Cloud Services
Options: Azure, AWS, Google Cloud, Dropbox

Which option do you choose? Respond with the exact option text.",AWS,AWS,"You are playing a coordination game with another agent.
If you both select the SAME option, you each get $1.
You cannot communicate - you must try to coordinate.
Note: The other agent sees the SAME options, but in a DIFFERENT order.

US Cloud Services
Options: Google Cloud, Azure, Dropbox, AWS

Which option do you choose? Respond with the exact option text.",AWS,AWS,True
US Payment Platforms,"[""PayPal"", ""Venmo"", ""Cash App"", ""Zelle""]","[""Venmo"", ""Cash App"", ""Zelle"", ""PayPal""]","[""Venmo"", ""Zelle"", ""Cash App"", ""PayPal""]","You are playing a coordination game with another agent.
If you both select the SAME option, you each get $1.
You cannot communicate - you must try to coordinate.
Note: The other agent sees the SAME options, but in a DIFFERENT order.

US Payment Platforms
Options: Venmo, Cash App, Zelle, PayPal

Which option do you choose? Respond with the exact option text.",PayPal,PayPal,"You are playing a coordination game with another agent.
If you both select the SAME option, you each get $1.
You cannot communicate - you must try to coordinate.
Note: The other agent sees the SAME options, but in a DIFFERENT order.

US Payment Platforms
Options: Venmo, Zelle, Cash App, PayPal

Which option do you choose? Respond with the exact option text.",PayPal,PayPal,True
US E-commerce Platforms,"[""Amazon"", ""eBay"", ""Etsy"", ""Walmart Online""]","[""Walmart Online"", ""eBay"", ""Etsy"", ""Amazon""]","[""Walmart Online"", ""Etsy"", ""Amazon"", ""eBay""]","You are playing a coordination game with another agent.
If you both select the SAME option, you each get $1.
You cannot communicate - you must try to coordinate.
Note: The other agent sees the SAME options, but in a DIFFERENT order.

US E-commerce Platforms
Options: Walmart Online, eBay, Etsy, Amazon

Which option do you choose? Respond with the exact option text.",Amazon,Amazon,"You are playing a coordination game with another agent.
If you both select the SAME option, you each get $1.
You cannot communicate - you must try to coordinate.
Note: The other agent sees the SAME options, but in a DIFFERENT order.

US E-commerce Platforms
Options: Walmart Online, Etsy, Amazon, eBay

Which option do you choose? Respond with the exact option text.",Amazon,Amazon,True
US Ride-sharing Apps,"[""Uber"", ""Lyft"", ""Via"", ""Curb""]","[""Lyft"", ""Curb"", ""Uber"", ""Via""]","[""Curb"", ""Uber"", ""Via"", ""Lyft""]","You are playing a coordination game with another agent.
If you both select the SAME option, you each get $1.
You cannot communicate - you must try to coordinate.
Note: The other agent sees the SAME options, but in a DIFFERENT order.

US Ride-sharing Apps
Options: Lyft, Curb, Uber, Via

Which option do you choose? Respond with the exact option text.",Uber,Uber,"You are playing a coordination game with another agent.
If you both select the SAME option, you each get $1.
You cannot communicate - you must try to coordinate.
Note: The other agent sees the SAME options, but in a DIFFERENT order.

US Ride-sharing Apps
Options: Curb, Uber, Via, Lyft

Which option do you choose? Respond with the exact option text.",Uber,Uber,True
US Food Delivery,"[""DoorDash"", ""Uber Eats"", ""Grubhub"", ""Postmates""]","[""Postmates"", ""Grubhub"", ""DoorDash"", ""Uber Eats""]","[""Uber Eats"", ""DoorDash"", ""Postmates"", ""Grubhub""]","You are playing a coordination game with another agent.
If you both select the SAME option, you each get $1.
You cannot communicate - you must try to coordinate.
Note: The other agent sees the SAME options, but in a DIFFERENT order.

US Food Delivery
Options: Postmates, Grubhub, DoorDash, Uber Eats

Which option do you choose? Respond with the exact option text.",DoorDash,DoorDash,"You are playing a coordination game with another agent.
If you both select the SAME option, you each get $1.
You cannot communicate - you must try to coordinate.
Note: The other agent sees the SAME options, but in a DIFFERENT order.

US Food Delivery
Options: Uber Eats, DoorDash, Postmates, Grubhub

Which option do you choose? Respond with the exact option text.",DoorDash,DoorDash,True
US Messaging Apps,"[""WhatsApp"", ""iMessage"", ""Telegram"", ""Signal""]","[""Telegram"", ""iMessage"", ""Signal"", ""WhatsApp""]","[""Signal"", ""iMessage"", ""WhatsApp"", ""Telegram""]","You are playing a coordination game with another agent.
If you both select the SAME option, you each get $1.
You cannot communicate - you must try to coordinate.
Note: The other agent sees the SAME options, but in a DIFFERENT order.

US Messaging Apps
Options: Telegram, iMessage, Signal, WhatsApp

Which option do you choose? Respond with the exact option text.",WhatsApp,WhatsApp,"You are playing a coordination game with another agent.
If you both select the SAME option, you each get $1.
You cannot communicate - you must try to coordinate.
Note: The other agent sees the SAME options, but in a DIFFERENT order.

US Messaging Apps
Options: Signal, iMessage, WhatsApp, Telegram

Which option do you choose? Respond with the exact option text.",iMessage,iMessage,False
US Productivity Tools,"[""Google Docs"", ""Microsoft Office"", ""Notion"", ""Slack""]","[""Notion"", ""Slack"", ""Google Docs"", ""Microsoft Office""]","[""Slack"", ""Google Docs"", ""Notion"", ""Microsoft Office""]","You are playing a coordination game with another agent.
If you both select the SAME option, you each get $1.
You cannot communicate - you must try to coordinate.
Note: The other agent sees the SAME options, but in a DIFFERENT order.

US Productivity Tools
Options: Notion, Slack, Google Docs, Microsoft Office

Which option do you choose? Respond with the exact option text.",Microsoft Office,Microsoft Office,"You are playing a coordination game with another agent.
If you both select the SAME option, you each get $1.
You cannot communicate - you must try to coordinate.
Note: The other agent sees the SAME options, but in a DIFFERENT order.

US Productivity Tools
Options: Slack, Google Docs, Notion, Microsoft Office

Which option do you choose? Respond with the exact option text.",Microsoft Office,Microsoft Office,True
US Dating Apps,"[""Tinder"", ""Bumble"", ""Hinge"", ""OkCupid""]","[""Tinder"", ""Bumble"", ""Hinge"", ""OkCupid""]","[""Tinder"", ""Hinge"", ""OkCupid"", ""Bumble""]","You are playing a coordination game with another agent.
If you both select the SAME option, you each get $1.
You cannot communicate - you must try to coordinate.
Note: The other agent sees the SAME options, but in a DIFFERENT order.

US Dating Apps
Options: Tinder, Bumble, Hinge, OkCupid

Which option do you choose? Respond with the exact option text.",Tinder,Tinder,"You are playing a coordination game with another agent.
If you both select the SAME option, you each get $1.
You cannot communicate - you must try to coordinate.
Note: The other agent sees the SAME options, but in a DIFFERENT order.

US Dating Apps
Options: Tinder, Hinge, OkCupid, Bumble

Which option do you choose? Respond with the exact option text.",Tinder,Tinder,True
中国搜索引擎,"[""百度"", ""搜狗"", ""360搜索"", ""必应""]","[""360搜索"", ""必应"", ""百度"", ""搜狗""]","[""必应"", ""搜狗"", ""360搜索"", ""百度""]","You are playing a coordination game with another agent.
If you both select the SAME option, you each get $1.
You cannot communicate - you must try to coordinate.
Note: The other agent sees the SAME options, but in a DIFFERENT order.

中国搜索引擎
Options: 360搜索, 必应, 百度, 搜狗

Which option do you choose? Respond with the exact option text.",百度,百度,"You are playing a coordination game with another agent.
If you both select the SAME option, you each get $1.
You cannot communicate - you must try to coordinate.
Note: The other agent sees the SAME options, but in a DIFFERENT order.

中国搜索引擎
Options: 必应, 搜狗, 360搜索, 百度

Which option do you choose? Respond with the exact option text.",百度,百度,True
中国邮箱服务,"[""QQ邮箱"", ""网易邮箱"", ""139邮箱"", ""新浪邮箱""]","[""QQ邮箱"", ""139邮箱"", ""网易邮箱"", ""新浪邮箱""]","[""139邮箱"", ""QQ邮箱"", ""网易邮箱"", ""新浪邮箱""]","You are playing a coordination game with another agent.
If you both select the SAME option, you each get $1.
You cannot communicate - you must try to coordinate.
Note: The other agent sees the SAME options, but in a DIFFERENT order.

中国邮箱服务
Options: QQ邮箱, 139邮箱, 网易邮箱, 新浪邮箱

Which option do you choose? Respond with the exact option text.",QQ邮箱,QQ邮箱,"You are playing a coordination game with another agent.
If you both select the SAME option, you each get $1.
You cannot communicate - you must try to coordinate.
Note: The other agent sees the SAME options, but in a DIFFERENT order.

中国邮箱服务
Options: 139邮箱, QQ邮箱, 网易邮箱, 新浪邮箱

Which option do you choose? Respond with the exact option text.",QQ邮箱,QQ邮箱,True
中国云服务,"[""阿里云"", ""腾讯云"", ""华为云"", ""百度云""]","[""腾讯云"", ""百度云"", ""华为云"", ""阿里云""]","[""阿里云"", ""华为云"", ""百度云"", ""腾讯云""]","You are playing a coordination game with another agent.
If you both select the SAME option, you each get $1.
You cannot communicate - you must try to coordinate.
Note: The other agent sees the SAME options, but in a DIFFERENT order.

中国云服务
Options: 腾讯云, 百度云, 华为云, 阿里云

Which option do you choose? Respond with the exact option text.",阿里云,阿里云,"You are playing a coordination game with another agent.
If you both select the SAME option, you each get $1.
You cannot communicate - you must try to coordinate.
Note: The other agent sees the SAME options, but in a DIFFERENT order.

中国云服务
Options: 阿里云, 华为云, 百度云, 腾讯云

Which option do you choose? Respond with the exact option text.",阿里云,阿里云,True
中国支付平台,"[""支付宝"", ""微信支付"", ""银联"", ""云闪付""]","[""支付宝"", ""微信支付"", ""银联"", ""云闪付""]","[""云闪付"", ""支付宝"", ""微信支付"", ""银联""]","You are playing a coordination game with another agent.
If you both select the SAME option, you each get $1.
You cannot communicate - you must try to coordinate.
Note: The other agent sees the SAME options, but in a DIFFERENT order.

中国支付平台
Options: 支付宝, 微信支付, 银联, 云闪付

Which option do you choose? Respond with the exact option text.",支付宝,支付宝,"You are playing a coordination game with another agent.
If you both select the SAME option, you each get $1.
You cannot communicate - you must try to coordinate.
Note: The other agent sees the SAME options, but in a DIFFERENT order.

中国支付平台
Options: 云闪付, 支付宝, 微信支付, 银联

Which option do you choose? Respond with the exact option text.",支付宝,支付宝,True
中国电商平台,"[""淘宝"", ""京东"", ""拼多多"", ""唯品会""]","[""京东"", ""淘宝"", ""唯品会"", ""拼多多""]","[""淘宝"", ""拼多多"", ""京东"", ""唯品会""]","You are playing a coordination game with another agent.
If you both select the SAME option, you each get $1.
You cannot communicate - you must try to coordinate.
Note: The other agent sees the SAME options, but in a DIFFERENT order.

中国电商平台
Options: 京东, 淘宝, 唯品会, 拼多多

Which option do you choose? Respond with the exact option text.",淘宝,淘宝,"You are playing a coordination game with another agent.
If you both select the SAME option, you each get $1.
You cannot communicate - you must try to coordinate.
Note: The other agent sees the SAME options, but in a DIFFERENT order.

中国电商平台
Options: 淘宝, 拼多多, 京东, 唯品会

Which option do you choose? Respond with the exact option text.",淘宝,淘宝,True
中国出行平台,"[""滴滴"", ""高德打车"", ""曹操出行"", ""美团打车""]","[""高德打车"", ""美团打车"", ""滴滴"", ""曹操出行""]","[""滴滴"", ""高德打车"", ""美团打车"", ""曹操出行""]","You are playing a coordination game with another agent.
If you both select the SAME option, you each get $1.
You cannot communicate - you must try to coordinate.
Note: The other agent sees the SAME options, but in a DIFFERENT order.

中国出行平台
Options: 高德打车, 美团打车, 滴滴, 曹操出行

Which option do you choose? Respond with the exact option text.",滴滴,滴滴,"You are playing a coordination game with another agent.
If you both select the SAME option, you each get $1.
You cannot communicate - you must try to coordinate.
Note: The other agent sees the SAME options, but in a DIFFERENT order.

中国出行平台
Options: 滴滴, 高德打车, 美团打车, 曹操出行

Which option do you choose? Respond with the exact option text.",滴滴,滴滴,True
中国外卖平台,"[""美团"", ""饿了么"", ""百度外卖"", ""大众点评""]","[""百度外卖"", ""美团"", ""大众点评"", ""饿了么""]","[""大众点评"", ""百度外卖"", ""美团"", ""饿了么""]","You are playing a coordination game with another agent.
If you both select the SAME option, you each get $1.
You cannot communicate - you must try to coordinate.
Note: The other agent sees the SAME options, but in a DIFFERENT order.

中国外卖平台
Options: 百度外卖, 美团, 大众点评, 饿了么

Which option do you choose? Respond with the exact option text.",美团,美团,"You are playing a coordination game with another agent.
If you both select the SAME option, you each get $1.
You cannot communicate - you must try to coordinate.
Note: The other agent sees the SAME options, but in a DIFFERENT order.

中国外卖平台
Options: 大众点评, 百度外卖, 美团, 饿了么

Which option do you choose? Respond with the exact option text.",美团,美团,True
中国聊天工具,"[""微信"", ""QQ"", ""钉钉"", ""飞书""]","[""QQ"", ""微信"", ""钉钉"", ""飞书""]","[""QQ"", ""飞书"", ""钉钉"", ""微信""]","You are playing a coordination game with another agent.
If you both select the SAME option, you each get $1.
You cannot communicate - you must try to coordinate.
Note: The other agent sees the SAME options, but in a DIFFERENT order.

中国聊天工具
Options: QQ, 微信, 钉钉, 飞书

Which option do you choose? Respond with the exact option text.",微信,微信,"You are playing a coordination game with another agent.
If you both select the SAME option, you each get $1.
You cannot communicate - you must try to coordinate.
Note: The other agent sees the SAME options, but in a DIFFERENT order.

中国聊天工具
Options: QQ, 飞书, 钉钉, 微信

Which option do you choose? Respond with the exact option text.",微信,微信,True
中国办公工具,"[""钉钉"", ""飞书"", ""企业微信"", ""WPS""]","[""企业微信"", ""钉钉"", ""飞书"", ""WPS""]","[""WPS"", ""企业微信"", ""钉钉"", ""飞书""]","You are playing a coordination game with another agent.
If you both select the SAME option, you each get $1.
You cannot communicate - you must try to coordinate.
Note: The other agent sees the SAME options, but in a DIFFERENT order.

中国办公工具
Options: 企业微信, 钉钉, 飞书, WPS

Which option do you choose? Respond with the exact option text.",WPS,WPS,"You are playing a coordination game with another agent.
If you both select the SAME option, you each get $1.
You cannot communicate - you must try to coordinate.
Note: The other agent sees the SAME options, but in a DIFFERENT order.

中国办公工具
Options: WPS, 企业微信, 钉钉, 飞书

Which option do you choose? Respond with the exact option text.",钉钉,钉钉,False
中国社交平台,"[""微信"", ""微博"", ""小红书"", ""知乎""]","[""知乎"", ""微信"", ""小红书"", ""微博""]","[""微博"", ""微信"", ""知乎"", ""小红书""]","You are playing a coordination game with another agent.
If you both select the SAME option, you each get $1.
You cannot communicate - you must try to coordinate.
Note: The other agent sees the SAME options, but in a DIFFERENT order.

中国社交平台
Options: 知乎, 微信, 小红书, 微博

Which option do you choose? Respond with the exact option text.",微信,微信,"You are playing a coordination game with another agent.
If you both select the SAME option, you each get $1.
You cannot communicate - you must try to coordinate.
Note: The other agent sees the SAME options, but in a DIFFERENT order.

中国社交平台
Options: 微博, 微信, 知乎, 小红书

Which option do you choose? Respond with the exact option text.",微信,微信,True
US Meme Formats,"[""Distracted Boyfriend"", ""This Is Fine"", ""Drake Meme"", ""Woman Yelling at Cat""]","[""This Is Fine"", ""Drake Meme"", ""Distracted Boyfriend"", ""Woman Yelling at Cat""]","[""This Is Fine"", ""Drake Meme"", ""Distracted Boyfriend"", ""Woman Yelling at Cat""]","You are playing a coordination game with another agent.
If you both select the SAME option, you each get $1.
You cannot communicate - you must try to coordinate.
Note: The other agent sees the SAME options, but in a DIFFERENT order.

US Meme Formats
Options: This Is Fine, Drake Meme, Distracted Boyfriend, Woman Yelling at Cat

Which option do you choose? Respond with the exact option text.",This Is Fine,This Is Fine,"You are playing a coordination game with another agent.
If you both select the SAME option, you each get $1.
You cannot communicate - you must try to coordinate.
Note: The other agent sees the SAME options, but in a DIFFERENT order.

US Meme Formats
Options: This Is Fine, Drake Meme, Distracted Boyfriend, Woman Yelling at Cat

Which option do you choose? Respond with the exact option text.",This Is Fine,This Is Fine,True
US Online Slang,"[""LOL"", ""BRB"", ""TL;DR"", ""FOMO""]","[""FOMO"", ""LOL"", ""TL;DR"", ""BRB""]","[""FOMO"", ""TL;DR"", ""BRB"", ""LOL""]","You are playing a coordination game with another agent.
If you both select the SAME option, you each get $1.
You cannot communicate - you must try to coordinate.
Note: The other agent sees the SAME options, but in a DIFFERENT order.

US Online Slang
Options: FOMO, LOL, TL;DR, BRB

Which option do you choose? Respond with the exact option text.",LOL,LOL,"You are playing a coordination game with another agent.
If you both select the SAME option, you each get $1.
You cannot communicate - you must try to coordinate.
Note: The other agent sees the SAME options, but in a DIFFERENT order.

US Online Slang
Options: FOMO, TL;DR, BRB, LOL

Which option do you choose? Respond with the exact option text.",LOL,LOL,True
US Viral Challenges,"[""Ice Bucket Challenge"", ""Mannequin Challenge"", ""Harlem Shake"", ""Tide Pod""]","[""Tide Pod"", ""Ice Bucket Challenge"", ""Mannequin Challenge"", ""Harlem Shake""]","[""Harlem Shake"", ""Tide Pod"", ""Ice Bucket Challenge"", ""Mannequin Challenge""]","You are playing a coordination game with another agent.
If you both select the SAME option, you each get $1.
You cannot communicate - you must try to coordinate.
Note: The other agent sees the SAME options, but in a DIFFERENT order.

US Viral Challenges
Options: Tide Pod, Ice Bucket Challenge, Mannequin Challenge, Harlem Shake

Which option do you choose? Respond with the exact option text.",Ice Bucket Challenge,Ice Bucket Challenge,"You are playing a coordination game with another agent.
If you both select the SAME option, you each get $1.
You cannot communicate - you must try to coordinate.
Note: The other agent sees the SAME options, but in a DIFFERENT order.

US Viral Challenges
Options: Harlem Shake, Tide Pod, Ice Bucket Challenge, Mannequin Challenge

Which option do you choose? Respond with the exact option text.",Ice Bucket Challenge,Ice Bucket Challenge,True
US Online Communities,"[""Reddit"", ""4chan"", ""Discord"", ""Tumblr""]","[""Reddit"", ""Discord"", ""Tumblr"", ""4chan""]","[""4chan"", ""Tumblr"", ""Reddit"", ""Discord""]","You are playing a coordination game with another agent.
If you both select the SAME option, you each get $1.
You cannot communicate - you must try to coordinate.
Note: The other agent sees the SAME options, but in a DIFFERENT order.

US Online Communities
Options: Reddit, Discord, Tumblr, 4chan

Which option do you choose? Respond with the exact option text.",Reddit,Reddit,"You are playing a coordination game with another agent.
If you both select the SAME option, you each get $1.
You cannot communicate - you must try to coordinate.
Note: The other agent sees the SAME options, but in a DIFFERENT order.

US Online Communities
Options: 4chan, Tumblr, Reddit, Discord

Which option do you choose? Respond with the exact option text.",Reddit,Reddit,True
US Streaming Culture,"[""Twitch"", ""YouTube Live"", ""Kick"", ""Facebook Live""]","[""Kick"", ""Facebook Live"", ""Twitch"", ""YouTube Live""]","[""YouTube Live"", ""Kick"", ""Twitch"", ""Facebook Live""]","You are playing a coordination game with another agent.
If you both select the SAME option, you each get $1.
You cannot communicate - you must try to coordinate.
Note: The other agent sees the SAME options, but in a DIFFERENT order.

US Streaming Culture
Options: Kick, Facebook Live, Twitch, YouTube Live

Which option do you choose? Respond with the exact option text.",Twitch,Twitch,"You are playing a coordination game with another agent.
If you both select the SAME option, you each get $1.
You cannot communicate - you must try to coordinate.
Note: The other agent sees the SAME options, but in a DIFFERENT order.

US Streaming Culture
Options: YouTube Live, Kick, Twitch, Facebook Live

Which option do you choose? Respond with the exact option text.",Twitch,Twitch,True
US Hashtag Trends,"[""#TBT"", ""#OOTD"", ""#Goals"", ""#Viral""]","[""#OOTD"", ""#Goals"", ""#Viral"", ""#TBT""]","[""#Goals"", ""#Viral"", ""#TBT"", ""#OOTD""]","You are playing a coordination game with another agent.
If you both select the SAME option, you each get $1.
You cannot communicate - you must try to coordinate.
Note: The other agent sees the SAME options, but in a DIFFERENT order.

US Hashtag Trends
Options: #OOTD, #Goals, #Viral, #TBT

Which option do you choose? Respond with the exact option text.",#Goals,#Goals,"You are playing a coordination game with another agent.
If you both select the SAME option, you each get $1.
You cannot communicate - you must try to coordinate.
Note: The other agent sees the SAME options, but in a DIFFERENT order.

US Hashtag Trends
Options: #Goals, #Viral, #TBT, #OOTD

Which option do you choose? Respond with the exact option text.",#TBT,#TBT,False
US Online Gaming Terms,"[""GG"", ""NPC"", ""AFK"", ""Noob""]","[""AFK"", ""NPC"", ""GG"", ""Noob""]","[""GG"", ""AFK"", ""Noob"", ""NPC""]","You are playing a coordination game with another agent.
If you both select the SAME option, you each get $1.
You cannot communicate - you must try to coordinate.
Note: The other agent sees the SAME options, but in a DIFFERENT order.

US Online Gaming Terms
Options: AFK, NPC, GG, Noob

Which option do you choose? Respond with the exact option text.",GG,GG,"You are playing a coordination game with another agent.
If you both select the SAME option, you each get $1.
You cannot communicate - you must try to coordinate.
Note: The other agent sees the SAME options, but in a DIFFERENT order.

US Online Gaming Terms
Options: GG, AFK, Noob, NPC

Which option do you choose? Respond with the exact option text.",GG,GG,True
US Tech Buzzwords,"[""AI"", ""Blockchain"", ""Cloud"", ""Metaverse""]","[""Metaverse"", ""Blockchain"", ""AI"", ""Cloud""]","[""Blockchain"", ""AI"", ""Cloud"", ""Metaverse""]","You are playing a coordination game with another agent.
If you both select the SAME option, you each get $1.
You cannot communicate - you must try to coordinate.
Note: The other agent sees the SAME options, but in a DIFFERENT order.

US Tech Buzzwords
Options: Metaverse, Blockchain, AI, Cloud

Which option do you choose? Respond with the exact option text.",AI,AI,"You are playing a coordination game with another agent.
If you both select the SAME option, you each get $1.
You cannot communicate - you must try to coordinate.
Note: The other agent sees the SAME options, but in a DIFFERENT order.

US Tech Buzzwords
Options: Blockchain, AI, Cloud, Metaverse

Which option do you choose? Respond with the exact option text.",AI,AI,True
US Emoji Usage,"[""😂"", ""❤️"", ""🔥"", ""👍""]","[""🔥"", ""😂"", ""❤️"", ""👍""]","[""😂"", ""👍"", ""❤️"", ""🔥""]","You are playing a coordination game with another agent.
If you both select the SAME option, you each get $1.
You cannot communicate - you must try to coordinate.
Note: The other agent sees the SAME options, but in a DIFFERENT order.

US Emoji Usage
Options: 🔥, 😂, ❤️, 👍

Which option do you choose? Respond with the exact option text.",😂,😂,"You are playing a coordination game with another agent.
If you both select the SAME option, you each get $1.
You cannot communicate - you must try to coordinate.
Note: The other agent sees the SAME options, but in a DIFFERENT order.

US Emoji Usage
Options: 😂, 👍, ❤️, 🔥

Which option do you choose? Respond with the exact option text.",👍,👍,False
US Online Habits,"[""Scrolling"", ""Binge-watching"", ""Doom-scrolling"", ""Lurking""]","[""Lurking"", ""Scrolling"", ""Binge-watching"", ""Doom-scrolling""]","[""Binge-watching"", ""Lurking"", ""Doom-scrolling"", ""Scrolling""]","You are playing a coordination game with another agent.
If you both select the SAME option, you each get $1.
You cannot communicate - you must try to coordinate.
Note: The other agent sees the SAME options, but in a DIFFERENT order.

US Online Habits
Options: Lurking, Scrolling, Binge-watching, Doom-scrolling

Which option do you choose? Respond with the exact option text.",Scrolling,Scrolling,"You are playing a coordination game with another agent.
If you both select the SAME option, you each get $1.
You cannot communicate - you must try to coordinate.
Note: The other agent sees the SAME options, but in a DIFFERENT order.

US Online Habits
Options: Binge-watching, Lurking, Doom-scrolling, Scrolling

Which option do you choose? Respond with the exact option text.",Scrolling,Scrolling,True
中国网络梗,"[""社会性死亡"", ""凡尔赛"", ""内卷"", ""躺平""]","[""社会性死亡"", ""内卷"", ""躺平"", ""凡尔赛""]","[""内卷"", ""躺平"", ""社会性死亡"", ""凡尔赛""]","You are playing a coordination game with another agent.
If you both select the SAME option, you each get $1.
You cannot communicate - you must try to coordinate.
Note: The other agent sees the SAME options, but in a DIFFERENT order.

中国网络梗
Options: 社会性死亡, 内卷, 躺平, 凡尔赛

Which option do you choose? Respond with the exact option text.",躺平,躺平,"You are playing a coordination game with another agent.
If you both select the SAME option, you each get $1.
You cannot communicate - you must try to coordinate.
Note: The other agent sees the SAME options, but in a DIFFERENT order.

中国网络梗
Options: 内卷, 躺平, 社会性死亡, 凡尔赛

Which option do you choose? Respond with the exact option text.",内卷,内卷,False
中国网络用语,"[""666"", ""yyds"", ""绝绝子"", ""emo""]","[""绝绝子"", ""yyds"", ""emo"", ""666""]","[""yyds"", ""emo"", ""666"", ""绝绝子""]","You are playing a coordination game with another agent.
If you both select the SAME option, you each get $1.
You cannot communicate - you must try to coordinate.
Note: The other agent sees the SAME options, but in a DIFFERENT order.

中国网络用语
Options: 绝绝子, yyds, emo, 666

Which option do you choose? Respond with the exact option text.",666,666,"You are playing a coordination game with another agent.
If you both select the SAME option, you each get $1.
You cannot communicate - you must try to coordinate.
Note: The other agent sees the SAME options, but in a DIFFERENT order.

中国网络用语
Options: yyds, emo, 666, 绝绝子

Which option do you choose? Respond with the exact option text.",666,666,True
中国网络挑战,"[""冰桶挑战"", ""A4腰"", ""反手摸肚脐"", ""手指舞""]","[""冰桶挑战"", ""手指舞"", ""A4腰"", ""反手摸肚脐""]","[""反手摸肚脐"", ""冰桶挑战"", ""A4腰"", ""手指舞""]","You are playing a coordination game with another agent.
If you both select the SAME option, you each get $1.
You cannot communicate - you must try to coordinate.
Note: The other agent sees the SAME options, but in a DIFFERENT order.

中国网络挑战
Options: 冰桶挑战, 手指舞, A4腰, 反手摸肚脐

Which option do you choose? Respond with the exact option text.",A4腰,A4腰,"You are playing a coordination game with another agent.
If you both select the SAME option, you each get $1.
You cannot communicate - you must try to coordinate.
Note: The other agent sees the SAME options, but in a DIFFERENT order.

中国网络挑战
Options: 反手摸肚脐, 冰桶挑战, A4腰, 手指舞

Which option do you choose? Respond with the exact option text.",冰桶挑战,冰桶挑战,False
中国网络社区,"[""贴吧"", ""知乎"", ""豆瓣"", ""B站""]","[""豆瓣"", ""B站"", ""知乎"", ""贴吧""]","[""知乎"", ""B站"", ""贴吧"", ""豆瓣""]","You are playing a coordination game with another agent.
If you both select the SAME option, you each get $1.
You cannot communicate - you must try to coordinate.
Note: The other agent sees the SAME options, but in a DIFFERENT order.

中国网络社区
Options: 豆瓣, B站, 知乎, 贴吧

Which option do you choose? Respond with the exact option text.",贴吧,贴吧,"You are playing a coordination game with another agent.
If you both select the SAME option, you each get $1.
You cannot communicate - you must try to coordinate.
Note: The other agent sees the SAME options, but in a DIFFERENT order.

中国网络社区
Options: 知乎, B站, 贴吧, 豆瓣

Which option do you choose? Respond with the exact option text.",B站,B站,False
中国直播文化,"[""直播带货"", ""弹幕"", ""刷礼物"", ""打赏""]","[""刷礼物"", ""打赏"", ""弹幕"", ""直播带货""]","[""刷礼物"", ""打赏"", ""直播带货"", ""弹幕""]","You are playing a coordination game with another agent.
If you both select the SAME option, you each get $1.
You cannot communicate - you must try to coordinate.
Note: The other agent sees the SAME options, but in a DIFFERENT order.

中国直播文化
Options: 刷礼物, 打赏, 弹幕, 直播带货

Which option do you choose? Respond with the exact option text.",直播带货,直播带货,"You are playing a coordination game with another agent.
If you both select the SAME option, you each get $1.
You cannot communicate - you must try to coordinate.
Note: The other agent sees the SAME options, but in a DIFFERENT order.

中国直播文化
Options: 刷礼物, 打赏, 直播带货, 弹幕

Which option do you choose? Respond with the exact option text.",直播带货,直播带货,True
中国热搜话题,"[""热搜"", ""话题"", ""超话"", ""榜单""]","[""榜单"", ""超话"", ""热搜"", ""话题""]","[""话题"", ""超话"", ""榜单"", ""热搜""]","You are playing a coordination game with another agent.
If you both select the SAME option, you each get $1.
You cannot communicate - you must try to coordinate.
Note: The other agent sees the SAME options, but in a DIFFERENT order.

中国热搜话题
Options: 榜单, 超话, 热搜, 话题

Which option do you choose? Respond with the exact option text.",热搜,热搜,"You are playing a coordination game with another agent.
If you both select the SAME option, you each get $1.
You cannot communicate - you must try to coordinate.
Note: The other agent sees the SAME options, but in a DIFFERENT order.

中国热搜话题
Options: 话题, 超话, 榜单, 热搜

Which option do you choose? Respond with the exact option text.",热搜,热搜,True
中国游戏用语,"[""GG"", ""菜鸡"", ""带飞"", ""躺赢""]","[""GG"", ""躺赢"", ""带飞"", ""菜鸡""]","[""带飞"", ""GG"", ""菜鸡"", ""躺赢""]","You are playing a coordination game with another agent.
If you both select the SAME option, you each get $1.
You cannot communicate - you must try to coordinate.
Note: The other agent sees the SAME options, but in a DIFFERENT order.

中国游戏用语
Options: GG, 躺赢, 带飞, 菜鸡

Which option do you choose? Respond with the exact option text.",GG,GG,"You are playing a coordination game with another agent.
If you both select the SAME option, you each get $1.
You cannot communicate - you must try to coordinate.
Note: The other agent sees the SAME options, but in a DIFFERENT order.

中国游戏用语
Options: 带飞, GG, 菜鸡, 躺赢

Which option do you choose? Respond with the exact option text.",GG,GG,True
中国科技热词,"[""人工智能"", ""大数据"", ""云计算"", ""元宇宙""]","[""云计算"", ""人工智能"", ""元宇宙"", ""大数据""]","[""元宇宙"", ""大数据"", ""人工智能"", ""云计算""]","You are playing a coordination game with another agent.
If you both select the SAME option, you each get $1.
You cannot communicate - you must try to coordinate.
Note: The other agent sees the SAME options, but in a DIFFERENT order.

中国科技热词
Options: 云计算, 人工智能, 元宇宙, 大数据

Which option do you choose? Respond with the exact option text.",人工智能,人工智能,"You are playing a coordination game with another agent.
If you both select the SAME option, you each get $1.
You cannot communicate - you must try to coordinate.
Note: The other agent sees the SAME options, but in a DIFFERENT order.

中国科技热词
Options: 元宇宙, 大数据, 人工智能, 云计算

Which option do you choose? Respond with the exact option text.",人工智能,人工智能,True
中国表情包,"[""狗头"", ""微笑"", ""捂脸"", ""滑稽""]","[""狗头"", ""滑稽"", ""微笑"", ""捂脸""]","[""微笑"", ""捂脸"", ""滑稽"", ""狗头""]","You are playing a coordination game with another agent.
If you both select the SAME option, you each get $1.
You cannot communicate - you must try to coordinate.
Note: The other agent sees the SAME options, but in a DIFFERENT order.

中国表情包
Options: 狗头, 滑稽, 微笑, 捂脸

Which option do you choose? Respond with the exact option text.",狗头,狗头,"You are playing a coordination game with another agent.
If you both select the SAME option, you each get $1.
You cannot communicate - you must try to coordinate.
Note: The other agent sees the SAME options, but in a DIFFERENT order.

中国表情包
Options: 微笑, 捂脸, 滑稽, 狗头

Which option do you choose? Respond with the exact option text.",狗头,狗头,True
中国网络习惯,"[""刷手机"", ""追剧"", ""网购"", ""打卡""]","[""刷手机"", ""打卡"", ""追剧"", ""网购""]","[""刷手机"", ""打卡"", ""追剧"", ""网购""]","You are playing a coordination game with another agent.
If you both select the SAME option, you each get $1.
You cannot communicate - you must try to coordinate.
Note: The other agent sees the SAME options, but in a DIFFERENT order.

中国网络习惯
Options: 刷手机, 打卡, 追剧, 网购

Which option do you choose? Respond with the exact option text.",刷手机,刷手机,"You are playing a coordination game with another agent.
If you both select the SAME option, you each get $1.
You cannot communicate - you must try to coordinate.
Note: The other agent sees the SAME options, but in a DIFFERENT order.

中国网络习惯
Options: 刷手机, 打卡, 追剧, 网购

Which option do you choose? Respond with the exact option text.",刷手机,刷手机,True
