category,options,order_a,order_b,prompt_a,response_a,choice_a,prompt_b,response_b,choice_b,success
Primary Colors,"[""Red"", ""Blue"", ""Green"", ""Yellow""]","[""Yellow"", ""Blue"", ""Green"", ""Red""]","[""Yellow"", ""Red"", ""Blue"", ""Green""]","You are playing a coordination game with another agent.
If you both select the SAME option, you each get $1.
You cannot communicate - you must try to coordinate.
Note: The other agent sees the SAME options, but in a DIFFERENT order.

Primary Colors
Options: Yellow, Blue, Green, Red

Which option do you choose? Respond with the exact option text.","Red
",Red,"You are playing a coordination game with another agent.
If you both select the SAME option, you each get $1.
You cannot communicate - you must try to coordinate.
Note: The other agent sees the SAME options, but in a DIFFERENT order.

Primary Colors
Options: Yellow, Red, Blue, Green

Which option do you choose? Respond with the exact option text.","Blue
",Blue,False
Warm Colors,"[""Red"", ""Orange"", ""Yellow"", ""Pink""]","[""Orange"", ""Pink"", ""Red"", ""Yellow""]","[""Pink"", ""Yellow"", ""Orange"", ""Red""]","You are playing a coordination game with another agent.
If you both select the SAME option, you each get $1.
You cannot communicate - you must try to coordinate.
Note: The other agent sees the SAME options, but in a DIFFERENT order.

Warm Colors
Options: Orange, Pink, Red, Yellow

Which option do you choose? Respond with the exact option text.","Red
",Red,"You are playing a coordination game with another agent.
If you both select the SAME option, you each get $1.
You cannot communicate - you must try to coordinate.
Note: The other agent sees the SAME options, but in a DIFFERENT order.

Warm Colors
Options: Pink, Yellow, Orange, Red

Which option do you choose? Respond with the exact option text.","Yellow
",Yellow,False
Cool Colors,"[""Blue"", ""Green"", ""Purple"", ""Teal""]","[""Green"", ""Blue"", ""Purple"", ""Teal""]","[""Teal"", ""Blue"", ""Purple"", ""Green""]","You are playing a coordination game with another agent.
If you both select the SAME option, you each get $1.
You cannot communicate - you must try to coordinate.
Note: The other agent sees the SAME options, but in a DIFFERENT order.

Cool Colors
Options: Green, Blue, Purple, Teal

Which option do you choose? Respond with the exact option text.","Blue
",Blue,"You are playing a coordination game with another agent.
If you both select the SAME option, you each get $1.
You cannot communicate - you must try to coordinate.
Note: The other agent sees the SAME options, but in a DIFFERENT order.

Cool Colors
Options: Teal, Blue, Purple, Green

Which option do you choose? Respond with the exact option text.","Blue
",Blue,True
Basic Shapes,"[""Circle"", ""Square"", ""Triangle"", ""Rectangle""]","[""Rectangle"", ""Square"", ""Triangle"", ""Circle""]","[""Square"", ""Circle"", ""Triangle"", ""Rectangle""]","You are playing a coordination game with another agent.
If you both select the SAME option, you each get $1.
You cannot communicate - you must try to coordinate.
Note: The other agent sees the SAME options, but in a DIFFERENT order.

Basic Shapes
Options: Rectangle, Square, Triangle, Circle

Which option do you choose? Respond with the exact option text.","Square
",Square,"You are playing a coordination game with another agent.
If you both select the SAME option, you each get $1.
You cannot communicate - you must try to coordinate.
Note: The other agent sees the SAME options, but in a DIFFERENT order.

Basic Shapes
Options: Square, Circle, Triangle, Rectangle

Which option do you choose? Respond with the exact option text.","Square
",Square,True
Geometric Shapes,"[""Triangle"", ""Square"", ""Pentagon"", ""Hexagon""]","[""Square"", ""Hexagon"", ""Triangle"", ""Pentagon""]","[""Pentagon"", ""Triangle"", ""Square"", ""Hexagon""]","You are playing a coordination game with another agent.
If you both select the SAME option, you each get $1.
You cannot communicate - you must try to coordinate.
Note: The other agent sees the SAME options, but in a DIFFERENT order.

Geometric Shapes
Options: Square, Hexagon, Triangle, Pentagon

Which option do you choose? Respond with the exact option text.","Triangle
",Triangle,"You are playing a coordination game with another agent.
If you both select the SAME option, you each get $1.
You cannot communicate - you must try to coordinate.
Note: The other agent sees the SAME options, but in a DIFFERENT order.

Geometric Shapes
Options: Pentagon, Triangle, Square, Hexagon

Which option do you choose? Respond with the exact option text.","Square
",Square,False
基本颜色,"[""红色"", ""蓝色"", ""绿色"", ""黄色""]","[""黄色"", ""绿色"", ""蓝色"", ""红色""]","[""红色"", ""黄色"", ""绿色"", ""蓝色""]","You are playing a coordination game with another agent.
If you both select the SAME option, you each get $1.
You cannot communicate - you must try to coordinate.
Note: The other agent sees the SAME options, but in a DIFFERENT order.

基本颜色
Options: 黄色, 绿色, 蓝色, 红色

Which option do you choose? Respond with the exact option text.","蓝色
",蓝色,"You are playing a coordination game with another agent.
If you both select the SAME option, you each get $1.
You cannot communicate - you must try to coordinate.
Note: The other agent sees the SAME options, but in a DIFFERENT order.

基本颜色
Options: 红色, 黄色, 绿色, 蓝色

Which option do you choose? Respond with the exact option text.","红色
",红色,False
暖色,"[""红色"", ""橙色"", ""黄色"", ""粉色""]","[""粉色"", ""黄色"", ""红色"", ""橙色""]","[""粉色"", ""黄色"", ""红色"", ""橙色""]","You are playing a coordination game with another agent.
If you both select the SAME option, you each get $1.
You cannot communicate - you must try to coordinate.
Note: The other agent sees the SAME options, but in a DIFFERENT order.

暖色
Options: 粉色, 黄色, 红色, 橙色

Which option do you choose? Respond with the exact option text.","粉色
",粉色,"You are playing a coordination game with another agent.
If you both select the SAME option, you each get $1.
You cannot communicate - you must try to coordinate.
Note: The other agent sees the SAME options, but in a DIFFERENT order.

暖色
Options: 粉色, 黄色, 红色, 橙色

Which option do you choose? Respond with the exact option text.","粉色
",粉色,True
冷色,"[""蓝色"", ""绿色"", ""紫色"", ""青色""]","[""绿色"", ""青色"", ""紫色"", ""蓝色""]","[""紫色"", ""绿色"", ""蓝色"", ""青色""]","You are playing a coordination game with another agent.
If you both select the SAME option, you each get $1.
You cannot communicate - you must try to coordinate.
Note: The other agent sees the SAME options, but in a DIFFERENT order.

冷色
Options: 绿色, 青色, 紫色, 蓝色

Which option do you choose? Respond with the exact option text.","蓝色
",蓝色,"You are playing a coordination game with another agent.
If you both select the SAME option, you each get $1.
You cannot communicate - you must try to coordinate.
Note: The other agent sees the SAME options, but in a DIFFERENT order.

冷色
Options: 紫色, 绿色, 蓝色, 青色

Which option do you choose? Respond with the exact option text.","蓝色
",蓝色,True
基本形状,"[""圆形"", ""方形"", ""三角形"", ""矩形""]","[""圆形"", ""三角形"", ""方形"", ""矩形""]","[""矩形"", ""三角形"", ""圆形"", ""方形""]","You are playing a coordination game with another agent.
If you both select the SAME option, you each get $1.
You cannot communicate - you must try to coordinate.
Note: The other agent sees the SAME options, but in a DIFFERENT order.

基本形状
Options: 圆形, 三角形, 方形, 矩形

Which option do you choose? Respond with the exact option text.","圆形
",圆形,"You are playing a coordination game with another agent.
If you both select the SAME option, you each get $1.
You cannot communicate - you must try to coordinate.
Note: The other agent sees the SAME options, but in a DIFFERENT order.

基本形状
Options: 矩形, 三角形, 圆形, 方形

Which option do you choose? Respond with the exact option text.","圆形
",圆形,True
几何图形,"[""三角形"", ""正方形"", ""五边形"", ""六边形""]","[""三角形"", ""五边形"", ""正方形"", ""六边形""]","[""三角形"", ""六边形"", ""正方形"", ""五边形""]","You are playing a coordination game with another agent.
If you both select the SAME option, you each get $1.
You cannot communicate - you must try to coordinate.
Note: The other agent sees the SAME options, but in a DIFFERENT order.

几何图形
Options: 三角形, 五边形, 正方形, 六边形

Which option do you choose? Respond with the exact option text.","正方形
",正方形,"You are playing a coordination game with another agent.
If you both select the SAME option, you each get $1.
You cannot communicate - you must try to coordinate.
Note: The other agent sees the SAME options, but in a DIFFERENT order.

几何图形
Options: 三角形, 六边形, 正方形, 五边形

Which option do you choose? Respond with the exact option text.","正方形
",正方形,True
Compass Directions,"[""North"", ""South"", ""East"", ""West""]","[""East"", ""North"", ""South"", ""West""]","[""North"", ""West"", ""South"", ""East""]","You are playing a coordination game with another agent.
If you both select the SAME option, you each get $1.
You cannot communicate - you must try to coordinate.
Note: The other agent sees the SAME options, but in a DIFFERENT order.

Compass Directions
Options: East, North, South, West

Which option do you choose? Respond with the exact option text.","West
",West,"You are playing a coordination game with another agent.
If you both select the SAME option, you each get $1.
You cannot communicate - you must try to coordinate.
Note: The other agent sees the SAME options, but in a DIFFERENT order.

Compass Directions
Options: North, West, South, East

Which option do you choose? Respond with the exact option text.","North
",North,False
Vertical Directions,"[""Up"", ""Down"", ""Left"", ""Right""]","[""Right"", ""Left"", ""Down"", ""Up""]","[""Down"", ""Right"", ""Up"", ""Left""]","You are playing a coordination game with another agent.
If you both select the SAME option, you each get $1.
You cannot communicate - you must try to coordinate.
Note: The other agent sees the SAME options, but in a DIFFERENT order.

Vertical Directions
Options: Right, Left, Down, Up

Which option do you choose? Respond with the exact option text.","Up
",Up,"You are playing a coordination game with another agent.
If you both select the SAME option, you each get $1.
You cannot communicate - you must try to coordinate.
Note: The other agent sees the SAME options, but in a DIFFERENT order.

Vertical Directions
Options: Down, Right, Up, Left

Which option do you choose? Respond with the exact option text.","Right
",Right,False
Spatial Relations,"[""Above"", ""Below"", ""Left"", ""Right""]","[""Left"", ""Below"", ""Right"", ""Above""]","[""Above"", ""Right"", ""Left"", ""Below""]","You are playing a coordination game with another agent.
If you both select the SAME option, you each get $1.
You cannot communicate - you must try to coordinate.
Note: The other agent sees the SAME options, but in a DIFFERENT order.

Spatial Relations
Options: Left, Below, Right, Above

Which option do you choose? Respond with the exact option text.","Left
",Left,"You are playing a coordination game with another agent.
If you both select the SAME option, you each get $1.
You cannot communicate - you must try to coordinate.
Note: The other agent sees the SAME options, but in a DIFFERENT order.

Spatial Relations
Options: Above, Right, Left, Below

Which option do you choose? Respond with the exact option text.","Left
",Left,True
Extremes of Size,"[""Tiny"", ""Small"", ""Large"", ""Huge""]","[""Small"", ""Huge"", ""Tiny"", ""Large""]","[""Large"", ""Tiny"", ""Huge"", ""Small""]","You are playing a coordination game with another agent.
If you both select the SAME option, you each get $1.
You cannot communicate - you must try to coordinate.
Note: The other agent sees the SAME options, but in a DIFFERENT order.

Extremes of Size
Options: Small, Huge, Tiny, Large

Which option do you choose? Respond with the exact option text.","Small
",Small,"You are playing a coordination game with another agent.
If you both select the SAME option, you each get $1.
You cannot communicate - you must try to coordinate.
Note: The other agent sees the SAME options, but in a DIFFERENT order.

Extremes of Size
Options: Large, Tiny, Huge, Small

Which option do you choose? Respond with the exact option text.","Small
",Small,True
Extremes of Temperature,"[""Freezing"", ""Cold"", ""Hot"", ""Boiling""]","[""Hot"", ""Boiling"", ""Freezing"", ""Cold""]","[""Cold"", ""Hot"", ""Boiling"", ""Freezing""]","You are playing a coordination game with another agent.
If you both select the SAME option, you each get $1.
You cannot communicate - you must try to coordinate.
Note: The other agent sees the SAME options, but in a DIFFERENT order.

Extremes of Temperature
Options: Hot, Boiling, Freezing, Cold

Which option do you choose? Respond with the exact option text.","Cold
",Cold,"You are playing a coordination game with another agent.
If you both select the SAME option, you each get $1.
You cannot communicate - you must try to coordinate.
Note: The other agent sees the SAME options, but in a DIFFERENT order.

Extremes of Temperature
Options: Cold, Hot, Boiling, Freezing

Which option do you choose? Respond with the exact option text.","Freezing
",Freezing,False
方向,"[""东"", ""南"", ""西"", ""北""]","[""东"", ""西"", ""北"", ""南""]","[""西"", ""南"", ""北"", ""东""]","You are playing a coordination game with another agent.
If you both select the SAME option, you each get $1.
You cannot communicate - you must try to coordinate.
Note: The other agent sees the SAME options, but in a DIFFERENT order.

方向
Options: 东, 西, 北, 南

Which option do you choose? Respond with the exact option text.","南
",南,"You are playing a coordination game with another agent.
If you both select the SAME option, you each get $1.
You cannot communicate - you must try to coordinate.
Note: The other agent sees the SAME options, but in a DIFFERENT order.

方向
Options: 西, 南, 北, 东

Which option do you choose? Respond with the exact option text.","东
",东,False
空间方位,"[""上"", ""下"", ""左"", ""右""]","[""下"", ""右"", ""上"", ""左""]","[""下"", ""左"", ""上"", ""右""]","You are playing a coordination game with another agent.
If you both select the SAME option, you each get $1.
You cannot communicate - you must try to coordinate.
Note: The other agent sees the SAME options, but in a DIFFERENT order.

空间方位
Options: 下, 右, 上, 左

Which option do you choose? Respond with the exact option text.","下
",下,"You are playing a coordination game with another agent.
If you both select the SAME option, you each get $1.
You cannot communicate - you must try to coordinate.
Note: The other agent sees the SAME options, but in a DIFFERENT order.

空间方位
Options: 下, 左, 上, 右

Which option do you choose? Respond with the exact option text.","下
",下,True
大小极端,"[""极小"", ""小"", ""大"", ""极大""]","[""大"", ""极大"", ""极小"", ""小""]","[""大"", ""极大"", ""极小"", ""小""]","You are playing a coordination game with another agent.
If you both select the SAME option, you each get $1.
You cannot communicate - you must try to coordinate.
Note: The other agent sees the SAME options, but in a DIFFERENT order.

大小极端
Options: 大, 极大, 极小, 小

Which option do you choose? Respond with the exact option text.","小
",小,"You are playing a coordination game with another agent.
If you both select the SAME option, you each get $1.
You cannot communicate - you must try to coordinate.
Note: The other agent sees the SAME options, but in a DIFFERENT order.

大小极端
Options: 大, 极大, 极小, 小

Which option do you choose? Respond with the exact option text.","小
",小,True
温度极端,"[""冰冷"", ""冷"", ""热"", ""滚烫""]","[""滚烫"", ""热"", ""冰冷"", ""冷""]","[""热"", ""冷"", ""冰冷"", ""滚烫""]","You are playing a coordination game with another agent.
If you both select the SAME option, you each get $1.
You cannot communicate - you must try to coordinate.
Note: The other agent sees the SAME options, but in a DIFFERENT order.

温度极端
Options: 滚烫, 热, 冰冷, 冷

Which option do you choose? Respond with the exact option text.","冷
",冷,"You are playing a coordination game with another agent.
If you both select the SAME option, you each get $1.
You cannot communicate - you must try to coordinate.
Note: The other agent sees the SAME options, but in a DIFFERENT order.

温度极端
Options: 热, 冷, 冰冷, 滚烫

Which option do you choose? Respond with the exact option text.","热
",热,False
速度,"[""缓慢"", ""快"", ""迅速"", ""飞速""]","[""快"", ""迅速"", ""缓慢"", ""飞速""]","[""飞速"", ""缓慢"", ""迅速"", ""快""]","You are playing a coordination game with another agent.
If you both select the SAME option, you each get $1.
You cannot communicate - you must try to coordinate.
Note: The other agent sees the SAME options, but in a DIFFERENT order.

速度
Options: 快, 迅速, 缓慢, 飞速

Which option do you choose? Respond with the exact option text.","缓慢
",缓慢,"You are playing a coordination game with another agent.
If you both select the SAME option, you each get $1.
You cannot communicate - you must try to coordinate.
Note: The other agent sees the SAME options, but in a DIFFERENT order.

速度
Options: 飞速, 缓慢, 迅速, 快

Which option do you choose? Respond with the exact option text.","飞速
",飞速,False
Extremes of Speed,"[""Slow"", ""Fast"", ""Quick"", ""Rapid""]","[""Slow"", ""Fast"", ""Quick"", ""Rapid""]","[""Quick"", ""Slow"", ""Rapid"", ""Fast""]","You are playing a coordination game with another agent.
If you both select the SAME option, you each get $1.
You cannot communicate - you must try to coordinate.
Note: The other agent sees the SAME options, but in a DIFFERENT order.

Extremes of Speed
Options: Slow, Fast, Quick, Rapid

Which option do you choose? Respond with the exact option text.","Slow
",Slow,"You are playing a coordination game with another agent.
If you both select the SAME option, you each get $1.
You cannot communicate - you must try to coordinate.
Note: The other agent sees the SAME options, but in a DIFFERENT order.

Extremes of Speed
Options: Quick, Slow, Rapid, Fast

Which option do you choose? Respond with the exact option text.","Slow
",Slow,True
Extremes of Weight,"[""Feather"", ""Stone"", ""Boulder"", ""Mountain""]","[""Mountain"", ""Stone"", ""Feather"", ""Boulder""]","[""Stone"", ""Mountain"", ""Boulder"", ""Feather""]","You are playing a coordination game with another agent.
If you both select the SAME option, you each get $1.
You cannot communicate - you must try to coordinate.
Note: The other agent sees the SAME options, but in a DIFFERENT order.

Extremes of Weight
Options: Mountain, Stone, Feather, Boulder

Which option do you choose? Respond with the exact option text.","Feather
",Feather,"You are playing a coordination game with another agent.
If you both select the SAME option, you each get $1.
You cannot communicate - you must try to coordinate.
Note: The other agent sees the SAME options, but in a DIFFERENT order.

Extremes of Weight
Options: Stone, Mountain, Boulder, Feather

Which option do you choose? Respond with the exact option text.","Feather
",Feather,True
Light and Dark,"[""Dawn"", ""Dusk"", ""Midnight"", ""Noon""]","[""Midnight"", ""Dawn"", ""Noon"", ""Dusk""]","[""Dawn"", ""Dusk"", ""Noon"", ""Midnight""]","You are playing a coordination game with another agent.
If you both select the SAME option, you each get $1.
You cannot communicate - you must try to coordinate.
Note: The other agent sees the SAME options, but in a DIFFERENT order.

Light and Dark
Options: Midnight, Dawn, Noon, Dusk

Which option do you choose? Respond with the exact option text.","Dawn
",Dawn,"You are playing a coordination game with another agent.
If you both select the SAME option, you each get $1.
You cannot communicate - you must try to coordinate.
Note: The other agent sees the SAME options, but in a DIFFERENT order.

Light and Dark
Options: Dawn, Dusk, Noon, Midnight

Which option do you choose? Respond with the exact option text.","Dawn
",Dawn,True
Sound Levels,"[""Whisper"", ""Murmur"", ""Shout"", ""Scream""]","[""Scream"", ""Murmur"", ""Whisper"", ""Shout""]","[""Whisper"", ""Murmur"", ""Scream"", ""Shout""]","You are playing a coordination game with another agent.
If you both select the SAME option, you each get $1.
You cannot communicate - you must try to coordinate.
Note: The other agent sees the SAME options, but in a DIFFERENT order.

Sound Levels
Options: Scream, Murmur, Whisper, Shout

Which option do you choose? Respond with the exact option text.","Whisper
",Whisper,"You are playing a coordination game with another agent.
If you both select the SAME option, you each get $1.
You cannot communicate - you must try to coordinate.
Note: The other agent sees the SAME options, but in a DIFFERENT order.

Sound Levels
Options: Whisper, Murmur, Scream, Shout

Which option do you choose? Respond with the exact option text.","Whisper
",Whisper,True
Texture Words,"[""Smooth"", ""Rough"", ""Soft"", ""Hard""]","[""Smooth"", ""Soft"", ""Hard"", ""Rough""]","[""Hard"", ""Soft"", ""Smooth"", ""Rough""]","You are playing a coordination game with another agent.
If you both select the SAME option, you each get $1.
You cannot communicate - you must try to coordinate.
Note: The other agent sees the SAME options, but in a DIFFERENT order.

Texture Words
Options: Smooth, Soft, Hard, Rough

Which option do you choose? Respond with the exact option text.","Smooth
",Smooth,"You are playing a coordination game with another agent.
If you both select the SAME option, you each get $1.
You cannot communicate - you must try to coordinate.
Note: The other agent sees the SAME options, but in a DIFFERENT order.

Texture Words
Options: Hard, Soft, Smooth, Rough

Which option do you choose? Respond with the exact option text.","Smooth
",Smooth,True
明暗程度,"[""昏暗"", ""微光"", ""明亮"", ""刺眼""]","[""微光"", ""明亮"", ""刺眼"", ""昏暗""]","[""昏暗"", ""微光"", ""明亮"", ""刺眼""]","You are playing a coordination game with another agent.
If you both select the SAME option, you each get $1.
You cannot communicate - you must try to coordinate.
Note: The other agent sees the SAME options, but in a DIFFERENT order.

明暗程度
Options: 微光, 明亮, 刺眼, 昏暗

Which option do you choose? Respond with the exact option text.","昏暗
",昏暗,"You are playing a coordination game with another agent.
If you both select the SAME option, you each get $1.
You cannot communicate - you must try to coordinate.
Note: The other agent sees the SAME options, but in a DIFFERENT order.

明暗程度
Options: 昏暗, 微光, 明亮, 刺眼

Which option do you choose? Respond with the exact option text.","明亮
",明亮,False
声音大小,"[""耳语"", ""低语"", ""喊叫"", ""尖叫""]","[""喊叫"", ""尖叫"", ""低语"", ""耳语""]","[""尖叫"", ""喊叫"", ""耳语"", ""低语""]","You are playing a coordination game with another agent.
If you both select the SAME option, you each get $1.
You cannot communicate - you must try to coordinate.
Note: The other agent sees the SAME options, but in a DIFFERENT order.

声音大小
Options: 喊叫, 尖叫, 低语, 耳语

Which option do you choose? Respond with the exact option text.","低语
",低语,"You are playing a coordination game with another agent.
If you both select the SAME option, you each get $1.
You cannot communicate - you must try to coordinate.
Note: The other agent sees the SAME options, but in a DIFFERENT order.

声音大小
Options: 尖叫, 喊叫, 耳语, 低语

Which option do you choose? Respond with the exact option text.","低语
",低语,True
质感,"[""光滑"", ""粗糙"", ""柔软"", ""坚硬""]","[""光滑"", ""粗糙"", ""柔软"", ""坚硬""]","[""粗糙"", ""光滑"", ""坚硬"", ""柔软""]","You are playing a coordination game with another agent.
If you both select the SAME option, you each get $1.
You cannot communicate - you must try to coordinate.
Note: The other agent sees the SAME options, but in a DIFFERENT order.

质感
Options: 光滑, 粗糙, 柔软, 坚硬

Which option do you choose? Respond with the exact option text.","光滑
",光滑,"You are playing a coordination game with another agent.
If you both select the SAME option, you each get $1.
You cannot communicate - you must try to coordinate.
Note: The other agent sees the SAME options, but in a DIFFERENT order.

质感
Options: 粗糙, 光滑, 坚硬, 柔软

Which option do you choose? Respond with the exact option text.","粗糙
",粗糙,False
线条类型,"[""直线"", ""曲线"", ""折线"", ""螺旋""]","[""折线"", ""螺旋"", ""直线"", ""曲线""]","[""曲线"", ""折线"", ""直线"", ""螺旋""]","You are playing a coordination game with another agent.
If you both select the SAME option, you each get $1.
You cannot communicate - you must try to coordinate.
Note: The other agent sees the SAME options, but in a DIFFERENT order.

线条类型
Options: 折线, 螺旋, 直线, 曲线

Which option do you choose? Respond with the exact option text.","直线
",直线,"You are playing a coordination game with another agent.
If you both select the SAME option, you each get $1.
You cannot communicate - you must try to coordinate.
Note: The other agent sees the SAME options, but in a DIFFERENT order.

线条类型
Options: 曲线, 折线, 直线, 螺旋

Which option do you choose? Respond with the exact option text.","直线
",直线,True
亮度级别,"[""暗淡"", ""微亮"", ""明亮"", ""耀眼""]","[""明亮"", ""耀眼"", ""微亮"", ""暗淡""]","[""明亮"", ""耀眼"", ""暗淡"", ""微亮""]","You are playing a coordination game with another agent.
If you both select the SAME option, you each get $1.
You cannot communicate - you must try to coordinate.
Note: The other agent sees the SAME options, but in a DIFFERENT order.

亮度级别
Options: 明亮, 耀眼, 微亮, 暗淡

Which option do you choose? Respond with the exact option text.","微亮
",微亮,"You are playing a coordination game with another agent.
If you both select the SAME option, you each get $1.
You cannot communicate - you must try to coordinate.
Note: The other agent sees the SAME options, but in a DIFFERENT order.

亮度级别
Options: 明亮, 耀眼, 暗淡, 微亮

Which option do you choose? Respond with the exact option text.","微亮
",微亮,True
Basic Patterns,"[""Stripe"", ""Dot"", ""Check"", ""Wave""]","[""Stripe"", ""Wave"", ""Check"", ""Dot""]","[""Stripe"", ""Dot"", ""Wave"", ""Check""]","You are playing a coordination game with another agent.
If you both select the SAME option, you each get $1.
You cannot communicate - you must try to coordinate.
Note: The other agent sees the SAME options, but in a DIFFERENT order.

Basic Patterns
Options: Stripe, Wave, Check, Dot

Which option do you choose? Respond with the exact option text.","Check
",Check,"You are playing a coordination game with another agent.
If you both select the SAME option, you each get $1.
You cannot communicate - you must try to coordinate.
Note: The other agent sees the SAME options, but in a DIFFERENT order.

Basic Patterns
Options: Stripe, Dot, Wave, Check

Which option do you choose? Respond with the exact option text.","Stripe
",Stripe,False
Line Types,"[""Straight"", ""Curved"", ""Zigzag"", ""Spiral""]","[""Straight"", ""Curved"", ""Zigzag"", ""Spiral""]","[""Curved"", ""Straight"", ""Zigzag"", ""Spiral""]","You are playing a coordination game with another agent.
If you both select the SAME option, you each get $1.
You cannot communicate - you must try to coordinate.
Note: The other agent sees the SAME options, but in a DIFFERENT order.

Line Types
Options: Straight, Curved, Zigzag, Spiral

Which option do you choose? Respond with the exact option text.","Straight
",Straight,"You are playing a coordination game with another agent.
If you both select the SAME option, you each get $1.
You cannot communicate - you must try to coordinate.
Note: The other agent sees the SAME options, but in a DIFFERENT order.

Line Types
Options: Curved, Straight, Zigzag, Spiral

Which option do you choose? Respond with the exact option text.","Straight
",Straight,True
Depth Levels,"[""Surface"", ""Shallow"", ""Deep"", ""Bottomless""]","[""Deep"", ""Surface"", ""Shallow"", ""Bottomless""]","[""Deep"", ""Bottomless"", ""Shallow"", ""Surface""]","You are playing a coordination game with another agent.
If you both select the SAME option, you each get $1.
You cannot communicate - you must try to coordinate.
Note: The other agent sees the SAME options, but in a DIFFERENT order.

Depth Levels
Options: Deep, Surface, Shallow, Bottomless

Which option do you choose? Respond with the exact option text.","Surface
",Surface,"You are playing a coordination game with another agent.
If you both select the SAME option, you each get $1.
You cannot communicate - you must try to coordinate.
Note: The other agent sees the SAME options, but in a DIFFERENT order.

Depth Levels
Options: Deep, Bottomless, Shallow, Surface

Which option do you choose? Respond with the exact option text.","Shallow
",Shallow,False
Brightness Levels,"[""Dim"", ""Glow"", ""Bright"", ""Blinding""]","[""Glow"", ""Dim"", ""Bright"", ""Blinding""]","[""Dim"", ""Blinding"", ""Glow"", ""Bright""]","You are playing a coordination game with another agent.
If you both select the SAME option, you each get $1.
You cannot communicate - you must try to coordinate.
Note: The other agent sees the SAME options, but in a DIFFERENT order.

Brightness Levels
Options: Glow, Dim, Bright, Blinding

Which option do you choose? Respond with the exact option text.","Glow
",Glow,"You are playing a coordination game with another agent.
If you both select the SAME option, you each get $1.
You cannot communicate - you must try to coordinate.
Note: The other agent sees the SAME options, but in a DIFFERENT order.

Brightness Levels
Options: Dim, Blinding, Glow, Bright

Which option do you choose? Respond with the exact option text.","Dim
",Dim,False
Color Families,"[""Red"", ""Blue"", ""Green"", ""Black""]","[""Blue"", ""Green"", ""Red"", ""Black""]","[""Red"", ""Green"", ""Black"", ""Blue""]","You are playing a coordination game with another agent.
If you both select the SAME option, you each get $1.
You cannot communicate - you must try to coordinate.
Note: The other agent sees the SAME options, but in a DIFFERENT order.

Color Families
Options: Blue, Green, Red, Black

Which option do you choose? Respond with the exact option text.","Red
",Red,"You are playing a coordination game with another agent.
If you both select the SAME option, you each get $1.
You cannot communicate - you must try to coordinate.
Note: The other agent sees the SAME options, but in a DIFFERENT order.

Color Families
Options: Red, Green, Black, Blue

Which option do you choose? Respond with the exact option text.","Red
",Red,True
深浅程度,"[""表面"", ""浅"", ""深"", ""极深""]","[""浅"", ""表面"", ""深"", ""极深""]","[""浅"", ""表面"", ""极深"", ""深""]","You are playing a coordination game with another agent.
If you both select the SAME option, you each get $1.
You cannot communicate - you must try to coordinate.
Note: The other agent sees the SAME options, but in a DIFFERENT order.

深浅程度
Options: 浅, 表面, 深, 极深

Which option do you choose? Respond with the exact option text.","浅
",浅,"You are playing a coordination game with another agent.
If you both select the SAME option, you each get $1.
You cannot communicate - you must try to coordinate.
Note: The other agent sees the SAME options, but in a DIFFERENT order.

深浅程度
Options: 浅, 表面, 极深, 深

Which option do you choose? Respond with the exact option text.","浅
",浅,True
图案,"[""条纹"", ""圆点"", ""格子"", ""波浪""]","[""条纹"", ""波浪"", ""圆点"", ""格子""]","[""条纹"", ""格子"", ""圆点"", ""波浪""]","You are playing a coordination game with another agent.
If you both select the SAME option, you each get $1.
You cannot communicate - you must try to coordinate.
Note: The other agent sees the SAME options, but in a DIFFERENT order.

图案
Options: 条纹, 波浪, 圆点, 格子

Which option do you choose? Respond with the exact option text.","条纹
",条纹,"You are playing a coordination game with another agent.
If you both select the SAME option, you each get $1.
You cannot communicate - you must try to coordinate.
Note: The other agent sees the SAME options, but in a DIFFERENT order.

图案
Options: 条纹, 格子, 圆点, 波浪

Which option do you choose? Respond with the exact option text.","条纹
",条纹,True
颜色系列,"[""红色"", ""蓝色"", ""绿色"", ""黑色""]","[""黑色"", ""绿色"", ""蓝色"", ""红色""]","[""红色"", ""蓝色"", ""绿色"", ""黑色""]","You are playing a coordination game with another agent.
If you both select the SAME option, you each get $1.
You cannot communicate - you must try to coordinate.
Note: The other agent sees the SAME options, but in a DIFFERENT order.

颜色系列
Options: 黑色, 绿色, 蓝色, 红色

Which option do you choose? Respond with the exact option text.","黑色
",黑色,"You are playing a coordination game with another agent.
If you both select the SAME option, you each get $1.
You cannot communicate - you must try to coordinate.
Note: The other agent sees the SAME options, but in a DIFFERENT order.

颜色系列
Options: 红色, 蓝色, 绿色, 黑色

Which option do you choose? Respond with the exact option text.","红色
",红色,False
光线,"[""晨光"", ""暮光"", ""正午"", ""午夜""]","[""正午"", ""午夜"", ""暮光"", ""晨光""]","[""正午"", ""晨光"", ""暮光"", ""午夜""]","You are playing a coordination game with another agent.
If you both select the SAME option, you each get $1.
You cannot communicate - you must try to coordinate.
Note: The other agent sees the SAME options, but in a DIFFERENT order.

光线
Options: 正午, 午夜, 暮光, 晨光

Which option do you choose? Respond with the exact option text.","晨光
",晨光,"You are playing a coordination game with another agent.
If you both select the SAME option, you each get $1.
You cannot communicate - you must try to coordinate.
Note: The other agent sees the SAME options, but in a DIFFERENT order.

光线
Options: 正午, 晨光, 暮光, 午夜

Which option do you choose? Respond with the exact option text.","晨光
",晨光,True
声音频率,"[""低沉"", ""柔和"", ""响亮"", ""尖锐""]","[""响亮"", ""柔和"", ""低沉"", ""尖锐""]","[""尖锐"", ""柔和"", ""低沉"", ""响亮""]","You are playing a coordination game with another agent.
If you both select the SAME option, you each get $1.
You cannot communicate - you must try to coordinate.
Note: The other agent sees the SAME options, but in a DIFFERENT order.

声音频率
Options: 响亮, 柔和, 低沉, 尖锐

Which option do you choose? Respond with the exact option text.","柔和
",柔和,"You are playing a coordination game with another agent.
If you both select the SAME option, you each get $1.
You cannot communicate - you must try to coordinate.
Note: The other agent sees the SAME options, but in a DIFFERENT order.

声音频率
Options: 尖锐, 柔和, 低沉, 响亮

Which option do you choose? Respond with the exact option text.","柔和
",柔和,True
Single Digit Numbers,"[""7"", ""3"", ""5"", ""9""]","[""9"", ""7"", ""3"", ""5""]","[""5"", ""7"", ""3"", ""9""]","You are playing a coordination game with another agent.
If you both select the SAME option, you each get $1.
You cannot communicate - you must try to coordinate.
Note: The other agent sees the SAME options, but in a DIFFERENT order.

Single Digit Numbers
Options: 9, 7, 3, 5

Which option do you choose? Respond with the exact option text.","9
",9,"You are playing a coordination game with another agent.
If you both select the SAME option, you each get $1.
You cannot communicate - you must try to coordinate.
Note: The other agent sees the SAME options, but in a DIFFERENT order.

Single Digit Numbers
Options: 5, 7, 3, 9

Which option do you choose? Respond with the exact option text.","3
",3,False
Round Numbers,"[""10"", ""50"", ""100"", ""1000""]","[""50"", ""10"", ""100"", ""1000""]","[""1000"", ""10"", ""100"", ""50""]","You are playing a coordination game with another agent.
If you both select the SAME option, you each get $1.
You cannot communicate - you must try to coordinate.
Note: The other agent sees the SAME options, but in a DIFFERENT order.

Round Numbers
Options: 50, 10, 100, 1000

Which option do you choose? Respond with the exact option text.","10
",10,"You are playing a coordination game with another agent.
If you both select the SAME option, you each get $1.
You cannot communicate - you must try to coordinate.
Note: The other agent sees the SAME options, but in a DIFFERENT order.

Round Numbers
Options: 1000, 10, 100, 50

Which option do you choose? Respond with the exact option text.","1000
",1000,False
Lucky Numbers,"[""7"", ""8"", ""3"", ""11""]","[""7"", ""3"", ""8"", ""11""]","[""8"", ""3"", ""7"", ""11""]","You are playing a coordination game with another agent.
If you both select the SAME option, you each get $1.
You cannot communicate - you must try to coordinate.
Note: The other agent sees the SAME options, but in a DIFFERENT order.

Lucky Numbers
Options: 7, 3, 8, 11

Which option do you choose? Respond with the exact option text.","7
",7,"You are playing a coordination game with another agent.
If you both select the SAME option, you each get $1.
You cannot communicate - you must try to coordinate.
Note: The other agent sees the SAME options, but in a DIFFERENT order.

Lucky Numbers
Options: 8, 3, 7, 11

Which option do you choose? Respond with the exact option text.","8
",8,False
Even Numbers,"[""2"", ""4"", ""6"", ""8""]","[""8"", ""2"", ""4"", ""6""]","[""4"", ""8"", ""6"", ""2""]","You are playing a coordination game with another agent.
If you both select the SAME option, you each get $1.
You cannot communicate - you must try to coordinate.
Note: The other agent sees the SAME options, but in a DIFFERENT order.

Even Numbers
Options: 8, 2, 4, 6

Which option do you choose? Respond with the exact option text.","8
",8,"You are playing a coordination game with another agent.
If you both select the SAME option, you each get $1.
You cannot communicate - you must try to coordinate.
Note: The other agent sees the SAME options, but in a DIFFERENT order.

Even Numbers
Options: 4, 8, 6, 2

Which option do you choose? Respond with the exact option text.","4
",4,False
Odd Numbers,"[""3"", ""5"", ""7"", ""9""]","[""9"", ""5"", ""7"", ""3""]","[""9"", ""5"", ""3"", ""7""]","You are playing a coordination game with another agent.
If you both select the SAME option, you each get $1.
You cannot communicate - you must try to coordinate.
Note: The other agent sees the SAME options, but in a DIFFERENT order.

Odd Numbers
Options: 9, 5, 7, 3

Which option do you choose? Respond with the exact option text.","9
",9,"You are playing a coordination game with another agent.
If you both select the SAME option, you each get $1.
You cannot communicate - you must try to coordinate.
Note: The other agent sees the SAME options, but in a DIFFERENT order.

Odd Numbers
Options: 9, 5, 3, 7

Which option do you choose? Respond with the exact option text.","7
",7,False
个位数字,"[""7"", ""3"", ""5"", ""9""]","[""3"", ""9"", ""7"", ""5""]","[""7"", ""3"", ""9"", ""5""]","You are playing a coordination game with another agent.
If you both select the SAME option, you each get $1.
You cannot communicate - you must try to coordinate.
Note: The other agent sees the SAME options, but in a DIFFERENT order.

个位数字
Options: 3, 9, 7, 5

Which option do you choose? Respond with the exact option text.","3
",3,"You are playing a coordination game with another agent.
If you both select the SAME option, you each get $1.
You cannot communicate - you must try to coordinate.
Note: The other agent sees the SAME options, but in a DIFFERENT order.

个位数字
Options: 7, 3, 9, 5

Which option do you choose? Respond with the exact option text.","7
",7,False
整数,"[""10"", ""50"", ""100"", ""1000""]","[""50"", ""10"", ""1000"", ""100""]","[""50"", ""1000"", ""10"", ""100""]","You are playing a coordination game with another agent.
If you both select the SAME option, you each get $1.
You cannot communicate - you must try to coordinate.
Note: The other agent sees the SAME options, but in a DIFFERENT order.

整数
Options: 50, 10, 1000, 100

Which option do you choose? Respond with the exact option text.","10
",10,"You are playing a coordination game with another agent.
If you both select the SAME option, you each get $1.
You cannot communicate - you must try to coordinate.
Note: The other agent sees the SAME options, but in a DIFFERENT order.

整数
Options: 50, 1000, 10, 100

Which option do you choose? Respond with the exact option text.","100
",100,False
幸运数字,"[""8"", ""6"", ""9"", ""3""]","[""8"", ""6"", ""3"", ""9""]","[""3"", ""6"", ""9"", ""8""]","You are playing a coordination game with another agent.
If you both select the SAME option, you each get $1.
You cannot communicate - you must try to coordinate.
Note: The other agent sees the SAME options, but in a DIFFERENT order.

幸运数字
Options: 8, 6, 3, 9

Which option do you choose? Respond with the exact option text.","8
",8,"You are playing a coordination game with another agent.
If you both select the SAME option, you each get $1.
You cannot communicate - you must try to coordinate.
Note: The other agent sees the SAME options, but in a DIFFERENT order.

幸运数字
Options: 3, 6, 9, 8

Which option do you choose? Respond with the exact option text.","3
",3,False
偶数,"[""2"", ""4"", ""6"", ""8""]","[""2"", ""4"", ""8"", ""6""]","[""2"", ""4"", ""8"", ""6""]","You are playing a coordination game with another agent.
If you both select the SAME option, you each get $1.
You cannot communicate - you must try to coordinate.
Note: The other agent sees the SAME options, but in a DIFFERENT order.

偶数
Options: 2, 4, 8, 6

Which option do you choose? Respond with the exact option text.","偶数
",,"You are playing a coordination game with another agent.
If you both select the SAME option, you each get $1.
You cannot communicate - you must try to coordinate.
Note: The other agent sees the SAME options, but in a DIFFERENT order.

偶数
Options: 2, 4, 8, 6

Which option do you choose? Respond with the exact option text.","偶数
",,False
奇数,"[""3"", ""5"", ""7"", ""9""]","[""9"", ""3"", ""7"", ""5""]","[""7"", ""9"", ""3"", ""5""]","You are playing a coordination game with another agent.
If you both select the SAME option, you each get $1.
You cannot communicate - you must try to coordinate.
Note: The other agent sees the SAME options, but in a DIFFERENT order.

奇数
Options: 9, 3, 7, 5

Which option do you choose? Respond with the exact option text.","3
",3,"You are playing a coordination game with another agent.
If you both select the SAME option, you each get $1.
You cannot communicate - you must try to coordinate.
Note: The other agent sees the SAME options, but in a DIFFERENT order.

奇数
Options: 7, 9, 3, 5

Which option do you choose? Respond with the exact option text.","3
",3,True
Times of Day,"[""Morning"", ""Afternoon"", ""Evening"", ""Night""]","[""Morning"", ""Afternoon"", ""Night"", ""Evening""]","[""Afternoon"", ""Night"", ""Morning"", ""Evening""]","You are playing a coordination game with another agent.
If you both select the SAME option, you each get $1.
You cannot communicate - you must try to coordinate.
Note: The other agent sees the SAME options, but in a DIFFERENT order.

Times of Day
Options: Morning, Afternoon, Night, Evening

Which option do you choose? Respond with the exact option text.","Morning
",Morning,"You are playing a coordination game with another agent.
If you both select the SAME option, you each get $1.
You cannot communicate - you must try to coordinate.
Note: The other agent sees the SAME options, but in a DIFFERENT order.

Times of Day
Options: Afternoon, Night, Morning, Evening

Which option do you choose? Respond with the exact option text.","Morning
",Morning,True
Days of the Week,"[""Monday"", ""Wednesday"", ""Friday"", ""Sunday""]","[""Monday"", ""Sunday"", ""Wednesday"", ""Friday""]","[""Monday"", ""Sunday"", ""Friday"", ""Wednesday""]","You are playing a coordination game with another agent.
If you both select the SAME option, you each get $1.
You cannot communicate - you must try to coordinate.
Note: The other agent sees the SAME options, but in a DIFFERENT order.

Days of the Week
Options: Monday, Sunday, Wednesday, Friday

Which option do you choose? Respond with the exact option text.","Wednesday
",Wednesday,"You are playing a coordination game with another agent.
If you both select the SAME option, you each get $1.
You cannot communicate - you must try to coordinate.
Note: The other agent sees the SAME options, but in a DIFFERENT order.

Days of the Week
Options: Monday, Sunday, Friday, Wednesday

Which option do you choose? Respond with the exact option text.","Wednesday
",Wednesday,True
Seasons,"[""Spring"", ""Summer"", ""Autumn"", ""Winter""]","[""Summer"", ""Winter"", ""Autumn"", ""Spring""]","[""Spring"", ""Winter"", ""Autumn"", ""Summer""]","You are playing a coordination game with another agent.
If you both select the SAME option, you each get $1.
You cannot communicate - you must try to coordinate.
Note: The other agent sees the SAME options, but in a DIFFERENT order.

Seasons
Options: Summer, Winter, Autumn, Spring

Which option do you choose? Respond with the exact option text.","Summer
",Summer,"You are playing a coordination game with another agent.
If you both select the SAME option, you each get $1.
You cannot communicate - you must try to coordinate.
Note: The other agent sees the SAME options, but in a DIFFERENT order.

Seasons
Options: Spring, Winter, Autumn, Summer

Which option do you choose? Respond with the exact option text.","Summer
",Summer,True
Months,"[""January"", ""June"", ""September"", ""December""]","[""January"", ""June"", ""December"", ""September""]","[""June"", ""January"", ""September"", ""December""]","You are playing a coordination game with another agent.
If you both select the SAME option, you each get $1.
You cannot communicate - you must try to coordinate.
Note: The other agent sees the SAME options, but in a DIFFERENT order.

Months
Options: January, June, December, September

Which option do you choose? Respond with the exact option text.","December
",December,"You are playing a coordination game with another agent.
If you both select the SAME option, you each get $1.
You cannot communicate - you must try to coordinate.
Note: The other agent sees the SAME options, but in a DIFFERENT order.

Months
Options: June, January, September, December

Which option do you choose? Respond with the exact option text.","June
",June,False
Basic Emotions,"[""Happy"", ""Sad"", ""Angry"", ""Afraid""]","[""Sad"", ""Happy"", ""Angry"", ""Afraid""]","[""Angry"", ""Happy"", ""Sad"", ""Afraid""]","You are playing a coordination game with another agent.
If you both select the SAME option, you each get $1.
You cannot communicate - you must try to coordinate.
Note: The other agent sees the SAME options, but in a DIFFERENT order.

Basic Emotions
Options: Sad, Happy, Angry, Afraid

Which option do you choose? Respond with the exact option text.","Happy
",Happy,"You are playing a coordination game with another agent.
If you both select the SAME option, you each get $1.
You cannot communicate - you must try to coordinate.
Note: The other agent sees the SAME options, but in a DIFFERENT order.

Basic Emotions
Options: Angry, Happy, Sad, Afraid

Which option do you choose? Respond with the exact option text.","Happy
",Happy,True
一天中的时间,"[""早上"", ""下午"", ""傍晚"", ""深夜""]","[""早上"", ""深夜"", ""傍晚"", ""下午""]","[""下午"", ""傍晚"", ""早上"", ""深夜""]","You are playing a coordination game with another agent.
If you both select the SAME option, you each get $1.
You cannot communicate - you must try to coordinate.
Note: The other agent sees the SAME options, but in a DIFFERENT order.

一天中的时间
Options: 早上, 深夜, 傍晚, 下午

Which option do you choose? Respond with the exact option text.","早上
",早上,"You are playing a coordination game with another agent.
If you both select the SAME option, you each get $1.
You cannot communicate - you must try to coordinate.
Note: The other agent sees the SAME options, but in a DIFFERENT order.

一天中的时间
Options: 下午, 傍晚, 早上, 深夜

Which option do you choose? Respond with the exact option text.","早上
",早上,True
一周的日子,"[""周一"", ""周三"", ""周五"", ""周日""]","[""周五"", ""周一"", ""周日"", ""周三""]","[""周五"", ""周日"", ""周一"", ""周三""]","You are playing a coordination game with another agent.
If you both select the SAME option, you each get $1.
You cannot communicate - you must try to coordinate.
Note: The other agent sees the SAME options, but in a DIFFERENT order.

一周的日子
Options: 周五, 周一, 周日, 周三

Which option do you choose? Respond with the exact option text.","周一
",周一,"You are playing a coordination game with another agent.
If you both select the SAME option, you each get $1.
You cannot communicate - you must try to coordinate.
Note: The other agent sees the SAME options, but in a DIFFERENT order.

一周的日子
Options: 周五, 周日, 周一, 周三

Which option do you choose? Respond with the exact option text.","周一
",周一,True
季节,"[""春天"", ""夏天"", ""秋天"", ""冬天""]","[""春天"", ""夏天"", ""秋天"", ""冬天""]","[""秋天"", ""冬天"", ""夏天"", ""春天""]","You are playing a coordination game with another agent.
If you both select the SAME option, you each get $1.
You cannot communicate - you must try to coordinate.
Note: The other agent sees the SAME options, but in a DIFFERENT order.

季节
Options: 春天, 夏天, 秋天, 冬天

Which option do you choose? Respond with the exact option text.","春天
",春天,"You are playing a coordination game with another agent.
If you both select the SAME option, you each get $1.
You cannot communicate - you must try to coordinate.
Note: The other agent sees the SAME options, but in a DIFFERENT order.

季节
Options: 秋天, 冬天, 夏天, 春天

Which option do you choose? Respond with the exact option text.","春天
",春天,True
月份,"[""一月"", ""六月"", ""九月"", ""十二月""]","[""十二月"", ""一月"", ""六月"", ""九月""]","[""十二月"", ""九月"", ""一月"", ""六月""]","You are playing a coordination game with another agent.
If you both select the SAME option, you each get $1.
You cannot communicate - you must try to coordinate.
Note: The other agent sees the SAME options, but in a DIFFERENT order.

月份
Options: 十二月, 一月, 六月, 九月

Which option do you choose? Respond with the exact option text.","九月
",九月,"You are playing a coordination game with another agent.
If you both select the SAME option, you each get $1.
You cannot communicate - you must try to coordinate.
Note: The other agent sees the SAME options, but in a DIFFERENT order.

月份
Options: 十二月, 九月, 一月, 六月

Which option do you choose? Respond with the exact option text.","十二月
",十二月,False
基本情绪,"[""开心"", ""难过"", ""生气"", ""害怕""]","[""害怕"", ""生气"", ""难过"", ""开心""]","[""生气"", ""害怕"", ""开心"", ""难过""]","You are playing a coordination game with another agent.
If you both select the SAME option, you each get $1.
You cannot communicate - you must try to coordinate.
Note: The other agent sees the SAME options, but in a DIFFERENT order.

基本情绪
Options: 害怕, 生气, 难过, 开心

Which option do you choose? Respond with the exact option text.","害怕
",害怕,"You are playing a coordination game with another agent.
If you both select the SAME option, you each get $1.
You cannot communicate - you must try to coordinate.
Note: The other agent sees the SAME options, but in a DIFFERENT order.

基本情绪
Options: 生气, 害怕, 开心, 难过

Which option do you choose? Respond with the exact option text.","开心
",开心,False
Positive Feelings,"[""Joy"", ""Love"", ""Hope"", ""Gratitude""]","[""Gratitude"", ""Joy"", ""Love"", ""Hope""]","[""Love"", ""Gratitude"", ""Joy"", ""Hope""]","You are playing a coordination game with another agent.
If you both select the SAME option, you each get $1.
You cannot communicate - you must try to coordinate.
Note: The other agent sees the SAME options, but in a DIFFERENT order.

Positive Feelings
Options: Gratitude, Joy, Love, Hope

Which option do you choose? Respond with the exact option text.","Gratitude
",Gratitude,"You are playing a coordination game with another agent.
If you both select the SAME option, you each get $1.
You cannot communicate - you must try to coordinate.
Note: The other agent sees the SAME options, but in a DIFFERENT order.

Positive Feelings
Options: Love, Gratitude, Joy, Hope

Which option do you choose? Respond with the exact option text.","Love
",Love,False
Negative Feelings,"[""Anger"", ""Sadness"", ""Fear"", ""Disgust""]","[""Fear"", ""Disgust"", ""Anger"", ""Sadness""]","[""Fear"", ""Anger"", ""Sadness"", ""Disgust""]","You are playing a coordination game with another agent.
If you both select the SAME option, you each get $1.
You cannot communicate - you must try to coordinate.
Note: The other agent sees the SAME options, but in a DIFFERENT order.

Negative Feelings
Options: Fear, Disgust, Anger, Sadness

Which option do you choose? Respond with the exact option text.","Fear
",Fear,"You are playing a coordination game with another agent.
If you both select the SAME option, you each get $1.
You cannot communicate - you must try to coordinate.
Note: The other agent sees the SAME options, but in a DIFFERENT order.

Negative Feelings
Options: Fear, Anger, Sadness, Disgust

Which option do you choose? Respond with the exact option text.","Fear
",Fear,True
Social Emotions,"[""Pride"", ""Shame"", ""Guilt"", ""Envy""]","[""Pride"", ""Envy"", ""Guilt"", ""Shame""]","[""Pride"", ""Envy"", ""Guilt"", ""Shame""]","You are playing a coordination game with another agent.
If you both select the SAME option, you each get $1.
You cannot communicate - you must try to coordinate.
Note: The other agent sees the SAME options, but in a DIFFERENT order.

Social Emotions
Options: Pride, Envy, Guilt, Shame

Which option do you choose? Respond with the exact option text.",Shame,Shame,"You are playing a coordination game with another agent.
If you both select the SAME option, you each get $1.
You cannot communicate - you must try to coordinate.
Note: The other agent sees the SAME options, but in a DIFFERENT order.

Social Emotions
Options: Pride, Envy, Guilt, Shame

Which option do you choose? Respond with the exact option text.",Shame,Shame,True
Calm Emotions,"[""Peace"", ""Contentment"", ""Serenity"", ""Relief""]","[""Serenity"", ""Relief"", ""Peace"", ""Contentment""]","[""Relief"", ""Contentment"", ""Serenity"", ""Peace""]","You are playing a coordination game with another agent.
If you both select the SAME option, you each get $1.
You cannot communicate - you must try to coordinate.
Note: The other agent sees the SAME options, but in a DIFFERENT order.

Calm Emotions
Options: Serenity, Relief, Peace, Contentment

Which option do you choose? Respond with the exact option text.","Serenity
",Serenity,"You are playing a coordination game with another agent.
If you both select the SAME option, you each get $1.
You cannot communicate - you must try to coordinate.
Note: The other agent sees the SAME options, but in a DIFFERENT order.

Calm Emotions
Options: Relief, Contentment, Serenity, Peace

Which option do you choose? Respond with the exact option text.","Serenity
",Serenity,True
Intense Emotions,"[""Rage"", ""Euphoria"", ""Terror"", ""Ecstasy""]","[""Euphoria"", ""Ecstasy"", ""Terror"", ""Rage""]","[""Terror"", ""Rage"", ""Euphoria"", ""Ecstasy""]","You are playing a coordination game with another agent.
If you both select the SAME option, you each get $1.
You cannot communicate - you must try to coordinate.
Note: The other agent sees the SAME options, but in a DIFFERENT order.

Intense Emotions
Options: Euphoria, Ecstasy, Terror, Rage

Which option do you choose? Respond with the exact option text.","Euphoria
",Euphoria,"You are playing a coordination game with another agent.
If you both select the SAME option, you each get $1.
You cannot communicate - you must try to coordinate.
Note: The other agent sees the SAME options, but in a DIFFERENT order.

Intense Emotions
Options: Terror, Rage, Euphoria, Ecstasy

Which option do you choose? Respond with the exact option text.","Terror
",Terror,False
积极情绪,"[""喜悦"", ""爱"", ""希望"", ""感恩""]","[""喜悦"", ""爱"", ""感恩"", ""希望""]","[""希望"", ""爱"", ""喜悦"", ""感恩""]","You are playing a coordination game with another agent.
If you both select the SAME option, you each get $1.
You cannot communicate - you must try to coordinate.
Note: The other agent sees the SAME options, but in a DIFFERENT order.

积极情绪
Options: 喜悦, 爱, 感恩, 希望

Which option do you choose? Respond with the exact option text.","喜悦
",喜悦,"You are playing a coordination game with another agent.
If you both select the SAME option, you each get $1.
You cannot communicate - you must try to coordinate.
Note: The other agent sees the SAME options, but in a DIFFERENT order.

积极情绪
Options: 希望, 爱, 喜悦, 感恩

Which option do you choose? Respond with the exact option text.","希望
",希望,False
消极情绪,"[""愤怒"", ""悲伤"", ""恐惧"", ""厌恶""]","[""悲伤"", ""愤怒"", ""恐惧"", ""厌恶""]","[""厌恶"", ""愤怒"", ""恐惧"", ""悲伤""]","You are playing a coordination game with another agent.
If you both select the SAME option, you each get $1.
You cannot communicate - you must try to coordinate.
Note: The other agent sees the SAME options, but in a DIFFERENT order.

消极情绪
Options: 悲伤, 愤怒, 恐惧, 厌恶

Which option do you choose? Respond with the exact option text.","悲伤
",悲伤,"You are playing a coordination game with another agent.
If you both select the SAME option, you each get $1.
You cannot communicate - you must try to coordinate.
Note: The other agent sees the SAME options, but in a DIFFERENT order.

消极情绪
Options: 厌恶, 愤怒, 恐惧, 悲伤

Which option do you choose? Respond with the exact option text.","厌恶
",厌恶,False
社会情绪,"[""骄傲"", ""羞耻"", ""内疚"", ""嫉妒""]","[""嫉妒"", ""骄傲"", ""内疚"", ""羞耻""]","[""嫉妒"", ""骄傲"", ""内疚"", ""羞耻""]","You are playing a coordination game with another agent.
If you both select the SAME option, you each get $1.
You cannot communicate - you must try to coordinate.
Note: The other agent sees the SAME options, but in a DIFFERENT order.

社会情绪
Options: 嫉妒, 骄傲, 内疚, 羞耻

Which option do you choose? Respond with the exact option text.","羞耻
",羞耻,"You are playing a coordination game with another agent.
If you both select the SAME option, you each get $1.
You cannot communicate - you must try to coordinate.
Note: The other agent sees the SAME options, but in a DIFFERENT order.

社会情绪
Options: 嫉妒, 骄傲, 内疚, 羞耻

Which option do you choose? Respond with the exact option text.","羞耻
",羞耻,True
平静情绪,"[""平和"", ""满足"", ""安宁"", ""释然""]","[""满足"", ""释然"", ""平和"", ""安宁""]","[""平和"", ""满足"", ""释然"", ""安宁""]","You are playing a coordination game with another agent.
If you both select the SAME option, you each get $1.
You cannot communicate - you must try to coordinate.
Note: The other agent sees the SAME options, but in a DIFFERENT order.

平静情绪
Options: 满足, 释然, 平和, 安宁

Which option do you choose? Respond with the exact option text.","满足
",满足,"You are playing a coordination game with another agent.
If you both select the SAME option, you each get $1.
You cannot communicate - you must try to coordinate.
Note: The other agent sees the SAME options, but in a DIFFERENT order.

平静情绪
Options: 平和, 满足, 释然, 安宁

Which option do you choose? Respond with the exact option text.","平和
",平和,False
强烈情绪,"[""暴怒"", ""狂喜"", ""恐惧"", ""兴奋""]","[""恐惧"", ""兴奋"", ""暴怒"", ""狂喜""]","[""恐惧"", ""兴奋"", ""暴怒"", ""狂喜""]","You are playing a coordination game with another agent.
If you both select the SAME option, you each get $1.
You cannot communicate - you must try to coordinate.
Note: The other agent sees the SAME options, but in a DIFFERENT order.

强烈情绪
Options: 恐惧, 兴奋, 暴怒, 狂喜

Which option do you choose? Respond with the exact option text.","恐惧
",恐惧,"You are playing a coordination game with another agent.
If you both select the SAME option, you each get $1.
You cannot communicate - you must try to coordinate.
Note: The other agent sees the SAME options, but in a DIFFERENT order.

强烈情绪
Options: 恐惧, 兴奋, 暴怒, 狂喜

Which option do you choose? Respond with the exact option text.","恐惧
",恐惧,True
Morning Hours,"[""6 AM"", ""7 AM"", ""8 AM"", ""9 AM""]","[""8 AM"", ""6 AM"", ""7 AM"", ""9 AM""]","[""7 AM"", ""9 AM"", ""6 AM"", ""8 AM""]","You are playing a coordination game with another agent.
If you both select the SAME option, you each get $1.
You cannot communicate - you must try to coordinate.
Note: The other agent sees the SAME options, but in a DIFFERENT order.

Morning Hours
Options: 8 AM, 6 AM, 7 AM, 9 AM

Which option do you choose? Respond with the exact option text.","7 AM
",7 AM,"You are playing a coordination game with another agent.
If you both select the SAME option, you each get $1.
You cannot communicate - you must try to coordinate.
Note: The other agent sees the SAME options, but in a DIFFERENT order.

Morning Hours
Options: 7 AM, 9 AM, 6 AM, 8 AM

Which option do you choose? Respond with the exact option text.","9 AM
",9 AM,False
Time Periods,"[""Hour"", ""Day"", ""Week"", ""Month""]","[""Day"", ""Week"", ""Month"", ""Hour""]","[""Week"", ""Hour"", ""Month"", ""Day""]","You are playing a coordination game with another agent.
If you both select the SAME option, you each get $1.
You cannot communicate - you must try to coordinate.
Note: The other agent sees the SAME options, but in a DIFFERENT order.

Time Periods
Options: Day, Week, Month, Hour

Which option do you choose? Respond with the exact option text.","Hour
",Hour,"You are playing a coordination game with another agent.
If you both select the SAME option, you each get $1.
You cannot communicate - you must try to coordinate.
Note: The other agent sees the SAME options, but in a DIFFERENT order.

Time Periods
Options: Week, Hour, Month, Day

Which option do you choose? Respond with the exact option text.","Day
",Day,False
Clock Times,"[""12:00"", ""3:00"", ""6:00"", ""9:00""]","[""6:00"", ""9:00"", ""12:00"", ""3:00""]","[""3:00"", ""9:00"", ""6:00"", ""12:00""]","You are playing a coordination game with another agent.
If you both select the SAME option, you each get $1.
You cannot communicate - you must try to coordinate.
Note: The other agent sees the SAME options, but in a DIFFERENT order.

Clock Times
Options: 6:00, 9:00, 12:00, 3:00

Which option do you choose? Respond with the exact option text.","12:00
",12:00,"You are playing a coordination game with another agent.
If you both select the SAME option, you each get $1.
You cannot communicate - you must try to coordinate.
Note: The other agent sees the SAME options, but in a DIFFERENT order.

Clock Times
Options: 3:00, 9:00, 6:00, 12:00

Which option do you choose? Respond with the exact option text.","9:00
",9:00,False
Holiday Seasons,"[""Christmas"", ""New Year"", ""Halloween"", ""Easter""]","[""New Year"", ""Christmas"", ""Halloween"", ""Easter""]","[""Halloween"", ""New Year"", ""Easter"", ""Christmas""]","You are playing a coordination game with another agent.
If you both select the SAME option, you each get $1.
You cannot communicate - you must try to coordinate.
Note: The other agent sees the SAME options, but in a DIFFERENT order.

Holiday Seasons
Options: New Year, Christmas, Halloween, Easter

Which option do you choose? Respond with the exact option text.","Christmas
",Christmas,"You are playing a coordination game with another agent.
If you both select the SAME option, you each get $1.
You cannot communicate - you must try to coordinate.
Note: The other agent sees the SAME options, but in a DIFFERENT order.

Holiday Seasons
Options: Halloween, New Year, Easter, Christmas

Which option do you choose? Respond with the exact option text.","Christmas
",Christmas,True
Year Divisions,"[""January"", ""April"", ""July"", ""October""]","[""October"", ""April"", ""January"", ""July""]","[""October"", ""April"", ""January"", ""July""]","You are playing a coordination game with another agent.
If you both select the SAME option, you each get $1.
You cannot communicate - you must try to coordinate.
Note: The other agent sees the SAME options, but in a DIFFERENT order.

Year Divisions
Options: October, April, January, July

Which option do you choose? Respond with the exact option text.","January
",January,"You are playing a coordination game with another agent.
If you both select the SAME option, you each get $1.
You cannot communicate - you must try to coordinate.
Note: The other agent sees the SAME options, but in a DIFFERENT order.

Year Divisions
Options: October, April, January, July

Which option do you choose? Respond with the exact option text.","January
",January,True
时段,"[""清晨"", ""上午"", ""下午"", ""傍晚""]","[""下午"", ""清晨"", ""上午"", ""傍晚""]","[""清晨"", ""傍晚"", ""下午"", ""上午""]","You are playing a coordination game with another agent.
If you both select the SAME option, you each get $1.
You cannot communicate - you must try to coordinate.
Note: The other agent sees the SAME options, but in a DIFFERENT order.

时段
Options: 下午, 清晨, 上午, 傍晚

Which option do you choose? Respond with the exact option text.","上午
",上午,"You are playing a coordination game with another agent.
If you both select the SAME option, you each get $1.
You cannot communicate - you must try to coordinate.
Note: The other agent sees the SAME options, but in a DIFFERENT order.

时段
Options: 清晨, 傍晚, 下午, 上午

Which option do you choose? Respond with the exact option text.","上午
",上午,True
时间单位,"[""小时"", ""天"", ""周"", ""月""]","[""小时"", ""月"", ""周"", ""天""]","[""小时"", ""月"", ""周"", ""天""]","You are playing a coordination game with another agent.
If you both select the SAME option, you each get $1.
You cannot communicate - you must try to coordinate.
Note: The other agent sees the SAME options, but in a DIFFERENT order.

时间单位
Options: 小时, 月, 周, 天

Which option do you choose? Respond with the exact option text.","天
",天,"You are playing a coordination game with another agent.
If you both select the SAME option, you each get $1.
You cannot communicate - you must try to coordinate.
Note: The other agent sees the SAME options, but in a DIFFERENT order.

时间单位
Options: 小时, 月, 周, 天

Which option do you choose? Respond with the exact option text.","天
",天,True
钟点,"[""12点"", ""3点"", ""6点"", ""9点""]","[""6点"", ""9点"", ""3点"", ""12点""]","[""3点"", ""9点"", ""12点"", ""6点""]","You are playing a coordination game with another agent.
If you both select the SAME option, you each get $1.
You cannot communicate - you must try to coordinate.
Note: The other agent sees the SAME options, but in a DIFFERENT order.

钟点
Options: 6点, 9点, 3点, 12点

Which option do you choose? Respond with the exact option text.","3点
",3点,"You are playing a coordination game with another agent.
If you both select the SAME option, you each get $1.
You cannot communicate - you must try to coordinate.
Note: The other agent sees the SAME options, but in a DIFFERENT order.

钟点
Options: 3点, 9点, 12点, 6点

Which option do you choose? Respond with the exact option text.","6点
",6点,False
节气,"[""立春"", ""清明"", ""立秋"", ""冬至""]","[""清明"", ""冬至"", ""立秋"", ""立春""]","[""立秋"", ""清明"", ""立春"", ""冬至""]","You are playing a coordination game with another agent.
If you both select the SAME option, you each get $1.
You cannot communicate - you must try to coordinate.
Note: The other agent sees the SAME options, but in a DIFFERENT order.

节气
Options: 清明, 冬至, 立秋, 立春

Which option do you choose? Respond with the exact option text.","立春
",立春,"You are playing a coordination game with another agent.
If you both select the SAME option, you each get $1.
You cannot communicate - you must try to coordinate.
Note: The other agent sees the SAME options, but in a DIFFERENT order.

节气
Options: 立秋, 清明, 立春, 冬至

Which option do you choose? Respond with the exact option text.","立春
",立春,True
年份划分,"[""正月"", ""四月"", ""七月"", ""十月""]","[""正月"", ""七月"", ""四月"", ""十月""]","[""七月"", ""四月"", ""十月"", ""正月""]","You are playing a coordination game with another agent.
If you both select the SAME option, you each get $1.
You cannot communicate - you must try to coordinate.
Note: The other agent sees the SAME options, but in a DIFFERENT order.

年份划分
Options: 正月, 七月, 四月, 十月

Which option do you choose? Respond with the exact option text.","四月
",四月,"You are playing a coordination game with another agent.
If you both select the SAME option, you each get $1.
You cannot communicate - you must try to coordinate.
Note: The other agent sees the SAME options, but in a DIFFERENT order.

年份划分
Options: 七月, 四月, 十月, 正月

Which option do you choose? Respond with the exact option text.","正月
",正月,False
Farm Animals,"[""Cow"", ""Pig"", ""Sheep"", ""Chicken""]","[""Cow"", ""Pig"", ""Sheep"", ""Chicken""]","[""Sheep"", ""Pig"", ""Chicken"", ""Cow""]","You are playing a coordination game with another agent.
If you both select the SAME option, you each get $1.
You cannot communicate - you must try to coordinate.
Note: The other agent sees the SAME options, but in a DIFFERENT order.

Farm Animals
Options: Cow, Pig, Sheep, Chicken

Which option do you choose? Respond with the exact option text.","Chicken
",Chicken,"You are playing a coordination game with another agent.
If you both select the SAME option, you each get $1.
You cannot communicate - you must try to coordinate.
Note: The other agent sees the SAME options, but in a DIFFERENT order.

Farm Animals
Options: Sheep, Pig, Chicken, Cow

Which option do you choose? Respond with the exact option text.","Chicken
",Chicken,True
Wild Animals,"[""Lion"", ""Elephant"", ""Tiger"", ""Bear""]","[""Lion"", ""Tiger"", ""Elephant"", ""Bear""]","[""Tiger"", ""Lion"", ""Elephant"", ""Bear""]","You are playing a coordination game with another agent.
If you both select the SAME option, you each get $1.
You cannot communicate - you must try to coordinate.
Note: The other agent sees the SAME options, but in a DIFFERENT order.

Wild Animals
Options: Lion, Tiger, Elephant, Bear

Which option do you choose? Respond with the exact option text.","Lion
",Lion,"You are playing a coordination game with another agent.
If you both select the SAME option, you each get $1.
You cannot communicate - you must try to coordinate.
Note: The other agent sees the SAME options, but in a DIFFERENT order.

Wild Animals
Options: Tiger, Lion, Elephant, Bear

Which option do you choose? Respond with the exact option text.","Lion
",Lion,True
Pet Animals,"[""Dog"", ""Cat"", ""Fish"", ""Hamster""]","[""Fish"", ""Hamster"", ""Dog"", ""Cat""]","[""Cat"", ""Hamster"", ""Dog"", ""Fish""]","You are playing a coordination game with another agent.
If you both select the SAME option, you each get $1.
You cannot communicate - you must try to coordinate.
Note: The other agent sees the SAME options, but in a DIFFERENT order.

Pet Animals
Options: Fish, Hamster, Dog, Cat

Which option do you choose? Respond with the exact option text.","Dog
",Dog,"You are playing a coordination game with another agent.
If you both select the SAME option, you each get $1.
You cannot communicate - you must try to coordinate.
Note: The other agent sees the SAME options, but in a DIFFERENT order.

Pet Animals
Options: Cat, Hamster, Dog, Fish

Which option do you choose? Respond with the exact option text.","Dog
",Dog,True
Sea Animals,"[""Dolphin"", ""Shark"", ""Whale"", ""Octopus""]","[""Octopus"", ""Shark"", ""Dolphin"", ""Whale""]","[""Dolphin"", ""Octopus"", ""Shark"", ""Whale""]","You are playing a coordination game with another agent.
If you both select the SAME option, you each get $1.
You cannot communicate - you must try to coordinate.
Note: The other agent sees the SAME options, but in a DIFFERENT order.

Sea Animals
Options: Octopus, Shark, Dolphin, Whale

Which option do you choose? Respond with the exact option text.","Dolphin
",Dolphin,"You are playing a coordination game with another agent.
If you both select the SAME option, you each get $1.
You cannot communicate - you must try to coordinate.
Note: The other agent sees the SAME options, but in a DIFFERENT order.

Sea Animals
Options: Dolphin, Octopus, Shark, Whale

Which option do you choose? Respond with the exact option text.","Dolphin
",Dolphin,True
Flying Animals,"[""Eagle"", ""Owl"", ""Parrot"", ""Sparrow""]","[""Parrot"", ""Sparrow"", ""Owl"", ""Eagle""]","[""Parrot"", ""Owl"", ""Sparrow"", ""Eagle""]","You are playing a coordination game with another agent.
If you both select the SAME option, you each get $1.
You cannot communicate - you must try to coordinate.
Note: The other agent sees the SAME options, but in a DIFFERENT order.

Flying Animals
Options: Parrot, Sparrow, Owl, Eagle

Which option do you choose? Respond with the exact option text.","Sparrow
",Sparrow,"You are playing a coordination game with another agent.
If you both select the SAME option, you each get $1.
You cannot communicate - you must try to coordinate.
Note: The other agent sees the SAME options, but in a DIFFERENT order.

Flying Animals
Options: Parrot, Owl, Sparrow, Eagle

Which option do you choose? Respond with the exact option text.","Sparrow
",Sparrow,True
农场动物,"[""牛"", ""猪"", ""羊"", ""鸡""]","[""羊"", ""猪"", ""牛"", ""鸡""]","[""猪"", ""羊"", ""鸡"", ""牛""]","You are playing a coordination game with another agent.
If you both select the SAME option, you each get $1.
You cannot communicate - you must try to coordinate.
Note: The other agent sees the SAME options, but in a DIFFERENT order.

农场动物
Options: 羊, 猪, 牛, 鸡

Which option do you choose? Respond with the exact option text.","羊
",羊,"You are playing a coordination game with another agent.
If you both select the SAME option, you each get $1.
You cannot communicate - you must try to coordinate.
Note: The other agent sees the SAME options, but in a DIFFERENT order.

农场动物
Options: 猪, 羊, 鸡, 牛

Which option do you choose? Respond with the exact option text.","鸡
",鸡,False
野生动物,"[""狮子"", ""大象"", ""老虎"", ""熊""]","[""大象"", ""狮子"", ""熊"", ""老虎""]","[""熊"", ""老虎"", ""狮子"", ""大象""]","You are playing a coordination game with another agent.
If you both select the SAME option, you each get $1.
You cannot communicate - you must try to coordinate.
Note: The other agent sees the SAME options, but in a DIFFERENT order.

野生动物
Options: 大象, 狮子, 熊, 老虎

Which option do you choose? Respond with the exact option text.","老虎
",老虎,"You are playing a coordination game with another agent.
If you both select the SAME option, you each get $1.
You cannot communicate - you must try to coordinate.
Note: The other agent sees the SAME options, but in a DIFFERENT order.

野生动物
Options: 熊, 老虎, 狮子, 大象

Which option do you choose? Respond with the exact option text.","熊
",熊,False
宠物,"[""狗"", ""猫"", ""鱼"", ""仓鼠""]","[""猫"", ""鱼"", ""仓鼠"", ""狗""]","[""狗"", ""鱼"", ""猫"", ""仓鼠""]","You are playing a coordination game with another agent.
If you both select the SAME option, you each get $1.
You cannot communicate - you must try to coordinate.
Note: The other agent sees the SAME options, but in a DIFFERENT order.

宠物
Options: 猫, 鱼, 仓鼠, 狗

Which option do you choose? Respond with the exact option text.","仓鼠
",仓鼠,"You are playing a coordination game with another agent.
If you both select the SAME option, you each get $1.
You cannot communicate - you must try to coordinate.
Note: The other agent sees the SAME options, but in a DIFFERENT order.

宠物
Options: 狗, 鱼, 猫, 仓鼠

Which option do you choose? Respond with the exact option text.","仓鼠
",仓鼠,True
海洋动物,"[""海豚"", ""鲨鱼"", ""鲸鱼"", ""章鱼""]","[""海豚"", ""鲸鱼"", ""鲨鱼"", ""章鱼""]","[""鲸鱼"", ""海豚"", ""鲨鱼"", ""章鱼""]","You are playing a coordination game with another agent.
If you both select the SAME option, you each get $1.
You cannot communicate - you must try to coordinate.
Note: The other agent sees the SAME options, but in a DIFFERENT order.

海洋动物
Options: 海豚, 鲸鱼, 鲨鱼, 章鱼

Which option do you choose? Respond with the exact option text.","章鱼
",章鱼,"You are playing a coordination game with another agent.
If you both select the SAME option, you each get $1.
You cannot communicate - you must try to coordinate.
Note: The other agent sees the SAME options, but in a DIFFERENT order.

海洋动物
Options: 鲸鱼, 海豚, 鲨鱼, 章鱼

Which option do you choose? Respond with the exact option text.","章鱼
",章鱼,True
飞行动物,"[""鹰"", ""猫头鹰"", ""鹦鹉"", ""麻雀""]","[""麻雀"", ""猫头鹰"", ""鹰"", ""鹦鹉""]","[""鹦鹉"", ""麻雀"", ""鹰"", ""猫头鹰""]","You are playing a coordination game with another agent.
If you both select the SAME option, you each get $1.
You cannot communicate - you must try to coordinate.
Note: The other agent sees the SAME options, but in a DIFFERENT order.

飞行动物
Options: 麻雀, 猫头鹰, 鹰, 鹦鹉

Which option do you choose? Respond with the exact option text.","麻雀
",麻雀,"You are playing a coordination game with another agent.
If you both select the SAME option, you each get $1.
You cannot communicate - you must try to coordinate.
Note: The other agent sees the SAME options, but in a DIFFERENT order.

飞行动物
Options: 鹦鹉, 麻雀, 鹰, 猫头鹰

Which option do you choose? Respond with the exact option text.","麻雀
",麻雀,True
Garden Flowers,"[""Rose"", ""Tulip"", ""Daisy"", ""Lily""]","[""Rose"", ""Tulip"", ""Daisy"", ""Lily""]","[""Tulip"", ""Rose"", ""Daisy"", ""Lily""]","You are playing a coordination game with another agent.
If you both select the SAME option, you each get $1.
You cannot communicate - you must try to coordinate.
Note: The other agent sees the SAME options, but in a DIFFERENT order.

Garden Flowers
Options: Rose, Tulip, Daisy, Lily

Which option do you choose? Respond with the exact option text.","Daisy
",Daisy,"You are playing a coordination game with another agent.
If you both select the SAME option, you each get $1.
You cannot communicate - you must try to coordinate.
Note: The other agent sees the SAME options, but in a DIFFERENT order.

Garden Flowers
Options: Tulip, Rose, Daisy, Lily

Which option do you choose? Respond with the exact option text.","Daisy
",Daisy,True
Trees,"[""Oak"", ""Pine"", ""Maple"", ""Birch""]","[""Maple"", ""Pine"", ""Oak"", ""Birch""]","[""Maple"", ""Pine"", ""Birch"", ""Oak""]","You are playing a coordination game with another agent.
If you both select the SAME option, you each get $1.
You cannot communicate - you must try to coordinate.
Note: The other agent sees the SAME options, but in a DIFFERENT order.

Trees
Options: Maple, Pine, Oak, Birch

Which option do you choose? Respond with the exact option text.","Maple
",Maple,"You are playing a coordination game with another agent.
If you both select the SAME option, you each get $1.
You cannot communicate - you must try to coordinate.
Note: The other agent sees the SAME options, but in a DIFFERENT order.

Trees
Options: Maple, Pine, Birch, Oak

Which option do you choose? Respond with the exact option text.","Maple
",Maple,True
Indoor Plants,"[""Cactus"", ""Fern"", ""Orchid"", ""Aloe""]","[""Fern"", ""Orchid"", ""Cactus"", ""Aloe""]","[""Orchid"", ""Fern"", ""Cactus"", ""Aloe""]","You are playing a coordination game with another agent.
If you both select the SAME option, you each get $1.
You cannot communicate - you must try to coordinate.
Note: The other agent sees the SAME options, but in a DIFFERENT order.

Indoor Plants
Options: Fern, Orchid, Cactus, Aloe

Which option do you choose? Respond with the exact option text.","Cactus
",Cactus,"You are playing a coordination game with another agent.
If you both select the SAME option, you each get $1.
You cannot communicate - you must try to coordinate.
Note: The other agent sees the SAME options, but in a DIFFERENT order.

Indoor Plants
Options: Orchid, Fern, Cactus, Aloe

Which option do you choose? Respond with the exact option text.","Cactus
",Cactus,True
Wildflowers,"[""Dandelion"", ""Sunflower"", ""Lavender"", ""Poppy""]","[""Dandelion"", ""Sunflower"", ""Poppy"", ""Lavender""]","[""Lavender"", ""Sunflower"", ""Poppy"", ""Dandelion""]","You are playing a coordination game with another agent.
If you both select the SAME option, you each get $1.
You cannot communicate - you must try to coordinate.
Note: The other agent sees the SAME options, but in a DIFFERENT order.

Wildflowers
Options: Dandelion, Sunflower, Poppy, Lavender

Which option do you choose? Respond with the exact option text.","Dandelion
",Dandelion,"You are playing a coordination game with another agent.
If you both select the SAME option, you each get $1.
You cannot communicate - you must try to coordinate.
Note: The other agent sees the SAME options, but in a DIFFERENT order.

Wildflowers
Options: Lavender, Sunflower, Poppy, Dandelion

Which option do you choose? Respond with the exact option text.","Dandelion
",Dandelion,True
Shrubs,"[""Hedge"", ""Azalea"", ""Hydrangea"", ""Bamboo""]","[""Hedge"", ""Azalea"", ""Hydrangea"", ""Bamboo""]","[""Hedge"", ""Bamboo"", ""Hydrangea"", ""Azalea""]","You are playing a coordination game with another agent.
If you both select the SAME option, you each get $1.
You cannot communicate - you must try to coordinate.
Note: The other agent sees the SAME options, but in a DIFFERENT order.

Shrubs
Options: Hedge, Azalea, Hydrangea, Bamboo

Which option do you choose? Respond with the exact option text.","Hedge
",Hedge,"You are playing a coordination game with another agent.
If you both select the SAME option, you each get $1.
You cannot communicate - you must try to coordinate.
Note: The other agent sees the SAME options, but in a DIFFERENT order.

Shrubs
Options: Hedge, Bamboo, Hydrangea, Azalea

Which option do you choose? Respond with the exact option text.","Hedge
",Hedge,True
花园花卉,"[""玫瑰"", ""郁金香"", ""雏菊"", ""百合""]","[""玫瑰"", ""百合"", ""郁金香"", ""雏菊""]","[""玫瑰"", ""百合"", ""雏菊"", ""郁金香""]","You are playing a coordination game with another agent.
If you both select the SAME option, you each get $1.
You cannot communicate - you must try to coordinate.
Note: The other agent sees the SAME options, but in a DIFFERENT order.

花园花卉
Options: 玫瑰, 百合, 郁金香, 雏菊

Which option do you choose? Respond with the exact option text.","玫瑰
",玫瑰,"You are playing a coordination game with another agent.
If you both select the SAME option, you each get $1.
You cannot communicate - you must try to coordinate.
Note: The other agent sees the SAME options, but in a DIFFERENT order.

花园花卉
Options: 玫瑰, 百合, 雏菊, 郁金香

Which option do you choose? Respond with the exact option text.","玫瑰
",玫瑰,True
树木,"[""橡树"", ""松树"", ""枫树"", ""白桦""]","[""橡树"", ""白桦"", ""松树"", ""枫树""]","[""枫树"", ""橡树"", ""松树"", ""白桦""]","You are playing a coordination game with another agent.
If you both select the SAME option, you each get $1.
You cannot communicate - you must try to coordinate.
Note: The other agent sees the SAME options, but in a DIFFERENT order.

树木
Options: 橡树, 白桦, 松树, 枫树

Which option do you choose? Respond with the exact option text.","橡树
",橡树,"You are playing a coordination game with another agent.
If you both select the SAME option, you each get $1.
You cannot communicate - you must try to coordinate.
Note: The other agent sees the SAME options, but in a DIFFERENT order.

树木
Options: 枫树, 橡树, 松树, 白桦

Which option do you choose? Respond with the exact option text.","枫树
",枫树,False
室内植物,"[""仙人掌"", ""蕨类"", ""兰花"", ""芦荟""]","[""芦荟"", ""兰花"", ""蕨类"", ""仙人掌""]","[""仙人掌"", ""兰花"", ""芦荟"", ""蕨类""]","You are playing a coordination game with another agent.
If you both select the SAME option, you each get $1.
You cannot communicate - you must try to coordinate.
Note: The other agent sees the SAME options, but in a DIFFERENT order.

室内植物
Options: 芦荟, 兰花, 蕨类, 仙人掌

Which option do you choose? Respond with the exact option text.","仙人掌
",仙人掌,"You are playing a coordination game with another agent.
If you both select the SAME option, you each get $1.
You cannot communicate - you must try to coordinate.
Note: The other agent sees the SAME options, but in a DIFFERENT order.

室内植物
Options: 仙人掌, 兰花, 芦荟, 蕨类

Which option do you choose? Respond with the exact option text.","仙人掌
",仙人掌,True
野花,"[""蒲公英"", ""向日葵"", ""薰衣草"", ""罂粟花""]","[""蒲公英"", ""向日葵"", ""罂粟花"", ""薰衣草""]","[""蒲公英"", ""薰衣草"", ""向日葵"", ""罂粟花""]","You are playing a coordination game with another agent.
If you both select the SAME option, you each get $1.
You cannot communicate - you must try to coordinate.
Note: The other agent sees the SAME options, but in a DIFFERENT order.

野花
Options: 蒲公英, 向日葵, 罂粟花, 薰衣草

Which option do you choose? Respond with the exact option text.","蒲公英
",蒲公英,"You are playing a coordination game with another agent.
If you both select the SAME option, you each get $1.
You cannot communicate - you must try to coordinate.
Note: The other agent sees the SAME options, but in a DIFFERENT order.

野花
Options: 蒲公英, 薰衣草, 向日葵, 罂粟花

Which option do you choose? Respond with the exact option text.","蒲公英
",蒲公英,True
灌木,"[""灌木"", ""杜鹃"", ""绣球"", ""竹子""]","[""杜鹃"", ""竹子"", ""灌木"", ""绣球""]","[""灌木"", ""绣球"", ""杜鹃"", ""竹子""]","You are playing a coordination game with another agent.
If you both select the SAME option, you each get $1.
You cannot communicate - you must try to coordinate.
Note: The other agent sees the SAME options, but in a DIFFERENT order.

灌木
Options: 杜鹃, 竹子, 灌木, 绣球

Which option do you choose? Respond with the exact option text.","灌木
",灌木,"You are playing a coordination game with another agent.
If you both select the SAME option, you each get $1.
You cannot communicate - you must try to coordinate.
Note: The other agent sees the SAME options, but in a DIFFERENT order.

灌木
Options: 灌木, 绣球, 杜鹃, 竹子

Which option do you choose? Respond with the exact option text.","灌木
",灌木,True
Common Fruits,"[""Apple"", ""Banana"", ""Orange"", ""Grape""]","[""Banana"", ""Orange"", ""Grape"", ""Apple""]","[""Banana"", ""Grape"", ""Orange"", ""Apple""]","You are playing a coordination game with another agent.
If you both select the SAME option, you each get $1.
You cannot communicate - you must try to coordinate.
Note: The other agent sees the SAME options, but in a DIFFERENT order.

Common Fruits
Options: Banana, Orange, Grape, Apple

Which option do you choose? Respond with the exact option text.","Banana
",Banana,"You are playing a coordination game with another agent.
If you both select the SAME option, you each get $1.
You cannot communicate - you must try to coordinate.
Note: The other agent sees the SAME options, but in a DIFFERENT order.

Common Fruits
Options: Banana, Grape, Orange, Apple

Which option do you choose? Respond with the exact option text.","Banana
",Banana,True
Berries,"[""Strawberry"", ""Blueberry"", ""Raspberry"", ""Blackberry""]","[""Strawberry"", ""Blueberry"", ""Raspberry"", ""Blackberry""]","[""Raspberry"", ""Strawberry"", ""Blueberry"", ""Blackberry""]","You are playing a coordination game with another agent.
If you both select the SAME option, you each get $1.
You cannot communicate - you must try to coordinate.
Note: The other agent sees the SAME options, but in a DIFFERENT order.

Berries
Options: Strawberry, Blueberry, Raspberry, Blackberry

Which option do you choose? Respond with the exact option text.","Strawberry
",Strawberry,"You are playing a coordination game with another agent.
If you both select the SAME option, you each get $1.
You cannot communicate - you must try to coordinate.
Note: The other agent sees the SAME options, but in a DIFFERENT order.

Berries
Options: Raspberry, Strawberry, Blueberry, Blackberry

Which option do you choose? Respond with the exact option text.","Blueberry
",Blueberry,False
Tropical Fruits,"[""Mango"", ""Pineapple"", ""Papaya"", ""Coconut""]","[""Coconut"", ""Papaya"", ""Mango"", ""Pineapple""]","[""Coconut"", ""Papaya"", ""Pineapple"", ""Mango""]","You are playing a coordination game with another agent.
If you both select the SAME option, you each get $1.
You cannot communicate - you must try to coordinate.
Note: The other agent sees the SAME options, but in a DIFFERENT order.

Tropical Fruits
Options: Coconut, Papaya, Mango, Pineapple

Which option do you choose? Respond with the exact option text.","Mango
",Mango,"You are playing a coordination game with another agent.
If you both select the SAME option, you each get $1.
You cannot communicate - you must try to coordinate.
Note: The other agent sees the SAME options, but in a DIFFERENT order.

Tropical Fruits
Options: Coconut, Papaya, Pineapple, Mango

Which option do you choose? Respond with the exact option text.","Pineapple
",Pineapple,False
Stone Fruits,"[""Peach"", ""Plum"", ""Cherry"", ""Apricot""]","[""Plum"", ""Peach"", ""Apricot"", ""Cherry""]","[""Plum"", ""Cherry"", ""Apricot"", ""Peach""]","You are playing a coordination game with another agent.
If you both select the SAME option, you each get $1.
You cannot communicate - you must try to coordinate.
Note: The other agent sees the SAME options, but in a DIFFERENT order.

Stone Fruits
Options: Plum, Peach, Apricot, Cherry

Which option do you choose? Respond with the exact option text.","Peach
",Peach,"You are playing a coordination game with another agent.
If you both select the SAME option, you each get $1.
You cannot communicate - you must try to coordinate.
Note: The other agent sees the SAME options, but in a DIFFERENT order.

Stone Fruits
Options: Plum, Cherry, Apricot, Peach

Which option do you choose? Respond with the exact option text.","Cherry
",Cherry,False
Citrus Fruits,"[""Orange"", ""Lemon"", ""Lime"", ""Grapefruit""]","[""Grapefruit"", ""Orange"", ""Lemon"", ""Lime""]","[""Orange"", ""Lime"", ""Lemon"", ""Grapefruit""]","You are playing a coordination game with another agent.
If you both select the SAME option, you each get $1.
You cannot communicate - you must try to coordinate.
Note: The other agent sees the SAME options, but in a DIFFERENT order.

Citrus Fruits
Options: Grapefruit, Orange, Lemon, Lime

Which option do you choose? Respond with the exact option text.","Lemon
",Lemon,"You are playing a coordination game with another agent.
If you both select the SAME option, you each get $1.
You cannot communicate - you must try to coordinate.
Note: The other agent sees the SAME options, but in a DIFFERENT order.

Citrus Fruits
Options: Orange, Lime, Lemon, Grapefruit

Which option do you choose? Respond with the exact option text.","Lemon
",Lemon,True
常见水果,"[""苹果"", ""香蕉"", ""橙子"", ""葡萄""]","[""橙子"", ""苹果"", ""葡萄"", ""香蕉""]","[""苹果"", ""橙子"", ""香蕉"", ""葡萄""]","You are playing a coordination game with another agent.
If you both select the SAME option, you each get $1.
You cannot communicate - you must try to coordinate.
Note: The other agent sees the SAME options, but in a DIFFERENT order.

常见水果
Options: 橙子, 苹果, 葡萄, 香蕉

Which option do you choose? Respond with the exact option text.","苹果
",苹果,"You are playing a coordination game with another agent.
If you both select the SAME option, you each get $1.
You cannot communicate - you must try to coordinate.
Note: The other agent sees the SAME options, but in a DIFFERENT order.

常见水果
Options: 苹果, 橙子, 香蕉, 葡萄

Which option do you choose? Respond with the exact option text.","苹果
",苹果,True
浆果,"[""草莓"", ""蓝莓"", ""树莓"", ""黑莓""]","[""草莓"", ""树莓"", ""黑莓"", ""蓝莓""]","[""蓝莓"", ""草莓"", ""树莓"", ""黑莓""]","You are playing a coordination game with another agent.
If you both select the SAME option, you each get $1.
You cannot communicate - you must try to coordinate.
Note: The other agent sees the SAME options, but in a DIFFERENT order.

浆果
Options: 草莓, 树莓, 黑莓, 蓝莓

Which option do you choose? Respond with the exact option text.","草莓
",草莓,"You are playing a coordination game with another agent.
If you both select the SAME option, you each get $1.
You cannot communicate - you must try to coordinate.
Note: The other agent sees the SAME options, but in a DIFFERENT order.

浆果
Options: 蓝莓, 草莓, 树莓, 黑莓

Which option do you choose? Respond with the exact option text.","草莓
",草莓,True
热带水果,"[""芒果"", ""菠萝"", ""木瓜"", ""椰子""]","[""菠萝"", ""木瓜"", ""椰子"", ""芒果""]","[""木瓜"", ""芒果"", ""椰子"", ""菠萝""]","You are playing a coordination game with another agent.
If you both select the SAME option, you each get $1.
You cannot communicate - you must try to coordinate.
Note: The other agent sees the SAME options, but in a DIFFERENT order.

热带水果
Options: 菠萝, 木瓜, 椰子, 芒果

Which option do you choose? Respond with the exact option text.","菠萝
",菠萝,"You are playing a coordination game with another agent.
If you both select the SAME option, you each get $1.
You cannot communicate - you must try to coordinate.
Note: The other agent sees the SAME options, but in a DIFFERENT order.

热带水果
Options: 木瓜, 芒果, 椰子, 菠萝

Which option do you choose? Respond with the exact option text.","菠萝
",菠萝,True
核果,"[""桃子"", ""李子"", ""樱桃"", ""杏""]","[""樱桃"", ""桃子"", ""杏"", ""李子""]","[""杏"", ""桃子"", ""李子"", ""樱桃""]","You are playing a coordination game with another agent.
If you both select the SAME option, you each get $1.
You cannot communicate - you must try to coordinate.
Note: The other agent sees the SAME options, but in a DIFFERENT order.

核果
Options: 樱桃, 桃子, 杏, 李子

Which option do you choose? Respond with the exact option text.","樱桃
",樱桃,"You are playing a coordination game with another agent.
If you both select the SAME option, you each get $1.
You cannot communicate - you must try to coordinate.
Note: The other agent sees the SAME options, but in a DIFFERENT order.

核果
Options: 杏, 桃子, 李子, 樱桃

Which option do you choose? Respond with the exact option text.","杏
",杏,False
柑橘类,"[""橙子"", ""柠檬"", ""青柠"", ""柚子""]","[""青柠"", ""柚子"", ""橙子"", ""柠檬""]","[""柚子"", ""柠檬"", ""青柠"", ""橙子""]","You are playing a coordination game with another agent.
If you both select the SAME option, you each get $1.
You cannot communicate - you must try to coordinate.
Note: The other agent sees the SAME options, but in a DIFFERENT order.

柑橘类
Options: 青柠, 柚子, 橙子, 柠檬

Which option do you choose? Respond with the exact option text.","橙子
",橙子,"You are playing a coordination game with another agent.
If you both select the SAME option, you each get $1.
You cannot communicate - you must try to coordinate.
Note: The other agent sees the SAME options, but in a DIFFERENT order.

柑橘类
Options: 柚子, 柠檬, 青柠, 橙子

Which option do you choose? Respond with the exact option text.","橙子
",橙子,True
Head Parts,"[""Eye"", ""Nose"", ""Mouth"", ""Ear""]","[""Ear"", ""Nose"", ""Eye"", ""Mouth""]","[""Nose"", ""Ear"", ""Mouth"", ""Eye""]","You are playing a coordination game with another agent.
If you both select the SAME option, you each get $1.
You cannot communicate - you must try to coordinate.
Note: The other agent sees the SAME options, but in a DIFFERENT order.

Head Parts
Options: Ear, Nose, Eye, Mouth

Which option do you choose? Respond with the exact option text.","Ear
",Ear,"You are playing a coordination game with another agent.
If you both select the SAME option, you each get $1.
You cannot communicate - you must try to coordinate.
Note: The other agent sees the SAME options, but in a DIFFERENT order.

Head Parts
Options: Nose, Ear, Mouth, Eye

Which option do you choose? Respond with the exact option text.","Eye
",Eye,False
Hand Parts,"[""Finger"", ""Thumb"", ""Palm"", ""Wrist""]","[""Thumb"", ""Palm"", ""Finger"", ""Wrist""]","[""Wrist"", ""Thumb"", ""Finger"", ""Palm""]","You are playing a coordination game with another agent.
If you both select the SAME option, you each get $1.
You cannot communicate - you must try to coordinate.
Note: The other agent sees the SAME options, but in a DIFFERENT order.

Hand Parts
Options: Thumb, Palm, Finger, Wrist

Which option do you choose? Respond with the exact option text.","Thumb
",Thumb,"You are playing a coordination game with another agent.
If you both select the SAME option, you each get $1.
You cannot communicate - you must try to coordinate.
Note: The other agent sees the SAME options, but in a DIFFERENT order.

Hand Parts
Options: Wrist, Thumb, Finger, Palm

Which option do you choose? Respond with the exact option text.","Thumb
",Thumb,True
Body Systems,"[""Heart"", ""Brain"", ""Lung"", ""Stomach""]","[""Lung"", ""Brain"", ""Heart"", ""Stomach""]","[""Brain"", ""Heart"", ""Lung"", ""Stomach""]","You are playing a coordination game with another agent.
If you both select the SAME option, you each get $1.
You cannot communicate - you must try to coordinate.
Note: The other agent sees the SAME options, but in a DIFFERENT order.

Body Systems
Options: Lung, Brain, Heart, Stomach

Which option do you choose? Respond with the exact option text.","Lung
",Lung,"You are playing a coordination game with another agent.
If you both select the SAME option, you each get $1.
You cannot communicate - you must try to coordinate.
Note: The other agent sees the SAME options, but in a DIFFERENT order.

Body Systems
Options: Brain, Heart, Lung, Stomach

Which option do you choose? Respond with the exact option text.","Brain
",Brain,False
Limbs,"[""Arm"", ""Leg"", ""Hand"", ""Foot""]","[""Foot"", ""Hand"", ""Arm"", ""Leg""]","[""Hand"", ""Foot"", ""Leg"", ""Arm""]","You are playing a coordination game with another agent.
If you both select the SAME option, you each get $1.
You cannot communicate - you must try to coordinate.
Note: The other agent sees the SAME options, but in a DIFFERENT order.

Limbs
Options: Foot, Hand, Arm, Leg

Which option do you choose? Respond with the exact option text.","Foot
",Foot,"You are playing a coordination game with another agent.
If you both select the SAME option, you each get $1.
You cannot communicate - you must try to coordinate.
Note: The other agent sees the SAME options, but in a DIFFERENT order.

Limbs
Options: Hand, Foot, Leg, Arm

Which option do you choose? Respond with the exact option text.","Hand
",Hand,False
External Features,"[""Hair"", ""Skin"", ""Nail"", ""Teeth""]","[""Nail"", ""Hair"", ""Skin"", ""Teeth""]","[""Nail"", ""Hair"", ""Teeth"", ""Skin""]","You are playing a coordination game with another agent.
If you both select the SAME option, you each get $1.
You cannot communicate - you must try to coordinate.
Note: The other agent sees the SAME options, but in a DIFFERENT order.

External Features
Options: Nail, Hair, Skin, Teeth

Which option do you choose? Respond with the exact option text.","Hair
",Hair,"You are playing a coordination game with another agent.
If you both select the SAME option, you each get $1.
You cannot communicate - you must try to coordinate.
Note: The other agent sees the SAME options, but in a DIFFERENT order.

External Features
Options: Nail, Hair, Teeth, Skin

Which option do you choose? Respond with the exact option text.","Nail
",Nail,False
头部器官,"[""眼睛"", ""鼻子"", ""嘴巴"", ""耳朵""]","[""嘴巴"", ""鼻子"", ""眼睛"", ""耳朵""]","[""嘴巴"", ""鼻子"", ""耳朵"", ""眼睛""]","You are playing a coordination game with another agent.
If you both select the SAME option, you each get $1.
You cannot communicate - you must try to coordinate.
Note: The other agent sees the SAME options, but in a DIFFERENT order.

头部器官
Options: 嘴巴, 鼻子, 眼睛, 耳朵

Which option do you choose? Respond with the exact option text.","嘴巴
",嘴巴,"You are playing a coordination game with another agent.
If you both select the SAME option, you each get $1.
You cannot communicate - you must try to coordinate.
Note: The other agent sees the SAME options, but in a DIFFERENT order.

头部器官
Options: 嘴巴, 鼻子, 耳朵, 眼睛

Which option do you choose? Respond with the exact option text.","嘴巴
",嘴巴,True
手部,"[""手指"", ""拇指"", ""手掌"", ""手腕""]","[""拇指"", ""手指"", ""手掌"", ""手腕""]","[""手指"", ""手掌"", ""拇指"", ""手腕""]","You are playing a coordination game with another agent.
If you both select the SAME option, you each get $1.
You cannot communicate - you must try to coordinate.
Note: The other agent sees the SAME options, but in a DIFFERENT order.

手部
Options: 拇指, 手指, 手掌, 手腕

Which option do you choose? Respond with the exact option text.","拇指
",拇指,"You are playing a coordination game with another agent.
If you both select the SAME option, you each get $1.
You cannot communicate - you must try to coordinate.
Note: The other agent sees the SAME options, but in a DIFFERENT order.

手部
Options: 手指, 手掌, 拇指, 手腕

Which option do you choose? Respond with the exact option text.","手掌
",手掌,False
内部器官,"[""心脏"", ""大脑"", ""肺"", ""胃""]","[""心脏"", ""大脑"", ""胃"", ""肺""]","[""肺"", ""胃"", ""心脏"", ""大脑""]","You are playing a coordination game with another agent.
If you both select the SAME option, you each get $1.
You cannot communicate - you must try to coordinate.
Note: The other agent sees the SAME options, but in a DIFFERENT order.

内部器官
Options: 心脏, 大脑, 胃, 肺

Which option do you choose? Respond with the exact option text.","心脏
",心脏,"You are playing a coordination game with another agent.
If you both select the SAME option, you each get $1.
You cannot communicate - you must try to coordinate.
Note: The other agent sees the SAME options, but in a DIFFERENT order.

内部器官
Options: 肺, 胃, 心脏, 大脑

Which option do you choose? Respond with the exact option text.","肺
",肺,False
四肢,"[""手臂"", ""腿"", ""手"", ""脚""]","[""脚"", ""手"", ""手臂"", ""腿""]","[""脚"", ""腿"", ""手"", ""手臂""]","You are playing a coordination game with another agent.
If you both select the SAME option, you each get $1.
You cannot communicate - you must try to coordinate.
Note: The other agent sees the SAME options, but in a DIFFERENT order.

四肢
Options: 脚, 手, 手臂, 腿

Which option do you choose? Respond with the exact option text.","手
",手,"You are playing a coordination game with another agent.
If you both select the SAME option, you each get $1.
You cannot communicate - you must try to coordinate.
Note: The other agent sees the SAME options, but in a DIFFERENT order.

四肢
Options: 脚, 腿, 手, 手臂

Which option do you choose? Respond with the exact option text.","手
",手,True
外部特征,"[""头发"", ""皮肤"", ""指甲"", ""牙齿""]","[""皮肤"", ""指甲"", ""牙齿"", ""头发""]","[""头发"", ""牙齿"", ""指甲"", ""皮肤""]","You are playing a coordination game with another agent.
If you both select the SAME option, you each get $1.
You cannot communicate - you must try to coordinate.
Note: The other agent sees the SAME options, but in a DIFFERENT order.

外部特征
Options: 皮肤, 指甲, 牙齿, 头发

Which option do you choose? Respond with the exact option text.","头发
",头发,"You are playing a coordination game with another agent.
If you both select the SAME option, you each get $1.
You cannot communicate - you must try to coordinate.
Note: The other agent sees the SAME options, but in a DIFFERENT order.

外部特征
Options: 头发, 牙齿, 指甲, 皮肤

Which option do you choose? Respond with the exact option text.","头发
",头发,True
Five Senses,"[""Sight"", ""Hearing"", ""Touch"", ""Smell""]","[""Sight"", ""Touch"", ""Smell"", ""Hearing""]","[""Sight"", ""Touch"", ""Smell"", ""Hearing""]","You are playing a coordination game with another agent.
If you both select the SAME option, you each get $1.
You cannot communicate - you must try to coordinate.
Note: The other agent sees the SAME options, but in a DIFFERENT order.

Five Senses
Options: Sight, Touch, Smell, Hearing

Which option do you choose? Respond with the exact option text.","Hearing
",Hearing,"You are playing a coordination game with another agent.
If you both select the SAME option, you each get $1.
You cannot communicate - you must try to coordinate.
Note: The other agent sees the SAME options, but in a DIFFERENT order.

Five Senses
Options: Sight, Touch, Smell, Hearing

Which option do you choose? Respond with the exact option text.","Hearing
",Hearing,True
Taste Types,"[""Sweet"", ""Sour"", ""Salty"", ""Bitter""]","[""Bitter"", ""Sweet"", ""Sour"", ""Salty""]","[""Sour"", ""Bitter"", ""Salty"", ""Sweet""]","You are playing a coordination game with another agent.
If you both select the SAME option, you each get $1.
You cannot communicate - you must try to coordinate.
Note: The other agent sees the SAME options, but in a DIFFERENT order.

Taste Types
Options: Bitter, Sweet, Sour, Salty

Which option do you choose? Respond with the exact option text.","Sour
",Sour,"You are playing a coordination game with another agent.
If you both select the SAME option, you each get $1.
You cannot communicate - you must try to coordinate.
Note: The other agent sees the SAME options, but in a DIFFERENT order.

Taste Types
Options: Sour, Bitter, Salty, Sweet

Which option do you choose? Respond with the exact option text.","Sweet
",Sweet,False
Touch Sensations,"[""Hot"", ""Cold"", ""Rough"", ""Smooth""]","[""Rough"", ""Hot"", ""Smooth"", ""Cold""]","[""Hot"", ""Smooth"", ""Rough"", ""Cold""]","You are playing a coordination game with another agent.
If you both select the SAME option, you each get $1.
You cannot communicate - you must try to coordinate.
Note: The other agent sees the SAME options, but in a DIFFERENT order.

Touch Sensations
Options: Rough, Hot, Smooth, Cold

Which option do you choose? Respond with the exact option text.","Smooth
",Smooth,"You are playing a coordination game with another agent.
If you both select the SAME option, you each get $1.
You cannot communicate - you must try to coordinate.
Note: The other agent sees the SAME options, but in a DIFFERENT order.

Touch Sensations
Options: Hot, Smooth, Rough, Cold

Which option do you choose? Respond with the exact option text.","Smooth
",Smooth,True
Visual Qualities,"[""Bright"", ""Dark"", ""Colorful"", ""Plain""]","[""Colorful"", ""Dark"", ""Bright"", ""Plain""]","[""Bright"", ""Colorful"", ""Plain"", ""Dark""]","You are playing a coordination game with another agent.
If you both select the SAME option, you each get $1.
You cannot communicate - you must try to coordinate.
Note: The other agent sees the SAME options, but in a DIFFERENT order.

Visual Qualities
Options: Colorful, Dark, Bright, Plain

Which option do you choose? Respond with the exact option text.","Plain
",Plain,"You are playing a coordination game with another agent.
If you both select the SAME option, you each get $1.
You cannot communicate - you must try to coordinate.
Note: The other agent sees the SAME options, but in a DIFFERENT order.

Visual Qualities
Options: Bright, Colorful, Plain, Dark

Which option do you choose? Respond with the exact option text.","Plain
",Plain,True
Sound Qualities,"[""Loud"", ""Soft"", ""High"", ""Low""]","[""Loud"", ""Low"", ""Soft"", ""High""]","[""Soft"", ""High"", ""Low"", ""Loud""]","You are playing a coordination game with another agent.
If you both select the SAME option, you each get $1.
You cannot communicate - you must try to coordinate.
Note: The other agent sees the SAME options, but in a DIFFERENT order.

Sound Qualities
Options: Loud, Low, Soft, High

Which option do you choose? Respond with the exact option text.","Soft
",Soft,"You are playing a coordination game with another agent.
If you both select the SAME option, you each get $1.
You cannot communicate - you must try to coordinate.
Note: The other agent sees the SAME options, but in a DIFFERENT order.

Sound Qualities
Options: Soft, High, Low, Loud

Which option do you choose? Respond with the exact option text.","Low
",Low,False
五种感官,"[""视觉"", ""听觉"", ""触觉"", ""嗅觉""]","[""听觉"", ""视觉"", ""触觉"", ""嗅觉""]","[""触觉"", ""听觉"", ""嗅觉"", ""视觉""]","You are playing a coordination game with another agent.
If you both select the SAME option, you each get $1.
You cannot communicate - you must try to coordinate.
Note: The other agent sees the SAME options, but in a DIFFERENT order.

五种感官
Options: 听觉, 视觉, 触觉, 嗅觉

Which option do you choose? Respond with the exact option text.","听觉
",听觉,"You are playing a coordination game with another agent.
If you both select the SAME option, you each get $1.
You cannot communicate - you must try to coordinate.
Note: The other agent sees the SAME options, but in a DIFFERENT order.

五种感官
Options: 触觉, 听觉, 嗅觉, 视觉

Which option do you choose? Respond with the exact option text.","视觉
",视觉,False
味觉类型,"[""甜"", ""酸"", ""咸"", ""苦""]","[""苦"", ""酸"", ""甜"", ""咸""]","[""咸"", ""苦"", ""酸"", ""甜""]","You are playing a coordination game with another agent.
If you both select the SAME option, you each get $1.
You cannot communicate - you must try to coordinate.
Note: The other agent sees the SAME options, but in a DIFFERENT order.

味觉类型
Options: 苦, 酸, 甜, 咸

Which option do you choose? Respond with the exact option text.","甜
",甜,"You are playing a coordination game with another agent.
If you both select the SAME option, you each get $1.
You cannot communicate - you must try to coordinate.
Note: The other agent sees the SAME options, but in a DIFFERENT order.

味觉类型
Options: 咸, 苦, 酸, 甜

Which option do you choose? Respond with the exact option text.","甜
",甜,True
触感,"[""热"", ""冷"", ""粗糙"", ""光滑""]","[""光滑"", ""冷"", ""粗糙"", ""热""]","[""热"", ""光滑"", ""粗糙"", ""冷""]","You are playing a coordination game with another agent.
If you both select the SAME option, you each get $1.
You cannot communicate - you must try to coordinate.
Note: The other agent sees the SAME options, but in a DIFFERENT order.

触感
Options: 光滑, 冷, 粗糙, 热

Which option do you choose? Respond with the exact option text.","光滑
",光滑,"You are playing a coordination game with another agent.
If you both select the SAME option, you each get $1.
You cannot communicate - you must try to coordinate.
Note: The other agent sees the SAME options, but in a DIFFERENT order.

触感
Options: 热, 光滑, 粗糙, 冷

Which option do you choose? Respond with the exact option text.","粗糙
",粗糙,False
视觉特征,"[""明亮"", ""黑暗"", ""多彩"", ""朴素""]","[""朴素"", ""多彩"", ""黑暗"", ""明亮""]","[""黑暗"", ""明亮"", ""多彩"", ""朴素""]","You are playing a coordination game with another agent.
If you both select the SAME option, you each get $1.
You cannot communicate - you must try to coordinate.
Note: The other agent sees the SAME options, but in a DIFFERENT order.

视觉特征
Options: 朴素, 多彩, 黑暗, 明亮

Which option do you choose? Respond with the exact option text.","朴素
",朴素,"You are playing a coordination game with another agent.
If you both select the SAME option, you each get $1.
You cannot communicate - you must try to coordinate.
Note: The other agent sees the SAME options, but in a DIFFERENT order.

视觉特征
Options: 黑暗, 明亮, 多彩, 朴素

Which option do you choose? Respond with the exact option text.","朴素
",朴素,True
声音特征,"[""响亮"", ""柔和"", ""高音"", ""低音""]","[""柔和"", ""高音"", ""响亮"", ""低音""]","[""高音"", ""柔和"", ""响亮"", ""低音""]","You are playing a coordination game with another agent.
If you both select the SAME option, you each get $1.
You cannot communicate - you must try to coordinate.
Note: The other agent sees the SAME options, but in a DIFFERENT order.

声音特征
Options: 柔和, 高音, 响亮, 低音

Which option do you choose? Respond with the exact option text.","柔和
",柔和,"You are playing a coordination game with another agent.
If you both select the SAME option, you each get $1.
You cannot communicate - you must try to coordinate.
Note: The other agent sees the SAME options, but in a DIFFERENT order.

声音特征
Options: 高音, 柔和, 响亮, 低音

Which option do you choose? Respond with the exact option text.","低音
",低音,False
Hand Tools,"[""Hammer"", ""Screwdriver"", ""Wrench"", ""Pliers""]","[""Wrench"", ""Screwdriver"", ""Hammer"", ""Pliers""]","[""Wrench"", ""Screwdriver"", ""Hammer"", ""Pliers""]","You are playing a coordination game with another agent.
If you both select the SAME option, you each get $1.
You cannot communicate - you must try to coordinate.
Note: The other agent sees the SAME options, but in a DIFFERENT order.

Hand Tools
Options: Wrench, Screwdriver, Hammer, Pliers

Which option do you choose? Respond with the exact option text.","Wrench
",Wrench,"You are playing a coordination game with another agent.
If you both select the SAME option, you each get $1.
You cannot communicate - you must try to coordinate.
Note: The other agent sees the SAME options, but in a DIFFERENT order.

Hand Tools
Options: Wrench, Screwdriver, Hammer, Pliers

Which option do you choose? Respond with the exact option text.","Wrench
",Wrench,True
Cutting Tools,"[""Knife"", ""Scissors"", ""Axe"", ""Saw""]","[""Axe"", ""Scissors"", ""Knife"", ""Saw""]","[""Axe"", ""Saw"", ""Scissors"", ""Knife""]","You are playing a coordination game with another agent.
If you both select the SAME option, you each get $1.
You cannot communicate - you must try to coordinate.
Note: The other agent sees the SAME options, but in a DIFFERENT order.

Cutting Tools
Options: Axe, Scissors, Knife, Saw

Which option do you choose? Respond with the exact option text.","Axe
",Axe,"You are playing a coordination game with another agent.
If you both select the SAME option, you each get $1.
You cannot communicate - you must try to coordinate.
Note: The other agent sees the SAME options, but in a DIFFERENT order.

Cutting Tools
Options: Axe, Saw, Scissors, Knife

Which option do you choose? Respond with the exact option text.","Scissors
",Scissors,False
Measuring Tools,"[""Ruler"", ""Scale"", ""Compass"", ""Thermometer""]","[""Compass"", ""Ruler"", ""Thermometer"", ""Scale""]","[""Thermometer"", ""Compass"", ""Ruler"", ""Scale""]","You are playing a coordination game with another agent.
If you both select the SAME option, you each get $1.
You cannot communicate - you must try to coordinate.
Note: The other agent sees the SAME options, but in a DIFFERENT order.

Measuring Tools
Options: Compass, Ruler, Thermometer, Scale

Which option do you choose? Respond with the exact option text.","Ruler
",Ruler,"You are playing a coordination game with another agent.
If you both select the SAME option, you each get $1.
You cannot communicate - you must try to coordinate.
Note: The other agent sees the SAME options, but in a DIFFERENT order.

Measuring Tools
Options: Thermometer, Compass, Ruler, Scale

Which option do you choose? Respond with the exact option text.","Thermometer
",Thermometer,False
Writing Tools,"[""Pen"", ""Pencil"", ""Marker"", ""Chalk""]","[""Chalk"", ""Pencil"", ""Pen"", ""Marker""]","[""Pen"", ""Pencil"", ""Chalk"", ""Marker""]","You are playing a coordination game with another agent.
If you both select the SAME option, you each get $1.
You cannot communicate - you must try to coordinate.
Note: The other agent sees the SAME options, but in a DIFFERENT order.

Writing Tools
Options: Chalk, Pencil, Pen, Marker

Which option do you choose? Respond with the exact option text.","Pen
",Pen,"You are playing a coordination game with another agent.
If you both select the SAME option, you each get $1.
You cannot communicate - you must try to coordinate.
Note: The other agent sees the SAME options, but in a DIFFERENT order.

Writing Tools
Options: Pen, Pencil, Chalk, Marker

Which option do you choose? Respond with the exact option text.","Pen
",Pen,True
Garden Tools,"[""Shovel"", ""Rake"", ""Hoe"", ""Trowel""]","[""Hoe"", ""Shovel"", ""Trowel"", ""Rake""]","[""Trowel"", ""Hoe"", ""Rake"", ""Shovel""]","You are playing a coordination game with another agent.
If you both select the SAME option, you each get $1.
You cannot communicate - you must try to coordinate.
Note: The other agent sees the SAME options, but in a DIFFERENT order.

Garden Tools
Options: Hoe, Shovel, Trowel, Rake

Which option do you choose? Respond with the exact option text.","Rake
",Rake,"You are playing a coordination game with another agent.
If you both select the SAME option, you each get $1.
You cannot communicate - you must try to coordinate.
Note: The other agent sees the SAME options, but in a DIFFERENT order.

Garden Tools
Options: Trowel, Hoe, Rake, Shovel

Which option do you choose? Respond with the exact option text.","Rake
",Rake,True
手动工具,"[""锤子"", ""螺丝刀"", ""扳手"", ""钳子""]","[""锤子"", ""扳手"", ""钳子"", ""螺丝刀""]","[""扳手"", ""锤子"", ""螺丝刀"", ""钳子""]","You are playing a coordination game with another agent.
If you both select the SAME option, you each get $1.
You cannot communicate - you must try to coordinate.
Note: The other agent sees the SAME options, but in a DIFFERENT order.

手动工具
Options: 锤子, 扳手, 钳子, 螺丝刀

Which option do you choose? Respond with the exact option text.","锤子
",锤子,"You are playing a coordination game with another agent.
If you both select the SAME option, you each get $1.
You cannot communicate - you must try to coordinate.
Note: The other agent sees the SAME options, but in a DIFFERENT order.

手动工具
Options: 扳手, 锤子, 螺丝刀, 钳子

Which option do you choose? Respond with the exact option text.","扳手
",扳手,False
切割工具,"[""刀"", ""剪刀"", ""斧头"", ""锯子""]","[""剪刀"", ""刀"", ""锯子"", ""斧头""]","[""锯子"", ""斧头"", ""刀"", ""剪刀""]","You are playing a coordination game with another agent.
If you both select the SAME option, you each get $1.
You cannot communicate - you must try to coordinate.
Note: The other agent sees the SAME options, but in a DIFFERENT order.

切割工具
Options: 剪刀, 刀, 锯子, 斧头

Which option do you choose? Respond with the exact option text.","剪刀
",剪刀,"You are playing a coordination game with another agent.
If you both select the SAME option, you each get $1.
You cannot communicate - you must try to coordinate.
Note: The other agent sees the SAME options, but in a DIFFERENT order.

切割工具
Options: 锯子, 斧头, 刀, 剪刀

Which option do you choose? Respond with the exact option text.","锯子
",锯子,False
测量工具,"[""尺子"", ""秤"", ""指南针"", ""温度计""]","[""指南针"", ""秤"", ""尺子"", ""温度计""]","[""秤"", ""尺子"", ""温度计"", ""指南针""]","You are playing a coordination game with another agent.
If you both select the SAME option, you each get $1.
You cannot communicate - you must try to coordinate.
Note: The other agent sees the SAME options, but in a DIFFERENT order.

测量工具
Options: 指南针, 秤, 尺子, 温度计

Which option do you choose? Respond with the exact option text.","指南针
",指南针,"You are playing a coordination game with another agent.
If you both select the SAME option, you each get $1.
You cannot communicate - you must try to coordinate.
Note: The other agent sees the SAME options, but in a DIFFERENT order.

测量工具
Options: 秤, 尺子, 温度计, 指南针

Which option do you choose? Respond with the exact option text.","指南针
",指南针,True
书写工具,"[""钢笔"", ""铅笔"", ""记号笔"", ""粉笔""]","[""钢笔"", ""记号笔"", ""铅笔"", ""粉笔""]","[""钢笔"", ""粉笔"", ""记号笔"", ""铅笔""]","You are playing a coordination game with another agent.
If you both select the SAME option, you each get $1.
You cannot communicate - you must try to coordinate.
Note: The other agent sees the SAME options, but in a DIFFERENT order.

书写工具
Options: 钢笔, 记号笔, 铅笔, 粉笔

Which option do you choose? Respond with the exact option text.","钢笔
",钢笔,"You are playing a coordination game with another agent.
If you both select the SAME option, you each get $1.
You cannot communicate - you must try to coordinate.
Note: The other agent sees the SAME options, but in a DIFFERENT order.

书写工具
Options: 钢笔, 粉笔, 记号笔, 铅笔

Which option do you choose? Respond with the exact option text.","钢笔
",钢笔,True
园艺工具,"[""铲子"", ""耙子"", ""锄头"", ""小铲""]","[""小铲"", ""锄头"", ""铲子"", ""耙子""]","[""锄头"", ""铲子"", ""小铲"", ""耙子""]","You are playing a coordination game with another agent.
If you both select the SAME option, you each get $1.
You cannot communicate - you must try to coordinate.
Note: The other agent sees the SAME options, but in a DIFFERENT order.

园艺工具
Options: 小铲, 锄头, 铲子, 耙子

Which option do you choose? Respond with the exact option text.","小铲
",小铲,"You are playing a coordination game with another agent.
If you both select the SAME option, you each get $1.
You cannot communicate - you must try to coordinate.
Note: The other agent sees the SAME options, but in a DIFFERENT order.

园艺工具
Options: 锄头, 铲子, 小铲, 耙子

Which option do you choose? Respond with the exact option text.","锄头
",锄头,False
Upper Body Clothing,"[""Shirt"", ""Jacket"", ""Sweater"", ""Coat""]","[""Coat"", ""Sweater"", ""Jacket"", ""Shirt""]","[""Jacket"", ""Coat"", ""Shirt"", ""Sweater""]","You are playing a coordination game with another agent.
If you both select the SAME option, you each get $1.
You cannot communicate - you must try to coordinate.
Note: The other agent sees the SAME options, but in a DIFFERENT order.

Upper Body Clothing
Options: Coat, Sweater, Jacket, Shirt

Which option do you choose? Respond with the exact option text.","Jacket
",Jacket,"You are playing a coordination game with another agent.
If you both select the SAME option, you each get $1.
You cannot communicate - you must try to coordinate.
Note: The other agent sees the SAME options, but in a DIFFERENT order.

Upper Body Clothing
Options: Jacket, Coat, Shirt, Sweater

Which option do you choose? Respond with the exact option text.","Jacket
",Jacket,True
Lower Body Clothing,"[""Pants"", ""Jeans"", ""Shorts"", ""Skirt""]","[""Skirt"", ""Pants"", ""Jeans"", ""Shorts""]","[""Jeans"", ""Shorts"", ""Pants"", ""Skirt""]","You are playing a coordination game with another agent.
If you both select the SAME option, you each get $1.
You cannot communicate - you must try to coordinate.
Note: The other agent sees the SAME options, but in a DIFFERENT order.

Lower Body Clothing
Options: Skirt, Pants, Jeans, Shorts

Which option do you choose? Respond with the exact option text.","Jeans
",Jeans,"You are playing a coordination game with another agent.
If you both select the SAME option, you each get $1.
You cannot communicate - you must try to coordinate.
Note: The other agent sees the SAME options, but in a DIFFERENT order.

Lower Body Clothing
Options: Jeans, Shorts, Pants, Skirt

Which option do you choose? Respond with the exact option text.","Jeans
",Jeans,True
Footwear,"[""Sneakers"", ""Boots"", ""Sandals"", ""Dress Shoes""]","[""Dress Shoes"", ""Sandals"", ""Boots"", ""Sneakers""]","[""Boots"", ""Dress Shoes"", ""Sneakers"", ""Sandals""]","You are playing a coordination game with another agent.
If you both select the SAME option, you each get $1.
You cannot communicate - you must try to coordinate.
Note: The other agent sees the SAME options, but in a DIFFERENT order.

Footwear
Options: Dress Shoes, Sandals, Boots, Sneakers

Which option do you choose? Respond with the exact option text.","Sneakers
",Sneakers,"You are playing a coordination game with another agent.
If you both select the SAME option, you each get $1.
You cannot communicate - you must try to coordinate.
Note: The other agent sees the SAME options, but in a DIFFERENT order.

Footwear
Options: Boots, Dress Shoes, Sneakers, Sandals

Which option do you choose? Respond with the exact option text.","Sneakers
",Sneakers,True
Headwear,"[""Cap"", ""Hat"", ""Beanie"", ""Helmet""]","[""Hat"", ""Helmet"", ""Beanie"", ""Cap""]","[""Helmet"", ""Hat"", ""Beanie"", ""Cap""]","You are playing a coordination game with another agent.
If you both select the SAME option, you each get $1.
You cannot communicate - you must try to coordinate.
Note: The other agent sees the SAME options, but in a DIFFERENT order.

Headwear
Options: Hat, Helmet, Beanie, Cap

Which option do you choose? Respond with the exact option text.","Hat
",Hat,"You are playing a coordination game with another agent.
If you both select the SAME option, you each get $1.
You cannot communicate - you must try to coordinate.
Note: The other agent sees the SAME options, but in a DIFFERENT order.

Headwear
Options: Helmet, Hat, Beanie, Cap

Which option do you choose? Respond with the exact option text.","Cap
",Cap,False
Formal Wear,"[""Suit"", ""Dress"", ""Tuxedo"", ""Gown""]","[""Suit"", ""Dress"", ""Tuxedo"", ""Gown""]","[""Suit"", ""Dress"", ""Gown"", ""Tuxedo""]","You are playing a coordination game with another agent.
If you both select the SAME option, you each get $1.
You cannot communicate - you must try to coordinate.
Note: The other agent sees the SAME options, but in a DIFFERENT order.

Formal Wear
Options: Suit, Dress, Tuxedo, Gown

Which option do you choose? Respond with the exact option text.","Suit
",Suit,"You are playing a coordination game with another agent.
If you both select the SAME option, you each get $1.
You cannot communicate - you must try to coordinate.
Note: The other agent sees the SAME options, but in a DIFFERENT order.

Formal Wear
Options: Suit, Dress, Gown, Tuxedo

Which option do you choose? Respond with the exact option text.","Suit
",Suit,True
上装,"[""衬衫"", ""夹克"", ""毛衣"", ""外套""]","[""衬衫"", ""毛衣"", ""外套"", ""夹克""]","[""夹克"", ""衬衫"", ""外套"", ""毛衣""]","You are playing a coordination game with another agent.
If you both select the SAME option, you each get $1.
You cannot communicate - you must try to coordinate.
Note: The other agent sees the SAME options, but in a DIFFERENT order.

上装
Options: 衬衫, 毛衣, 外套, 夹克

Which option do you choose? Respond with the exact option text.","衬衫
",衬衫,"You are playing a coordination game with another agent.
If you both select the SAME option, you each get $1.
You cannot communicate - you must try to coordinate.
Note: The other agent sees the SAME options, but in a DIFFERENT order.

上装
Options: 夹克, 衬衫, 外套, 毛衣

Which option do you choose? Respond with the exact option text.","夹克
",夹克,False
下装,"[""裤子"", ""牛仔裤"", ""短裤"", ""裙子""]","[""裙子"", ""牛仔裤"", ""裤子"", ""短裤""]","[""短裤"", ""裤子"", ""裙子"", ""牛仔裤""]","You are playing a coordination game with another agent.
If you both select the SAME option, you each get $1.
You cannot communicate - you must try to coordinate.
Note: The other agent sees the SAME options, but in a DIFFERENT order.

下装
Options: 裙子, 牛仔裤, 裤子, 短裤

Which option do you choose? Respond with the exact option text.","裙子
",裙子,"You are playing a coordination game with another agent.
If you both select the SAME option, you each get $1.
You cannot communicate - you must try to coordinate.
Note: The other agent sees the SAME options, but in a DIFFERENT order.

下装
Options: 短裤, 裤子, 裙子, 牛仔裤

Which option do you choose? Respond with the exact option text.","裤子
",裤子,False
鞋类,"[""运动鞋"", ""靴子"", ""凉鞋"", ""皮鞋""]","[""凉鞋"", ""皮鞋"", ""运动鞋"", ""靴子""]","[""皮鞋"", ""凉鞋"", ""运动鞋"", ""靴子""]","You are playing a coordination game with another agent.
If you both select the SAME option, you each get $1.
You cannot communicate - you must try to coordinate.
Note: The other agent sees the SAME options, but in a DIFFERENT order.

鞋类
Options: 凉鞋, 皮鞋, 运动鞋, 靴子

Which option do you choose? Respond with the exact option text.","运动鞋
",运动鞋,"You are playing a coordination game with another agent.
If you both select the SAME option, you each get $1.
You cannot communicate - you must try to coordinate.
Note: The other agent sees the SAME options, but in a DIFFERENT order.

鞋类
Options: 皮鞋, 凉鞋, 运动鞋, 靴子

Which option do you choose? Respond with the exact option text.","运动鞋
",运动鞋,True
帽子,"[""鸭舌帽"", ""礼帽"", ""毛线帽"", ""头盔""]","[""头盔"", ""毛线帽"", ""礼帽"", ""鸭舌帽""]","[""头盔"", ""毛线帽"", ""礼帽"", ""鸭舌帽""]","You are playing a coordination game with another agent.
If you both select the SAME option, you each get $1.
You cannot communicate - you must try to coordinate.
Note: The other agent sees the SAME options, but in a DIFFERENT order.

帽子
Options: 头盔, 毛线帽, 礼帽, 鸭舌帽

Which option do you choose? Respond with the exact option text.","鸭舌帽
",鸭舌帽,"You are playing a coordination game with another agent.
If you both select the SAME option, you each get $1.
You cannot communicate - you must try to coordinate.
Note: The other agent sees the SAME options, but in a DIFFERENT order.

帽子
Options: 头盔, 毛线帽, 礼帽, 鸭舌帽

Which option do you choose? Respond with the exact option text.","鸭舌帽
",鸭舌帽,True
正装,"[""西装"", ""连衣裙"", ""燕尾服"", ""礼服""]","[""礼服"", ""燕尾服"", ""连衣裙"", ""西装""]","[""西装"", ""连衣裙"", ""燕尾服"", ""礼服""]","You are playing a coordination game with another agent.
If you both select the SAME option, you each get $1.
You cannot communicate - you must try to coordinate.
Note: The other agent sees the SAME options, but in a DIFFERENT order.

正装
Options: 礼服, 燕尾服, 连衣裙, 西装

Which option do you choose? Respond with the exact option text.","礼服
",礼服,"You are playing a coordination game with another agent.
If you both select the SAME option, you each get $1.
You cannot communicate - you must try to coordinate.
Note: The other agent sees the SAME options, but in a DIFFERENT order.

正装
Options: 西装, 连衣裙, 燕尾服, 礼服

Which option do you choose? Respond with the exact option text.","燕尾服
",燕尾服,False
Road Vehicles,"[""Car"", ""Bus"", ""Truck"", ""Motorcycle""]","[""Car"", ""Motorcycle"", ""Bus"", ""Truck""]","[""Bus"", ""Truck"", ""Motorcycle"", ""Car""]","You are playing a coordination game with another agent.
If you both select the SAME option, you each get $1.
You cannot communicate - you must try to coordinate.
Note: The other agent sees the SAME options, but in a DIFFERENT order.

Road Vehicles
Options: Car, Motorcycle, Bus, Truck

Which option do you choose? Respond with the exact option text.","Car
",Car,"You are playing a coordination game with another agent.
If you both select the SAME option, you each get $1.
You cannot communicate - you must try to coordinate.
Note: The other agent sees the SAME options, but in a DIFFERENT order.

Road Vehicles
Options: Bus, Truck, Motorcycle, Car

Which option do you choose? Respond with the exact option text.","Car
",Car,True
Two-Wheel Vehicles,"[""Bicycle"", ""Motorcycle"", ""Scooter"", ""Skateboard""]","[""Scooter"", ""Motorcycle"", ""Bicycle"", ""Skateboard""]","[""Scooter"", ""Bicycle"", ""Motorcycle"", ""Skateboard""]","You are playing a coordination game with another agent.
If you both select the SAME option, you each get $1.
You cannot communicate - you must try to coordinate.
Note: The other agent sees the SAME options, but in a DIFFERENT order.

Two-Wheel Vehicles
Options: Scooter, Motorcycle, Bicycle, Skateboard

Which option do you choose? Respond with the exact option text.","Bicycle
",Bicycle,"You are playing a coordination game with another agent.
If you both select the SAME option, you each get $1.
You cannot communicate - you must try to coordinate.
Note: The other agent sees the SAME options, but in a DIFFERENT order.

Two-Wheel Vehicles
Options: Scooter, Bicycle, Motorcycle, Skateboard

Which option do you choose? Respond with the exact option text.","Scooter
",Scooter,False
Water Vehicles,"[""Boat"", ""Ship"", ""Canoe"", ""Yacht""]","[""Canoe"", ""Boat"", ""Ship"", ""Yacht""]","[""Ship"", ""Boat"", ""Yacht"", ""Canoe""]","You are playing a coordination game with another agent.
If you both select the SAME option, you each get $1.
You cannot communicate - you must try to coordinate.
Note: The other agent sees the SAME options, but in a DIFFERENT order.

Water Vehicles
Options: Canoe, Boat, Ship, Yacht

Which option do you choose? Respond with the exact option text.","Canoe
",Canoe,"You are playing a coordination game with another agent.
If you both select the SAME option, you each get $1.
You cannot communicate - you must try to coordinate.
Note: The other agent sees the SAME options, but in a DIFFERENT order.

Water Vehicles
Options: Ship, Boat, Yacht, Canoe

Which option do you choose? Respond with the exact option text.","Ship
",Ship,False
Air Vehicles,"[""Airplane"", ""Helicopter"", ""Balloon"", ""Glider""]","[""Airplane"", ""Glider"", ""Balloon"", ""Helicopter""]","[""Helicopter"", ""Airplane"", ""Balloon"", ""Glider""]","You are playing a coordination game with another agent.
If you both select the SAME option, you each get $1.
You cannot communicate - you must try to coordinate.
Note: The other agent sees the SAME options, but in a DIFFERENT order.

Air Vehicles
Options: Airplane, Glider, Balloon, Helicopter

Which option do you choose? Respond with the exact option text.",Balloon,Balloon,"You are playing a coordination game with another agent.
If you both select the SAME option, you each get $1.
You cannot communicate - you must try to coordinate.
Note: The other agent sees the SAME options, but in a DIFFERENT order.

Air Vehicles
Options: Helicopter, Airplane, Balloon, Glider

Which option do you choose? Respond with the exact option text.","Helicopter
",Helicopter,False
Public Transport,"[""Bus"", ""Subway"", ""Taxi"", ""Train""]","[""Bus"", ""Train"", ""Taxi"", ""Subway""]","[""Train"", ""Bus"", ""Taxi"", ""Subway""]","You are playing a coordination game with another agent.
If you both select the SAME option, you each get $1.
You cannot communicate - you must try to coordinate.
Note: The other agent sees the SAME options, but in a DIFFERENT order.

Public Transport
Options: Bus, Train, Taxi, Subway

Which option do you choose? Respond with the exact option text.","Bus
",Bus,"You are playing a coordination game with another agent.
If you both select the SAME option, you each get $1.
You cannot communicate - you must try to coordinate.
Note: The other agent sees the SAME options, but in a DIFFERENT order.

Public Transport
Options: Train, Bus, Taxi, Subway

Which option do you choose? Respond with the exact option text.","Train
",Train,False
道路车辆,"[""汽车"", ""公交车"", ""卡车"", ""摩托车""]","[""卡车"", ""公交车"", ""摩托车"", ""汽车""]","[""摩托车"", ""卡车"", ""公交车"", ""汽车""]","You are playing a coordination game with another agent.
If you both select the SAME option, you each get $1.
You cannot communicate - you must try to coordinate.
Note: The other agent sees the SAME options, but in a DIFFERENT order.

道路车辆
Options: 卡车, 公交车, 摩托车, 汽车

Which option do you choose? Respond with the exact option text.","汽车
",汽车,"You are playing a coordination game with another agent.
If you both select the SAME option, you each get $1.
You cannot communicate - you must try to coordinate.
Note: The other agent sees the SAME options, but in a DIFFERENT order.

道路车辆
Options: 摩托车, 卡车, 公交车, 汽车

Which option do you choose? Respond with the exact option text.","摩托车
",摩托车,False
两轮车,"[""自行车"", ""摩托车"", ""滑板车"", ""滑板""]","[""滑板车"", ""自行车"", ""滑板"", ""摩托车""]","[""摩托车"", ""自行车"", ""滑板车"", ""滑板""]","You are playing a coordination game with another agent.
If you both select the SAME option, you each get $1.
You cannot communicate - you must try to coordinate.
Note: The other agent sees the SAME options, but in a DIFFERENT order.

两轮车
Options: 滑板车, 自行车, 滑板, 摩托车

Which option do you choose? Respond with the exact option text.","滑板车
",滑板车,"You are playing a coordination game with another agent.
If you both select the SAME option, you each get $1.
You cannot communicate - you must try to coordinate.
Note: The other agent sees the SAME options, but in a DIFFERENT order.

两轮车
Options: 摩托车, 自行车, 滑板车, 滑板

Which option do you choose? Respond with the exact option text.","自行车
",自行车,False
水上交通,"[""船"", ""轮船"", ""独木舟"", ""游艇""]","[""独木舟"", ""轮船"", ""游艇"", ""船""]","[""船"", ""独木舟"", ""轮船"", ""游艇""]","You are playing a coordination game with another agent.
If you both select the SAME option, you each get $1.
You cannot communicate - you must try to coordinate.
Note: The other agent sees the SAME options, but in a DIFFERENT order.

水上交通
Options: 独木舟, 轮船, 游艇, 船

Which option do you choose? Respond with the exact option text.","独木舟
",独木舟,"You are playing a coordination game with another agent.
If you both select the SAME option, you each get $1.
You cannot communicate - you must try to coordinate.
Note: The other agent sees the SAME options, but in a DIFFERENT order.

水上交通
Options: 船, 独木舟, 轮船, 游艇

Which option do you choose? Respond with the exact option text.","船
",船,False
空中交通,"[""飞机"", ""直升机"", ""热气球"", ""滑翔机""]","[""直升机"", ""滑翔机"", ""飞机"", ""热气球""]","[""滑翔机"", ""热气球"", ""直升机"", ""飞机""]","You are playing a coordination game with another agent.
If you both select the SAME option, you each get $1.
You cannot communicate - you must try to coordinate.
Note: The other agent sees the SAME options, but in a DIFFERENT order.

空中交通
Options: 直升机, 滑翔机, 飞机, 热气球

Which option do you choose? Respond with the exact option text.","飞机
",飞机,"You are playing a coordination game with another agent.
If you both select the SAME option, you each get $1.
You cannot communicate - you must try to coordinate.
Note: The other agent sees the SAME options, but in a DIFFERENT order.

空中交通
Options: 滑翔机, 热气球, 直升机, 飞机

Which option do you choose? Respond with the exact option text.","飞机
",飞机,True
公共交通,"[""公交车"", ""地铁"", ""出租车"", ""火车""]","[""火车"", ""公交车"", ""地铁"", ""出租车""]","[""地铁"", ""火车"", ""出租车"", ""公交车""]","You are playing a coordination game with another agent.
If you both select the SAME option, you each get $1.
You cannot communicate - you must try to coordinate.
Note: The other agent sees the SAME options, but in a DIFFERENT order.

公共交通
Options: 火车, 公交车, 地铁, 出租车

Which option do you choose? Respond with the exact option text.","火车
",火车,"You are playing a coordination game with another agent.
If you both select the SAME option, you each get $1.
You cannot communicate - you must try to coordinate.
Note: The other agent sees the SAME options, but in a DIFFERENT order.

公共交通
Options: 地铁, 火车, 出租车, 公交车

Which option do you choose? Respond with the exact option text.","公交车
",公交车,False
Living Room Furniture,"[""Sofa"", ""Table"", ""Chair"", ""Shelf""]","[""Sofa"", ""Shelf"", ""Chair"", ""Table""]","[""Shelf"", ""Sofa"", ""Chair"", ""Table""]","You are playing a coordination game with another agent.
If you both select the SAME option, you each get $1.
You cannot communicate - you must try to coordinate.
Note: The other agent sees the SAME options, but in a DIFFERENT order.

Living Room Furniture
Options: Sofa, Shelf, Chair, Table

Which option do you choose? Respond with the exact option text.","Sofa
",Sofa,"You are playing a coordination game with another agent.
If you both select the SAME option, you each get $1.
You cannot communicate - you must try to coordinate.
Note: The other agent sees the SAME options, but in a DIFFERENT order.

Living Room Furniture
Options: Shelf, Sofa, Chair, Table

Which option do you choose? Respond with the exact option text.","Shelf
",Shelf,False
Bedroom Furniture,"[""Bed"", ""Wardrobe"", ""Dresser"", ""Nightstand""]","[""Wardrobe"", ""Nightstand"", ""Dresser"", ""Bed""]","[""Dresser"", ""Wardrobe"", ""Nightstand"", ""Bed""]","You are playing a coordination game with another agent.
If you both select the SAME option, you each get $1.
You cannot communicate - you must try to coordinate.
Note: The other agent sees the SAME options, but in a DIFFERENT order.

Bedroom Furniture
Options: Wardrobe, Nightstand, Dresser, Bed

Which option do you choose? Respond with the exact option text.","Bed
",Bed,"You are playing a coordination game with another agent.
If you both select the SAME option, you each get $1.
You cannot communicate - you must try to coordinate.
Note: The other agent sees the SAME options, but in a DIFFERENT order.

Bedroom Furniture
Options: Dresser, Wardrobe, Nightstand, Bed

Which option do you choose? Respond with the exact option text.","Bed
",Bed,True
Office Furniture,"[""Desk"", ""Chair"", ""Filing Cabinet"", ""Bookshelf""]","[""Bookshelf"", ""Filing Cabinet"", ""Chair"", ""Desk""]","[""Bookshelf"", ""Chair"", ""Desk"", ""Filing Cabinet""]","You are playing a coordination game with another agent.
If you both select the SAME option, you each get $1.
You cannot communicate - you must try to coordinate.
Note: The other agent sees the SAME options, but in a DIFFERENT order.

Office Furniture
Options: Bookshelf, Filing Cabinet, Chair, Desk

Which option do you choose? Respond with the exact option text.","Chair
",Chair,"You are playing a coordination game with another agent.
If you both select the SAME option, you each get $1.
You cannot communicate - you must try to coordinate.
Note: The other agent sees the SAME options, but in a DIFFERENT order.

Office Furniture
Options: Bookshelf, Chair, Desk, Filing Cabinet

Which option do you choose? Respond with the exact option text.","Desk
",Desk,False
Dining Furniture,"[""Dining Table"", ""Chair"", ""Cabinet"", ""Sideboard""]","[""Chair"", ""Sideboard"", ""Cabinet"", ""Dining Table""]","[""Dining Table"", ""Cabinet"", ""Sideboard"", ""Chair""]","You are playing a coordination game with another agent.
If you both select the SAME option, you each get $1.
You cannot communicate - you must try to coordinate.
Note: The other agent sees the SAME options, but in a DIFFERENT order.

Dining Furniture
Options: Chair, Sideboard, Cabinet, Dining Table

Which option do you choose? Respond with the exact option text.","Dining Table
",Dining Table,"You are playing a coordination game with another agent.
If you both select the SAME option, you each get $1.
You cannot communicate - you must try to coordinate.
Note: The other agent sees the SAME options, but in a DIFFERENT order.

Dining Furniture
Options: Dining Table, Cabinet, Sideboard, Chair

Which option do you choose? Respond with the exact option text.","Dining Table
",Dining Table,True
Storage Furniture,"[""Cabinet"", ""Shelf"", ""Drawer"", ""Closet""]","[""Closet"", ""Shelf"", ""Drawer"", ""Cabinet""]","[""Closet"", ""Shelf"", ""Cabinet"", ""Drawer""]","You are playing a coordination game with another agent.
If you both select the SAME option, you each get $1.
You cannot communicate - you must try to coordinate.
Note: The other agent sees the SAME options, but in a DIFFERENT order.

Storage Furniture
Options: Closet, Shelf, Drawer, Cabinet

Which option do you choose? Respond with the exact option text.","Shelf
",Shelf,"You are playing a coordination game with another agent.
If you both select the SAME option, you each get $1.
You cannot communicate - you must try to coordinate.
Note: The other agent sees the SAME options, but in a DIFFERENT order.

Storage Furniture
Options: Closet, Shelf, Cabinet, Drawer

Which option do you choose? Respond with the exact option text.","Cabinet
",Cabinet,False
客厅家具,"[""沙发"", ""桌子"", ""椅子"", ""书架""]","[""书架"", ""椅子"", ""沙发"", ""桌子""]","[""椅子"", ""书架"", ""沙发"", ""桌子""]","You are playing a coordination game with another agent.
If you both select the SAME option, you each get $1.
You cannot communicate - you must try to coordinate.
Note: The other agent sees the SAME options, but in a DIFFERENT order.

客厅家具
Options: 书架, 椅子, 沙发, 桌子

Which option do you choose? Respond with the exact option text.","桌子
",桌子,"You are playing a coordination game with another agent.
If you both select the SAME option, you each get $1.
You cannot communicate - you must try to coordinate.
Note: The other agent sees the SAME options, but in a DIFFERENT order.

客厅家具
Options: 椅子, 书架, 沙发, 桌子

Which option do you choose? Respond with the exact option text.","椅子
",椅子,False
卧室家具,"[""床"", ""衣柜"", ""梳妆台"", ""床头柜""]","[""床头柜"", ""衣柜"", ""床"", ""梳妆台""]","[""床"", ""衣柜"", ""床头柜"", ""梳妆台""]","You are playing a coordination game with another agent.
If you both select the SAME option, you each get $1.
You cannot communicate - you must try to coordinate.
Note: The other agent sees the SAME options, but in a DIFFERENT order.

卧室家具
Options: 床头柜, 衣柜, 床, 梳妆台

Which option do you choose? Respond with the exact option text.",床,床,"You are playing a coordination game with another agent.
If you both select the SAME option, you each get $1.
You cannot communicate - you must try to coordinate.
Note: The other agent sees the SAME options, but in a DIFFERENT order.

卧室家具
Options: 床, 衣柜, 床头柜, 梳妆台

Which option do you choose? Respond with the exact option text.","床
",床,True
办公家具,"[""书桌"", ""椅子"", ""文件柜"", ""书架""]","[""椅子"", ""书架"", ""文件柜"", ""书桌""]","[""书架"", ""书桌"", ""椅子"", ""文件柜""]","You are playing a coordination game with another agent.
If you both select the SAME option, you each get $1.
You cannot communicate - you must try to coordinate.
Note: The other agent sees the SAME options, but in a DIFFERENT order.

办公家具
Options: 椅子, 书架, 文件柜, 书桌

Which option do you choose? Respond with the exact option text.","椅子
",椅子,"You are playing a coordination game with another agent.
If you both select the SAME option, you each get $1.
You cannot communicate - you must try to coordinate.
Note: The other agent sees the SAME options, but in a DIFFERENT order.

办公家具
Options: 书架, 书桌, 椅子, 文件柜

Which option do you choose? Respond with the exact option text.","椅子
",椅子,True
餐厅家具,"[""餐桌"", ""餐椅"", ""餐柜"", ""边柜""]","[""餐椅"", ""边柜"", ""餐柜"", ""餐桌""]","[""餐柜"", ""边柜"", ""餐桌"", ""餐椅""]","You are playing a coordination game with another agent.
If you both select the SAME option, you each get $1.
You cannot communicate - you must try to coordinate.
Note: The other agent sees the SAME options, but in a DIFFERENT order.

餐厅家具
Options: 餐椅, 边柜, 餐柜, 餐桌

Which option do you choose? Respond with the exact option text.","餐椅
",餐椅,"You are playing a coordination game with another agent.
If you both select the SAME option, you each get $1.
You cannot communicate - you must try to coordinate.
Note: The other agent sees the SAME options, but in a DIFFERENT order.

餐厅家具
Options: 餐柜, 边柜, 餐桌, 餐椅

Which option do you choose? Respond with the exact option text.","餐桌
",餐桌,False
收纳家具,"[""柜子"", ""架子"", ""抽屉"", ""衣橱""]","[""架子"", ""衣橱"", ""抽屉"", ""柜子""]","[""柜子"", ""抽屉"", ""衣橱"", ""架子""]","You are playing a coordination game with another agent.
If you both select the SAME option, you each get $1.
You cannot communicate - you must try to coordinate.
Note: The other agent sees the SAME options, but in a DIFFERENT order.

收纳家具
Options: 架子, 衣橱, 抽屉, 柜子

Which option do you choose? Respond with the exact option text.","架子
",架子,"You are playing a coordination game with another agent.
If you both select the SAME option, you each get $1.
You cannot communicate - you must try to coordinate.
Note: The other agent sees the SAME options, but in a DIFFERENT order.

收纳家具
Options: 柜子, 抽屉, 衣橱, 架子

Which option do you choose? Respond with the exact option text.","柜子
",柜子,False
Home Rooms,"[""Bedroom"", ""Kitchen"", ""Bathroom"", ""Living Room""]","[""Living Room"", ""Bathroom"", ""Bedroom"", ""Kitchen""]","[""Kitchen"", ""Living Room"", ""Bedroom"", ""Bathroom""]","You are playing a coordination game with another agent.
If you both select the SAME option, you each get $1.
You cannot communicate - you must try to coordinate.
Note: The other agent sees the SAME options, but in a DIFFERENT order.

Home Rooms
Options: Living Room, Bathroom, Bedroom, Kitchen

Which option do you choose? Respond with the exact option text.","Living Room
",Living Room,"You are playing a coordination game with another agent.
If you both select the SAME option, you each get $1.
You cannot communicate - you must try to coordinate.
Note: The other agent sees the SAME options, but in a DIFFERENT order.

Home Rooms
Options: Kitchen, Living Room, Bedroom, Bathroom

Which option do you choose? Respond with the exact option text.","Bathroom
",Bathroom,False
Kitchen Areas,"[""Counter"", ""Stove"", ""Sink"", ""Refrigerator""]","[""Sink"", ""Counter"", ""Refrigerator"", ""Stove""]","[""Counter"", ""Stove"", ""Refrigerator"", ""Sink""]","You are playing a coordination game with another agent.
If you both select the SAME option, you each get $1.
You cannot communicate - you must try to coordinate.
Note: The other agent sees the SAME options, but in a DIFFERENT order.

Kitchen Areas
Options: Sink, Counter, Refrigerator, Stove

Which option do you choose? Respond with the exact option text.","Sink
",Sink,"You are playing a coordination game with another agent.
If you both select the SAME option, you each get $1.
You cannot communicate - you must try to coordinate.
Note: The other agent sees the SAME options, but in a DIFFERENT order.

Kitchen Areas
Options: Counter, Stove, Refrigerator, Sink

Which option do you choose? Respond with the exact option text.","Refrigerator
",Refrigerator,False
Bathroom Features,"[""Shower"", ""Toilet"", ""Sink"", ""Bathtub""]","[""Toilet"", ""Bathtub"", ""Shower"", ""Sink""]","[""Sink"", ""Shower"", ""Toilet"", ""Bathtub""]","You are playing a coordination game with another agent.
If you both select the SAME option, you each get $1.
You cannot communicate - you must try to coordinate.
Note: The other agent sees the SAME options, but in a DIFFERENT order.

Bathroom Features
Options: Toilet, Bathtub, Shower, Sink

Which option do you choose? Respond with the exact option text.","Shower
",Shower,"You are playing a coordination game with another agent.
If you both select the SAME option, you each get $1.
You cannot communicate - you must try to coordinate.
Note: The other agent sees the SAME options, but in a DIFFERENT order.

Bathroom Features
Options: Sink, Shower, Toilet, Bathtub

Which option do you choose? Respond with the exact option text.","Toilet
",Toilet,False
Living Room Items,"[""Sofa"", ""TV"", ""Carpet"", ""Window""]","[""Carpet"", ""Window"", ""Sofa"", ""TV""]","[""TV"", ""Sofa"", ""Carpet"", ""Window""]","You are playing a coordination game with another agent.
If you both select the SAME option, you each get $1.
You cannot communicate - you must try to coordinate.
Note: The other agent sees the SAME options, but in a DIFFERENT order.

Living Room Items
Options: Carpet, Window, Sofa, TV

Which option do you choose? Respond with the exact option text.","Carpet
",Carpet,"You are playing a coordination game with another agent.
If you both select the SAME option, you each get $1.
You cannot communicate - you must try to coordinate.
Note: The other agent sees the SAME options, but in a DIFFERENT order.

Living Room Items
Options: TV, Sofa, Carpet, Window

Which option do you choose? Respond with the exact option text.","Carpet
",Carpet,True
Bedroom Furniture,"[""Bed"", ""Closet"", ""Desk"", ""Mirror""]","[""Mirror"", ""Bed"", ""Closet"", ""Desk""]","[""Bed"", ""Closet"", ""Mirror"", ""Desk""]","You are playing a coordination game with another agent.
If you both select the SAME option, you each get $1.
You cannot communicate - you must try to coordinate.
Note: The other agent sees the SAME options, but in a DIFFERENT order.

Bedroom Furniture
Options: Mirror, Bed, Closet, Desk

Which option do you choose? Respond with the exact option text.",Bed,Bed,"You are playing a coordination game with another agent.
If you both select the SAME option, you each get $1.
You cannot communicate - you must try to coordinate.
Note: The other agent sees the SAME options, but in a DIFFERENT order.

Bedroom Furniture
Options: Bed, Closet, Mirror, Desk

Which option do you choose? Respond with the exact option text.","Bed
",Bed,True
家庭房间,"[""卧室"", ""厨房"", ""浴室"", ""客厅""]","[""客厅"", ""浴室"", ""卧室"", ""厨房""]","[""客厅"", ""浴室"", ""卧室"", ""厨房""]","You are playing a coordination game with another agent.
If you both select the SAME option, you each get $1.
You cannot communicate - you must try to coordinate.
Note: The other agent sees the SAME options, but in a DIFFERENT order.

家庭房间
Options: 客厅, 浴室, 卧室, 厨房

Which option do you choose? Respond with the exact option text.","卧室
",卧室,"You are playing a coordination game with another agent.
If you both select the SAME option, you each get $1.
You cannot communicate - you must try to coordinate.
Note: The other agent sees the SAME options, but in a DIFFERENT order.

家庭房间
Options: 客厅, 浴室, 卧室, 厨房

Which option do you choose? Respond with the exact option text.","卧室
",卧室,True
厨房区域,"[""台面"", ""炉灶"", ""水槽"", ""冰箱""]","[""炉灶"", ""水槽"", ""台面"", ""冰箱""]","[""水槽"", ""炉灶"", ""冰箱"", ""台面""]","You are playing a coordination game with another agent.
If you both select the SAME option, you each get $1.
You cannot communicate - you must try to coordinate.
Note: The other agent sees the SAME options, but in a DIFFERENT order.

厨房区域
Options: 炉灶, 水槽, 台面, 冰箱

Which option do you choose? Respond with the exact option text.","炉灶
",炉灶,"You are playing a coordination game with another agent.
If you both select the SAME option, you each get $1.
You cannot communicate - you must try to coordinate.
Note: The other agent sees the SAME options, but in a DIFFERENT order.

厨房区域
Options: 水槽, 炉灶, 冰箱, 台面

Which option do you choose? Respond with the exact option text.","台面
",台面,False
浴室设施,"[""淋浴"", ""马桶"", ""洗手台"", ""浴缸""]","[""马桶"", ""浴缸"", ""洗手台"", ""淋浴""]","[""淋浴"", ""洗手台"", ""浴缸"", ""马桶""]","You are playing a coordination game with another agent.
If you both select the SAME option, you each get $1.
You cannot communicate - you must try to coordinate.
Note: The other agent sees the SAME options, but in a DIFFERENT order.

浴室设施
Options: 马桶, 浴缸, 洗手台, 淋浴

Which option do you choose? Respond with the exact option text.","马桶
",马桶,"You are playing a coordination game with another agent.
If you both select the SAME option, you each get $1.
You cannot communicate - you must try to coordinate.
Note: The other agent sees the SAME options, but in a DIFFERENT order.

浴室设施
Options: 淋浴, 洗手台, 浴缸, 马桶

Which option do you choose? Respond with the exact option text.","淋浴
",淋浴,False
客厅陈设,"[""沙发"", ""电视"", ""地毯"", ""窗户""]","[""电视"", ""地毯"", ""窗户"", ""沙发""]","[""地毯"", ""沙发"", ""窗户"", ""电视""]","You are playing a coordination game with another agent.
If you both select the SAME option, you each get $1.
You cannot communicate - you must try to coordinate.
Note: The other agent sees the SAME options, but in a DIFFERENT order.

客厅陈设
Options: 电视, 地毯, 窗户, 沙发

Which option do you choose? Respond with the exact option text.","电视
",电视,"You are playing a coordination game with another agent.
If you both select the SAME option, you each get $1.
You cannot communicate - you must try to coordinate.
Note: The other agent sees the SAME options, but in a DIFFERENT order.

客厅陈设
Options: 地毯, 沙发, 窗户, 电视

Which option do you choose? Respond with the exact option text.","电视
",电视,True
卧室家具,"[""床"", ""衣柜"", ""书桌"", ""镜子""]","[""衣柜"", ""镜子"", ""书桌"", ""床""]","[""镜子"", ""床"", ""书桌"", ""衣柜""]","You are playing a coordination game with another agent.
If you both select the SAME option, you each get $1.
You cannot communicate - you must try to coordinate.
Note: The other agent sees the SAME options, but in a DIFFERENT order.

卧室家具
Options: 衣柜, 镜子, 书桌, 床

Which option do you choose? Respond with the exact option text.","床
",床,"You are playing a coordination game with another agent.
If you both select the SAME option, you each get $1.
You cannot communicate - you must try to coordinate.
Note: The other agent sees the SAME options, but in a DIFFERENT order.

卧室家具
Options: 镜子, 床, 书桌, 衣柜

Which option do you choose? Respond with the exact option text.","床
",床,True
Educational Institutions,"[""School"", ""University"", ""College"", ""Academy""]","[""School"", ""University"", ""College"", ""Academy""]","[""College"", ""University"", ""School"", ""Academy""]","You are playing a coordination game with another agent.
If you both select the SAME option, you each get $1.
You cannot communicate - you must try to coordinate.
Note: The other agent sees the SAME options, but in a DIFFERENT order.

Educational Institutions
Options: School, University, College, Academy

Which option do you choose? Respond with the exact option text.","School
",School,"You are playing a coordination game with another agent.
If you both select the SAME option, you each get $1.
You cannot communicate - you must try to coordinate.
Note: The other agent sees the SAME options, but in a DIFFERENT order.

Educational Institutions
Options: College, University, School, Academy

Which option do you choose? Respond with the exact option text.","School
",School,True
Government Buildings,"[""City Hall"", ""Court"", ""Post Office"", ""Library""]","[""Library"", ""City Hall"", ""Court"", ""Post Office""]","[""Library"", ""City Hall"", ""Court"", ""Post Office""]","You are playing a coordination game with another agent.
If you both select the SAME option, you each get $1.
You cannot communicate - you must try to coordinate.
Note: The other agent sees the SAME options, but in a DIFFERENT order.

Government Buildings
Options: Library, City Hall, Court, Post Office

Which option do you choose? Respond with the exact option text.","Library
",Library,"You are playing a coordination game with another agent.
If you both select the SAME option, you each get $1.
You cannot communicate - you must try to coordinate.
Note: The other agent sees the SAME options, but in a DIFFERENT order.

Government Buildings
Options: Library, City Hall, Court, Post Office

Which option do you choose? Respond with the exact option text.","Library
",Library,True
Healthcare Facilities,"[""Hospital"", ""Clinic"", ""Pharmacy"", ""Lab""]","[""Pharmacy"", ""Clinic"", ""Hospital"", ""Lab""]","[""Pharmacy"", ""Lab"", ""Clinic"", ""Hospital""]","You are playing a coordination game with another agent.
If you both select the SAME option, you each get $1.
You cannot communicate - you must try to coordinate.
Note: The other agent sees the SAME options, but in a DIFFERENT order.

Healthcare Facilities
Options: Pharmacy, Clinic, Hospital, Lab

Which option do you choose? Respond with the exact option text.",Hospital,Hospital,"You are playing a coordination game with another agent.
If you both select the SAME option, you each get $1.
You cannot communicate - you must try to coordinate.
Note: The other agent sees the SAME options, but in a DIFFERENT order.

Healthcare Facilities
Options: Pharmacy, Lab, Clinic, Hospital

Which option do you choose? Respond with the exact option text.","Clinic
",Clinic,False
Cultural Institutions,"[""Museum"", ""Theater"", ""Gallery"", ""Library""]","[""Library"", ""Gallery"", ""Theater"", ""Museum""]","[""Library"", ""Museum"", ""Theater"", ""Gallery""]","You are playing a coordination game with another agent.
If you both select the SAME option, you each get $1.
You cannot communicate - you must try to coordinate.
Note: The other agent sees the SAME options, but in a DIFFERENT order.

Cultural Institutions
Options: Library, Gallery, Theater, Museum

Which option do you choose? Respond with the exact option text.","Library
",Library,"You are playing a coordination game with another agent.
If you both select the SAME option, you each get $1.
You cannot communicate - you must try to coordinate.
Note: The other agent sees the SAME options, but in a DIFFERENT order.

Cultural Institutions
Options: Library, Museum, Theater, Gallery

Which option do you choose? Respond with the exact option text.","Library
",Library,True
Financial Institutions,"[""Bank"", ""Insurance"", ""Stock Exchange"", ""Credit Union""]","[""Credit Union"", ""Bank"", ""Stock Exchange"", ""Insurance""]","[""Credit Union"", ""Stock Exchange"", ""Insurance"", ""Bank""]","You are playing a coordination game with another agent.
If you both select the SAME option, you each get $1.
You cannot communicate - you must try to coordinate.
Note: The other agent sees the SAME options, but in a DIFFERENT order.

Financial Institutions
Options: Credit Union, Bank, Stock Exchange, Insurance

Which option do you choose? Respond with the exact option text.",Bank,Bank,"You are playing a coordination game with another agent.
If you both select the SAME option, you each get $1.
You cannot communicate - you must try to coordinate.
Note: The other agent sees the SAME options, but in a DIFFERENT order.

Financial Institutions
Options: Credit Union, Stock Exchange, Insurance, Bank

Which option do you choose? Respond with the exact option text.","Bank
",Bank,True
教育机构,"[""学校"", ""大学"", ""学院"", ""研究院""]","[""学校"", ""学院"", ""大学"", ""研究院""]","[""大学"", ""学校"", ""研究院"", ""学院""]","You are playing a coordination game with another agent.
If you both select the SAME option, you each get $1.
You cannot communicate - you must try to coordinate.
Note: The other agent sees the SAME options, but in a DIFFERENT order.

教育机构
Options: 学校, 学院, 大学, 研究院

Which option do you choose? Respond with the exact option text.","学校
",学校,"You are playing a coordination game with another agent.
If you both select the SAME option, you each get $1.
You cannot communicate - you must try to coordinate.
Note: The other agent sees the SAME options, but in a DIFFERENT order.

教育机构
Options: 大学, 学校, 研究院, 学院

Which option do you choose? Respond with the exact option text.","大学
",大学,False
政府建筑,"[""市政厅"", ""法院"", ""邮局"", ""图书馆""]","[""法院"", ""图书馆"", ""邮局"", ""市政厅""]","[""法院"", ""图书馆"", ""邮局"", ""市政厅""]","You are playing a coordination game with another agent.
If you both select the SAME option, you each get $1.
You cannot communicate - you must try to coordinate.
Note: The other agent sees the SAME options, but in a DIFFERENT order.

政府建筑
Options: 法院, 图书馆, 邮局, 市政厅

Which option do you choose? Respond with the exact option text.","法院 (Fǎyuàn - Court)
",法院,"You are playing a coordination game with another agent.
If you both select the SAME option, you each get $1.
You cannot communicate - you must try to coordinate.
Note: The other agent sees the SAME options, but in a DIFFERENT order.

政府建筑
Options: 法院, 图书馆, 邮局, 市政厅

Which option do you choose? Respond with the exact option text.","法院 (Fǎyuàn - Court)
",法院,True
医疗机构,"[""医院"", ""诊所"", ""药房"", ""实验室""]","[""药房"", ""诊所"", ""实验室"", ""医院""]","[""实验室"", ""药房"", ""医院"", ""诊所""]","You are playing a coordination game with another agent.
If you both select the SAME option, you each get $1.
You cannot communicate - you must try to coordinate.
Note: The other agent sees the SAME options, but in a DIFFERENT order.

医疗机构
Options: 药房, 诊所, 实验室, 医院

Which option do you choose? Respond with the exact option text.","药房
",药房,"You are playing a coordination game with another agent.
If you both select the SAME option, you each get $1.
You cannot communicate - you must try to coordinate.
Note: The other agent sees the SAME options, but in a DIFFERENT order.

医疗机构
Options: 实验室, 药房, 医院, 诊所

Which option do you choose? Respond with the exact option text.","实验室
",实验室,False
文化机构,"[""博物馆"", ""剧院"", ""画廊"", ""图书馆""]","[""博物馆"", ""剧院"", ""图书馆"", ""画廊""]","[""博物馆"", ""图书馆"", ""画廊"", ""剧院""]","You are playing a coordination game with another agent.
If you both select the SAME option, you each get $1.
You cannot communicate - you must try to coordinate.
Note: The other agent sees the SAME options, but in a DIFFERENT order.

文化机构
Options: 博物馆, 剧院, 图书馆, 画廊

Which option do you choose? Respond with the exact option text.","博物馆
",博物馆,"You are playing a coordination game with another agent.
If you both select the SAME option, you each get $1.
You cannot communicate - you must try to coordinate.
Note: The other agent sees the SAME options, but in a DIFFERENT order.

文化机构
Options: 博物馆, 图书馆, 画廊, 剧院

Which option do you choose? Respond with the exact option text.","博物馆
",博物馆,True
金融机构,"[""银行"", ""保险"", ""证券交易所"", ""信用社""]","[""银行"", ""证券交易所"", ""信用社"", ""保险""]","[""信用社"", ""银行"", ""证券交易所"", ""保险""]","You are playing a coordination game with another agent.
If you both select the SAME option, you each get $1.
You cannot communicate - you must try to coordinate.
Note: The other agent sees the SAME options, but in a DIFFERENT order.

金融机构
Options: 银行, 证券交易所, 信用社, 保险

Which option do you choose? Respond with the exact option text.","银行
",银行,"You are playing a coordination game with another agent.
If you both select the SAME option, you each get $1.
You cannot communicate - you must try to coordinate.
Note: The other agent sees the SAME options, but in a DIFFERENT order.

金融机构
Options: 信用社, 银行, 证券交易所, 保险

Which option do you choose? Respond with the exact option text.","银行
",银行,True
US Meeting Spots,"[""Starbucks"", ""McDonald's"", ""Library"", ""Park""]","[""McDonald's"", ""Park"", ""Library"", ""Starbucks""]","[""Library"", ""Starbucks"", ""McDonald's"", ""Park""]","You are playing a coordination game with another agent.
If you both select the SAME option, you each get $1.
You cannot communicate - you must try to coordinate.
Note: The other agent sees the SAME options, but in a DIFFERENT order.

US Meeting Spots
Options: McDonald's, Park, Library, Starbucks

Which option do you choose? Respond with the exact option text.","McDonald's
",McDonald's,"You are playing a coordination game with another agent.
If you both select the SAME option, you each get $1.
You cannot communicate - you must try to coordinate.
Note: The other agent sees the SAME options, but in a DIFFERENT order.

US Meeting Spots
Options: Library, Starbucks, McDonald's, Park

Which option do you choose? Respond with the exact option text.","Park
",Park,False
US Shopping Centers,"[""Walmart"", ""Target"", ""Mall"", ""Costco""]","[""Costco"", ""Target"", ""Mall"", ""Walmart""]","[""Walmart"", ""Mall"", ""Costco"", ""Target""]","You are playing a coordination game with another agent.
If you both select the SAME option, you each get $1.
You cannot communicate - you must try to coordinate.
Note: The other agent sees the SAME options, but in a DIFFERENT order.

US Shopping Centers
Options: Costco, Target, Mall, Walmart

Which option do you choose? Respond with the exact option text.","Mall
",Mall,"You are playing a coordination game with another agent.
If you both select the SAME option, you each get $1.
You cannot communicate - you must try to coordinate.
Note: The other agent sees the SAME options, but in a DIFFERENT order.

US Shopping Centers
Options: Walmart, Mall, Costco, Target

Which option do you choose? Respond with the exact option text.","Walmart
",Walmart,False
US Hangout Places,"[""Coffee Shop"", ""Bar"", ""Gym"", ""Beach""]","[""Coffee Shop"", ""Beach"", ""Gym"", ""Bar""]","[""Coffee Shop"", ""Gym"", ""Beach"", ""Bar""]","You are playing a coordination game with another agent.
If you both select the SAME option, you each get $1.
You cannot communicate - you must try to coordinate.
Note: The other agent sees the SAME options, but in a DIFFERENT order.

US Hangout Places
Options: Coffee Shop, Beach, Gym, Bar

Which option do you choose? Respond with the exact option text.","Coffee Shop
",Coffee Shop,"You are playing a coordination game with another agent.
If you both select the SAME option, you each get $1.
You cannot communicate - you must try to coordinate.
Note: The other agent sees the SAME options, but in a DIFFERENT order.

US Hangout Places
Options: Coffee Shop, Gym, Beach, Bar

Which option do you choose? Respond with the exact option text.","Beach
",Beach,False
US Public Squares,"[""Times Square"", ""National Mall"", ""Central Park"", ""Pier""]","[""Pier"", ""Central Park"", ""National Mall"", ""Times Square""]","[""Central Park"", ""Pier"", ""Times Square"", ""National Mall""]","You are playing a coordination game with another agent.
If you both select the SAME option, you each get $1.
You cannot communicate - you must try to coordinate.
Note: The other agent sees the SAME options, but in a DIFFERENT order.

US Public Squares
Options: Pier, Central Park, National Mall, Times Square

Which option do you choose? Respond with the exact option text.","National Mall
",National Mall,"You are playing a coordination game with another agent.
If you both select the SAME option, you each get $1.
You cannot communicate - you must try to coordinate.
Note: The other agent sees the SAME options, but in a DIFFERENT order.

US Public Squares
Options: Central Park, Pier, Times Square, National Mall

Which option do you choose? Respond with the exact option text.","Central Park
",Central Park,False
US Dining Venues,"[""Restaurant"", ""Diner"", ""Food Court"", ""Cafe""]","[""Restaurant"", ""Diner"", ""Food Court"", ""Cafe""]","[""Restaurant"", ""Food Court"", ""Diner"", ""Cafe""]","You are playing a coordination game with another agent.
If you both select the SAME option, you each get $1.
You cannot communicate - you must try to coordinate.
Note: The other agent sees the SAME options, but in a DIFFERENT order.

US Dining Venues
Options: Restaurant, Diner, Food Court, Cafe

Which option do you choose? Respond with the exact option text.","Restaurant
",Restaurant,"You are playing a coordination game with another agent.
If you both select the SAME option, you each get $1.
You cannot communicate - you must try to coordinate.
Note: The other agent sees the SAME options, but in a DIFFERENT order.

US Dining Venues
Options: Restaurant, Food Court, Diner, Cafe

Which option do you choose? Respond with the exact option text.","Restaurant
",Restaurant,True
US Entertainment Venues,"[""Movie Theater"", ""Stadium"", ""Concert Hall"", ""Arcade""]","[""Stadium"", ""Movie Theater"", ""Concert Hall"", ""Arcade""]","[""Arcade"", ""Movie Theater"", ""Stadium"", ""Concert Hall""]","You are playing a coordination game with another agent.
If you both select the SAME option, you each get $1.
You cannot communicate - you must try to coordinate.
Note: The other agent sees the SAME options, but in a DIFFERENT order.

US Entertainment Venues
Options: Stadium, Movie Theater, Concert Hall, Arcade

Which option do you choose? Respond with the exact option text.","Stadium
",Stadium,"You are playing a coordination game with another agent.
If you both select the SAME option, you each get $1.
You cannot communicate - you must try to coordinate.
Note: The other agent sees the SAME options, but in a DIFFERENT order.

US Entertainment Venues
Options: Arcade, Movie Theater, Stadium, Concert Hall

Which option do you choose? Respond with the exact option text.","Stadium
",Stadium,True
US Parks,"[""Central Park"", ""Golden Gate Park"", ""Millennium Park"", ""Griffith Park""]","[""Millennium Park"", ""Griffith Park"", ""Central Park"", ""Golden Gate Park""]","[""Millennium Park"", ""Central Park"", ""Griffith Park"", ""Golden Gate Park""]","You are playing a coordination game with another agent.
If you both select the SAME option, you each get $1.
You cannot communicate - you must try to coordinate.
Note: The other agent sees the SAME options, but in a DIFFERENT order.

US Parks
Options: Millennium Park, Griffith Park, Central Park, Golden Gate Park

Which option do you choose? Respond with the exact option text.","Central Park
",Central Park,"You are playing a coordination game with another agent.
If you both select the SAME option, you each get $1.
You cannot communicate - you must try to coordinate.
Note: The other agent sees the SAME options, but in a DIFFERENT order.

US Parks
Options: Millennium Park, Central Park, Griffith Park, Golden Gate Park

Which option do you choose? Respond with the exact option text.","Millennium Park
",Millennium Park,False
US Transport Hubs,"[""Airport"", ""Train Station"", ""Bus Terminal"", ""Subway Station""]","[""Train Station"", ""Bus Terminal"", ""Subway Station"", ""Airport""]","[""Airport"", ""Train Station"", ""Subway Station"", ""Bus Terminal""]","You are playing a coordination game with another agent.
If you both select the SAME option, you each get $1.
You cannot communicate - you must try to coordinate.
Note: The other agent sees the SAME options, but in a DIFFERENT order.

US Transport Hubs
Options: Train Station, Bus Terminal, Subway Station, Airport

Which option do you choose? Respond with the exact option text.","Train Station
",Train Station,"You are playing a coordination game with another agent.
If you both select the SAME option, you each get $1.
You cannot communicate - you must try to coordinate.
Note: The other agent sees the SAME options, but in a DIFFERENT order.

US Transport Hubs
Options: Airport, Train Station, Subway Station, Bus Terminal

Which option do you choose? Respond with the exact option text.","Airport
",Airport,False
US Recreational Places,"[""Beach"", ""Hiking Trail"", ""Playground"", ""Pool""]","[""Hiking Trail"", ""Playground"", ""Beach"", ""Pool""]","[""Playground"", ""Pool"", ""Hiking Trail"", ""Beach""]","You are playing a coordination game with another agent.
If you both select the SAME option, you each get $1.
You cannot communicate - you must try to coordinate.
Note: The other agent sees the SAME options, but in a DIFFERENT order.

US Recreational Places
Options: Hiking Trail, Playground, Beach, Pool

Which option do you choose? Respond with the exact option text.","Hiking Trail
",Hiking Trail,"You are playing a coordination game with another agent.
If you both select the SAME option, you each get $1.
You cannot communicate - you must try to coordinate.
Note: The other agent sees the SAME options, but in a DIFFERENT order.

US Recreational Places
Options: Playground, Pool, Hiking Trail, Beach

Which option do you choose? Respond with the exact option text.","Playground
",Playground,False
US Nightlife Spots,"[""Bar"", ""Club"", ""Lounge"", ""Karaoke""]","[""Karaoke"", ""Lounge"", ""Bar"", ""Club""]","[""Club"", ""Karaoke"", ""Lounge"", ""Bar""]","You are playing a coordination game with another agent.
If you both select the SAME option, you each get $1.
You cannot communicate - you must try to coordinate.
Note: The other agent sees the SAME options, but in a DIFFERENT order.

US Nightlife Spots
Options: Karaoke, Lounge, Bar, Club

Which option do you choose? Respond with the exact option text.","Karaoke
",Karaoke,"You are playing a coordination game with another agent.
If you both select the SAME option, you each get $1.
You cannot communicate - you must try to coordinate.
Note: The other agent sees the SAME options, but in a DIFFERENT order.

US Nightlife Spots
Options: Club, Karaoke, Lounge, Bar

Which option do you choose? Respond with the exact option text.","Lounge
",Lounge,False
中国聚会场所,"[""星巴克"", ""麦当劳"", ""图书馆"", ""公园""]","[""公园"", ""图书馆"", ""麦当劳"", ""星巴克""]","[""星巴克"", ""麦当劳"", ""公园"", ""图书馆""]","You are playing a coordination game with another agent.
If you both select the SAME option, you each get $1.
You cannot communicate - you must try to coordinate.
Note: The other agent sees the SAME options, but in a DIFFERENT order.

中国聚会场所
Options: 公园, 图书馆, 麦当劳, 星巴克

Which option do you choose? Respond with the exact option text.","公园
",公园,"You are playing a coordination game with another agent.
If you both select the SAME option, you each get $1.
You cannot communicate - you must try to coordinate.
Note: The other agent sees the SAME options, but in a DIFFERENT order.

中国聚会场所
Options: 星巴克, 麦当劳, 公园, 图书馆

Which option do you choose? Respond with the exact option text.","公园
",公园,True
中国购物场所,"[""淘宝"", ""京东"", ""万达广场"", ""超市""]","[""淘宝"", ""万达广场"", ""京东"", ""超市""]","[""淘宝"", ""超市"", ""万达广场"", ""京东""]","You are playing a coordination game with another agent.
If you both select the SAME option, you each get $1.
You cannot communicate - you must try to coordinate.
Note: The other agent sees the SAME options, but in a DIFFERENT order.

中国购物场所
Options: 淘宝, 万达广场, 京东, 超市

Which option do you choose? Respond with the exact option text.","淘宝
",淘宝,"You are playing a coordination game with another agent.
If you both select the SAME option, you each get $1.
You cannot communicate - you must try to coordinate.
Note: The other agent sees the SAME options, but in a DIFFERENT order.

中国购物场所
Options: 淘宝, 超市, 万达广场, 京东

Which option do you choose? Respond with the exact option text.","淘宝
",淘宝,True
中国休闲场所,"[""茶馆"", ""KTV"", ""健身房"", ""公园""]","[""KTV"", ""健身房"", ""公园"", ""茶馆""]","[""健身房"", ""茶馆"", ""公园"", ""KTV""]","You are playing a coordination game with another agent.
If you both select the SAME option, you each get $1.
You cannot communicate - you must try to coordinate.
Note: The other agent sees the SAME options, but in a DIFFERENT order.

中国休闲场所
Options: KTV, 健身房, 公园, 茶馆

Which option do you choose? Respond with the exact option text.","公园
",公园,"You are playing a coordination game with another agent.
If you both select the SAME option, you each get $1.
You cannot communicate - you must try to coordinate.
Note: The other agent sees the SAME options, but in a DIFFERENT order.

中国休闲场所
Options: 健身房, 茶馆, 公园, KTV

Which option do you choose? Respond with the exact option text.","公园
",公园,True
中国公共广场,"[""天安门广场"", ""人民广场"", ""中心广场"", ""步行街""]","[""天安门广场"", ""中心广场"", ""人民广场"", ""步行街""]","[""人民广场"", ""步行街"", ""天安门广场"", ""中心广场""]","You are playing a coordination game with another agent.
If you both select the SAME option, you each get $1.
You cannot communicate - you must try to coordinate.
Note: The other agent sees the SAME options, but in a DIFFERENT order.

中国公共广场
Options: 天安门广场, 中心广场, 人民广场, 步行街

Which option do you choose? Respond with the exact option text.","天安门广场
",天安门广场,"You are playing a coordination game with another agent.
If you both select the SAME option, you each get $1.
You cannot communicate - you must try to coordinate.
Note: The other agent sees the SAME options, but in a DIFFERENT order.

中国公共广场
Options: 人民广场, 步行街, 天安门广场, 中心广场

Which option do you choose? Respond with the exact option text.","中心广场
",中心广场,False
中国餐饮场所,"[""饭店"", ""小吃街"", ""食堂"", ""奶茶店""]","[""食堂"", ""饭店"", ""奶茶店"", ""小吃街""]","[""饭店"", ""奶茶店"", ""食堂"", ""小吃街""]","You are playing a coordination game with another agent.
If you both select the SAME option, you each get $1.
You cannot communicate - you must try to coordinate.
Note: The other agent sees the SAME options, but in a DIFFERENT order.

中国餐饮场所
Options: 食堂, 饭店, 奶茶店, 小吃街

Which option do you choose? Respond with the exact option text.","食堂
",食堂,"You are playing a coordination game with another agent.
If you both select the SAME option, you each get $1.
You cannot communicate - you must try to coordinate.
Note: The other agent sees the SAME options, but in a DIFFERENT order.

中国餐饮场所
Options: 饭店, 奶茶店, 食堂, 小吃街

Which option do you choose? Respond with the exact option text.","饭店
",饭店,False
中国娱乐场所,"[""电影院"", ""KTV"", ""网吧"", ""游乐场""]","[""游乐场"", ""网吧"", ""电影院"", ""KTV""]","[""网吧"", ""KTV"", ""游乐场"", ""电影院""]","You are playing a coordination game with another agent.
If you both select the SAME option, you each get $1.
You cannot communicate - you must try to coordinate.
Note: The other agent sees the SAME options, but in a DIFFERENT order.

中国娱乐场所
Options: 游乐场, 网吧, 电影院, KTV

Which option do you choose? Respond with the exact option text.","电影院
",电影院,"You are playing a coordination game with another agent.
If you both select the SAME option, you each get $1.
You cannot communicate - you must try to coordinate.
Note: The other agent sees the SAME options, but in a DIFFERENT order.

中国娱乐场所
Options: 网吧, KTV, 游乐场, 电影院

Which option do you choose? Respond with the exact option text.","游乐场
",游乐场,False
中国公园,"[""颐和园"", ""西湖"", ""人民公园"", ""植物园""]","[""植物园"", ""西湖"", ""颐和园"", ""人民公园""]","[""颐和园"", ""人民公园"", ""植物园"", ""西湖""]","You are playing a coordination game with another agent.
If you both select the SAME option, you each get $1.
You cannot communicate - you must try to coordinate.
Note: The other agent sees the SAME options, but in a DIFFERENT order.

中国公园
Options: 植物园, 西湖, 颐和园, 人民公园

Which option do you choose? Respond with the exact option text.","植物园
",植物园,"You are playing a coordination game with another agent.
If you both select the SAME option, you each get $1.
You cannot communicate - you must try to coordinate.
Note: The other agent sees the SAME options, but in a DIFFERENT order.

中国公园
Options: 颐和园, 人民公园, 植物园, 西湖

Which option do you choose? Respond with the exact option text.","颐和园
",颐和园,False
中国交通枢纽,"[""机场"", ""火车站"", ""地铁站"", ""汽车站""]","[""地铁站"", ""汽车站"", ""机场"", ""火车站""]","[""地铁站"", ""汽车站"", ""火车站"", ""机场""]","You are playing a coordination game with another agent.
If you both select the SAME option, you each get $1.
You cannot communicate - you must try to coordinate.
Note: The other agent sees the SAME options, but in a DIFFERENT order.

中国交通枢纽
Options: 地铁站, 汽车站, 机场, 火车站

Which option do you choose? Respond with the exact option text.","地铁站
",地铁站,"You are playing a coordination game with another agent.
If you both select the SAME option, you each get $1.
You cannot communicate - you must try to coordinate.
Note: The other agent sees the SAME options, but in a DIFFERENT order.

中国交通枢纽
Options: 地铁站, 汽车站, 火车站, 机场

Which option do you choose? Respond with the exact option text.","地铁站
",地铁站,True
中国休闲去处,"[""公园"", ""河边"", ""广场"", ""商场""]","[""商场"", ""河边"", ""广场"", ""公园""]","[""广场"", ""公园"", ""河边"", ""商场""]","You are playing a coordination game with another agent.
If you both select the SAME option, you each get $1.
You cannot communicate - you must try to coordinate.
Note: The other agent sees the SAME options, but in a DIFFERENT order.

中国休闲去处
Options: 商场, 河边, 广场, 公园

Which option do you choose? Respond with the exact option text.","公园
",公园,"You are playing a coordination game with another agent.
If you both select the SAME option, you each get $1.
You cannot communicate - you must try to coordinate.
Note: The other agent sees the SAME options, but in a DIFFERENT order.

中国休闲去处
Options: 广场, 公园, 河边, 商场

Which option do you choose? Respond with the exact option text.","广场
",广场,False
中国夜生活,"[""酒吧"", ""KTV"", ""夜市"", ""烧烤摊""]","[""夜市"", ""KTV"", ""烧烤摊"", ""酒吧""]","[""KTV"", ""夜市"", ""烧烤摊"", ""酒吧""]","You are playing a coordination game with another agent.
If you both select the SAME option, you each get $1.
You cannot communicate - you must try to coordinate.
Note: The other agent sees the SAME options, but in a DIFFERENT order.

中国夜生活
Options: 夜市, KTV, 烧烤摊, 酒吧

Which option do you choose? Respond with the exact option text.","夜市
",夜市,"You are playing a coordination game with another agent.
If you both select the SAME option, you each get $1.
You cannot communicate - you must try to coordinate.
Note: The other agent sees the SAME options, but in a DIFFERENT order.

中国夜生活
Options: KTV, 夜市, 烧烤摊, 酒吧

Which option do you choose? Respond with the exact option text.","烧烤摊
",烧烤摊,False
US Regions,"[""Northeast"", ""South"", ""Midwest"", ""West""]","[""South"", ""Midwest"", ""Northeast"", ""West""]","[""Northeast"", ""West"", ""Midwest"", ""South""]","You are playing a coordination game with another agent.
If you both select the SAME option, you each get $1.
You cannot communicate - you must try to coordinate.
Note: The other agent sees the SAME options, but in a DIFFERENT order.

US Regions
Options: South, Midwest, Northeast, West

Which option do you choose? Respond with the exact option text.","South
",South,"You are playing a coordination game with another agent.
If you both select the SAME option, you each get $1.
You cannot communicate - you must try to coordinate.
Note: The other agent sees the SAME options, but in a DIFFERENT order.

US Regions
Options: Northeast, West, Midwest, South

Which option do you choose? Respond with the exact option text.","Northeast
",Northeast,False
US Landmarks,"[""Grand Canyon"", ""Statue of Liberty"", ""Mount Rushmore"", ""Golden Gate Bridge""]","[""Grand Canyon"", ""Golden Gate Bridge"", ""Mount Rushmore"", ""Statue of Liberty""]","[""Golden Gate Bridge"", ""Grand Canyon"", ""Statue of Liberty"", ""Mount Rushmore""]","You are playing a coordination game with another agent.
If you both select the SAME option, you each get $1.
You cannot communicate - you must try to coordinate.
Note: The other agent sees the SAME options, but in a DIFFERENT order.

US Landmarks
Options: Grand Canyon, Golden Gate Bridge, Mount Rushmore, Statue of Liberty

Which option do you choose? Respond with the exact option text.","Golden Gate Bridge
",Golden Gate Bridge,"You are playing a coordination game with another agent.
If you both select the SAME option, you each get $1.
You cannot communicate - you must try to coordinate.
Note: The other agent sees the SAME options, but in a DIFFERENT order.

US Landmarks
Options: Golden Gate Bridge, Grand Canyon, Statue of Liberty, Mount Rushmore

Which option do you choose? Respond with the exact option text.","Golden Gate Bridge
",Golden Gate Bridge,True
US National Parks,"[""Yellowstone"", ""Yosemite"", ""Grand Canyon"", ""Zion""]","[""Zion"", ""Yellowstone"", ""Grand Canyon"", ""Yosemite""]","[""Yosemite"", ""Zion"", ""Yellowstone"", ""Grand Canyon""]","You are playing a coordination game with another agent.
If you both select the SAME option, you each get $1.
You cannot communicate - you must try to coordinate.
Note: The other agent sees the SAME options, but in a DIFFERENT order.

US National Parks
Options: Zion, Yellowstone, Grand Canyon, Yosemite

Which option do you choose? Respond with the exact option text.","Zion
",Zion,"You are playing a coordination game with another agent.
If you both select the SAME option, you each get $1.
You cannot communicate - you must try to coordinate.
Note: The other agent sees the SAME options, but in a DIFFERENT order.

US National Parks
Options: Yosemite, Zion, Yellowstone, Grand Canyon

Which option do you choose? Respond with the exact option text.","Yosemite
",Yosemite,False
US Rivers,"[""Mississippi"", ""Colorado"", ""Missouri"", ""Ohio""]","[""Missouri"", ""Mississippi"", ""Ohio"", ""Colorado""]","[""Ohio"", ""Colorado"", ""Missouri"", ""Mississippi""]","You are playing a coordination game with another agent.
If you both select the SAME option, you each get $1.
You cannot communicate - you must try to coordinate.
Note: The other agent sees the SAME options, but in a DIFFERENT order.

US Rivers
Options: Missouri, Mississippi, Ohio, Colorado

Which option do you choose? Respond with the exact option text.","Missouri
",Missouri,"You are playing a coordination game with another agent.
If you both select the SAME option, you each get $1.
You cannot communicate - you must try to coordinate.
Note: The other agent sees the SAME options, but in a DIFFERENT order.

US Rivers
Options: Ohio, Colorado, Missouri, Mississippi

Which option do you choose? Respond with the exact option text.","Missouri
",Missouri,True
US Mountain Ranges,"[""Rockies"", ""Appalachians"", ""Sierra Nevada"", ""Cascades""]","[""Rockies"", ""Sierra Nevada"", ""Appalachians"", ""Cascades""]","[""Appalachians"", ""Rockies"", ""Sierra Nevada"", ""Cascades""]","You are playing a coordination game with another agent.
If you both select the SAME option, you each get $1.
You cannot communicate - you must try to coordinate.
Note: The other agent sees the SAME options, but in a DIFFERENT order.

US Mountain Ranges
Options: Rockies, Sierra Nevada, Appalachians, Cascades

Which option do you choose? Respond with the exact option text.","Rockies
",Rockies,"You are playing a coordination game with another agent.
If you both select the SAME option, you each get $1.
You cannot communicate - you must try to coordinate.
Note: The other agent sees the SAME options, but in a DIFFERENT order.

US Mountain Ranges
Options: Appalachians, Rockies, Sierra Nevada, Cascades

Which option do you choose? Respond with the exact option text.","Appalachians
",Appalachians,False
US Coastlines,"[""East Coast"", ""West Coast"", ""Gulf Coast"", ""Great Lakes""]","[""Gulf Coast"", ""East Coast"", ""West Coast"", ""Great Lakes""]","[""Great Lakes"", ""Gulf Coast"", ""West Coast"", ""East Coast""]","You are playing a coordination game with another agent.
If you both select the SAME option, you each get $1.
You cannot communicate - you must try to coordinate.
Note: The other agent sees the SAME options, but in a DIFFERENT order.

US Coastlines
Options: Gulf Coast, East Coast, West Coast, Great Lakes

Which option do you choose? Respond with the exact option text.","Gulf Coast
",Gulf Coast,"You are playing a coordination game with another agent.
If you both select the SAME option, you each get $1.
You cannot communicate - you must try to coordinate.
Note: The other agent sees the SAME options, but in a DIFFERENT order.

US Coastlines
Options: Great Lakes, Gulf Coast, West Coast, East Coast

Which option do you choose? Respond with the exact option text.","West Coast
",West Coast,False
US Climate Zones,"[""Tropical"", ""Arid"", ""Temperate"", ""Continental""]","[""Temperate"", ""Continental"", ""Tropical"", ""Arid""]","[""Temperate"", ""Continental"", ""Arid"", ""Tropical""]","You are playing a coordination game with another agent.
If you both select the SAME option, you each get $1.
You cannot communicate - you must try to coordinate.
Note: The other agent sees the SAME options, but in a DIFFERENT order.

US Climate Zones
Options: Temperate, Continental, Tropical, Arid

Which option do you choose? Respond with the exact option text.","Tropical
",Tropical,"You are playing a coordination game with another agent.
If you both select the SAME option, you each get $1.
You cannot communicate - you must try to coordinate.
Note: The other agent sees the SAME options, but in a DIFFERENT order.

US Climate Zones
Options: Temperate, Continental, Arid, Tropical

Which option do you choose? Respond with the exact option text.","Tropical
",Tropical,True
US States by Size,"[""Alaska"", ""Texas"", ""California"", ""Montana""]","[""Montana"", ""California"", ""Texas"", ""Alaska""]","[""Alaska"", ""California"", ""Montana"", ""Texas""]","You are playing a coordination game with another agent.
If you both select the SAME option, you each get $1.
You cannot communicate - you must try to coordinate.
Note: The other agent sees the SAME options, but in a DIFFERENT order.

US States by Size
Options: Montana, California, Texas, Alaska

Which option do you choose? Respond with the exact option text.","Texas
",Texas,"You are playing a coordination game with another agent.
If you both select the SAME option, you each get $1.
You cannot communicate - you must try to coordinate.
Note: The other agent sees the SAME options, but in a DIFFERENT order.

US States by Size
Options: Alaska, California, Montana, Texas

Which option do you choose? Respond with the exact option text.",Texas,Texas,True
US Islands,"[""Hawaii"", ""Manhattan"", ""Long Island"", ""Maui""]","[""Maui"", ""Manhattan"", ""Hawaii"", ""Long Island""]","[""Long Island"", ""Manhattan"", ""Hawaii"", ""Maui""]","You are playing a coordination game with another agent.
If you both select the SAME option, you each get $1.
You cannot communicate - you must try to coordinate.
Note: The other agent sees the SAME options, but in a DIFFERENT order.

US Islands
Options: Maui, Manhattan, Hawaii, Long Island

Which option do you choose? Respond with the exact option text.","Hawaii
",Hawaii,"You are playing a coordination game with another agent.
If you both select the SAME option, you each get $1.
You cannot communicate - you must try to coordinate.
Note: The other agent sees the SAME options, but in a DIFFERENT order.

US Islands
Options: Long Island, Manhattan, Hawaii, Maui

Which option do you choose? Respond with the exact option text.","Manhattan
",Manhattan,False
US Borders,"[""Canada"", ""Mexico"", ""Pacific Ocean"", ""Atlantic Ocean""]","[""Canada"", ""Pacific Ocean"", ""Mexico"", ""Atlantic Ocean""]","[""Pacific Ocean"", ""Canada"", ""Mexico"", ""Atlantic Ocean""]","You are playing a coordination game with another agent.
If you both select the SAME option, you each get $1.
You cannot communicate - you must try to coordinate.
Note: The other agent sees the SAME options, but in a DIFFERENT order.

US Borders
Options: Canada, Pacific Ocean, Mexico, Atlantic Ocean

Which option do you choose? Respond with the exact option text.","Mexico
",Mexico,"You are playing a coordination game with another agent.
If you both select the SAME option, you each get $1.
You cannot communicate - you must try to coordinate.
Note: The other agent sees the SAME options, but in a DIFFERENT order.

US Borders
Options: Pacific Ocean, Canada, Mexico, Atlantic Ocean

Which option do you choose? Respond with the exact option text.","Pacific Ocean
",Pacific Ocean,False
中国地区,"[""华东"", ""华南"", ""华北"", ""西南""]","[""华北"", ""华东"", ""华南"", ""西南""]","[""华东"", ""华南"", ""西南"", ""华北""]","You are playing a coordination game with another agent.
If you both select the SAME option, you each get $1.
You cannot communicate - you must try to coordinate.
Note: The other agent sees the SAME options, but in a DIFFERENT order.

中国地区
Options: 华北, 华东, 华南, 西南

Which option do you choose? Respond with the exact option text.","华北
",华北,"You are playing a coordination game with another agent.
If you both select the SAME option, you each get $1.
You cannot communicate - you must try to coordinate.
Note: The other agent sees the SAME options, but in a DIFFERENT order.

中国地区
Options: 华东, 华南, 西南, 华北

Which option do you choose? Respond with the exact option text.","华东
",华东,False
中国名胜,"[""长城"", ""故宫"", ""兵马俑"", ""黄山""]","[""黄山"", ""故宫"", ""长城"", ""兵马俑""]","[""故宫"", ""长城"", ""兵马俑"", ""黄山""]","You are playing a coordination game with another agent.
If you both select the SAME option, you each get $1.
You cannot communicate - you must try to coordinate.
Note: The other agent sees the SAME options, but in a DIFFERENT order.

中国名胜
Options: 黄山, 故宫, 长城, 兵马俑

Which option do you choose? Respond with the exact option text.","故宫
",故宫,"You are playing a coordination game with another agent.
If you both select the SAME option, you each get $1.
You cannot communicate - you must try to coordinate.
Note: The other agent sees the SAME options, but in a DIFFERENT order.

中国名胜
Options: 故宫, 长城, 兵马俑, 黄山

Which option do you choose? Respond with the exact option text.","故宫
",故宫,True
中国名山,"[""泰山"", ""黄山"", ""华山"", ""峨眉山""]","[""峨眉山"", ""黄山"", ""华山"", ""泰山""]","[""泰山"", ""华山"", ""峨眉山"", ""黄山""]","You are playing a coordination game with another agent.
If you both select the SAME option, you each get $1.
You cannot communicate - you must try to coordinate.
Note: The other agent sees the SAME options, but in a DIFFERENT order.

中国名山
Options: 峨眉山, 黄山, 华山, 泰山

Which option do you choose? Respond with the exact option text.","峨眉山
",峨眉山,"You are playing a coordination game with another agent.
If you both select the SAME option, you each get $1.
You cannot communicate - you must try to coordinate.
Note: The other agent sees the SAME options, but in a DIFFERENT order.

中国名山
Options: 泰山, 华山, 峨眉山, 黄山

Which option do you choose? Respond with the exact option text.","泰山
",泰山,False
中国河流,"[""长江"", ""黄河"", ""珠江"", ""淮河""]","[""淮河"", ""长江"", ""珠江"", ""黄河""]","[""黄河"", ""长江"", ""淮河"", ""珠江""]","You are playing a coordination game with another agent.
If you both select the SAME option, you each get $1.
You cannot communicate - you must try to coordinate.
Note: The other agent sees the SAME options, but in a DIFFERENT order.

中国河流
Options: 淮河, 长江, 珠江, 黄河

Which option do you choose? Respond with the exact option text.","长江
",长江,"You are playing a coordination game with another agent.
If you both select the SAME option, you each get $1.
You cannot communicate - you must try to coordinate.
Note: The other agent sees the SAME options, but in a DIFFERENT order.

中国河流
Options: 黄河, 长江, 淮河, 珠江

Which option do you choose? Respond with the exact option text.","长江
",长江,True
中国湖泊,"[""西湖"", ""太湖"", ""鄱阳湖"", ""洞庭湖""]","[""洞庭湖"", ""西湖"", ""太湖"", ""鄱阳湖""]","[""鄱阳湖"", ""西湖"", ""洞庭湖"", ""太湖""]","You are playing a coordination game with another agent.
If you both select the SAME option, you each get $1.
You cannot communicate - you must try to coordinate.
Note: The other agent sees the SAME options, but in a DIFFERENT order.

中国湖泊
Options: 洞庭湖, 西湖, 太湖, 鄱阳湖

Which option do you choose? Respond with the exact option text.","太湖
",太湖,"You are playing a coordination game with another agent.
If you both select the SAME option, you each get $1.
You cannot communicate - you must try to coordinate.
Note: The other agent sees the SAME options, but in a DIFFERENT order.

中国湖泊
Options: 鄱阳湖, 西湖, 洞庭湖, 太湖

Which option do you choose? Respond with the exact option text.","太湖
",太湖,True
中国气候带,"[""热带"", ""亚热带"", ""温带"", ""寒带""]","[""热带"", ""亚热带"", ""温带"", ""寒带""]","[""热带"", ""寒带"", ""亚热带"", ""温带""]","You are playing a coordination game with another agent.
If you both select the SAME option, you each get $1.
You cannot communicate - you must try to coordinate.
Note: The other agent sees the SAME options, but in a DIFFERENT order.

中国气候带
Options: 热带, 亚热带, 温带, 寒带

Which option do you choose? Respond with the exact option text.","温带
",温带,"You are playing a coordination game with another agent.
If you both select the SAME option, you each get $1.
You cannot communicate - you must try to coordinate.
Note: The other agent sees the SAME options, but in a DIFFERENT order.

中国气候带
Options: 热带, 寒带, 亚热带, 温带

Which option do you choose? Respond with the exact option text.","热带
",热带,False
中国省份,"[""广东"", ""江苏"", ""山东"", ""四川""]","[""江苏"", ""山东"", ""广东"", ""四川""]","[""四川"", ""江苏"", ""山东"", ""广东""]","You are playing a coordination game with another agent.
If you both select the SAME option, you each get $1.
You cannot communicate - you must try to coordinate.
Note: The other agent sees the SAME options, but in a DIFFERENT order.

中国省份
Options: 江苏, 山东, 广东, 四川

Which option do you choose? Respond with the exact option text.","广东
",广东,"You are playing a coordination game with another agent.
If you both select the SAME option, you each get $1.
You cannot communicate - you must try to coordinate.
Note: The other agent sees the SAME options, but in a DIFFERENT order.

中国省份
Options: 四川, 江苏, 山东, 广东

Which option do you choose? Respond with the exact option text.","广东
",广东,True
中国城市带,"[""长三角"", ""珠三角"", ""京津冀"", ""成渝""]","[""成渝"", ""京津冀"", ""长三角"", ""珠三角""]","[""成渝"", ""长三角"", ""京津冀"", ""珠三角""]","You are playing a coordination game with another agent.
If you both select the SAME option, you each get $1.
You cannot communicate - you must try to coordinate.
Note: The other agent sees the SAME options, but in a DIFFERENT order.

中国城市带
Options: 成渝, 京津冀, 长三角, 珠三角

Which option do you choose? Respond with the exact option text.","成渝
",成渝,"You are playing a coordination game with another agent.
If you both select the SAME option, you each get $1.
You cannot communicate - you must try to coordinate.
Note: The other agent sees the SAME options, but in a DIFFERENT order.

中国城市带
Options: 成渝, 长三角, 京津冀, 珠三角

Which option do you choose? Respond with the exact option text.","成渝
",成渝,True
中国海,"[""南海"", ""东海"", ""黄海"", ""渤海""]","[""南海"", ""东海"", ""渤海"", ""黄海""]","[""东海"", ""南海"", ""渤海"", ""黄海""]","You are playing a coordination game with another agent.
If you both select the SAME option, you each get $1.
You cannot communicate - you must try to coordinate.
Note: The other agent sees the SAME options, but in a DIFFERENT order.

中国海
Options: 南海, 东海, 渤海, 黄海

Which option do you choose? Respond with the exact option text.","南海
",南海,"You are playing a coordination game with another agent.
If you both select the SAME option, you each get $1.
You cannot communicate - you must try to coordinate.
Note: The other agent sees the SAME options, but in a DIFFERENT order.

中国海
Options: 东海, 南海, 渤海, 黄海

Which option do you choose? Respond with the exact option text.","东海
",东海,False
中国边界,"[""俄罗斯"", ""蒙古"", ""印度"", ""越南""]","[""越南"", ""俄罗斯"", ""印度"", ""蒙古""]","[""俄罗斯"", ""越南"", ""印度"", ""蒙古""]","You are playing a coordination game with another agent.
If you both select the SAME option, you each get $1.
You cannot communicate - you must try to coordinate.
Note: The other agent sees the SAME options, but in a DIFFERENT order.

中国边界
Options: 越南, 俄罗斯, 印度, 蒙古

Which option do you choose? Respond with the exact option text.","越南
",越南,"You are playing a coordination game with another agent.
If you both select the SAME option, you each get $1.
You cannot communicate - you must try to coordinate.
Note: The other agent sees the SAME options, but in a DIFFERENT order.

中国边界
Options: 俄罗斯, 越南, 印度, 蒙古

Which option do you choose? Respond with the exact option text.","俄罗斯
",俄罗斯,False
Immediate Family,"[""Mother"", ""Father"", ""Sister"", ""Brother""]","[""Brother"", ""Sister"", ""Father"", ""Mother""]","[""Brother"", ""Mother"", ""Father"", ""Sister""]","You are playing a coordination game with another agent.
If you both select the SAME option, you each get $1.
You cannot communicate - you must try to coordinate.
Note: The other agent sees the SAME options, but in a DIFFERENT order.

Immediate Family
Options: Brother, Sister, Father, Mother

Which option do you choose? Respond with the exact option text.","Brother
",Brother,"You are playing a coordination game with another agent.
If you both select the SAME option, you each get $1.
You cannot communicate - you must try to coordinate.
Note: The other agent sees the SAME options, but in a DIFFERENT order.

Immediate Family
Options: Brother, Mother, Father, Sister

Which option do you choose? Respond with the exact option text.","Brother
",Brother,True
Extended Family,"[""Grandmother"", ""Grandfather"", ""Aunt"", ""Uncle""]","[""Grandfather"", ""Uncle"", ""Grandmother"", ""Aunt""]","[""Grandfather"", ""Uncle"", ""Grandmother"", ""Aunt""]","You are playing a coordination game with another agent.
If you both select the SAME option, you each get $1.
You cannot communicate - you must try to coordinate.
Note: The other agent sees the SAME options, but in a DIFFERENT order.

Extended Family
Options: Grandfather, Uncle, Grandmother, Aunt

Which option do you choose? Respond with the exact option text.","Grandfather
",Grandfather,"You are playing a coordination game with another agent.
If you both select the SAME option, you each get $1.
You cannot communicate - you must try to coordinate.
Note: The other agent sees the SAME options, but in a DIFFERENT order.

Extended Family
Options: Grandfather, Uncle, Grandmother, Aunt

Which option do you choose? Respond with the exact option text.","Grandfather
",Grandfather,True
In-Law Relations,"[""Mother-in-law"", ""Father-in-law"", ""Sister-in-law"", ""Brother-in-law""]","[""Sister-in-law"", ""Brother-in-law"", ""Father-in-law"", ""Mother-in-law""]","[""Sister-in-law"", ""Father-in-law"", ""Brother-in-law"", ""Mother-in-law""]","You are playing a coordination game with another agent.
If you both select the SAME option, you each get $1.
You cannot communicate - you must try to coordinate.
Note: The other agent sees the SAME options, but in a DIFFERENT order.

In-Law Relations
Options: Sister-in-law, Brother-in-law, Father-in-law, Mother-in-law

Which option do you choose? Respond with the exact option text.","Sister-in-law
",Sister-in-law,"You are playing a coordination game with another agent.
If you both select the SAME option, you each get $1.
You cannot communicate - you must try to coordinate.
Note: The other agent sees the SAME options, but in a DIFFERENT order.

In-Law Relations
Options: Sister-in-law, Father-in-law, Brother-in-law, Mother-in-law

Which option do you choose? Respond with the exact option text.","Sister-in-law
",Sister-in-law,True
Parent-Child Roles,"[""Parent"", ""Child"", ""Sibling"", ""Cousin""]","[""Sibling"", ""Cousin"", ""Parent"", ""Child""]","[""Parent"", ""Child"", ""Cousin"", ""Sibling""]","You are playing a coordination game with another agent.
If you both select the SAME option, you each get $1.
You cannot communicate - you must try to coordinate.
Note: The other agent sees the SAME options, but in a DIFFERENT order.

Parent-Child Roles
Options: Sibling, Cousin, Parent, Child

Which option do you choose? Respond with the exact option text.","Sibling
",Sibling,"You are playing a coordination game with another agent.
If you both select the SAME option, you each get $1.
You cannot communicate - you must try to coordinate.
Note: The other agent sees the SAME options, but in a DIFFERENT order.

Parent-Child Roles
Options: Parent, Child, Cousin, Sibling

Which option do you choose? Respond with the exact option text.","Parent
",Parent,False
Generational Roles,"[""Grandparent"", ""Parent"", ""Child"", ""Grandchild""]","[""Grandparent"", ""Grandchild"", ""Parent"", ""Child""]","[""Grandchild"", ""Parent"", ""Grandparent"", ""Child""]","You are playing a coordination game with another agent.
If you both select the SAME option, you each get $1.
You cannot communicate - you must try to coordinate.
Note: The other agent sees the SAME options, but in a DIFFERENT order.

Generational Roles
Options: Grandparent, Grandchild, Parent, Child

Which option do you choose? Respond with the exact option text.","Child
",Child,"You are playing a coordination game with another agent.
If you both select the SAME option, you each get $1.
You cannot communicate - you must try to coordinate.
Note: The other agent sees the SAME options, but in a DIFFERENT order.

Generational Roles
Options: Grandchild, Parent, Grandparent, Child

Which option do you choose? Respond with the exact option text.","Grandparent
",Grandparent,False
直系亲属,"[""妈妈"", ""爸爸"", ""姐妹"", ""兄弟""]","[""兄弟"", ""妈妈"", ""姐妹"", ""爸爸""]","[""妈妈"", ""姐妹"", ""兄弟"", ""爸爸""]","You are playing a coordination game with another agent.
If you both select the SAME option, you each get $1.
You cannot communicate - you must try to coordinate.
Note: The other agent sees the SAME options, but in a DIFFERENT order.

直系亲属
Options: 兄弟, 妈妈, 姐妹, 爸爸

Which option do you choose? Respond with the exact option text.","兄弟
",兄弟,"You are playing a coordination game with another agent.
If you both select the SAME option, you each get $1.
You cannot communicate - you must try to coordinate.
Note: The other agent sees the SAME options, but in a DIFFERENT order.

直系亲属
Options: 妈妈, 姐妹, 兄弟, 爸爸

Which option do you choose? Respond with the exact option text.","妈妈
",妈妈,False
旁系亲属,"[""奶奶"", ""爷爷"", ""阿姨"", ""叔叔""]","[""叔叔"", ""奶奶"", ""阿姨"", ""爷爷""]","[""阿姨"", ""爷爷"", ""奶奶"", ""叔叔""]","You are playing a coordination game with another agent.
If you both select the SAME option, you each get $1.
You cannot communicate - you must try to coordinate.
Note: The other agent sees the SAME options, but in a DIFFERENT order.

旁系亲属
Options: 叔叔, 奶奶, 阿姨, 爷爷

Which option do you choose? Respond with the exact option text.","叔叔
",叔叔,"You are playing a coordination game with another agent.
If you both select the SAME option, you each get $1.
You cannot communicate - you must try to coordinate.
Note: The other agent sees the SAME options, but in a DIFFERENT order.

旁系亲属
Options: 阿姨, 爷爷, 奶奶, 叔叔

Which option do you choose? Respond with the exact option text.","阿姨
",阿姨,False
姻亲关系,"[""婆婆"", ""岳父"", ""嫂子"", ""姐夫""]","[""婆婆"", ""姐夫"", ""岳父"", ""嫂子""]","[""姐夫"", ""嫂子"", ""婆婆"", ""岳父""]","You are playing a coordination game with another agent.
If you both select the SAME option, you each get $1.
You cannot communicate - you must try to coordinate.
Note: The other agent sees the SAME options, but in a DIFFERENT order.

姻亲关系
Options: 婆婆, 姐夫, 岳父, 嫂子

Which option do you choose? Respond with the exact option text.","婆婆
",婆婆,"You are playing a coordination game with another agent.
If you both select the SAME option, you each get $1.
You cannot communicate - you must try to coordinate.
Note: The other agent sees the SAME options, but in a DIFFERENT order.

姻亲关系
Options: 姐夫, 嫂子, 婆婆, 岳父

Which option do you choose? Respond with the exact option text.","岳父
",岳父,False
亲子角色,"[""父母"", ""子女"", ""兄弟姐妹"", ""表亲""]","[""父母"", ""子女"", ""表亲"", ""兄弟姐妹""]","[""表亲"", ""子女"", ""父母"", ""兄弟姐妹""]","You are playing a coordination game with another agent.
If you both select the SAME option, you each get $1.
You cannot communicate - you must try to coordinate.
Note: The other agent sees the SAME options, but in a DIFFERENT order.

亲子角色
Options: 父母, 子女, 表亲, 兄弟姐妹

Which option do you choose? Respond with the exact option text.","父母
",父母,"You are playing a coordination game with another agent.
If you both select the SAME option, you each get $1.
You cannot communicate - you must try to coordinate.
Note: The other agent sees the SAME options, but in a DIFFERENT order.

亲子角色
Options: 表亲, 子女, 父母, 兄弟姐妹

Which option do you choose? Respond with the exact option text.","父母
",父母,True
世代角色,"[""祖辈"", ""父辈"", ""子女"", ""孙辈""]","[""孙辈"", ""子女"", ""祖辈"", ""父辈""]","[""孙辈"", ""祖辈"", ""子女"", ""父辈""]","You are playing a coordination game with another agent.
If you both select the SAME option, you each get $1.
You cannot communicate - you must try to coordinate.
Note: The other agent sees the SAME options, but in a DIFFERENT order.

世代角色
Options: 孙辈, 子女, 祖辈, 父辈

Which option do you choose? Respond with the exact option text.","孙辈
",孙辈,"You are playing a coordination game with another agent.
If you both select the SAME option, you each get $1.
You cannot communicate - you must try to coordinate.
Note: The other agent sees the SAME options, but in a DIFFERENT order.

世代角色
Options: 孙辈, 祖辈, 子女, 父辈

Which option do you choose? Respond with the exact option text.","孙辈
",孙辈,True
Medical Professions,"[""Doctor"", ""Nurse"", ""Surgeon"", ""Pharmacist""]","[""Surgeon"", ""Pharmacist"", ""Nurse"", ""Doctor""]","[""Pharmacist"", ""Surgeon"", ""Doctor"", ""Nurse""]","You are playing a coordination game with another agent.
If you both select the SAME option, you each get $1.
You cannot communicate - you must try to coordinate.
Note: The other agent sees the SAME options, but in a DIFFERENT order.

Medical Professions
Options: Surgeon, Pharmacist, Nurse, Doctor

Which option do you choose? Respond with the exact option text.","Surgeon
",Surgeon,"You are playing a coordination game with another agent.
If you both select the SAME option, you each get $1.
You cannot communicate - you must try to coordinate.
Note: The other agent sees the SAME options, but in a DIFFERENT order.

Medical Professions
Options: Pharmacist, Surgeon, Doctor, Nurse

Which option do you choose? Respond with the exact option text.","Doctor
",Doctor,False
Education Professions,"[""Teacher"", ""Professor"", ""Principal"", ""Tutor""]","[""Principal"", ""Professor"", ""Teacher"", ""Tutor""]","[""Teacher"", ""Professor"", ""Principal"", ""Tutor""]","You are playing a coordination game with another agent.
If you both select the SAME option, you each get $1.
You cannot communicate - you must try to coordinate.
Note: The other agent sees the SAME options, but in a DIFFERENT order.

Education Professions
Options: Principal, Professor, Teacher, Tutor

Which option do you choose? Respond with the exact option text.","Teacher
",Teacher,"You are playing a coordination game with another agent.
If you both select the SAME option, you each get $1.
You cannot communicate - you must try to coordinate.
Note: The other agent sees the SAME options, but in a DIFFERENT order.

Education Professions
Options: Teacher, Professor, Principal, Tutor

Which option do you choose? Respond with the exact option text.","Teacher
",Teacher,True
Tech Professions,"[""Programmer"", ""Designer"", ""Engineer"", ""Analyst""]","[""Analyst"", ""Programmer"", ""Engineer"", ""Designer""]","[""Designer"", ""Programmer"", ""Engineer"", ""Analyst""]","You are playing a coordination game with another agent.
If you both select the SAME option, you each get $1.
You cannot communicate - you must try to coordinate.
Note: The other agent sees the SAME options, but in a DIFFERENT order.

Tech Professions
Options: Analyst, Programmer, Engineer, Designer

Which option do you choose? Respond with the exact option text.","Analyst
",Analyst,"You are playing a coordination game with another agent.
If you both select the SAME option, you each get $1.
You cannot communicate - you must try to coordinate.
Note: The other agent sees the SAME options, but in a DIFFERENT order.

Tech Professions
Options: Designer, Programmer, Engineer, Analyst

Which option do you choose? Respond with the exact option text.","Designer
",Designer,False
Service Professions,"[""Waiter"", ""Cashier"", ""Receptionist"", ""Driver""]","[""Receptionist"", ""Waiter"", ""Driver"", ""Cashier""]","[""Waiter"", ""Receptionist"", ""Cashier"", ""Driver""]","You are playing a coordination game with another agent.
If you both select the SAME option, you each get $1.
You cannot communicate - you must try to coordinate.
Note: The other agent sees the SAME options, but in a DIFFERENT order.

Service Professions
Options: Receptionist, Waiter, Driver, Cashier

Which option do you choose? Respond with the exact option text.","Receptionist
",Receptionist,"You are playing a coordination game with another agent.
If you both select the SAME option, you each get $1.
You cannot communicate - you must try to coordinate.
Note: The other agent sees the SAME options, but in a DIFFERENT order.

Service Professions
Options: Waiter, Receptionist, Cashier, Driver

Which option do you choose? Respond with the exact option text.","Waiter
",Waiter,False
Creative Professions,"[""Artist"", ""Writer"", ""Musician"", ""Actor""]","[""Musician"", ""Artist"", ""Actor"", ""Writer""]","[""Writer"", ""Actor"", ""Artist"", ""Musician""]","You are playing a coordination game with another agent.
If you both select the SAME option, you each get $1.
You cannot communicate - you must try to coordinate.
Note: The other agent sees the SAME options, but in a DIFFERENT order.

Creative Professions
Options: Musician, Artist, Actor, Writer

Which option do you choose? Respond with the exact option text.","Writer
",Writer,"You are playing a coordination game with another agent.
If you both select the SAME option, you each get $1.
You cannot communicate - you must try to coordinate.
Note: The other agent sees the SAME options, but in a DIFFERENT order.

Creative Professions
Options: Writer, Actor, Artist, Musician

Which option do you choose? Respond with the exact option text.","Artist
",Artist,False
医疗职业,"[""医生"", ""护士"", ""外科医生"", ""药剂师""]","[""药剂师"", ""护士"", ""医生"", ""外科医生""]","[""护士"", ""外科医生"", ""药剂师"", ""医生""]","You are playing a coordination game with another agent.
If you both select the SAME option, you each get $1.
You cannot communicate - you must try to coordinate.
Note: The other agent sees the SAME options, but in a DIFFERENT order.

医疗职业
Options: 药剂师, 护士, 医生, 外科医生

Which option do you choose? Respond with the exact option text.","药剂师
",药剂师,"You are playing a coordination game with another agent.
If you both select the SAME option, you each get $1.
You cannot communicate - you must try to coordinate.
Note: The other agent sees the SAME options, but in a DIFFERENT order.

医疗职业
Options: 护士, 外科医生, 药剂师, 医生

Which option do you choose? Respond with the exact option text.","护士
",护士,False
教育职业,"[""教师"", ""教授"", ""校长"", ""辅导员""]","[""教授"", ""校长"", ""辅导员"", ""教师""]","[""教授"", ""校长"", ""辅导员"", ""教师""]","You are playing a coordination game with another agent.
If you both select the SAME option, you each get $1.
You cannot communicate - you must try to coordinate.
Note: The other agent sees the SAME options, but in a DIFFERENT order.

教育职业
Options: 教授, 校长, 辅导员, 教师

Which option do you choose? Respond with the exact option text.","教授
",教授,"You are playing a coordination game with another agent.
If you both select the SAME option, you each get $1.
You cannot communicate - you must try to coordinate.
Note: The other agent sees the SAME options, but in a DIFFERENT order.

教育职业
Options: 教授, 校长, 辅导员, 教师

Which option do you choose? Respond with the exact option text.","教授
",教授,True
科技职业,"[""程序员"", ""设计师"", ""工程师"", ""分析师""]","[""程序员"", ""工程师"", ""分析师"", ""设计师""]","[""设计师"", ""分析师"", ""工程师"", ""程序员""]","You are playing a coordination game with another agent.
If you both select the SAME option, you each get $1.
You cannot communicate - you must try to coordinate.
Note: The other agent sees the SAME options, but in a DIFFERENT order.

科技职业
Options: 程序员, 工程师, 分析师, 设计师

Which option do you choose? Respond with the exact option text.","程序员
",程序员,"You are playing a coordination game with another agent.
If you both select the SAME option, you each get $1.
You cannot communicate - you must try to coordinate.
Note: The other agent sees the SAME options, but in a DIFFERENT order.

科技职业
Options: 设计师, 分析师, 工程师, 程序员

Which option do you choose? Respond with the exact option text.","设计师
",设计师,False
服务职业,"[""服务员"", ""收银员"", ""前台"", ""司机""]","[""司机"", ""前台"", ""服务员"", ""收银员""]","[""司机"", ""收银员"", ""前台"", ""服务员""]","You are playing a coordination game with another agent.
If you both select the SAME option, you each get $1.
You cannot communicate - you must try to coordinate.
Note: The other agent sees the SAME options, but in a DIFFERENT order.

服务职业
Options: 司机, 前台, 服务员, 收银员

Which option do you choose? Respond with the exact option text.","服务员
",服务员,"You are playing a coordination game with another agent.
If you both select the SAME option, you each get $1.
You cannot communicate - you must try to coordinate.
Note: The other agent sees the SAME options, but in a DIFFERENT order.

服务职业
Options: 司机, 收银员, 前台, 服务员

Which option do you choose? Respond with the exact option text.","司机
",司机,False
创意职业,"[""画家"", ""作家"", ""音乐家"", ""演员""]","[""音乐家"", ""演员"", ""作家"", ""画家""]","[""音乐家"", ""演员"", ""作家"", ""画家""]","You are playing a coordination game with another agent.
If you both select the SAME option, you each get $1.
You cannot communicate - you must try to coordinate.
Note: The other agent sees the SAME options, but in a DIFFERENT order.

创意职业
Options: 音乐家, 演员, 作家, 画家

Which option do you choose? Respond with the exact option text.","音乐家
",音乐家,"You are playing a coordination game with another agent.
If you both select the SAME option, you each get $1.
You cannot communicate - you must try to coordinate.
Note: The other agent sees the SAME options, but in a DIFFERENT order.

创意职业
Options: 音乐家, 演员, 作家, 画家

Which option do you choose? Respond with the exact option text.","音乐家
",音乐家,True
US Table Manners,"[""Don't talk with mouth full"", ""Elbows off table"", ""Use napkin"", ""Chew quietly""]","[""Chew quietly"", ""Don't talk with mouth full"", ""Elbows off table"", ""Use napkin""]","[""Don't talk with mouth full"", ""Use napkin"", ""Chew quietly"", ""Elbows off table""]","You are playing a coordination game with another agent.
If you both select the SAME option, you each get $1.
You cannot communicate - you must try to coordinate.
Note: The other agent sees the SAME options, but in a DIFFERENT order.

US Table Manners
Options: Chew quietly, Don't talk with mouth full, Elbows off table, Use napkin

Which option do you choose? Respond with the exact option text.",Elbows off table,Elbows off table,"You are playing a coordination game with another agent.
If you both select the SAME option, you each get $1.
You cannot communicate - you must try to coordinate.
Note: The other agent sees the SAME options, but in a DIFFERENT order.

US Table Manners
Options: Don't talk with mouth full, Use napkin, Chew quietly, Elbows off table

Which option do you choose? Respond with the exact option text.",Elbows off table,Elbows off table,True
US Greetings,"[""Handshake"", ""Wave"", ""Hug"", ""Nod""]","[""Nod"", ""Wave"", ""Handshake"", ""Hug""]","[""Wave"", ""Hug"", ""Handshake"", ""Nod""]","You are playing a coordination game with another agent.
If you both select the SAME option, you each get $1.
You cannot communicate - you must try to coordinate.
Note: The other agent sees the SAME options, but in a DIFFERENT order.

US Greetings
Options: Nod, Wave, Handshake, Hug

Which option do you choose? Respond with the exact option text.","Nod
",Nod,"You are playing a coordination game with another agent.
If you both select the SAME option, you each get $1.
You cannot communicate - you must try to coordinate.
Note: The other agent sees the SAME options, but in a DIFFERENT order.

US Greetings
Options: Wave, Hug, Handshake, Nod

Which option do you choose? Respond with the exact option text.","Wave
",Wave,False
US Dining Etiquette,"[""Wait for everyone"", ""No phones at table"", ""Tip 20%"", ""Say please/thank you""]","[""Say please/thank you"", ""Wait for everyone"", ""Tip 20%"", ""No phones at table""]","[""No phones at table"", ""Say please/thank you"", ""Wait for everyone"", ""Tip 20%""]","You are playing a coordination game with another agent.
If you both select the SAME option, you each get $1.
You cannot communicate - you must try to coordinate.
Note: The other agent sees the SAME options, but in a DIFFERENT order.

US Dining Etiquette
Options: Say please/thank you, Wait for everyone, Tip 20%, No phones at table

Which option do you choose? Respond with the exact option text.",Wait for everyone,Wait for everyone,"You are playing a coordination game with another agent.
If you both select the SAME option, you each get $1.
You cannot communicate - you must try to coordinate.
Note: The other agent sees the SAME options, but in a DIFFERENT order.

US Dining Etiquette
Options: No phones at table, Say please/thank you, Wait for everyone, Tip 20%

Which option do you choose? Respond with the exact option text.",Wait for everyone,Wait for everyone,True
US Public Behavior,"[""Queue in line"", ""Hold door open"", ""Say excuse me"", ""Don't litter""]","[""Say excuse me"", ""Hold door open"", ""Queue in line"", ""Don't litter""]","[""Say excuse me"", ""Queue in line"", ""Don't litter"", ""Hold door open""]","You are playing a coordination game with another agent.
If you both select the SAME option, you each get $1.
You cannot communicate - you must try to coordinate.
Note: The other agent sees the SAME options, but in a DIFFERENT order.

US Public Behavior
Options: Say excuse me, Hold door open, Queue in line, Don't litter

Which option do you choose? Respond with the exact option text.","Queue in line
",Queue in line,"You are playing a coordination game with another agent.
If you both select the SAME option, you each get $1.
You cannot communicate - you must try to coordinate.
Note: The other agent sees the SAME options, but in a DIFFERENT order.

US Public Behavior
Options: Say excuse me, Queue in line, Don't litter, Hold door open

Which option do you choose? Respond with the exact option text.","Say excuse me
",Say excuse me,False
US Gift Customs,"[""Birthday gifts"", ""Christmas gifts"", ""Wedding gifts"", ""Thank you notes""]","[""Wedding gifts"", ""Christmas gifts"", ""Birthday gifts"", ""Thank you notes""]","[""Thank you notes"", ""Birthday gifts"", ""Wedding gifts"", ""Christmas gifts""]","You are playing a coordination game with another agent.
If you both select the SAME option, you each get $1.
You cannot communicate - you must try to coordinate.
Note: The other agent sees the SAME options, but in a DIFFERENT order.

US Gift Customs
Options: Wedding gifts, Christmas gifts, Birthday gifts, Thank you notes

Which option do you choose? Respond with the exact option text.","Wedding gifts
",Wedding gifts,"You are playing a coordination game with another agent.
If you both select the SAME option, you each get $1.
You cannot communicate - you must try to coordinate.
Note: The other agent sees the SAME options, but in a DIFFERENT order.

US Gift Customs
Options: Thank you notes, Birthday gifts, Wedding gifts, Christmas gifts

Which option do you choose? Respond with the exact option text.","Thank you notes
",Thank you notes,False
US Meeting Norms,"[""Arrive on time"", ""Make eye contact"", ""Business cards"", ""Firm handshake""]","[""Firm handshake"", ""Business cards"", ""Make eye contact"", ""Arrive on time""]","[""Firm handshake"", ""Business cards"", ""Make eye contact"", ""Arrive on time""]","You are playing a coordination game with another agent.
If you both select the SAME option, you each get $1.
You cannot communicate - you must try to coordinate.
Note: The other agent sees the SAME options, but in a DIFFERENT order.

US Meeting Norms
Options: Firm handshake, Business cards, Make eye contact, Arrive on time

Which option do you choose? Respond with the exact option text.",Arrive on time,Arrive on time,"You are playing a coordination game with another agent.
If you both select the SAME option, you each get $1.
You cannot communicate - you must try to coordinate.
Note: The other agent sees the SAME options, but in a DIFFERENT order.

US Meeting Norms
Options: Firm handshake, Business cards, Make eye contact, Arrive on time

Which option do you choose? Respond with the exact option text.",Arrive on time,Arrive on time,True
US Dress Codes,"[""Business suit"", ""Smart casual"", ""Casual"", ""Formal""]","[""Formal"", ""Business suit"", ""Casual"", ""Smart casual""]","[""Formal"", ""Casual"", ""Business suit"", ""Smart casual""]","You are playing a coordination game with another agent.
If you both select the SAME option, you each get $1.
You cannot communicate - you must try to coordinate.
Note: The other agent sees the SAME options, but in a DIFFERENT order.

US Dress Codes
Options: Formal, Business suit, Casual, Smart casual

Which option do you choose? Respond with the exact option text.","Smart casual
",Smart casual,"You are playing a coordination game with another agent.
If you both select the SAME option, you each get $1.
You cannot communicate - you must try to coordinate.
Note: The other agent sees the SAME options, but in a DIFFERENT order.

US Dress Codes
Options: Formal, Casual, Business suit, Smart casual

Which option do you choose? Respond with the exact option text.","Smart casual
",Smart casual,True
US Conversation Norms,"[""Small talk"", ""Eye contact"", ""Personal space"", ""No interrupting""]","[""No interrupting"", ""Eye contact"", ""Personal space"", ""Small talk""]","[""No interrupting"", ""Small talk"", ""Eye contact"", ""Personal space""]","You are playing a coordination game with another agent.
If you both select the SAME option, you each get $1.
You cannot communicate - you must try to coordinate.
Note: The other agent sees the SAME options, but in a DIFFERENT order.

US Conversation Norms
Options: No interrupting, Eye contact, Personal space, Small talk

Which option do you choose? Respond with the exact option text.",Small talk,Small talk,"You are playing a coordination game with another agent.
If you both select the SAME option, you each get $1.
You cannot communicate - you must try to coordinate.
Note: The other agent sees the SAME options, but in a DIFFERENT order.

US Conversation Norms
Options: No interrupting, Small talk, Eye contact, Personal space

Which option do you choose? Respond with the exact option text.",Small talk,Small talk,True
US Holiday Customs,"[""Turkey on Thanksgiving"", ""Fireworks on July 4th"", ""Trick-or-treat"", ""Easter eggs""]","[""Trick-or-treat"", ""Easter eggs"", ""Fireworks on July 4th"", ""Turkey on Thanksgiving""]","[""Easter eggs"", ""Trick-or-treat"", ""Fireworks on July 4th"", ""Turkey on Thanksgiving""]","You are playing a coordination game with another agent.
If you both select the SAME option, you each get $1.
You cannot communicate - you must try to coordinate.
Note: The other agent sees the SAME options, but in a DIFFERENT order.

US Holiday Customs
Options: Trick-or-treat, Easter eggs, Fireworks on July 4th, Turkey on Thanksgiving

Which option do you choose? Respond with the exact option text.","Fireworks on July 4th
",Fireworks on July 4th,"You are playing a coordination game with another agent.
If you both select the SAME option, you each get $1.
You cannot communicate - you must try to coordinate.
Note: The other agent sees the SAME options, but in a DIFFERENT order.

US Holiday Customs
Options: Easter eggs, Trick-or-treat, Fireworks on July 4th, Turkey on Thanksgiving

Which option do you choose? Respond with the exact option text.",Fireworks on July 4th,Fireworks on July 4th,True
US Wedding Customs,"[""White dress"", ""Best man"", ""Wedding cake"", ""First dance""]","[""White dress"", ""Wedding cake"", ""Best man"", ""First dance""]","[""Wedding cake"", ""Best man"", ""White dress"", ""First dance""]","You are playing a coordination game with another agent.
If you both select the SAME option, you each get $1.
You cannot communicate - you must try to coordinate.
Note: The other agent sees the SAME options, but in a DIFFERENT order.

US Wedding Customs
Options: White dress, Wedding cake, Best man, First dance

Which option do you choose? Respond with the exact option text.","White dress
",White dress,"You are playing a coordination game with another agent.
If you both select the SAME option, you each get $1.
You cannot communicate - you must try to coordinate.
Note: The other agent sees the SAME options, but in a DIFFERENT order.

US Wedding Customs
Options: Wedding cake, Best man, White dress, First dance

Which option do you choose? Respond with the exact option text.","White dress
",White dress,True
中国餐桌礼仪,"[""不吧唧嘴"", ""长辈先动筷"", ""筷子不插饭"", ""不翻菜""]","[""长辈先动筷"", ""不吧唧嘴"", ""筷子不插饭"", ""不翻菜""]","[""筷子不插饭"", ""长辈先动筷"", ""不吧唧嘴"", ""不翻菜""]","You are playing a coordination game with another agent.
If you both select the SAME option, you each get $1.
You cannot communicate - you must try to coordinate.
Note: The other agent sees the SAME options, but in a DIFFERENT order.

中国餐桌礼仪
Options: 长辈先动筷, 不吧唧嘴, 筷子不插饭, 不翻菜

Which option do you choose? Respond with the exact option text.","长辈先动筷
",长辈先动筷,"You are playing a coordination game with another agent.
If you both select the SAME option, you each get $1.
You cannot communicate - you must try to coordinate.
Note: The other agent sees the SAME options, but in a DIFFERENT order.

中国餐桌礼仪
Options: 筷子不插饭, 长辈先动筷, 不吧唧嘴, 不翻菜

Which option do you choose? Respond with the exact option text.","筷子不插饭
",筷子不插饭,False
中国问候方式,"[""握手"", ""点头"", ""鞠躬"", ""拱手""]","[""握手"", ""点头"", ""拱手"", ""鞠躬""]","[""拱手"", ""点头"", ""鞠躬"", ""握手""]","You are playing a coordination game with another agent.
If you both select the SAME option, you each get $1.
You cannot communicate - you must try to coordinate.
Note: The other agent sees the SAME options, but in a DIFFERENT order.

中国问候方式
Options: 握手, 点头, 拱手, 鞠躬

Which option do you choose? Respond with the exact option text.","握手
",握手,"You are playing a coordination game with another agent.
If you both select the SAME option, you each get $1.
You cannot communicate - you must try to coordinate.
Note: The other agent sees the SAME options, but in a DIFFERENT order.

中国问候方式
Options: 拱手, 点头, 鞠躬, 握手

Which option do you choose? Respond with the exact option text.","拱手
",拱手,False
中国用餐礼仪,"[""等人齐了再吃"", ""敬酒"", ""长辈坐主位"", ""使用公筷""]","[""敬酒"", ""等人齐了再吃"", ""长辈坐主位"", ""使用公筷""]","[""等人齐了再吃"", ""长辈坐主位"", ""使用公筷"", ""敬酒""]","You are playing a coordination game with another agent.
If you both select the SAME option, you each get $1.
You cannot communicate - you must try to coordinate.
Note: The other agent sees the SAME options, but in a DIFFERENT order.

中国用餐礼仪
Options: 敬酒, 等人齐了再吃, 长辈坐主位, 使用公筷

Which option do you choose? Respond with the exact option text.","长辈坐主位
",长辈坐主位,"You are playing a coordination game with another agent.
If you both select the SAME option, you each get $1.
You cannot communicate - you must try to coordinate.
Note: The other agent sees the SAME options, but in a DIFFERENT order.

中国用餐礼仪
Options: 等人齐了再吃, 长辈坐主位, 使用公筷, 敬酒

Which option do you choose? Respond with the exact option text.","使用公筷
",使用公筷,False
中国公共行为,"[""排队"", ""不让座不礼貌"", ""不大声喧哗"", ""不乱丢垃圾""]","[""不让座不礼貌"", ""不乱丢垃圾"", ""不大声喧哗"", ""排队""]","[""排队"", ""不乱丢垃圾"", ""不让座不礼貌"", ""不大声喧哗""]","You are playing a coordination game with another agent.
If you both select the SAME option, you each get $1.
You cannot communicate - you must try to coordinate.
Note: The other agent sees the SAME options, but in a DIFFERENT order.

中国公共行为
Options: 不让座不礼貌, 不乱丢垃圾, 不大声喧哗, 排队

Which option do you choose? Respond with the exact option text.","不让座不礼貌
",不让座不礼貌,"You are playing a coordination game with another agent.
If you both select the SAME option, you each get $1.
You cannot communicate - you must try to coordinate.
Note: The other agent sees the SAME options, but in a DIFFERENT order.

中国公共行为
Options: 排队, 不乱丢垃圾, 不让座不礼貌, 不大声喧哗

Which option do you choose? Respond with the exact option text.","不乱丢垃圾
",不乱丢垃圾,False
中国送礼习俗,"[""红包"", ""生日礼物"", ""过年礼物"", ""双数吉利""]","[""过年礼物"", ""生日礼物"", ""双数吉利"", ""红包""]","[""过年礼物"", ""双数吉利"", ""生日礼物"", ""红包""]","You are playing a coordination game with another agent.
If you both select the SAME option, you each get $1.
You cannot communicate - you must try to coordinate.
Note: The other agent sees the SAME options, but in a DIFFERENT order.

中国送礼习俗
Options: 过年礼物, 生日礼物, 双数吉利, 红包

Which option do you choose? Respond with the exact option text.","过年礼物
",过年礼物,"You are playing a coordination game with another agent.
If you both select the SAME option, you each get $1.
You cannot communicate - you must try to coordinate.
Note: The other agent sees the SAME options, but in a DIFFERENT order.

中国送礼习俗
Options: 过年礼物, 双数吉利, 生日礼物, 红包

Which option do you choose? Respond with the exact option text.","过年礼物
",过年礼物,True
中国见面礼仪,"[""握手"", ""称呼对方"", ""交换名片"", ""双手递物""]","[""称呼对方"", ""双手递物"", ""交换名片"", ""握手""]","[""双手递物"", ""交换名片"", ""称呼对方"", ""握手""]","You are playing a coordination game with another agent.
If you both select the SAME option, you each get $1.
You cannot communicate - you must try to coordinate.
Note: The other agent sees the SAME options, but in a DIFFERENT order.

中国见面礼仪
Options: 称呼对方, 双手递物, 交换名片, 握手

Which option do you choose? Respond with the exact option text.","交换名片
",交换名片,"You are playing a coordination game with another agent.
If you both select the SAME option, you each get $1.
You cannot communicate - you must try to coordinate.
Note: The other agent sees the SAME options, but in a DIFFERENT order.

中国见面礼仪
Options: 双手递物, 交换名片, 称呼对方, 握手

Which option do you choose? Respond with the exact option text.","双手递物
",双手递物,False
中国着装规范,"[""正装"", ""休闲装"", ""商务装"", ""运动装""]","[""商务装"", ""运动装"", ""正装"", ""休闲装""]","[""运动装"", ""正装"", ""商务装"", ""休闲装""]","You are playing a coordination game with another agent.
If you both select the SAME option, you each get $1.
You cannot communicate - you must try to coordinate.
Note: The other agent sees the SAME options, but in a DIFFERENT order.

中国着装规范
Options: 商务装, 运动装, 正装, 休闲装

Which option do you choose? Respond with the exact option text.","商务装
",商务装,"You are playing a coordination game with another agent.
If you both select the SAME option, you each get $1.
You cannot communicate - you must try to coordinate.
Note: The other agent sees the SAME options, but in a DIFFERENT order.

中国着装规范
Options: 运动装, 正装, 商务装, 休闲装

Which option do you choose? Respond with the exact option text.","运动装
",运动装,False
中国社交规范,"[""寒暄"", ""敬语"", ""让座"", ""不直接拒绝""]","[""让座"", ""敬语"", ""寒暄"", ""不直接拒绝""]","[""寒暄"", ""不直接拒绝"", ""敬语"", ""让座""]","You are playing a coordination game with another agent.
If you both select the SAME option, you each get $1.
You cannot communicate - you must try to coordinate.
Note: The other agent sees the SAME options, but in a DIFFERENT order.

中国社交规范
Options: 让座, 敬语, 寒暄, 不直接拒绝

Which option do you choose? Respond with the exact option text.","敬语
",敬语,"You are playing a coordination game with another agent.
If you both select the SAME option, you each get $1.
You cannot communicate - you must try to coordinate.
Note: The other agent sees the SAME options, but in a DIFFERENT order.

中国社交规范
Options: 寒暄, 不直接拒绝, 敬语, 让座

Which option do you choose? Respond with the exact option text.","敬语
",敬语,True
中国节日习俗,"[""过年放鞭炮"", ""中秋节吃月饼"", ""端午节吃粽子"", ""清明扫墓""]","[""中秋节吃月饼"", ""端午节吃粽子"", ""过年放鞭炮"", ""清明扫墓""]","[""中秋节吃月饼"", ""清明扫墓"", ""过年放鞭炮"", ""端午节吃粽子""]","You are playing a coordination game with another agent.
If you both select the SAME option, you each get $1.
You cannot communicate - you must try to coordinate.
Note: The other agent sees the SAME options, but in a DIFFERENT order.

中国节日习俗
Options: 中秋节吃月饼, 端午节吃粽子, 过年放鞭炮, 清明扫墓

Which option do you choose? Respond with the exact option text.","过年放鞭炮
",过年放鞭炮,"You are playing a coordination game with another agent.
If you both select the SAME option, you each get $1.
You cannot communicate - you must try to coordinate.
Note: The other agent sees the SAME options, but in a DIFFERENT order.

中国节日习俗
Options: 中秋节吃月饼, 清明扫墓, 过年放鞭炮, 端午节吃粽子

Which option do you choose? Respond with the exact option text.","过年放鞭炮
",过年放鞭炮,True
中国婚嫁习俗,"[""红色嫁衣"", ""敬茶"", ""闹洞房"", ""份子钱""]","[""敬茶"", ""份子钱"", ""闹洞房"", ""红色嫁衣""]","[""红色嫁衣"", ""份子钱"", ""闹洞房"", ""敬茶""]","You are playing a coordination game with another agent.
If you both select the SAME option, you each get $1.
You cannot communicate - you must try to coordinate.
Note: The other agent sees the SAME options, but in a DIFFERENT order.

中国婚嫁习俗
Options: 敬茶, 份子钱, 闹洞房, 红色嫁衣

Which option do you choose? Respond with the exact option text.","敬茶
",敬茶,"You are playing a coordination game with another agent.
If you both select the SAME option, you each get $1.
You cannot communicate - you must try to coordinate.
Note: The other agent sees the SAME options, but in a DIFFERENT order.

中国婚嫁习俗
Options: 红色嫁衣, 份子钱, 闹洞房, 敬茶

Which option do you choose? Respond with the exact option text.","红色嫁衣
",红色嫁衣,False
US Federal Holidays,"[""Christmas"", ""Thanksgiving"", ""Independence Day"", ""New Year's Day""]","[""Christmas"", ""New Year's Day"", ""Independence Day"", ""Thanksgiving""]","[""Independence Day"", ""Thanksgiving"", ""Christmas"", ""New Year's Day""]","You are playing a coordination game with another agent.
If you both select the SAME option, you each get $1.
You cannot communicate - you must try to coordinate.
Note: The other agent sees the SAME options, but in a DIFFERENT order.

US Federal Holidays
Options: Christmas, New Year's Day, Independence Day, Thanksgiving

Which option do you choose? Respond with the exact option text.","New Year's Day
",New Year's Day,"You are playing a coordination game with another agent.
If you both select the SAME option, you each get $1.
You cannot communicate - you must try to coordinate.
Note: The other agent sees the SAME options, but in a DIFFERENT order.

US Federal Holidays
Options: Independence Day, Thanksgiving, Christmas, New Year's Day

Which option do you choose? Respond with the exact option text.","New Year's Day
",New Year's Day,True
US Celebrations,"[""Halloween"", ""Valentine's Day"", ""Easter"", ""St. Patrick's Day""]","[""Easter"", ""Valentine's Day"", ""St. Patrick's Day"", ""Halloween""]","[""Easter"", ""Halloween"", ""St. Patrick's Day"", ""Valentine's Day""]","You are playing a coordination game with another agent.
If you both select the SAME option, you each get $1.
You cannot communicate - you must try to coordinate.
Note: The other agent sees the SAME options, but in a DIFFERENT order.

US Celebrations
Options: Easter, Valentine's Day, St. Patrick's Day, Halloween

Which option do you choose? Respond with the exact option text.","Valentine's Day
",Valentine's Day,"You are playing a coordination game with another agent.
If you both select the SAME option, you each get $1.
You cannot communicate - you must try to coordinate.
Note: The other agent sees the SAME options, but in a DIFFERENT order.

US Celebrations
Options: Easter, Halloween, St. Patrick's Day, Valentine's Day

Which option do you choose? Respond with the exact option text.","Valentine's Day
",Valentine's Day,True
US Family Holidays,"[""Thanksgiving"", ""Christmas"", ""Mother's Day"", ""Father's Day""]","[""Father's Day"", ""Christmas"", ""Mother's Day"", ""Thanksgiving""]","[""Thanksgiving"", ""Christmas"", ""Father's Day"", ""Mother's Day""]","You are playing a coordination game with another agent.
If you both select the SAME option, you each get $1.
You cannot communicate - you must try to coordinate.
Note: The other agent sees the SAME options, but in a DIFFERENT order.

US Family Holidays
Options: Father's Day, Christmas, Mother's Day, Thanksgiving

Which option do you choose? Respond with the exact option text.","Father's Day
",Father's Day,"You are playing a coordination game with another agent.
If you both select the SAME option, you each get $1.
You cannot communicate - you must try to coordinate.
Note: The other agent sees the SAME options, but in a DIFFERENT order.

US Family Holidays
Options: Thanksgiving, Christmas, Father's Day, Mother's Day

Which option do you choose? Respond with the exact option text.","Thanksgiving
",Thanksgiving,False
US Summer Holidays,"[""July 4th"", ""Memorial Day"", ""Labor Day"", ""Flag Day""]","[""Labor Day"", ""July 4th"", ""Memorial Day"", ""Flag Day""]","[""Flag Day"", ""Labor Day"", ""July 4th"", ""Memorial Day""]","You are playing a coordination game with another agent.
If you both select the SAME option, you each get $1.
You cannot communicate - you must try to coordinate.
Note: The other agent sees the SAME options, but in a DIFFERENT order.

US Summer Holidays
Options: Labor Day, July 4th, Memorial Day, Flag Day

Which option do you choose? Respond with the exact option text.","July 4th
",July 4th,"You are playing a coordination game with another agent.
If you both select the SAME option, you each get $1.
You cannot communicate - you must try to coordinate.
Note: The other agent sees the SAME options, but in a DIFFERENT order.

US Summer Holidays
Options: Flag Day, Labor Day, July 4th, Memorial Day

Which option do you choose? Respond with the exact option text.","July 4th
",July 4th,True
US Winter Holidays,"[""Christmas"", ""New Year's"", ""Hanukkah"", ""Kwanzaa""]","[""New Year's"", ""Kwanzaa"", ""Christmas"", ""Hanukkah""]","[""Kwanzaa"", ""Christmas"", ""Hanukkah"", ""New Year's""]","You are playing a coordination game with another agent.
If you both select the SAME option, you each get $1.
You cannot communicate - you must try to coordinate.
Note: The other agent sees the SAME options, but in a DIFFERENT order.

US Winter Holidays
Options: New Year's, Kwanzaa, Christmas, Hanukkah

Which option do you choose? Respond with the exact option text.","Christmas
",Christmas,"You are playing a coordination game with another agent.
If you both select the SAME option, you each get $1.
You cannot communicate - you must try to coordinate.
Note: The other agent sees the SAME options, but in a DIFFERENT order.

US Winter Holidays
Options: Kwanzaa, Christmas, Hanukkah, New Year's

Which option do you choose? Respond with the exact option text.","Christmas
",Christmas,True
中国法定假日,"[""春节"", ""国庆节"", ""中秋节"", ""端午节""]","[""国庆节"", ""春节"", ""中秋节"", ""端午节""]","[""端午节"", ""中秋节"", ""国庆节"", ""春节""]","You are playing a coordination game with another agent.
If you both select the SAME option, you each get $1.
You cannot communicate - you must try to coordinate.
Note: The other agent sees the SAME options, but in a DIFFERENT order.

中国法定假日
Options: 国庆节, 春节, 中秋节, 端午节

Which option do you choose? Respond with the exact option text.","春节
",春节,"You are playing a coordination game with another agent.
If you both select the SAME option, you each get $1.
You cannot communicate - you must try to coordinate.
Note: The other agent sees the SAME options, but in a DIFFERENT order.

中国法定假日
Options: 端午节, 中秋节, 国庆节, 春节

Which option do you choose? Respond with the exact option text.","春节
",春节,True
中国传统节日,"[""元宵节"", ""七夕"", ""重阳节"", ""腊八节""]","[""元宵节"", ""七夕"", ""腊八节"", ""重阳节""]","[""腊八节"", ""七夕"", ""重阳节"", ""元宵节""]","You are playing a coordination game with another agent.
If you both select the SAME option, you each get $1.
You cannot communicate - you must try to coordinate.
Note: The other agent sees the SAME options, but in a DIFFERENT order.

中国传统节日
Options: 元宵节, 七夕, 腊八节, 重阳节

Which option do you choose? Respond with the exact option text.","元宵节
",元宵节,"You are playing a coordination game with another agent.
If you both select the SAME option, you each get $1.
You cannot communicate - you must try to coordinate.
Note: The other agent sees the SAME options, but in a DIFFERENT order.

中国传统节日
Options: 腊八节, 七夕, 重阳节, 元宵节

Which option do you choose? Respond with the exact option text.","腊八节
",腊八节,False
中国家庭节日,"[""春节"", ""中秋节"", ""端午节"", ""清明节""]","[""端午节"", ""春节"", ""中秋节"", ""清明节""]","[""端午节"", ""春节"", ""清明节"", ""中秋节""]","You are playing a coordination game with another agent.
If you both select the SAME option, you each get $1.
You cannot communicate - you must try to coordinate.
Note: The other agent sees the SAME options, but in a DIFFERENT order.

中国家庭节日
Options: 端午节, 春节, 中秋节, 清明节

Which option do you choose? Respond with the exact option text.","春节
",春节,"You are playing a coordination game with another agent.
If you both select the SAME option, you each get $1.
You cannot communicate - you must try to coordinate.
Note: The other agent sees the SAME options, but in a DIFFERENT order.

中国家庭节日
Options: 端午节, 春节, 清明节, 中秋节

Which option do you choose? Respond with the exact option text.","春节
",春节,True
中国现代节日,"[""五一劳动节"", ""国庆节"", ""元旦"", ""三八妇女节""]","[""元旦"", ""五一劳动节"", ""国庆节"", ""三八妇女节""]","[""三八妇女节"", ""元旦"", ""五一劳动节"", ""国庆节""]","You are playing a coordination game with another agent.
If you both select the SAME option, you each get $1.
You cannot communicate - you must try to coordinate.
Note: The other agent sees the SAME options, but in a DIFFERENT order.

中国现代节日
Options: 元旦, 五一劳动节, 国庆节, 三八妇女节

Which option do you choose? Respond with the exact option text.","元旦
",元旦,"You are playing a coordination game with another agent.
If you both select the SAME option, you each get $1.
You cannot communicate - you must try to coordinate.
Note: The other agent sees the SAME options, but in a DIFFERENT order.

中国现代节日
Options: 三八妇女节, 元旦, 五一劳动节, 国庆节

Which option do you choose? Respond with the exact option text.","元旦
",元旦,True
中国节气节日,"[""立春"", ""清明"", ""冬至"", ""中秋""]","[""清明"", ""中秋"", ""立春"", ""冬至""]","[""中秋"", ""立春"", ""冬至"", ""清明""]","You are playing a coordination game with another agent.
If you both select the SAME option, you each get $1.
You cannot communicate - you must try to coordinate.
Note: The other agent sees the SAME options, but in a DIFFERENT order.

中国节气节日
Options: 清明, 中秋, 立春, 冬至

Which option do you choose? Respond with the exact option text.","立春
",立春,"You are playing a coordination game with another agent.
If you both select the SAME option, you each get $1.
You cannot communicate - you must try to coordinate.
Note: The other agent sees the SAME options, but in a DIFFERENT order.

中国节气节日
Options: 中秋, 立春, 冬至, 清明

Which option do you choose? Respond with the exact option text.","中秋
",中秋,False
American Breakfast,"[""Pancakes"", ""Eggs"", ""Bacon"", ""Cereal""]","[""Bacon"", ""Cereal"", ""Pancakes"", ""Eggs""]","[""Eggs"", ""Pancakes"", ""Bacon"", ""Cereal""]","You are playing a coordination game with another agent.
If you both select the SAME option, you each get $1.
You cannot communicate - you must try to coordinate.
Note: The other agent sees the SAME options, but in a DIFFERENT order.

American Breakfast
Options: Bacon, Cereal, Pancakes, Eggs

Which option do you choose? Respond with the exact option text.","Pancakes
",Pancakes,"You are playing a coordination game with another agent.
If you both select the SAME option, you each get $1.
You cannot communicate - you must try to coordinate.
Note: The other agent sees the SAME options, but in a DIFFERENT order.

American Breakfast
Options: Eggs, Pancakes, Bacon, Cereal

Which option do you choose? Respond with the exact option text.","Cereal
",Cereal,False
American Fast Food,"[""Burger"", ""Pizza"", ""Hot Dog"", ""Fries""]","[""Fries"", ""Hot Dog"", ""Pizza"", ""Burger""]","[""Burger"", ""Pizza"", ""Hot Dog"", ""Fries""]","You are playing a coordination game with another agent.
If you both select the SAME option, you each get $1.
You cannot communicate - you must try to coordinate.
Note: The other agent sees the SAME options, but in a DIFFERENT order.

American Fast Food
Options: Fries, Hot Dog, Pizza, Burger

Which option do you choose? Respond with the exact option text.","Burger
",Burger,"You are playing a coordination game with another agent.
If you both select the SAME option, you each get $1.
You cannot communicate - you must try to coordinate.
Note: The other agent sees the SAME options, but in a DIFFERENT order.

American Fast Food
Options: Burger, Pizza, Hot Dog, Fries

Which option do you choose? Respond with the exact option text.","Burger
",Burger,True
American Dinner,"[""Steak"", ""Roast Chicken"", ""Pasta"", ""Salad""]","[""Pasta"", ""Roast Chicken"", ""Salad"", ""Steak""]","[""Roast Chicken"", ""Salad"", ""Steak"", ""Pasta""]","You are playing a coordination game with another agent.
If you both select the SAME option, you each get $1.
You cannot communicate - you must try to coordinate.
Note: The other agent sees the SAME options, but in a DIFFERENT order.

American Dinner
Options: Pasta, Roast Chicken, Salad, Steak

Which option do you choose? Respond with the exact option text.","Salad
",Salad,"You are playing a coordination game with another agent.
If you both select the SAME option, you each get $1.
You cannot communicate - you must try to coordinate.
Note: The other agent sees the SAME options, but in a DIFFERENT order.

American Dinner
Options: Roast Chicken, Salad, Steak, Pasta

Which option do you choose? Respond with the exact option text.","Roast Chicken
",Roast Chicken,False
American Snacks,"[""Chips"", ""Popcorn"", ""Cookies"", ""Candy""]","[""Cookies"", ""Chips"", ""Candy"", ""Popcorn""]","[""Cookies"", ""Candy"", ""Popcorn"", ""Chips""]","You are playing a coordination game with another agent.
If you both select the SAME option, you each get $1.
You cannot communicate - you must try to coordinate.
Note: The other agent sees the SAME options, but in a DIFFERENT order.

American Snacks
Options: Cookies, Chips, Candy, Popcorn

Which option do you choose? Respond with the exact option text.","Cookies
",Cookies,"You are playing a coordination game with another agent.
If you both select the SAME option, you each get $1.
You cannot communicate - you must try to coordinate.
Note: The other agent sees the SAME options, but in a DIFFERENT order.

American Snacks
Options: Cookies, Candy, Popcorn, Chips

Which option do you choose? Respond with the exact option text.","Cookies
",Cookies,True
American Desserts,"[""Apple Pie"", ""Brownie"", ""Ice Cream"", ""Cheesecake""]","[""Cheesecake"", ""Apple Pie"", ""Brownie"", ""Ice Cream""]","[""Ice Cream"", ""Brownie"", ""Apple Pie"", ""Cheesecake""]","You are playing a coordination game with another agent.
If you both select the SAME option, you each get $1.
You cannot communicate - you must try to coordinate.
Note: The other agent sees the SAME options, but in a DIFFERENT order.

American Desserts
Options: Cheesecake, Apple Pie, Brownie, Ice Cream

Which option do you choose? Respond with the exact option text.","Brownie
",Brownie,"You are playing a coordination game with another agent.
If you both select the SAME option, you each get $1.
You cannot communicate - you must try to coordinate.
Note: The other agent sees the SAME options, but in a DIFFERENT order.

American Desserts
Options: Ice Cream, Brownie, Apple Pie, Cheesecake

Which option do you choose? Respond with the exact option text.","Ice Cream
",Ice Cream,False
American Comfort Food,"[""Mac and Cheese"", ""Grilled Cheese"", ""Meatloaf"", ""Mashed Potatoes""]","[""Grilled Cheese"", ""Meatloaf"", ""Mashed Potatoes"", ""Mac and Cheese""]","[""Mashed Potatoes"", ""Mac and Cheese"", ""Grilled Cheese"", ""Meatloaf""]","You are playing a coordination game with another agent.
If you both select the SAME option, you each get $1.
You cannot communicate - you must try to coordinate.
Note: The other agent sees the SAME options, but in a DIFFERENT order.

American Comfort Food
Options: Grilled Cheese, Meatloaf, Mashed Potatoes, Mac and Cheese

Which option do you choose? Respond with the exact option text.","Mac and Cheese
",Mac and Cheese,"You are playing a coordination game with another agent.
If you both select the SAME option, you each get $1.
You cannot communicate - you must try to coordinate.
Note: The other agent sees the SAME options, but in a DIFFERENT order.

American Comfort Food
Options: Mashed Potatoes, Mac and Cheese, Grilled Cheese, Meatloaf

Which option do you choose? Respond with the exact option text.","Mashed Potatoes
",Mashed Potatoes,False
American Side Dishes,"[""French Fries"", ""Coleslaw"", ""Corn"", ""Baked Beans""]","[""Corn"", ""French Fries"", ""Coleslaw"", ""Baked Beans""]","[""Corn"", ""French Fries"", ""Baked Beans"", ""Coleslaw""]","You are playing a coordination game with another agent.
If you both select the SAME option, you each get $1.
You cannot communicate - you must try to coordinate.
Note: The other agent sees the SAME options, but in a DIFFERENT order.

American Side Dishes
Options: Corn, French Fries, Coleslaw, Baked Beans

Which option do you choose? Respond with the exact option text.","Corn
",Corn,"You are playing a coordination game with another agent.
If you both select the SAME option, you each get $1.
You cannot communicate - you must try to coordinate.
Note: The other agent sees the SAME options, but in a DIFFERENT order.

American Side Dishes
Options: Corn, French Fries, Baked Beans, Coleslaw

Which option do you choose? Respond with the exact option text.","Corn
",Corn,True
American BBQ,"[""Ribs"", ""Brisket"", ""Pulled Pork"", ""Grilled Chicken""]","[""Pulled Pork"", ""Grilled Chicken"", ""Brisket"", ""Ribs""]","[""Brisket"", ""Grilled Chicken"", ""Pulled Pork"", ""Ribs""]","You are playing a coordination game with another agent.
If you both select the SAME option, you each get $1.
You cannot communicate - you must try to coordinate.
Note: The other agent sees the SAME options, but in a DIFFERENT order.

American BBQ
Options: Pulled Pork, Grilled Chicken, Brisket, Ribs

Which option do you choose? Respond with the exact option text.","Pulled Pork
",Pulled Pork,"You are playing a coordination game with another agent.
If you both select the SAME option, you each get $1.
You cannot communicate - you must try to coordinate.
Note: The other agent sees the SAME options, but in a DIFFERENT order.

American BBQ
Options: Brisket, Grilled Chicken, Pulled Pork, Ribs

Which option do you choose? Respond with the exact option text.","Brisket
",Brisket,False
American Sandwiches,"[""BLT"", ""PB&J"", ""Club Sandwich"", ""Grilled Cheese""]","[""Grilled Cheese"", ""BLT"", ""Club Sandwich"", ""PB&J""]","[""Grilled Cheese"", ""Club Sandwich"", ""PB&J"", ""BLT""]","You are playing a coordination game with another agent.
If you both select the SAME option, you each get $1.
You cannot communicate - you must try to coordinate.
Note: The other agent sees the SAME options, but in a DIFFERENT order.

American Sandwiches
Options: Grilled Cheese, BLT, Club Sandwich, PB&J

Which option do you choose? Respond with the exact option text.","PB&J
",PB&J,"You are playing a coordination game with another agent.
If you both select the SAME option, you each get $1.
You cannot communicate - you must try to coordinate.
Note: The other agent sees the SAME options, but in a DIFFERENT order.

American Sandwiches
Options: Grilled Cheese, Club Sandwich, PB&J, BLT

Which option do you choose? Respond with the exact option text.","PB&J
",PB&J,True
American Holiday Food,"[""Turkey"", ""Ham"", ""Pumpkin Pie"", ""Stuffing""]","[""Stuffing"", ""Pumpkin Pie"", ""Turkey"", ""Ham""]","[""Ham"", ""Stuffing"", ""Turkey"", ""Pumpkin Pie""]","You are playing a coordination game with another agent.
If you both select the SAME option, you each get $1.
You cannot communicate - you must try to coordinate.
Note: The other agent sees the SAME options, but in a DIFFERENT order.

American Holiday Food
Options: Stuffing, Pumpkin Pie, Turkey, Ham

Which option do you choose? Respond with the exact option text.","Turkey
",Turkey,"You are playing a coordination game with another agent.
If you both select the SAME option, you each get $1.
You cannot communicate - you must try to coordinate.
Note: The other agent sees the SAME options, but in a DIFFERENT order.

American Holiday Food
Options: Ham, Stuffing, Turkey, Pumpkin Pie

Which option do you choose? Respond with the exact option text.","Turkey
",Turkey,True
中国早餐,"[""包子"", ""油条"", ""豆浆"", ""煎饼""]","[""煎饼"", ""包子"", ""油条"", ""豆浆""]","[""包子"", ""豆浆"", ""煎饼"", ""油条""]","You are playing a coordination game with another agent.
If you both select the SAME option, you each get $1.
You cannot communicate - you must try to coordinate.
Note: The other agent sees the SAME options, but in a DIFFERENT order.

中国早餐
Options: 煎饼, 包子, 油条, 豆浆

Which option do you choose? Respond with the exact option text.","豆浆
",豆浆,"You are playing a coordination game with another agent.
If you both select the SAME option, you each get $1.
You cannot communicate - you must try to coordinate.
Note: The other agent sees the SAME options, but in a DIFFERENT order.

中国早餐
Options: 包子, 豆浆, 煎饼, 油条

Which option do you choose? Respond with the exact option text.","包子
",包子,False
中国快餐,"[""炒饭"", ""面条"", ""饺子"", ""盒饭""]","[""炒饭"", ""盒饭"", ""饺子"", ""面条""]","[""盒饭"", ""面条"", ""炒饭"", ""饺子""]","You are playing a coordination game with another agent.
If you both select the SAME option, you each get $1.
You cannot communicate - you must try to coordinate.
Note: The other agent sees the SAME options, but in a DIFFERENT order.

中国快餐
Options: 炒饭, 盒饭, 饺子, 面条

Which option do you choose? Respond with the exact option text.","炒饭
",炒饭,"You are playing a coordination game with another agent.
If you both select the SAME option, you each get $1.
You cannot communicate - you must try to coordinate.
Note: The other agent sees the SAME options, but in a DIFFERENT order.

中国快餐
Options: 盒饭, 面条, 炒饭, 饺子

Which option do you choose? Respond with the exact option text.","盒饭
",盒饭,False
中国家常菜,"[""红烧肉"", ""宫保鸡丁"", ""麻婆豆腐"", ""西红柿炒鸡蛋""]","[""麻婆豆腐"", ""红烧肉"", ""西红柿炒鸡蛋"", ""宫保鸡丁""]","[""西红柿炒鸡蛋"", ""宫保鸡丁"", ""红烧肉"", ""麻婆豆腐""]","You are playing a coordination game with another agent.
If you both select the SAME option, you each get $1.
You cannot communicate - you must try to coordinate.
Note: The other agent sees the SAME options, but in a DIFFERENT order.

中国家常菜
Options: 麻婆豆腐, 红烧肉, 西红柿炒鸡蛋, 宫保鸡丁

Which option do you choose? Respond with the exact option text.","麻婆豆腐
",麻婆豆腐,"You are playing a coordination game with another agent.
If you both select the SAME option, you each get $1.
You cannot communicate - you must try to coordinate.
Note: The other agent sees the SAME options, but in a DIFFERENT order.

中国家常菜
Options: 西红柿炒鸡蛋, 宫保鸡丁, 红烧肉, 麻婆豆腐

Which option do you choose? Respond with the exact option text.","西红柿炒鸡蛋
",西红柿炒鸡蛋,False
中国小吃,"[""煎饼果子"", ""烤串"", ""臭豆腐"", ""糖葫芦""]","[""糖葫芦"", ""烤串"", ""煎饼果子"", ""臭豆腐""]","[""糖葫芦"", ""臭豆腐"", ""煎饼果子"", ""烤串""]","You are playing a coordination game with another agent.
If you both select the SAME option, you each get $1.
You cannot communicate - you must try to coordinate.
Note: The other agent sees the SAME options, but in a DIFFERENT order.

中国小吃
Options: 糖葫芦, 烤串, 煎饼果子, 臭豆腐

Which option do you choose? Respond with the exact option text.","糖葫芦
",糖葫芦,"You are playing a coordination game with another agent.
If you both select the SAME option, you each get $1.
You cannot communicate - you must try to coordinate.
Note: The other agent sees the SAME options, but in a DIFFERENT order.

中国小吃
Options: 糖葫芦, 臭豆腐, 煎饼果子, 烤串

Which option do you choose? Respond with the exact option text.","糖葫芦
",糖葫芦,True
中国甜点,"[""汤圆"", ""月饼"", ""粽子"", ""豆沙包""]","[""豆沙包"", ""汤圆"", ""月饼"", ""粽子""]","[""豆沙包"", ""月饼"", ""粽子"", ""汤圆""]","You are playing a coordination game with another agent.
If you both select the SAME option, you each get $1.
You cannot communicate - you must try to coordinate.
Note: The other agent sees the SAME options, but in a DIFFERENT order.

中国甜点
Options: 豆沙包, 汤圆, 月饼, 粽子

Which option do you choose? Respond with the exact option text.","月饼
",月饼,"You are playing a coordination game with another agent.
If you both select the SAME option, you each get $1.
You cannot communicate - you must try to coordinate.
Note: The other agent sees the SAME options, but in a DIFFERENT order.

中国甜点
Options: 豆沙包, 月饼, 粽子, 汤圆

Which option do you choose? Respond with the exact option text.","豆沙包
",豆沙包,False
中国主食,"[""米饭"", ""面条"", ""馒头"", ""饺子""]","[""面条"", ""饺子"", ""馒头"", ""米饭""]","[""米饭"", ""饺子"", ""面条"", ""馒头""]","You are playing a coordination game with another agent.
If you both select the SAME option, you each get $1.
You cannot communicate - you must try to coordinate.
Note: The other agent sees the SAME options, but in a DIFFERENT order.

中国主食
Options: 面条, 饺子, 馒头, 米饭

Which option do you choose? Respond with the exact option text.","馒头
",馒头,"You are playing a coordination game with another agent.
If you both select the SAME option, you each get $1.
You cannot communicate - you must try to coordinate.
Note: The other agent sees the SAME options, but in a DIFFERENT order.

中国主食
Options: 米饭, 饺子, 面条, 馒头

Which option do you choose? Respond with the exact option text.","米饭
",米饭,False
中国汤类,"[""鸡汤"", ""排骨汤"", ""紫菜蛋花汤"", ""酸辣汤""]","[""排骨汤"", ""紫菜蛋花汤"", ""鸡汤"", ""酸辣汤""]","[""酸辣汤"", ""鸡汤"", ""紫菜蛋花汤"", ""排骨汤""]","You are playing a coordination game with another agent.
If you both select the SAME option, you each get $1.
You cannot communicate - you must try to coordinate.
Note: The other agent sees the SAME options, but in a DIFFERENT order.

中国汤类
Options: 排骨汤, 紫菜蛋花汤, 鸡汤, 酸辣汤

Which option do you choose? Respond with the exact option text.","排骨汤
",排骨汤,"You are playing a coordination game with another agent.
If you both select the SAME option, you each get $1.
You cannot communicate - you must try to coordinate.
Note: The other agent sees the SAME options, but in a DIFFERENT order.

中国汤类
Options: 酸辣汤, 鸡汤, 紫菜蛋花汤, 排骨汤

Which option do you choose? Respond with the exact option text.","排骨汤
",排骨汤,True
中国火锅食材,"[""牛肉"", ""羊肉"", ""豆腐"", ""白菜""]","[""牛肉"", ""白菜"", ""豆腐"", ""羊肉""]","[""羊肉"", ""白菜"", ""牛肉"", ""豆腐""]","You are playing a coordination game with another agent.
If you both select the SAME option, you each get $1.
You cannot communicate - you must try to coordinate.
Note: The other agent sees the SAME options, but in a DIFFERENT order.

中国火锅食材
Options: 牛肉, 白菜, 豆腐, 羊肉

Which option do you choose? Respond with the exact option text.","牛肉
",牛肉,"You are playing a coordination game with another agent.
If you both select the SAME option, you each get $1.
You cannot communicate - you must try to coordinate.
Note: The other agent sees the SAME options, but in a DIFFERENT order.

中国火锅食材
Options: 羊肉, 白菜, 牛肉, 豆腐

Which option do you choose? Respond with the exact option text.","羊肉
",羊肉,False
中国面食,"[""拉面"", ""刀削面"", ""炸酱面"", ""担担面""]","[""刀削面"", ""拉面"", ""炸酱面"", ""担担面""]","[""刀削面"", ""担担面"", ""炸酱面"", ""拉面""]","You are playing a coordination game with another agent.
If you both select the SAME option, you each get $1.
You cannot communicate - you must try to coordinate.
Note: The other agent sees the SAME options, but in a DIFFERENT order.

中国面食
Options: 刀削面, 拉面, 炸酱面, 担担面

Which option do you choose? Respond with the exact option text.","炸酱面
",炸酱面,"You are playing a coordination game with another agent.
If you both select the SAME option, you each get $1.
You cannot communicate - you must try to coordinate.
Note: The other agent sees the SAME options, but in a DIFFERENT order.

中国面食
Options: 刀削面, 担担面, 炸酱面, 拉面

Which option do you choose? Respond with the exact option text.","炸酱面
",炸酱面,True
中国节日食物,"[""饺子"", ""月饼"", ""粽子"", ""汤圆""]","[""粽子"", ""汤圆"", ""饺子"", ""月饼""]","[""汤圆"", ""月饼"", ""粽子"", ""饺子""]","You are playing a coordination game with another agent.
If you both select the SAME option, you each get $1.
You cannot communicate - you must try to coordinate.
Note: The other agent sees the SAME options, but in a DIFFERENT order.

中国节日食物
Options: 粽子, 汤圆, 饺子, 月饼

Which option do you choose? Respond with the exact option text.","粽子
",粽子,"You are playing a coordination game with another agent.
If you both select the SAME option, you each get $1.
You cannot communicate - you must try to coordinate.
Note: The other agent sees the SAME options, but in a DIFFERENT order.

中国节日食物
Options: 汤圆, 月饼, 粽子, 饺子

Which option do you choose? Respond with the exact option text.","粽子
",粽子,True
American Breakfast Drinks,"[""Coffee"", ""Orange Juice"", ""Milk"", ""Tea""]","[""Milk"", ""Tea"", ""Coffee"", ""Orange Juice""]","[""Milk"", ""Coffee"", ""Orange Juice"", ""Tea""]","You are playing a coordination game with another agent.
If you both select the SAME option, you each get $1.
You cannot communicate - you must try to coordinate.
Note: The other agent sees the SAME options, but in a DIFFERENT order.

American Breakfast Drinks
Options: Milk, Tea, Coffee, Orange Juice

Which option do you choose? Respond with the exact option text.","Coffee
",Coffee,"You are playing a coordination game with another agent.
If you both select the SAME option, you each get $1.
You cannot communicate - you must try to coordinate.
Note: The other agent sees the SAME options, but in a DIFFERENT order.

American Breakfast Drinks
Options: Milk, Coffee, Orange Juice, Tea

Which option do you choose? Respond with the exact option text.","Orange Juice
",Orange Juice,False
American Soft Drinks,"[""Coca-Cola"", ""Pepsi"", ""Sprite"", ""Dr Pepper""]","[""Coca-Cola"", ""Sprite"", ""Dr Pepper"", ""Pepsi""]","[""Sprite"", ""Dr Pepper"", ""Coca-Cola"", ""Pepsi""]","You are playing a coordination game with another agent.
If you both select the SAME option, you each get $1.
You cannot communicate - you must try to coordinate.
Note: The other agent sees the SAME options, but in a DIFFERENT order.

American Soft Drinks
Options: Coca-Cola, Sprite, Dr Pepper, Pepsi

Which option do you choose? Respond with the exact option text.","Coca-Cola
",Coca-Cola,"You are playing a coordination game with another agent.
If you both select the SAME option, you each get $1.
You cannot communicate - you must try to coordinate.
Note: The other agent sees the SAME options, but in a DIFFERENT order.

American Soft Drinks
Options: Sprite, Dr Pepper, Coca-Cola, Pepsi

Which option do you choose? Respond with the exact option text.","Coca-Cola
",Coca-Cola,True
American Hot Drinks,"[""Coffee"", ""Tea"", ""Hot Chocolate"", ""Cider""]","[""Cider"", ""Tea"", ""Hot Chocolate"", ""Coffee""]","[""Cider"", ""Hot Chocolate"", ""Coffee"", ""Tea""]","You are playing a coordination game with another agent.
If you both select the SAME option, you each get $1.
You cannot communicate - you must try to coordinate.
Note: The other agent sees the SAME options, but in a DIFFERENT order.

American Hot Drinks
Options: Cider, Tea, Hot Chocolate, Coffee

Which option do you choose? Respond with the exact option text.","Coffee
",Coffee,"You are playing a coordination game with another agent.
If you both select the SAME option, you each get $1.
You cannot communicate - you must try to coordinate.
Note: The other agent sees the SAME options, but in a DIFFERENT order.

American Hot Drinks
Options: Cider, Hot Chocolate, Coffee, Tea

Which option do you choose? Respond with the exact option text.","Coffee
",Coffee,True
American Cocktails,"[""Margarita"", ""Mojito"", ""Martini"", ""Old Fashioned""]","[""Margarita"", ""Old Fashioned"", ""Mojito"", ""Martini""]","[""Margarita"", ""Martini"", ""Old Fashioned"", ""Mojito""]","You are playing a coordination game with another agent.
If you both select the SAME option, you each get $1.
You cannot communicate - you must try to coordinate.
Note: The other agent sees the SAME options, but in a DIFFERENT order.

American Cocktails
Options: Margarita, Old Fashioned, Mojito, Martini

Which option do you choose? Respond with the exact option text.","Mojito
",Mojito,"You are playing a coordination game with another agent.
If you both select the SAME option, you each get $1.
You cannot communicate - you must try to coordinate.
Note: The other agent sees the SAME options, but in a DIFFERENT order.

American Cocktails
Options: Margarita, Martini, Old Fashioned, Mojito

Which option do you choose? Respond with the exact option text.","Mojito
",Mojito,True
American Party Drinks,"[""Beer"", ""Wine"", ""Champagne"", ""Cocktail""]","[""Cocktail"", ""Beer"", ""Wine"", ""Champagne""]","[""Wine"", ""Cocktail"", ""Champagne"", ""Beer""]","You are playing a coordination game with another agent.
If you both select the SAME option, you each get $1.
You cannot communicate - you must try to coordinate.
Note: The other agent sees the SAME options, but in a DIFFERENT order.

American Party Drinks
Options: Cocktail, Beer, Wine, Champagne

Which option do you choose? Respond with the exact option text.","Champagne
",Champagne,"You are playing a coordination game with another agent.
If you both select the SAME option, you each get $1.
You cannot communicate - you must try to coordinate.
Note: The other agent sees the SAME options, but in a DIFFERENT order.

American Party Drinks
Options: Wine, Cocktail, Champagne, Beer

Which option do you choose? Respond with the exact option text.","Beer
",Beer,False
中国早餐饮品,"[""豆浆"", ""牛奶"", ""粥"", ""茶""]","[""茶"", ""粥"", ""牛奶"", ""豆浆""]","[""豆浆"", ""牛奶"", ""粥"", ""茶""]","You are playing a coordination game with another agent.
If you both select the SAME option, you each get $1.
You cannot communicate - you must try to coordinate.
Note: The other agent sees the SAME options, but in a DIFFERENT order.

中国早餐饮品
Options: 茶, 粥, 牛奶, 豆浆

Which option do you choose? Respond with the exact option text.","豆浆
",豆浆,"You are playing a coordination game with another agent.
If you both select the SAME option, you each get $1.
You cannot communicate - you must try to coordinate.
Note: The other agent sees the SAME options, but in a DIFFERENT order.

中国早餐饮品
Options: 豆浆, 牛奶, 粥, 茶

Which option do you choose? Respond with the exact option text.","豆浆
",豆浆,True
中国茶类,"[""绿茶"", ""红茶"", ""乌龙茶"", ""普洱茶""]","[""普洱茶"", ""红茶"", ""绿茶"", ""乌龙茶""]","[""红茶"", ""乌龙茶"", ""普洱茶"", ""绿茶""]","You are playing a coordination game with another agent.
If you both select the SAME option, you each get $1.
You cannot communicate - you must try to coordinate.
Note: The other agent sees the SAME options, but in a DIFFERENT order.

中国茶类
Options: 普洱茶, 红茶, 绿茶, 乌龙茶

Which option do you choose? Respond with the exact option text.","绿茶
",绿茶,"You are playing a coordination game with another agent.
If you both select the SAME option, you each get $1.
You cannot communicate - you must try to coordinate.
Note: The other agent sees the SAME options, but in a DIFFERENT order.

中国茶类
Options: 红茶, 乌龙茶, 普洱茶, 绿茶

Which option do you choose? Respond with the exact option text.","绿茶
",绿茶,True
中国热饮,"[""热水"", ""茶"", ""咖啡"", ""豆浆""]","[""热水"", ""咖啡"", ""茶"", ""豆浆""]","[""咖啡"", ""豆浆"", ""茶"", ""热水""]","You are playing a coordination game with another agent.
If you both select the SAME option, you each get $1.
You cannot communicate - you must try to coordinate.
Note: The other agent sees the SAME options, but in a DIFFERENT order.

中国热饮
Options: 热水, 咖啡, 茶, 豆浆

Which option do you choose? Respond with the exact option text.","茶
",茶,"You are playing a coordination game with another agent.
If you both select the SAME option, you each get $1.
You cannot communicate - you must try to coordinate.
Note: The other agent sees the SAME options, but in a DIFFERENT order.

中国热饮
Options: 咖啡, 豆浆, 茶, 热水

Which option do you choose? Respond with the exact option text.","咖啡
",咖啡,False
中国酒类,"[""白酒"", ""啤酒"", ""黄酒"", ""米酒""]","[""米酒"", ""黄酒"", ""啤酒"", ""白酒""]","[""啤酒"", ""米酒"", ""白酒"", ""黄酒""]","You are playing a coordination game with another agent.
If you both select the SAME option, you each get $1.
You cannot communicate - you must try to coordinate.
Note: The other agent sees the SAME options, but in a DIFFERENT order.

中国酒类
Options: 米酒, 黄酒, 啤酒, 白酒

Which option do you choose? Respond with the exact option text.","啤酒
",啤酒,"You are playing a coordination game with another agent.
If you both select the SAME option, you each get $1.
You cannot communicate - you must try to coordinate.
Note: The other agent sees the SAME options, but in a DIFFERENT order.

中国酒类
Options: 啤酒, 米酒, 白酒, 黄酒

Which option do you choose? Respond with the exact option text.","啤酒
",啤酒,True
中国冷饮,"[""冰红茶"", ""酸梅汤"", ""柠檬水"", ""凉茶""]","[""冰红茶"", ""酸梅汤"", ""凉茶"", ""柠檬水""]","[""冰红茶"", ""柠檬水"", ""酸梅汤"", ""凉茶""]","You are playing a coordination game with another agent.
If you both select the SAME option, you each get $1.
You cannot communicate - you must try to coordinate.
Note: The other agent sees the SAME options, but in a DIFFERENT order.

中国冷饮
Options: 冰红茶, 酸梅汤, 凉茶, 柠檬水

Which option do you choose? Respond with the exact option text.","冰红茶
",冰红茶,"You are playing a coordination game with another agent.
If you both select the SAME option, you each get $1.
You cannot communicate - you must try to coordinate.
Note: The other agent sees the SAME options, but in a DIFFERENT order.

中国冷饮
Options: 冰红茶, 柠檬水, 酸梅汤, 凉茶

Which option do you choose? Respond with the exact option text.","冰红茶
",冰红茶,True
US Presidents,"[""Washington"", ""Lincoln"", ""Kennedy"", ""Obama""]","[""Lincoln"", ""Washington"", ""Obama"", ""Kennedy""]","[""Obama"", ""Lincoln"", ""Washington"", ""Kennedy""]","You are playing a coordination game with another agent.
If you both select the SAME option, you each get $1.
You cannot communicate - you must try to coordinate.
Note: The other agent sees the SAME options, but in a DIFFERENT order.

US Presidents
Options: Lincoln, Washington, Obama, Kennedy

Which option do you choose? Respond with the exact option text.","Washington
",Washington,"You are playing a coordination game with another agent.
If you both select the SAME option, you each get $1.
You cannot communicate - you must try to coordinate.
Note: The other agent sees the SAME options, but in a DIFFERENT order.

US Presidents
Options: Obama, Lincoln, Washington, Kennedy

Which option do you choose? Respond with the exact option text.","Washington
",Washington,True
US Scientists,"[""Einstein"", ""Edison"", ""Tesla"", ""Newton""]","[""Edison"", ""Einstein"", ""Newton"", ""Tesla""]","[""Edison"", ""Einstein"", ""Newton"", ""Tesla""]","You are playing a coordination game with another agent.
If you both select the SAME option, you each get $1.
You cannot communicate - you must try to coordinate.
Note: The other agent sees the SAME options, but in a DIFFERENT order.

US Scientists
Options: Edison, Einstein, Newton, Tesla

Which option do you choose? Respond with the exact option text.","Tesla
",Tesla,"You are playing a coordination game with another agent.
If you both select the SAME option, you each get $1.
You cannot communicate - you must try to coordinate.
Note: The other agent sees the SAME options, but in a DIFFERENT order.

US Scientists
Options: Edison, Einstein, Newton, Tesla

Which option do you choose? Respond with the exact option text.","Tesla
",Tesla,True
US Musicians,"[""Elvis"", ""Michael Jackson"", ""Madonna"", ""Beyonce""]","[""Elvis"", ""Madonna"", ""Michael Jackson"", ""Beyonce""]","[""Madonna"", ""Michael Jackson"", ""Beyonce"", ""Elvis""]","You are playing a coordination game with another agent.
If you both select the SAME option, you each get $1.
You cannot communicate - you must try to coordinate.
Note: The other agent sees the SAME options, but in a DIFFERENT order.

US Musicians
Options: Elvis, Madonna, Michael Jackson, Beyonce

Which option do you choose? Respond with the exact option text.","Michael Jackson
",Michael Jackson,"You are playing a coordination game with another agent.
If you both select the SAME option, you each get $1.
You cannot communicate - you must try to coordinate.
Note: The other agent sees the SAME options, but in a DIFFERENT order.

US Musicians
Options: Madonna, Michael Jackson, Beyonce, Elvis

Which option do you choose? Respond with the exact option text.","Madonna
",Madonna,False
US Actors,"[""Tom Hanks"", ""Brad Pitt"", ""Meryl Streep"", ""Leonardo DiCaprio""]","[""Leonardo DiCaprio"", ""Tom Hanks"", ""Meryl Streep"", ""Brad Pitt""]","[""Meryl Streep"", ""Tom Hanks"", ""Brad Pitt"", ""Leonardo DiCaprio""]","You are playing a coordination game with another agent.
If you both select the SAME option, you each get $1.
You cannot communicate - you must try to coordinate.
Note: The other agent sees the SAME options, but in a DIFFERENT order.

US Actors
Options: Leonardo DiCaprio, Tom Hanks, Meryl Streep, Brad Pitt

Which option do you choose? Respond with the exact option text.","Leonardo DiCaprio
",Leonardo DiCaprio,"You are playing a coordination game with another agent.
If you both select the SAME option, you each get $1.
You cannot communicate - you must try to coordinate.
Note: The other agent sees the SAME options, but in a DIFFERENT order.

US Actors
Options: Meryl Streep, Tom Hanks, Brad Pitt, Leonardo DiCaprio

Which option do you choose? Respond with the exact option text.","Meryl Streep
",Meryl Streep,False
US Athletes,"[""Michael Jordan"", ""LeBron James"", ""Tom Brady"", ""Serena Williams""]","[""Serena Williams"", ""Tom Brady"", ""LeBron James"", ""Michael Jordan""]","[""LeBron James"", ""Michael Jordan"", ""Serena Williams"", ""Tom Brady""]","You are playing a coordination game with another agent.
If you both select the SAME option, you each get $1.
You cannot communicate - you must try to coordinate.
Note: The other agent sees the SAME options, but in a DIFFERENT order.

US Athletes
Options: Serena Williams, Tom Brady, LeBron James, Michael Jordan

Which option do you choose? Respond with the exact option text.","LeBron James
",LeBron James,"You are playing a coordination game with another agent.
If you both select the SAME option, you each get $1.
You cannot communicate - you must try to coordinate.
Note: The other agent sees the SAME options, but in a DIFFERENT order.

US Athletes
Options: LeBron James, Michael Jordan, Serena Williams, Tom Brady

Which option do you choose? Respond with the exact option text.","Michael Jordan
",Michael Jordan,False
US Business Leaders,"[""Elon Musk"", ""Steve Jobs"", ""Bill Gates"", ""Jeff Bezos""]","[""Steve Jobs"", ""Jeff Bezos"", ""Elon Musk"", ""Bill Gates""]","[""Jeff Bezos"", ""Elon Musk"", ""Steve Jobs"", ""Bill Gates""]","You are playing a coordination game with another agent.
If you both select the SAME option, you each get $1.
You cannot communicate - you must try to coordinate.
Note: The other agent sees the SAME options, but in a DIFFERENT order.

US Business Leaders
Options: Steve Jobs, Jeff Bezos, Elon Musk, Bill Gates

Which option do you choose? Respond with the exact option text.","Steve Jobs
",Steve Jobs,"You are playing a coordination game with another agent.
If you both select the SAME option, you each get $1.
You cannot communicate - you must try to coordinate.
Note: The other agent sees the SAME options, but in a DIFFERENT order.

US Business Leaders
Options: Jeff Bezos, Elon Musk, Steve Jobs, Bill Gates

Which option do you choose? Respond with the exact option text.","Steve Jobs
",Steve Jobs,True
US Writers,"[""Mark Twain"", ""Hemingway"", ""Fitzgerald"", ""Stephen King""]","[""Fitzgerald"", ""Hemingway"", ""Mark Twain"", ""Stephen King""]","[""Fitzgerald"", ""Mark Twain"", ""Hemingway"", ""Stephen King""]","You are playing a coordination game with another agent.
If you both select the SAME option, you each get $1.
You cannot communicate - you must try to coordinate.
Note: The other agent sees the SAME options, but in a DIFFERENT order.

US Writers
Options: Fitzgerald, Hemingway, Mark Twain, Stephen King

Which option do you choose? Respond with the exact option text.","Stephen King
",Stephen King,"You are playing a coordination game with another agent.
If you both select the SAME option, you each get $1.
You cannot communicate - you must try to coordinate.
Note: The other agent sees the SAME options, but in a DIFFERENT order.

US Writers
Options: Fitzgerald, Mark Twain, Hemingway, Stephen King

Which option do you choose? Respond with the exact option text.","Stephen King
",Stephen King,True
US Historical Figures,"[""Benjamin Franklin"", ""Martin Luther King Jr."", ""Amelia Earhart"", ""Rosa Parks""]","[""Rosa Parks"", ""Benjamin Franklin"", ""Martin Luther King Jr."", ""Amelia Earhart""]","[""Martin Luther King Jr."", ""Benjamin Franklin"", ""Rosa Parks"", ""Amelia Earhart""]","You are playing a coordination game with another agent.
If you both select the SAME option, you each get $1.
You cannot communicate - you must try to coordinate.
Note: The other agent sees the SAME options, but in a DIFFERENT order.

US Historical Figures
Options: Rosa Parks, Benjamin Franklin, Martin Luther King Jr., Amelia Earhart

Which option do you choose? Respond with the exact option text.","Rosa Parks
",Rosa Parks,"You are playing a coordination game with another agent.
If you both select the SAME option, you each get $1.
You cannot communicate - you must try to coordinate.
Note: The other agent sees the SAME options, but in a DIFFERENT order.

US Historical Figures
Options: Martin Luther King Jr., Benjamin Franklin, Rosa Parks, Amelia Earhart

Which option do you choose? Respond with the exact option text.","Martin Luther King Jr.
",Martin Luther King Jr.,False
US Directors,"[""Steven Spielberg"", ""Martin Scorsese"", ""Christopher Nolan"", ""Quentin Tarantino""]","[""Christopher Nolan"", ""Quentin Tarantino"", ""Steven Spielberg"", ""Martin Scorsese""]","[""Christopher Nolan"", ""Steven Spielberg"", ""Martin Scorsese"", ""Quentin Tarantino""]","You are playing a coordination game with another agent.
If you both select the SAME option, you each get $1.
You cannot communicate - you must try to coordinate.
Note: The other agent sees the SAME options, but in a DIFFERENT order.

US Directors
Options: Christopher Nolan, Quentin Tarantino, Steven Spielberg, Martin Scorsese

Which option do you choose? Respond with the exact option text.","Christopher Nolan
",Christopher Nolan,"You are playing a coordination game with another agent.
If you both select the SAME option, you each get $1.
You cannot communicate - you must try to coordinate.
Note: The other agent sees the SAME options, but in a DIFFERENT order.

US Directors
Options: Christopher Nolan, Steven Spielberg, Martin Scorsese, Quentin Tarantino

Which option do you choose? Respond with the exact option text.","Christopher Nolan
",Christopher Nolan,True
US Tech Founders,"[""Steve Jobs"", ""Bill Gates"", ""Mark Zuckerberg"", ""Elon Musk""]","[""Elon Musk"", ""Bill Gates"", ""Mark Zuckerberg"", ""Steve Jobs""]","[""Elon Musk"", ""Mark Zuckerberg"", ""Bill Gates"", ""Steve Jobs""]","You are playing a coordination game with another agent.
If you both select the SAME option, you each get $1.
You cannot communicate - you must try to coordinate.
Note: The other agent sees the SAME options, but in a DIFFERENT order.

US Tech Founders
Options: Elon Musk, Bill Gates, Mark Zuckerberg, Steve Jobs

Which option do you choose? Respond with the exact option text.","Steve Jobs
",Steve Jobs,"You are playing a coordination game with another agent.
If you both select the SAME option, you each get $1.
You cannot communicate - you must try to coordinate.
Note: The other agent sees the SAME options, but in a DIFFERENT order.

US Tech Founders
Options: Elon Musk, Mark Zuckerberg, Bill Gates, Steve Jobs

Which option do you choose? Respond with the exact option text.","Elon Musk
",Elon Musk,False
中国古代帝王,"[""秦始皇"", ""汉武帝"", ""唐太宗"", ""康熙帝""]","[""康熙帝"", ""唐太宗"", ""秦始皇"", ""汉武帝""]","[""汉武帝"", ""康熙帝"", ""秦始皇"", ""唐太宗""]","You are playing a coordination game with another agent.
If you both select the SAME option, you each get $1.
You cannot communicate - you must try to coordinate.
Note: The other agent sees the SAME options, but in a DIFFERENT order.

中国古代帝王
Options: 康熙帝, 唐太宗, 秦始皇, 汉武帝

Which option do you choose? Respond with the exact option text.","康熙帝
",康熙帝,"You are playing a coordination game with another agent.
If you both select the SAME option, you each get $1.
You cannot communicate - you must try to coordinate.
Note: The other agent sees the SAME options, but in a DIFFERENT order.

中国古代帝王
Options: 汉武帝, 康熙帝, 秦始皇, 唐太宗

Which option do you choose? Respond with the exact option text.","汉武帝
",汉武帝,False
中国科学家,"[""袁隆平"", ""屠呦呦"", ""钱学森"", ""邓稼先""]","[""袁隆平"", ""邓稼先"", ""屠呦呦"", ""钱学森""]","[""屠呦呦"", ""钱学森"", ""邓稼先"", ""袁隆平""]","You are playing a coordination game with another agent.
If you both select the SAME option, you each get $1.
You cannot communicate - you must try to coordinate.
Note: The other agent sees the SAME options, but in a DIFFERENT order.

中国科学家
Options: 袁隆平, 邓稼先, 屠呦呦, 钱学森

Which option do you choose? Respond with the exact option text.","袁隆平
",袁隆平,"You are playing a coordination game with another agent.
If you both select the SAME option, you each get $1.
You cannot communicate - you must try to coordinate.
Note: The other agent sees the SAME options, but in a DIFFERENT order.

中国科学家
Options: 屠呦呦, 钱学森, 邓稼先, 袁隆平

Which option do you choose? Respond with the exact option text.","袁隆平
",袁隆平,True
中国歌手,"[""周杰伦"", ""邓丽君"", ""王菲"", ""刘德华""]","[""王菲"", ""邓丽君"", ""周杰伦"", ""刘德华""]","[""邓丽君"", ""周杰伦"", ""王菲"", ""刘德华""]","You are playing a coordination game with another agent.
If you both select the SAME option, you each get $1.
You cannot communicate - you must try to coordinate.
Note: The other agent sees the SAME options, but in a DIFFERENT order.

中国歌手
Options: 王菲, 邓丽君, 周杰伦, 刘德华

Which option do you choose? Respond with the exact option text.","王菲
",王菲,"You are playing a coordination game with another agent.
If you both select the SAME option, you each get $1.
You cannot communicate - you must try to coordinate.
Note: The other agent sees the SAME options, but in a DIFFERENT order.

中国歌手
Options: 邓丽君, 周杰伦, 王菲, 刘德华

Which option do you choose? Respond with the exact option text.","邓丽君
",邓丽君,False
中国演员,"[""成龙"", ""周星驰"", ""巩俐"", ""章子怡""]","[""巩俐"", ""成龙"", ""周星驰"", ""章子怡""]","[""成龙"", ""周星驰"", ""巩俐"", ""章子怡""]","You are playing a coordination game with another agent.
If you both select the SAME option, you each get $1.
You cannot communicate - you must try to coordinate.
Note: The other agent sees the SAME options, but in a DIFFERENT order.

中国演员
Options: 巩俐, 成龙, 周星驰, 章子怡

Which option do you choose? Respond with the exact option text.","巩俐
",巩俐,"You are playing a coordination game with another agent.
If you both select the SAME option, you each get $1.
You cannot communicate - you must try to coordinate.
Note: The other agent sees the SAME options, but in a DIFFERENT order.

中国演员
Options: 成龙, 周星驰, 巩俐, 章子怡

Which option do you choose? Respond with the exact option text.","成龙
",成龙,False
中国运动员,"[""姚明"", ""刘翔"", ""李娜"", ""马龙""]","[""马龙"", ""刘翔"", ""姚明"", ""李娜""]","[""李娜"", ""姚明"", ""马龙"", ""刘翔""]","You are playing a coordination game with another agent.
If you both select the SAME option, you each get $1.
You cannot communicate - you must try to coordinate.
Note: The other agent sees the SAME options, but in a DIFFERENT order.

中国运动员
Options: 马龙, 刘翔, 姚明, 李娜

Which option do you choose? Respond with the exact option text.","马龙
",马龙,"You are playing a coordination game with another agent.
If you both select the SAME option, you each get $1.
You cannot communicate - you must try to coordinate.
Note: The other agent sees the SAME options, but in a DIFFERENT order.

中国运动员
Options: 李娜, 姚明, 马龙, 刘翔

Which option do you choose? Respond with the exact option text.","李娜
",李娜,False
中国企业家,"[""马云"", ""马化腾"", ""任正非"", ""雷军""]","[""马云"", ""雷军"", ""马化腾"", ""任正非""]","[""雷军"", ""马化腾"", ""马云"", ""任正非""]","You are playing a coordination game with another agent.
If you both select the SAME option, you each get $1.
You cannot communicate - you must try to coordinate.
Note: The other agent sees the SAME options, but in a DIFFERENT order.

中国企业家
Options: 马云, 雷军, 马化腾, 任正非

Which option do you choose? Respond with the exact option text.","马云
",马云,"You are playing a coordination game with another agent.
If you both select the SAME option, you each get $1.
You cannot communicate - you must try to coordinate.
Note: The other agent sees the SAME options, but in a DIFFERENT order.

中国企业家
Options: 雷军, 马化腾, 马云, 任正非

Which option do you choose? Respond with the exact option text.","雷军
",雷军,False
中国作家,"[""鲁迅"", ""莫言"", ""金庸"", ""余华""]","[""莫言"", ""鲁迅"", ""余华"", ""金庸""]","[""莫言"", ""余华"", ""鲁迅"", ""金庸""]","You are playing a coordination game with another agent.
If you both select the SAME option, you each get $1.
You cannot communicate - you must try to coordinate.
Note: The other agent sees the SAME options, but in a DIFFERENT order.

中国作家
Options: 莫言, 鲁迅, 余华, 金庸

Which option do you choose? Respond with the exact option text.","鲁迅
",鲁迅,"You are playing a coordination game with another agent.
If you both select the SAME option, you each get $1.
You cannot communicate - you must try to coordinate.
Note: The other agent sees the SAME options, but in a DIFFERENT order.

中国作家
Options: 莫言, 余华, 鲁迅, 金庸

Which option do you choose? Respond with the exact option text.","鲁迅
",鲁迅,True
中国历史人物,"[""孔子"", ""诸葛亮"", ""李白"", ""孙中山""]","[""李白"", ""诸葛亮"", ""孔子"", ""孙中山""]","[""诸葛亮"", ""孙中山"", ""李白"", ""孔子""]","You are playing a coordination game with another agent.
If you both select the SAME option, you each get $1.
You cannot communicate - you must try to coordinate.
Note: The other agent sees the SAME options, but in a DIFFERENT order.

中国历史人物
Options: 李白, 诸葛亮, 孔子, 孙中山

Which option do you choose? Respond with the exact option text.","李白
",李白,"You are playing a coordination game with another agent.
If you both select the SAME option, you each get $1.
You cannot communicate - you must try to coordinate.
Note: The other agent sees the SAME options, but in a DIFFERENT order.

中国历史人物
Options: 诸葛亮, 孙中山, 李白, 孔子

Which option do you choose? Respond with the exact option text.","孔子
",孔子,False
中国导演,"[""张艺谋"", ""李安"", ""陈凯歌"", ""王家卫""]","[""王家卫"", ""陈凯歌"", ""张艺谋"", ""李安""]","[""李安"", ""王家卫"", ""陈凯歌"", ""张艺谋""]","You are playing a coordination game with another agent.
If you both select the SAME option, you each get $1.
You cannot communicate - you must try to coordinate.
Note: The other agent sees the SAME options, but in a DIFFERENT order.

中国导演
Options: 王家卫, 陈凯歌, 张艺谋, 李安

Which option do you choose? Respond with the exact option text.","张艺谋
",张艺谋,"You are playing a coordination game with another agent.
If you both select the SAME option, you each get $1.
You cannot communicate - you must try to coordinate.
Note: The other agent sees the SAME options, but in a DIFFERENT order.

中国导演
Options: 李安, 王家卫, 陈凯歌, 张艺谋

Which option do you choose? Respond with the exact option text.","李安
",李安,False
中国互联网人物,"[""马云"", ""马化腾"", ""李彦宏"", ""张一鸣""]","[""马云"", ""马化腾"", ""李彦宏"", ""张一鸣""]","[""张一鸣"", ""李彦宏"", ""马云"", ""马化腾""]","You are playing a coordination game with another agent.
If you both select the SAME option, you each get $1.
You cannot communicate - you must try to coordinate.
Note: The other agent sees the SAME options, but in a DIFFERENT order.

中国互联网人物
Options: 马云, 马化腾, 李彦宏, 张一鸣

Which option do you choose? Respond with the exact option text.","马云
",马云,"You are playing a coordination game with another agent.
If you both select the SAME option, you each get $1.
You cannot communicate - you must try to coordinate.
Note: The other agent sees the SAME options, but in a DIFFERENT order.

中国互联网人物
Options: 张一鸣, 李彦宏, 马云, 马化腾

Which option do you choose? Respond with the exact option text.","张一鸣
",张一鸣,False
US Social Media,"[""Facebook"", ""Twitter"", ""Instagram"", ""TikTok""]","[""Twitter"", ""Instagram"", ""Facebook"", ""TikTok""]","[""TikTok"", ""Facebook"", ""Twitter"", ""Instagram""]","You are playing a coordination game with another agent.
If you both select the SAME option, you each get $1.
You cannot communicate - you must try to coordinate.
Note: The other agent sees the SAME options, but in a DIFFERENT order.

US Social Media
Options: Twitter, Instagram, Facebook, TikTok

Which option do you choose? Respond with the exact option text.","TikTok
",TikTok,"You are playing a coordination game with another agent.
If you both select the SAME option, you each get $1.
You cannot communicate - you must try to coordinate.
Note: The other agent sees the SAME options, but in a DIFFERENT order.

US Social Media
Options: TikTok, Facebook, Twitter, Instagram

Which option do you choose? Respond with the exact option text.","TikTok
",TikTok,True
US TV Shows,"[""Friends"", ""Breaking Bad"", ""The Office"", ""Game of Thrones""]","[""Game of Thrones"", ""The Office"", ""Breaking Bad"", ""Friends""]","[""The Office"", ""Game of Thrones"", ""Breaking Bad"", ""Friends""]","You are playing a coordination game with another agent.
If you both select the SAME option, you each get $1.
You cannot communicate - you must try to coordinate.
Note: The other agent sees the SAME options, but in a DIFFERENT order.

US TV Shows
Options: Game of Thrones, The Office, Breaking Bad, Friends

Which option do you choose? Respond with the exact option text.","Game of Thrones
",Game of Thrones,"You are playing a coordination game with another agent.
If you both select the SAME option, you each get $1.
You cannot communicate - you must try to coordinate.
Note: The other agent sees the SAME options, but in a DIFFERENT order.

US TV Shows
Options: The Office, Game of Thrones, Breaking Bad, Friends

Which option do you choose? Respond with the exact option text.","The Office
",The Office,False
US Movies,"[""Star Wars"", ""The Godfather"", ""Titanic"", ""Avengers""]","[""Titanic"", ""Avengers"", ""Star Wars"", ""The Godfather""]","[""Titanic"", ""Avengers"", ""Star Wars"", ""The Godfather""]","You are playing a coordination game with another agent.
If you both select the SAME option, you each get $1.
You cannot communicate - you must try to coordinate.
Note: The other agent sees the SAME options, but in a DIFFERENT order.

US Movies
Options: Titanic, Avengers, Star Wars, The Godfather

Which option do you choose? Respond with the exact option text.","Titanic
",Titanic,"You are playing a coordination game with another agent.
If you both select the SAME option, you each get $1.
You cannot communicate - you must try to coordinate.
Note: The other agent sees the SAME options, but in a DIFFERENT order.

US Movies
Options: Titanic, Avengers, Star Wars, The Godfather

Which option do you choose? Respond with the exact option text.","Titanic
",Titanic,True
US News Sources,"[""CNN"", ""Fox News"", ""New York Times"", ""BBC""]","[""CNN"", ""New York Times"", ""Fox News"", ""BBC""]","[""New York Times"", ""CNN"", ""Fox News"", ""BBC""]","You are playing a coordination game with another agent.
If you both select the SAME option, you each get $1.
You cannot communicate - you must try to coordinate.
Note: The other agent sees the SAME options, but in a DIFFERENT order.

US News Sources
Options: CNN, New York Times, Fox News, BBC

Which option do you choose? Respond with the exact option text.","CNN
",CNN,"You are playing a coordination game with another agent.
If you both select the SAME option, you each get $1.
You cannot communicate - you must try to coordinate.
Note: The other agent sees the SAME options, but in a DIFFERENT order.

US News Sources
Options: New York Times, CNN, Fox News, BBC

Which option do you choose? Respond with the exact option text.","New York Times
",New York Times,False
US Streaming Services,"[""Netflix"", ""Hulu"", ""Disney+"", ""Amazon Prime""]","[""Netflix"", ""Amazon Prime"", ""Hulu"", ""Disney+""]","[""Netflix"", ""Hulu"", ""Amazon Prime"", ""Disney+""]","You are playing a coordination game with another agent.
If you both select the SAME option, you each get $1.
You cannot communicate - you must try to coordinate.
Note: The other agent sees the SAME options, but in a DIFFERENT order.

US Streaming Services
Options: Netflix, Amazon Prime, Hulu, Disney+

Which option do you choose? Respond with the exact option text.","Netflix
",Netflix,"You are playing a coordination game with another agent.
If you both select the SAME option, you each get $1.
You cannot communicate - you must try to coordinate.
Note: The other agent sees the SAME options, but in a DIFFERENT order.

US Streaming Services
Options: Netflix, Hulu, Amazon Prime, Disney+

Which option do you choose? Respond with the exact option text.","Netflix
",Netflix,True
US Music Platforms,"[""Spotify"", ""Apple Music"", ""YouTube Music"", ""Pandora""]","[""YouTube Music"", ""Spotify"", ""Apple Music"", ""Pandora""]","[""YouTube Music"", ""Pandora"", ""Spotify"", ""Apple Music""]","You are playing a coordination game with another agent.
If you both select the SAME option, you each get $1.
You cannot communicate - you must try to coordinate.
Note: The other agent sees the SAME options, but in a DIFFERENT order.

US Music Platforms
Options: YouTube Music, Spotify, Apple Music, Pandora

Which option do you choose? Respond with the exact option text.","YouTube Music
",YouTube Music,"You are playing a coordination game with another agent.
If you both select the SAME option, you each get $1.
You cannot communicate - you must try to coordinate.
Note: The other agent sees the SAME options, but in a DIFFERENT order.

US Music Platforms
Options: YouTube Music, Pandora, Spotify, Apple Music

Which option do you choose? Respond with the exact option text.","Spotify
",Spotify,False
US Video Games,"[""Minecraft"", ""Fortnite"", ""Call of Duty"", ""GTA""]","[""Minecraft"", ""Fortnite"", ""GTA"", ""Call of Duty""]","[""Fortnite"", ""Minecraft"", ""GTA"", ""Call of Duty""]","You are playing a coordination game with another agent.
If you both select the SAME option, you each get $1.
You cannot communicate - you must try to coordinate.
Note: The other agent sees the SAME options, but in a DIFFERENT order.

US Video Games
Options: Minecraft, Fortnite, GTA, Call of Duty

Which option do you choose? Respond with the exact option text.","Minecraft
",Minecraft,"You are playing a coordination game with another agent.
If you both select the SAME option, you each get $1.
You cannot communicate - you must try to coordinate.
Note: The other agent sees the SAME options, but in a DIFFERENT order.

US Video Games
Options: Fortnite, Minecraft, GTA, Call of Duty

Which option do you choose? Respond with the exact option text.","Fortnite
",Fortnite,False
US Cartoons,"[""Simpsons"", ""Mickey Mouse"", ""Tom and Jerry"", ""SpongeBob""]","[""Tom and Jerry"", ""Simpsons"", ""SpongeBob"", ""Mickey Mouse""]","[""Mickey Mouse"", ""Simpsons"", ""SpongeBob"", ""Tom and Jerry""]","You are playing a coordination game with another agent.
If you both select the SAME option, you each get $1.
You cannot communicate - you must try to coordinate.
Note: The other agent sees the SAME options, but in a DIFFERENT order.

US Cartoons
Options: Tom and Jerry, Simpsons, SpongeBob, Mickey Mouse

Which option do you choose? Respond with the exact option text.","SpongeBob
",SpongeBob,"You are playing a coordination game with another agent.
If you both select the SAME option, you each get $1.
You cannot communicate - you must try to coordinate.
Note: The other agent sees the SAME options, but in a DIFFERENT order.

US Cartoons
Options: Mickey Mouse, Simpsons, SpongeBob, Tom and Jerry

Which option do you choose? Respond with the exact option text.","Mickey Mouse
",Mickey Mouse,False
US Talk Shows,"[""Tonight Show"", ""Ellen"", ""Oprah"", ""Late Night""]","[""Tonight Show"", ""Late Night"", ""Oprah"", ""Ellen""]","[""Late Night"", ""Oprah"", ""Ellen"", ""Tonight Show""]","You are playing a coordination game with another agent.
If you both select the SAME option, you each get $1.
You cannot communicate - you must try to coordinate.
Note: The other agent sees the SAME options, but in a DIFFERENT order.

US Talk Shows
Options: Tonight Show, Late Night, Oprah, Ellen

Which option do you choose? Respond with the exact option text.","Tonight Show
",Tonight Show,"You are playing a coordination game with another agent.
If you both select the SAME option, you each get $1.
You cannot communicate - you must try to coordinate.
Note: The other agent sees the SAME options, but in a DIFFERENT order.

US Talk Shows
Options: Late Night, Oprah, Ellen, Tonight Show

Which option do you choose? Respond with the exact option text.","Tonight Show
",Tonight Show,True
US Podcast Genres,"[""True Crime"", ""Comedy"", ""News"", ""Tech""]","[""News"", ""Comedy"", ""True Crime"", ""Tech""]","[""Tech"", ""Comedy"", ""True Crime"", ""News""]","You are playing a coordination game with another agent.
If you both select the SAME option, you each get $1.
You cannot communicate - you must try to coordinate.
Note: The other agent sees the SAME options, but in a DIFFERENT order.

US Podcast Genres
Options: News, Comedy, True Crime, Tech

Which option do you choose? Respond with the exact option text.","News
",News,"You are playing a coordination game with another agent.
If you both select the SAME option, you each get $1.
You cannot communicate - you must try to coordinate.
Note: The other agent sees the SAME options, but in a DIFFERENT order.

US Podcast Genres
Options: Tech, Comedy, True Crime, News

Which option do you choose? Respond with the exact option text.","Tech
",Tech,False
中国社交媒体,"[""微信"", ""微博"", ""抖音"", ""小红书""]","[""小红书"", ""抖音"", ""微信"", ""微博""]","[""微博"", ""小红书"", ""抖音"", ""微信""]","You are playing a coordination game with another agent.
If you both select the SAME option, you each get $1.
You cannot communicate - you must try to coordinate.
Note: The other agent sees the SAME options, but in a DIFFERENT order.

中国社交媒体
Options: 小红书, 抖音, 微信, 微博

Which option do you choose? Respond with the exact option text.","微信
",微信,"You are playing a coordination game with another agent.
If you both select the SAME option, you each get $1.
You cannot communicate - you must try to coordinate.
Note: The other agent sees the SAME options, but in a DIFFERENT order.

中国社交媒体
Options: 微博, 小红书, 抖音, 微信

Which option do you choose? Respond with the exact option text.","微博
",微博,False
中国电视剧,"[""甄嬛传"", ""琅琊榜"", ""庆余年"", ""都挺好""]","[""琅琊榜"", ""都挺好"", ""甄嬛传"", ""庆余年""]","[""甄嬛传"", ""都挺好"", ""琅琊榜"", ""庆余年""]","You are playing a coordination game with another agent.
If you both select the SAME option, you each get $1.
You cannot communicate - you must try to coordinate.
Note: The other agent sees the SAME options, but in a DIFFERENT order.

中国电视剧
Options: 琅琊榜, 都挺好, 甄嬛传, 庆余年

Which option do you choose? Respond with the exact option text.","琅琊榜
",琅琊榜,"You are playing a coordination game with another agent.
If you both select the SAME option, you each get $1.
You cannot communicate - you must try to coordinate.
Note: The other agent sees the SAME options, but in a DIFFERENT order.

中国电视剧
Options: 甄嬛传, 都挺好, 琅琊榜, 庆余年

Which option do you choose? Respond with the exact option text.","甄嬛传
",甄嬛传,False
中国电影,"[""战狼"", ""哪吒"", ""流浪地球"", ""长津湖""]","[""哪吒"", ""长津湖"", ""流浪地球"", ""战狼""]","[""长津湖"", ""流浪地球"", ""哪吒"", ""战狼""]","You are playing a coordination game with another agent.
If you both select the SAME option, you each get $1.
You cannot communicate - you must try to coordinate.
Note: The other agent sees the SAME options, but in a DIFFERENT order.

中国电影
Options: 哪吒, 长津湖, 流浪地球, 战狼

Which option do you choose? Respond with the exact option text.","哪吒
",哪吒,"You are playing a coordination game with another agent.
If you both select the SAME option, you each get $1.
You cannot communicate - you must try to coordinate.
Note: The other agent sees the SAME options, but in a DIFFERENT order.

中国电影
Options: 长津湖, 流浪地球, 哪吒, 战狼

Which option do you choose? Respond with the exact option text.","长津湖
",长津湖,False
中国新闻平台,"[""央视新闻"", ""人民日报"", ""新华社"", ""澎湃新闻""]","[""新华社"", ""人民日报"", ""央视新闻"", ""澎湃新闻""]","[""央视新闻"", ""澎湃新闻"", ""新华社"", ""人民日报""]","You are playing a coordination game with another agent.
If you both select the SAME option, you each get $1.
You cannot communicate - you must try to coordinate.
Note: The other agent sees the SAME options, but in a DIFFERENT order.

中国新闻平台
Options: 新华社, 人民日报, 央视新闻, 澎湃新闻

Which option do you choose? Respond with the exact option text.","央视新闻
",央视新闻,"You are playing a coordination game with another agent.
If you both select the SAME option, you each get $1.
You cannot communicate - you must try to coordinate.
Note: The other agent sees the SAME options, but in a DIFFERENT order.

中国新闻平台
Options: 央视新闻, 澎湃新闻, 新华社, 人民日报

Which option do you choose? Respond with the exact option text.","央视新闻
",央视新闻,True
中国视频平台,"[""优酷"", ""爱奇艺"", ""腾讯视频"", ""B站""]","[""B站"", ""优酷"", ""腾讯视频"", ""爱奇艺""]","[""爱奇艺"", ""B站"", ""腾讯视频"", ""优酷""]","You are playing a coordination game with another agent.
If you both select the SAME option, you each get $1.
You cannot communicate - you must try to coordinate.
Note: The other agent sees the SAME options, but in a DIFFERENT order.

中国视频平台
Options: B站, 优酷, 腾讯视频, 爱奇艺

Which option do you choose? Respond with the exact option text.","B站
",B站,"You are playing a coordination game with another agent.
If you both select the SAME option, you each get $1.
You cannot communicate - you must try to coordinate.
Note: The other agent sees the SAME options, but in a DIFFERENT order.

中国视频平台
Options: 爱奇艺, B站, 腾讯视频, 优酷

Which option do you choose? Respond with the exact option text.","爱奇艺
",爱奇艺,False
中国音乐平台,"[""QQ音乐"", ""网易云音乐"", ""酷狗音乐"", ""虾米音乐""]","[""虾米音乐"", ""QQ音乐"", ""酷狗音乐"", ""网易云音乐""]","[""QQ音乐"", ""酷狗音乐"", ""网易云音乐"", ""虾米音乐""]","You are playing a coordination game with another agent.
If you both select the SAME option, you each get $1.
You cannot communicate - you must try to coordinate.
Note: The other agent sees the SAME options, but in a DIFFERENT order.

中国音乐平台
Options: 虾米音乐, QQ音乐, 酷狗音乐, 网易云音乐

Which option do you choose? Respond with the exact option text.","虾米音乐
",虾米音乐,"You are playing a coordination game with another agent.
If you both select the SAME option, you each get $1.
You cannot communicate - you must try to coordinate.
Note: The other agent sees the SAME options, but in a DIFFERENT order.

中国音乐平台
Options: QQ音乐, 酷狗音乐, 网易云音乐, 虾米音乐

Which option do you choose? Respond with the exact option text.","酷狗音乐
",酷狗音乐,False
中国游戏,"[""王者荣耀"", ""原神"", ""和平精英"", ""英雄联盟""]","[""和平精英"", ""原神"", ""王者荣耀"", ""英雄联盟""]","[""王者荣耀"", ""原神"", ""和平精英"", ""英雄联盟""]","You are playing a coordination game with another agent.
If you both select the SAME option, you each get $1.
You cannot communicate - you must try to coordinate.
Note: The other agent sees the SAME options, but in a DIFFERENT order.

中国游戏
Options: 和平精英, 原神, 王者荣耀, 英雄联盟

Which option do you choose? Respond with the exact option text.","王者荣耀
",王者荣耀,"You are playing a coordination game with another agent.
If you both select the SAME option, you each get $1.
You cannot communicate - you must try to coordinate.
Note: The other agent sees the SAME options, but in a DIFFERENT order.

中国游戏
Options: 王者荣耀, 原神, 和平精英, 英雄联盟

Which option do you choose? Respond with the exact option text.","王者荣耀
",王者荣耀,True
中国动漫,"[""喜羊羊"", ""熊出没"", ""大闹天宫"", ""哪吒闹海""]","[""喜羊羊"", ""大闹天宫"", ""哪吒闹海"", ""熊出没""]","[""熊出没"", ""喜羊羊"", ""大闹天宫"", ""哪吒闹海""]","You are playing a coordination game with another agent.
If you both select the SAME option, you each get $1.
You cannot communicate - you must try to coordinate.
Note: The other agent sees the SAME options, but in a DIFFERENT order.

中国动漫
Options: 喜羊羊, 大闹天宫, 哪吒闹海, 熊出没

Which option do you choose? Respond with the exact option text.","熊出没
",熊出没,"You are playing a coordination game with another agent.
If you both select the SAME option, you each get $1.
You cannot communicate - you must try to coordinate.
Note: The other agent sees the SAME options, but in a DIFFERENT order.

中国动漫
Options: 熊出没, 喜羊羊, 大闹天宫, 哪吒闹海

Which option do you choose? Respond with the exact option text.","熊出没
",熊出没,True
中国综艺节目,"[""跑男"", ""好声音"", ""脱口秀大会"", ""歌手""]","[""跑男"", ""歌手"", ""好声音"", ""脱口秀大会""]","[""脱口秀大会"", ""好声音"", ""跑男"", ""歌手""]","You are playing a coordination game with another agent.
If you both select the SAME option, you each get $1.
You cannot communicate - you must try to coordinate.
Note: The other agent sees the SAME options, but in a DIFFERENT order.

中国综艺节目
Options: 跑男, 歌手, 好声音, 脱口秀大会

Which option do you choose? Respond with the exact option text.","跑男
",跑男,"You are playing a coordination game with another agent.
If you both select the SAME option, you each get $1.
You cannot communicate - you must try to coordinate.
Note: The other agent sees the SAME options, but in a DIFFERENT order.

中国综艺节目
Options: 脱口秀大会, 好声音, 跑男, 歌手

Which option do you choose? Respond with the exact option text.","跑男
",跑男,True
中国短视频平台,"[""抖音"", ""快手"", ""B站"", ""小红书""]","[""快手"", ""抖音"", ""小红书"", ""B站""]","[""B站"", ""小红书"", ""抖音"", ""快手""]","You are playing a coordination game with another agent.
If you both select the SAME option, you each get $1.
You cannot communicate - you must try to coordinate.
Note: The other agent sees the SAME options, but in a DIFFERENT order.

中国短视频平台
Options: 快手, 抖音, 小红书, B站

Which option do you choose? Respond with the exact option text.","抖音
",抖音,"You are playing a coordination game with another agent.
If you both select the SAME option, you each get $1.
You cannot communicate - you must try to coordinate.
Note: The other agent sees the SAME options, but in a DIFFERENT order.

中国短视频平台
Options: B站, 小红书, 抖音, 快手

Which option do you choose? Respond with the exact option text.","抖音
",抖音,True
US Tech Brands,"[""Apple"", ""Google"", ""Microsoft"", ""Amazon""]","[""Amazon"", ""Google"", ""Microsoft"", ""Apple""]","[""Microsoft"", ""Google"", ""Amazon"", ""Apple""]","You are playing a coordination game with another agent.
If you both select the SAME option, you each get $1.
You cannot communicate - you must try to coordinate.
Note: The other agent sees the SAME options, but in a DIFFERENT order.

US Tech Brands
Options: Amazon, Google, Microsoft, Apple

Which option do you choose? Respond with the exact option text.","Apple
",Apple,"You are playing a coordination game with another agent.
If you both select the SAME option, you each get $1.
You cannot communicate - you must try to coordinate.
Note: The other agent sees the SAME options, but in a DIFFERENT order.

US Tech Brands
Options: Microsoft, Google, Amazon, Apple

Which option do you choose? Respond with the exact option text.","Apple
",Apple,True
US Car Brands,"[""Ford"", ""Tesla"", ""Chevrolet"", ""Jeep""]","[""Ford"", ""Tesla"", ""Jeep"", ""Chevrolet""]","[""Tesla"", ""Jeep"", ""Chevrolet"", ""Ford""]","You are playing a coordination game with another agent.
If you both select the SAME option, you each get $1.
You cannot communicate - you must try to coordinate.
Note: The other agent sees the SAME options, but in a DIFFERENT order.

US Car Brands
Options: Ford, Tesla, Jeep, Chevrolet

Which option do you choose? Respond with the exact option text.","Ford
",Ford,"You are playing a coordination game with another agent.
If you both select the SAME option, you each get $1.
You cannot communicate - you must try to coordinate.
Note: The other agent sees the SAME options, but in a DIFFERENT order.

US Car Brands
Options: Tesla, Jeep, Chevrolet, Ford

Which option do you choose? Respond with the exact option text.","Tesla
",Tesla,False
US Fast Food Brands,"[""McDonald's"", ""Burger King"", ""KFC"", ""Subway""]","[""McDonald's"", ""KFC"", ""Burger King"", ""Subway""]","[""McDonald's"", ""Burger King"", ""KFC"", ""Subway""]","You are playing a coordination game with another agent.
If you both select the SAME option, you each get $1.
You cannot communicate - you must try to coordinate.
Note: The other agent sees the SAME options, but in a DIFFERENT order.

US Fast Food Brands
Options: McDonald's, KFC, Burger King, Subway

Which option do you choose? Respond with the exact option text.","McDonald's
",McDonald's,"You are playing a coordination game with another agent.
If you both select the SAME option, you each get $1.
You cannot communicate - you must try to coordinate.
Note: The other agent sees the SAME options, but in a DIFFERENT order.

US Fast Food Brands
Options: McDonald's, Burger King, KFC, Subway

Which option do you choose? Respond with the exact option text.","McDonald's
",McDonald's,True
US Soda Brands,"[""Coca-Cola"", ""Pepsi"", ""Sprite"", ""Dr Pepper""]","[""Sprite"", ""Dr Pepper"", ""Coca-Cola"", ""Pepsi""]","[""Sprite"", ""Coca-Cola"", ""Dr Pepper"", ""Pepsi""]","You are playing a coordination game with another agent.
If you both select the SAME option, you each get $1.
You cannot communicate - you must try to coordinate.
Note: The other agent sees the SAME options, but in a DIFFERENT order.

US Soda Brands
Options: Sprite, Dr Pepper, Coca-Cola, Pepsi

Which option do you choose? Respond with the exact option text.","Coca-Cola
",Coca-Cola,"You are playing a coordination game with another agent.
If you both select the SAME option, you each get $1.
You cannot communicate - you must try to coordinate.
Note: The other agent sees the SAME options, but in a DIFFERENT order.

US Soda Brands
Options: Sprite, Coca-Cola, Dr Pepper, Pepsi

Which option do you choose? Respond with the exact option text.","Sprite
",Sprite,False
US Clothing Brands,"[""Nike"", ""Levi's"", ""Gap"", ""Adidas""]","[""Gap"", ""Levi's"", ""Adidas"", ""Nike""]","[""Adidas"", ""Gap"", ""Nike"", ""Levi's""]","You are playing a coordination game with another agent.
If you both select the SAME option, you each get $1.
You cannot communicate - you must try to coordinate.
Note: The other agent sees the SAME options, but in a DIFFERENT order.

US Clothing Brands
Options: Gap, Levi's, Adidas, Nike

Which option do you choose? Respond with the exact option text.","Gap
",Gap,"You are playing a coordination game with another agent.
If you both select the SAME option, you each get $1.
You cannot communicate - you must try to coordinate.
Note: The other agent sees the SAME options, but in a DIFFERENT order.

US Clothing Brands
Options: Adidas, Gap, Nike, Levi's

Which option do you choose? Respond with the exact option text.","Adidas
",Adidas,False
US Coffee Brands,"[""Starbucks"", ""Dunkin'"", ""Peet's"", ""Tim Hortons""]","[""Starbucks"", ""Peet's"", ""Tim Hortons"", ""Dunkin'""]","[""Dunkin'"", ""Tim Hortons"", ""Starbucks"", ""Peet's""]","You are playing a coordination game with another agent.
If you both select the SAME option, you each get $1.
You cannot communicate - you must try to coordinate.
Note: The other agent sees the SAME options, but in a DIFFERENT order.

US Coffee Brands
Options: Starbucks, Peet's, Tim Hortons, Dunkin'

Which option do you choose? Respond with the exact option text.","Starbucks
",Starbucks,"You are playing a coordination game with another agent.
If you both select the SAME option, you each get $1.
You cannot communicate - you must try to coordinate.
Note: The other agent sees the SAME options, but in a DIFFERENT order.

US Coffee Brands
Options: Dunkin', Tim Hortons, Starbucks, Peet's

Which option do you choose? Respond with the exact option text.","Starbucks
",Starbucks,True
US Phone Brands,"[""Apple"", ""Samsung"", ""Google"", ""Motorola""]","[""Apple"", ""Samsung"", ""Google"", ""Motorola""]","[""Apple"", ""Samsung"", ""Motorola"", ""Google""]","You are playing a coordination game with another agent.
If you both select the SAME option, you each get $1.
You cannot communicate - you must try to coordinate.
Note: The other agent sees the SAME options, but in a DIFFERENT order.

US Phone Brands
Options: Apple, Samsung, Google, Motorola

Which option do you choose? Respond with the exact option text.","Apple
",Apple,"You are playing a coordination game with another agent.
If you both select the SAME option, you each get $1.
You cannot communicate - you must try to coordinate.
Note: The other agent sees the SAME options, but in a DIFFERENT order.

US Phone Brands
Options: Apple, Samsung, Motorola, Google

Which option do you choose? Respond with the exact option text.","Apple
",Apple,True
US Sports Brands,"[""Nike"", ""Under Armour"", ""Adidas"", ""Reebok""]","[""Under Armour"", ""Adidas"", ""Nike"", ""Reebok""]","[""Reebok"", ""Under Armour"", ""Adidas"", ""Nike""]","You are playing a coordination game with another agent.
If you both select the SAME option, you each get $1.
You cannot communicate - you must try to coordinate.
Note: The other agent sees the SAME options, but in a DIFFERENT order.

US Sports Brands
Options: Under Armour, Adidas, Nike, Reebok

Which option do you choose? Respond with the exact option text.","Nike
",Nike,"You are playing a coordination game with another agent.
If you both select the SAME option, you each get $1.
You cannot communicate - you must try to coordinate.
Note: The other agent sees the SAME options, but in a DIFFERENT order.

US Sports Brands
Options: Reebok, Under Armour, Adidas, Nike

Which option do you choose? Respond with the exact option text.","Adidas
",Adidas,False
US Retail Brands,"[""Walmart"", ""Target"", ""Costco"", ""Amazon""]","[""Target"", ""Amazon"", ""Walmart"", ""Costco""]","[""Target"", ""Amazon"", ""Walmart"", ""Costco""]","You are playing a coordination game with another agent.
If you both select the SAME option, you each get $1.
You cannot communicate - you must try to coordinate.
Note: The other agent sees the SAME options, but in a DIFFERENT order.

US Retail Brands
Options: Target, Amazon, Walmart, Costco

Which option do you choose? Respond with the exact option text.","Target
",Target,"You are playing a coordination game with another agent.
If you both select the SAME option, you each get $1.
You cannot communicate - you must try to coordinate.
Note: The other agent sees the SAME options, but in a DIFFERENT order.

US Retail Brands
Options: Target, Amazon, Walmart, Costco

Which option do you choose? Respond with the exact option text.","Target
",Target,True
US Snack Brands,"[""Lay's"", ""Doritos"", ""Oreo"", ""Pringles""]","[""Pringles"", ""Oreo"", ""Doritos"", ""Lay's""]","[""Oreo"", ""Doritos"", ""Pringles"", ""Lay's""]","You are playing a coordination game with another agent.
If you both select the SAME option, you each get $1.
You cannot communicate - you must try to coordinate.
Note: The other agent sees the SAME options, but in a DIFFERENT order.

US Snack Brands
Options: Pringles, Oreo, Doritos, Lay's

Which option do you choose? Respond with the exact option text.","Oreo
",Oreo,"You are playing a coordination game with another agent.
If you both select the SAME option, you each get $1.
You cannot communicate - you must try to coordinate.
Note: The other agent sees the SAME options, but in a DIFFERENT order.

US Snack Brands
Options: Oreo, Doritos, Pringles, Lay's

Which option do you choose? Respond with the exact option text.","Oreo
",Oreo,True
中国科技品牌,"[""华为"", ""小米"", ""OPPO"", ""vivo""]","[""华为"", ""vivo"", ""OPPO"", ""小米""]","[""vivo"", ""华为"", ""小米"", ""OPPO""]","You are playing a coordination game with another agent.
If you both select the SAME option, you each get $1.
You cannot communicate - you must try to coordinate.
Note: The other agent sees the SAME options, but in a DIFFERENT order.

中国科技品牌
Options: 华为, vivo, OPPO, 小米

Which option do you choose? Respond with the exact option text.","华为
",华为,"You are playing a coordination game with another agent.
If you both select the SAME option, you each get $1.
You cannot communicate - you must try to coordinate.
Note: The other agent sees the SAME options, but in a DIFFERENT order.

中国科技品牌
Options: vivo, 华为, 小米, OPPO

Which option do you choose? Respond with the exact option text.","vivo
",vivo,False
中国汽车品牌,"[""比亚迪"", ""吉利"", ""蔚来"", ""小鹏""]","[""比亚迪"", ""小鹏"", ""蔚来"", ""吉利""]","[""小鹏"", ""蔚来"", ""吉利"", ""比亚迪""]","You are playing a coordination game with another agent.
If you both select the SAME option, you each get $1.
You cannot communicate - you must try to coordinate.
Note: The other agent sees the SAME options, but in a DIFFERENT order.

中国汽车品牌
Options: 比亚迪, 小鹏, 蔚来, 吉利

Which option do you choose? Respond with the exact option text.","比亚迪
",比亚迪,"You are playing a coordination game with another agent.
If you both select the SAME option, you each get $1.
You cannot communicate - you must try to coordinate.
Note: The other agent sees the SAME options, but in a DIFFERENT order.

中国汽车品牌
Options: 小鹏, 蔚来, 吉利, 比亚迪

Which option do you choose? Respond with the exact option text.","小鹏
",小鹏,False
中国餐饮品牌,"[""海底捞"", ""全聚德"", ""沙县小吃"", ""兰州拉面""]","[""全聚德"", ""兰州拉面"", ""沙县小吃"", ""海底捞""]","[""沙县小吃"", ""全聚德"", ""海底捞"", ""兰州拉面""]","You are playing a coordination game with another agent.
If you both select the SAME option, you each get $1.
You cannot communicate - you must try to coordinate.
Note: The other agent sees the SAME options, but in a DIFFERENT order.

中国餐饮品牌
Options: 全聚德, 兰州拉面, 沙县小吃, 海底捞

Which option do you choose? Respond with the exact option text.","海底捞
",海底捞,"You are playing a coordination game with another agent.
If you both select the SAME option, you each get $1.
You cannot communicate - you must try to coordinate.
Note: The other agent sees the SAME options, but in a DIFFERENT order.

中国餐饮品牌
Options: 沙县小吃, 全聚德, 海底捞, 兰州拉面

Which option do you choose? Respond with the exact option text.","海底捞
",海底捞,True
中国饮料品牌,"[""王老吉"", ""加多宝"", ""农夫山泉"", ""康师傅""]","[""康师傅"", ""加多宝"", ""王老吉"", ""农夫山泉""]","[""农夫山泉"", ""康师傅"", ""王老吉"", ""加多宝""]","You are playing a coordination game with another agent.
If you both select the SAME option, you each get $1.
You cannot communicate - you must try to coordinate.
Note: The other agent sees the SAME options, but in a DIFFERENT order.

中国饮料品牌
Options: 康师傅, 加多宝, 王老吉, 农夫山泉

Which option do you choose? Respond with the exact option text.","康师傅
",康师傅,"You are playing a coordination game with another agent.
If you both select the SAME option, you each get $1.
You cannot communicate - you must try to coordinate.
Note: The other agent sees the SAME options, but in a DIFFERENT order.

中国饮料品牌
Options: 农夫山泉, 康师傅, 王老吉, 加多宝

Which option do you choose? Respond with the exact option text.","农夫山泉
",农夫山泉,False
中国服装品牌,"[""李宁"", ""安踏"", ""波司登"", ""海澜之家""]","[""海澜之家"", ""波司登"", ""李宁"", ""安踏""]","[""波司登"", ""李宁"", ""安踏"", ""海澜之家""]","You are playing a coordination game with another agent.
If you both select the SAME option, you each get $1.
You cannot communicate - you must try to coordinate.
Note: The other agent sees the SAME options, but in a DIFFERENT order.

中国服装品牌
Options: 海澜之家, 波司登, 李宁, 安踏

Which option do you choose? Respond with the exact option text.","安踏
",安踏,"You are playing a coordination game with another agent.
If you both select the SAME option, you each get $1.
You cannot communicate - you must try to coordinate.
Note: The other agent sees the SAME options, but in a DIFFERENT order.

中国服装品牌
Options: 波司登, 李宁, 安踏, 海澜之家

Which option do you choose? Respond with the exact option text.","安踏
",安踏,True
中国茶饮品牌,"[""喜茶"", ""奈雪的茶"", ""蜜雪冰城"", ""茶百道""]","[""茶百道"", ""奈雪的茶"", ""蜜雪冰城"", ""喜茶""]","[""蜜雪冰城"", ""喜茶"", ""茶百道"", ""奈雪的茶""]","You are playing a coordination game with another agent.
If you both select the SAME option, you each get $1.
You cannot communicate - you must try to coordinate.
Note: The other agent sees the SAME options, but in a DIFFERENT order.

中国茶饮品牌
Options: 茶百道, 奈雪的茶, 蜜雪冰城, 喜茶

Which option do you choose? Respond with the exact option text.","茶百道
",茶百道,"You are playing a coordination game with another agent.
If you both select the SAME option, you each get $1.
You cannot communicate - you must try to coordinate.
Note: The other agent sees the SAME options, but in a DIFFERENT order.

中国茶饮品牌
Options: 蜜雪冰城, 喜茶, 茶百道, 奈雪的茶

Which option do you choose? Respond with the exact option text.","蜜雪冰城
",蜜雪冰城,False
中国手机品牌,"[""华为"", ""小米"", ""OPPO"", ""vivo""]","[""OPPO"", ""华为"", ""小米"", ""vivo""]","[""OPPO"", ""华为"", ""小米"", ""vivo""]","You are playing a coordination game with another agent.
If you both select the SAME option, you each get $1.
You cannot communicate - you must try to coordinate.
Note: The other agent sees the SAME options, but in a DIFFERENT order.

中国手机品牌
Options: OPPO, 华为, 小米, vivo

Which option do you choose? Respond with the exact option text.","OPPO
",OPPO,"You are playing a coordination game with another agent.
If you both select the SAME option, you each get $1.
You cannot communicate - you must try to coordinate.
Note: The other agent sees the SAME options, but in a DIFFERENT order.

中国手机品牌
Options: OPPO, 华为, 小米, vivo

Which option do you choose? Respond with the exact option text.","OPPO
",OPPO,True
中国运动品牌,"[""李宁"", ""安踏"", ""特步"", ""361度""]","[""特步"", ""李宁"", ""安踏"", ""361度""]","[""361度"", ""特步"", ""安踏"", ""李宁""]","You are playing a coordination game with another agent.
If you both select the SAME option, you each get $1.
You cannot communicate - you must try to coordinate.
Note: The other agent sees the SAME options, but in a DIFFERENT order.

中国运动品牌
Options: 特步, 李宁, 安踏, 361度

Which option do you choose? Respond with the exact option text.","特步
",特步,"You are playing a coordination game with another agent.
If you both select the SAME option, you each get $1.
You cannot communicate - you must try to coordinate.
Note: The other agent sees the SAME options, but in a DIFFERENT order.

中国运动品牌
Options: 361度, 特步, 安踏, 李宁

Which option do you choose? Respond with the exact option text.","361度
",361度,False
中国电商平台,"[""淘宝"", ""京东"", ""拼多多"", ""抖音商城""]","[""淘宝"", ""京东"", ""抖音商城"", ""拼多多""]","[""拼多多"", ""抖音商城"", ""淘宝"", ""京东""]","You are playing a coordination game with another agent.
If you both select the SAME option, you each get $1.
You cannot communicate - you must try to coordinate.
Note: The other agent sees the SAME options, but in a DIFFERENT order.

中国电商平台
Options: 淘宝, 京东, 抖音商城, 拼多多

Which option do you choose? Respond with the exact option text.","淘宝
",淘宝,"You are playing a coordination game with another agent.
If you both select the SAME option, you each get $1.
You cannot communicate - you must try to coordinate.
Note: The other agent sees the SAME options, but in a DIFFERENT order.

中国电商平台
Options: 拼多多, 抖音商城, 淘宝, 京东

Which option do you choose? Respond with the exact option text.","淘宝
",淘宝,True
中国食品品牌,"[""卫龙"", ""三只松鼠"", ""良品铺子"", ""百草味""]","[""良品铺子"", ""三只松鼠"", ""百草味"", ""卫龙""]","[""百草味"", ""卫龙"", ""良品铺子"", ""三只松鼠""]","You are playing a coordination game with another agent.
If you both select the SAME option, you each get $1.
You cannot communicate - you must try to coordinate.
Note: The other agent sees the SAME options, but in a DIFFERENT order.

中国食品品牌
Options: 良品铺子, 三只松鼠, 百草味, 卫龙

Which option do you choose? Respond with the exact option text.","良品铺子
",良品铺子,"You are playing a coordination game with another agent.
If you both select the SAME option, you each get $1.
You cannot communicate - you must try to coordinate.
Note: The other agent sees the SAME options, but in a DIFFERENT order.

中国食品品牌
Options: 百草味, 卫龙, 良品铺子, 三只松鼠

Which option do you choose? Respond with the exact option text.","百草味
",百草味,False
US Search Engines,"[""Google"", ""Bing"", ""Yahoo"", ""DuckDuckGo""]","[""Bing"", ""Yahoo"", ""Google"", ""DuckDuckGo""]","[""Bing"", ""DuckDuckGo"", ""Google"", ""Yahoo""]","You are playing a coordination game with another agent.
If you both select the SAME option, you each get $1.
You cannot communicate - you must try to coordinate.
Note: The other agent sees the SAME options, but in a DIFFERENT order.

US Search Engines
Options: Bing, Yahoo, Google, DuckDuckGo

Which option do you choose? Respond with the exact option text.","Google
",Google,"You are playing a coordination game with another agent.
If you both select the SAME option, you each get $1.
You cannot communicate - you must try to coordinate.
Note: The other agent sees the SAME options, but in a DIFFERENT order.

US Search Engines
Options: Bing, DuckDuckGo, Google, Yahoo

Which option do you choose? Respond with the exact option text.","Google
",Google,True
US Email Providers,"[""Gmail"", ""Outlook"", ""Yahoo Mail"", ""AOL""]","[""Gmail"", ""AOL"", ""Yahoo Mail"", ""Outlook""]","[""Gmail"", ""Yahoo Mail"", ""Outlook"", ""AOL""]","You are playing a coordination game with another agent.
If you both select the SAME option, you each get $1.
You cannot communicate - you must try to coordinate.
Note: The other agent sees the SAME options, but in a DIFFERENT order.

US Email Providers
Options: Gmail, AOL, Yahoo Mail, Outlook

Which option do you choose? Respond with the exact option text.","Gmail
",Gmail,"You are playing a coordination game with another agent.
If you both select the SAME option, you each get $1.
You cannot communicate - you must try to coordinate.
Note: The other agent sees the SAME options, but in a DIFFERENT order.

US Email Providers
Options: Gmail, Yahoo Mail, Outlook, AOL

Which option do you choose? Respond with the exact option text.","Gmail
",Gmail,True
US Cloud Services,"[""AWS"", ""Google Cloud"", ""Azure"", ""Dropbox""]","[""AWS"", ""Azure"", ""Dropbox"", ""Google Cloud""]","[""Google Cloud"", ""Azure"", ""AWS"", ""Dropbox""]","You are playing a coordination game with another agent.
If you both select the SAME option, you each get $1.
You cannot communicate - you must try to coordinate.
Note: The other agent sees the SAME options, but in a DIFFERENT order.

US Cloud Services
Options: AWS, Azure, Dropbox, Google Cloud

Which option do you choose? Respond with the exact option text.","AWS
",AWS,"You are playing a coordination game with another agent.
If you both select the SAME option, you each get $1.
You cannot communicate - you must try to coordinate.
Note: The other agent sees the SAME options, but in a DIFFERENT order.

US Cloud Services
Options: Google Cloud, Azure, AWS, Dropbox

Which option do you choose? Respond with the exact option text.","AWS
",AWS,True
US Payment Platforms,"[""PayPal"", ""Venmo"", ""Cash App"", ""Zelle""]","[""Zelle"", ""PayPal"", ""Cash App"", ""Venmo""]","[""Zelle"", ""PayPal"", ""Venmo"", ""Cash App""]","You are playing a coordination game with another agent.
If you both select the SAME option, you each get $1.
You cannot communicate - you must try to coordinate.
Note: The other agent sees the SAME options, but in a DIFFERENT order.

US Payment Platforms
Options: Zelle, PayPal, Cash App, Venmo

Which option do you choose? Respond with the exact option text.","Zelle
",Zelle,"You are playing a coordination game with another agent.
If you both select the SAME option, you each get $1.
You cannot communicate - you must try to coordinate.
Note: The other agent sees the SAME options, but in a DIFFERENT order.

US Payment Platforms
Options: Zelle, PayPal, Venmo, Cash App

Which option do you choose? Respond with the exact option text.","Zelle
",Zelle,True
US E-commerce Platforms,"[""Amazon"", ""eBay"", ""Etsy"", ""Walmart Online""]","[""eBay"", ""Etsy"", ""Amazon"", ""Walmart Online""]","[""Etsy"", ""eBay"", ""Amazon"", ""Walmart Online""]","You are playing a coordination game with another agent.
If you both select the SAME option, you each get $1.
You cannot communicate - you must try to coordinate.
Note: The other agent sees the SAME options, but in a DIFFERENT order.

US E-commerce Platforms
Options: eBay, Etsy, Amazon, Walmart Online

Which option do you choose? Respond with the exact option text.",Amazon,Amazon,"You are playing a coordination game with another agent.
If you both select the SAME option, you each get $1.
You cannot communicate - you must try to coordinate.
Note: The other agent sees the SAME options, but in a DIFFERENT order.

US E-commerce Platforms
Options: Etsy, eBay, Amazon, Walmart Online

Which option do you choose? Respond with the exact option text.",Amazon,Amazon,True
US Ride-sharing Apps,"[""Uber"", ""Lyft"", ""Via"", ""Curb""]","[""Uber"", ""Via"", ""Lyft"", ""Curb""]","[""Uber"", ""Via"", ""Curb"", ""Lyft""]","You are playing a coordination game with another agent.
If you both select the SAME option, you each get $1.
You cannot communicate - you must try to coordinate.
Note: The other agent sees the SAME options, but in a DIFFERENT order.

US Ride-sharing Apps
Options: Uber, Via, Lyft, Curb

Which option do you choose? Respond with the exact option text.","Lyft
",Lyft,"You are playing a coordination game with another agent.
If you both select the SAME option, you each get $1.
You cannot communicate - you must try to coordinate.
Note: The other agent sees the SAME options, but in a DIFFERENT order.

US Ride-sharing Apps
Options: Uber, Via, Curb, Lyft

Which option do you choose? Respond with the exact option text.","Uber
",Uber,False
US Food Delivery,"[""DoorDash"", ""Uber Eats"", ""Grubhub"", ""Postmates""]","[""Postmates"", ""Uber Eats"", ""DoorDash"", ""Grubhub""]","[""DoorDash"", ""Grubhub"", ""Uber Eats"", ""Postmates""]","You are playing a coordination game with another agent.
If you both select the SAME option, you each get $1.
You cannot communicate - you must try to coordinate.
Note: The other agent sees the SAME options, but in a DIFFERENT order.

US Food Delivery
Options: Postmates, Uber Eats, DoorDash, Grubhub

Which option do you choose? Respond with the exact option text.","Postmates
",Postmates,"You are playing a coordination game with another agent.
If you both select the SAME option, you each get $1.
You cannot communicate - you must try to coordinate.
Note: The other agent sees the SAME options, but in a DIFFERENT order.

US Food Delivery
Options: DoorDash, Grubhub, Uber Eats, Postmates

Which option do you choose? Respond with the exact option text.","DoorDash
",DoorDash,False
US Messaging Apps,"[""WhatsApp"", ""iMessage"", ""Telegram"", ""Signal""]","[""Signal"", ""WhatsApp"", ""Telegram"", ""iMessage""]","[""Signal"", ""Telegram"", ""iMessage"", ""WhatsApp""]","You are playing a coordination game with another agent.
If you both select the SAME option, you each get $1.
You cannot communicate - you must try to coordinate.
Note: The other agent sees the SAME options, but in a DIFFERENT order.

US Messaging Apps
Options: Signal, WhatsApp, Telegram, iMessage

Which option do you choose? Respond with the exact option text.","Signal
",Signal,"You are playing a coordination game with another agent.
If you both select the SAME option, you each get $1.
You cannot communicate - you must try to coordinate.
Note: The other agent sees the SAME options, but in a DIFFERENT order.

US Messaging Apps
Options: Signal, Telegram, iMessage, WhatsApp

Which option do you choose? Respond with the exact option text.","WhatsApp
",WhatsApp,False
US Productivity Tools,"[""Google Docs"", ""Microsoft Office"", ""Notion"", ""Slack""]","[""Slack"", ""Google Docs"", ""Microsoft Office"", ""Notion""]","[""Microsoft Office"", ""Slack"", ""Notion"", ""Google Docs""]","You are playing a coordination game with another agent.
If you both select the SAME option, you each get $1.
You cannot communicate - you must try to coordinate.
Note: The other agent sees the SAME options, but in a DIFFERENT order.

US Productivity Tools
Options: Slack, Google Docs, Microsoft Office, Notion

Which option do you choose? Respond with the exact option text.","Slack
",Slack,"You are playing a coordination game with another agent.
If you both select the SAME option, you each get $1.
You cannot communicate - you must try to coordinate.
Note: The other agent sees the SAME options, but in a DIFFERENT order.

US Productivity Tools
Options: Microsoft Office, Slack, Notion, Google Docs

Which option do you choose? Respond with the exact option text.","Notion
",Notion,False
US Dating Apps,"[""Tinder"", ""Bumble"", ""Hinge"", ""OkCupid""]","[""Bumble"", ""Tinder"", ""OkCupid"", ""Hinge""]","[""Hinge"", ""Tinder"", ""OkCupid"", ""Bumble""]","You are playing a coordination game with another agent.
If you both select the SAME option, you each get $1.
You cannot communicate - you must try to coordinate.
Note: The other agent sees the SAME options, but in a DIFFERENT order.

US Dating Apps
Options: Bumble, Tinder, OkCupid, Hinge

Which option do you choose? Respond with the exact option text.",Hinge,Hinge,"You are playing a coordination game with another agent.
If you both select the SAME option, you each get $1.
You cannot communicate - you must try to coordinate.
Note: The other agent sees the SAME options, but in a DIFFERENT order.

US Dating Apps
Options: Hinge, Tinder, OkCupid, Bumble

Which option do you choose? Respond with the exact option text.","Hinge
",Hinge,True
中国搜索引擎,"[""百度"", ""搜狗"", ""360搜索"", ""必应""]","[""搜狗"", ""必应"", ""百度"", ""360搜索""]","[""必应"", ""百度"", ""360搜索"", ""搜狗""]","You are playing a coordination game with another agent.
If you both select the SAME option, you each get $1.
You cannot communicate - you must try to coordinate.
Note: The other agent sees the SAME options, but in a DIFFERENT order.

中国搜索引擎
Options: 搜狗, 必应, 百度, 360搜索

Which option do you choose? Respond with the exact option text.","百度
",百度,"You are playing a coordination game with another agent.
If you both select the SAME option, you each get $1.
You cannot communicate - you must try to coordinate.
Note: The other agent sees the SAME options, but in a DIFFERENT order.

中国搜索引擎
Options: 必应, 百度, 360搜索, 搜狗

Which option do you choose? Respond with the exact option text.","必应
",必应,False
中国邮箱服务,"[""QQ邮箱"", ""网易邮箱"", ""139邮箱"", ""新浪邮箱""]","[""139邮箱"", ""网易邮箱"", ""新浪邮箱"", ""QQ邮箱""]","[""139邮箱"", ""新浪邮箱"", ""QQ邮箱"", ""网易邮箱""]","You are playing a coordination game with another agent.
If you both select the SAME option, you each get $1.
You cannot communicate - you must try to coordinate.
Note: The other agent sees the SAME options, but in a DIFFERENT order.

中国邮箱服务
Options: 139邮箱, 网易邮箱, 新浪邮箱, QQ邮箱

Which option do you choose? Respond with the exact option text.","139邮箱
",139邮箱,"You are playing a coordination game with another agent.
If you both select the SAME option, you each get $1.
You cannot communicate - you must try to coordinate.
Note: The other agent sees the SAME options, but in a DIFFERENT order.

中国邮箱服务
Options: 139邮箱, 新浪邮箱, QQ邮箱, 网易邮箱

Which option do you choose? Respond with the exact option text.","139邮箱
",139邮箱,True
中国云服务,"[""阿里云"", ""腾讯云"", ""华为云"", ""百度云""]","[""腾讯云"", ""阿里云"", ""百度云"", ""华为云""]","[""腾讯云"", ""百度云"", ""华为云"", ""阿里云""]","You are playing a coordination game with another agent.
If you both select the SAME option, you each get $1.
You cannot communicate - you must try to coordinate.
Note: The other agent sees the SAME options, but in a DIFFERENT order.

中国云服务
Options: 腾讯云, 阿里云, 百度云, 华为云

Which option do you choose? Respond with the exact option text.","阿里云
",阿里云,"You are playing a coordination game with another agent.
If you both select the SAME option, you each get $1.
You cannot communicate - you must try to coordinate.
Note: The other agent sees the SAME options, but in a DIFFERENT order.

中国云服务
Options: 腾讯云, 百度云, 华为云, 阿里云

Which option do you choose? Respond with the exact option text.","阿里云
",阿里云,True
中国支付平台,"[""支付宝"", ""微信支付"", ""银联"", ""云闪付""]","[""支付宝"", ""银联"", ""微信支付"", ""云闪付""]","[""银联"", ""支付宝"", ""微信支付"", ""云闪付""]","You are playing a coordination game with another agent.
If you both select the SAME option, you each get $1.
You cannot communicate - you must try to coordinate.
Note: The other agent sees the SAME options, but in a DIFFERENT order.

中国支付平台
Options: 支付宝, 银联, 微信支付, 云闪付

Which option do you choose? Respond with the exact option text.","支付宝
",支付宝,"You are playing a coordination game with another agent.
If you both select the SAME option, you each get $1.
You cannot communicate - you must try to coordinate.
Note: The other agent sees the SAME options, but in a DIFFERENT order.

中国支付平台
Options: 银联, 支付宝, 微信支付, 云闪付

Which option do you choose? Respond with the exact option text.","银联
",银联,False
中国电商平台,"[""淘宝"", ""京东"", ""拼多多"", ""唯品会""]","[""京东"", ""拼多多"", ""淘宝"", ""唯品会""]","[""拼多多"", ""淘宝"", ""京东"", ""唯品会""]","You are playing a coordination game with another agent.
If you both select the SAME option, you each get $1.
You cannot communicate - you must try to coordinate.
Note: The other agent sees the SAME options, but in a DIFFERENT order.

中国电商平台
Options: 京东, 拼多多, 淘宝, 唯品会

Which option do you choose? Respond with the exact option text.","淘宝
",淘宝,"You are playing a coordination game with another agent.
If you both select the SAME option, you each get $1.
You cannot communicate - you must try to coordinate.
Note: The other agent sees the SAME options, but in a DIFFERENT order.

中国电商平台
Options: 拼多多, 淘宝, 京东, 唯品会

Which option do you choose? Respond with the exact option text.","淘宝
",淘宝,True
中国出行平台,"[""滴滴"", ""高德打车"", ""曹操出行"", ""美团打车""]","[""美团打车"", ""曹操出行"", ""高德打车"", ""滴滴""]","[""曹操出行"", ""滴滴"", ""美团打车"", ""高德打车""]","You are playing a coordination game with another agent.
If you both select the SAME option, you each get $1.
You cannot communicate - you must try to coordinate.
Note: The other agent sees the SAME options, but in a DIFFERENT order.

中国出行平台
Options: 美团打车, 曹操出行, 高德打车, 滴滴

Which option do you choose? Respond with the exact option text.","美团打车
",美团打车,"You are playing a coordination game with another agent.
If you both select the SAME option, you each get $1.
You cannot communicate - you must try to coordinate.
Note: The other agent sees the SAME options, but in a DIFFERENT order.

中国出行平台
Options: 曹操出行, 滴滴, 美团打车, 高德打车

Which option do you choose? Respond with the exact option text.","曹操出行
",曹操出行,False
中国外卖平台,"[""美团"", ""饿了么"", ""百度外卖"", ""大众点评""]","[""百度外卖"", ""饿了么"", ""美团"", ""大众点评""]","[""饿了么"", ""美团"", ""大众点评"", ""百度外卖""]","You are playing a coordination game with another agent.
If you both select the SAME option, you each get $1.
You cannot communicate - you must try to coordinate.
Note: The other agent sees the SAME options, but in a DIFFERENT order.

中国外卖平台
Options: 百度外卖, 饿了么, 美团, 大众点评

Which option do you choose? Respond with the exact option text.","百度外卖
",百度外卖,"You are playing a coordination game with another agent.
If you both select the SAME option, you each get $1.
You cannot communicate - you must try to coordinate.
Note: The other agent sees the SAME options, but in a DIFFERENT order.

中国外卖平台
Options: 饿了么, 美团, 大众点评, 百度外卖

Which option do you choose? Respond with the exact option text.","饿了么
",饿了么,False
中国聊天工具,"[""微信"", ""QQ"", ""钉钉"", ""飞书""]","[""钉钉"", ""QQ"", ""飞书"", ""微信""]","[""QQ"", ""钉钉"", ""微信"", ""飞书""]","You are playing a coordination game with another agent.
If you both select the SAME option, you each get $1.
You cannot communicate - you must try to coordinate.
Note: The other agent sees the SAME options, but in a DIFFERENT order.

中国聊天工具
Options: 钉钉, QQ, 飞书, 微信

Which option do you choose? Respond with the exact option text.","微信
",微信,"You are playing a coordination game with another agent.
If you both select the SAME option, you each get $1.
You cannot communicate - you must try to coordinate.
Note: The other agent sees the SAME options, but in a DIFFERENT order.

中国聊天工具
Options: QQ, 钉钉, 微信, 飞书

Which option do you choose? Respond with the exact option text.","微信
",微信,True
中国办公工具,"[""钉钉"", ""飞书"", ""企业微信"", ""WPS""]","[""企业微信"", ""钉钉"", ""WPS"", ""飞书""]","[""WPS"", ""企业微信"", ""飞书"", ""钉钉""]","You are playing a coordination game with another agent.
If you both select the SAME option, you each get $1.
You cannot communicate - you must try to coordinate.
Note: The other agent sees the SAME options, but in a DIFFERENT order.

中国办公工具
Options: 企业微信, 钉钉, WPS, 飞书

Which option do you choose? Respond with the exact option text.","企业微信
",企业微信,"You are playing a coordination game with another agent.
If you both select the SAME option, you each get $1.
You cannot communicate - you must try to coordinate.
Note: The other agent sees the SAME options, but in a DIFFERENT order.

中国办公工具
Options: WPS, 企业微信, 飞书, 钉钉

Which option do you choose? Respond with the exact option text.","钉钉
",钉钉,False
中国社交平台,"[""微信"", ""微博"", ""小红书"", ""知乎""]","[""知乎"", ""微博"", ""小红书"", ""微信""]","[""小红书"", ""知乎"", ""微博"", ""微信""]","You are playing a coordination game with another agent.
If you both select the SAME option, you each get $1.
You cannot communicate - you must try to coordinate.
Note: The other agent sees the SAME options, but in a DIFFERENT order.

中国社交平台
Options: 知乎, 微博, 小红书, 微信

Which option do you choose? Respond with the exact option text.","微信
",微信,"You are playing a coordination game with another agent.
If you both select the SAME option, you each get $1.
You cannot communicate - you must try to coordinate.
Note: The other agent sees the SAME options, but in a DIFFERENT order.

中国社交平台
Options: 小红书, 知乎, 微博, 微信

Which option do you choose? Respond with the exact option text.","微信
",微信,True
US Meme Formats,"[""Distracted Boyfriend"", ""This Is Fine"", ""Drake Meme"", ""Woman Yelling at Cat""]","[""Drake Meme"", ""This Is Fine"", ""Distracted Boyfriend"", ""Woman Yelling at Cat""]","[""Drake Meme"", ""Distracted Boyfriend"", ""Woman Yelling at Cat"", ""This Is Fine""]","You are playing a coordination game with another agent.
If you both select the SAME option, you each get $1.
You cannot communicate - you must try to coordinate.
Note: The other agent sees the SAME options, but in a DIFFERENT order.

US Meme Formats
Options: Drake Meme, This Is Fine, Distracted Boyfriend, Woman Yelling at Cat

Which option do you choose? Respond with the exact option text.",This Is Fine,This Is Fine,"You are playing a coordination game with another agent.
If you both select the SAME option, you each get $1.
You cannot communicate - you must try to coordinate.
Note: The other agent sees the SAME options, but in a DIFFERENT order.

US Meme Formats
Options: Drake Meme, Distracted Boyfriend, Woman Yelling at Cat, This Is Fine

Which option do you choose? Respond with the exact option text.",This Is Fine,This Is Fine,True
US Online Slang,"[""LOL"", ""BRB"", ""TL;DR"", ""FOMO""]","[""BRB"", ""TL;DR"", ""FOMO"", ""LOL""]","[""TL;DR"", ""LOL"", ""FOMO"", ""BRB""]","You are playing a coordination game with another agent.
If you both select the SAME option, you each get $1.
You cannot communicate - you must try to coordinate.
Note: The other agent sees the SAME options, but in a DIFFERENT order.

US Online Slang
Options: BRB, TL;DR, FOMO, LOL

Which option do you choose? Respond with the exact option text.","LOL
",LOL,"You are playing a coordination game with another agent.
If you both select the SAME option, you each get $1.
You cannot communicate - you must try to coordinate.
Note: The other agent sees the SAME options, but in a DIFFERENT order.

US Online Slang
Options: TL;DR, LOL, FOMO, BRB

Which option do you choose? Respond with the exact option text.","TL;DR
",TL;DR,False
US Viral Challenges,"[""Ice Bucket Challenge"", ""Mannequin Challenge"", ""Harlem Shake"", ""Tide Pod""]","[""Harlem Shake"", ""Ice Bucket Challenge"", ""Mannequin Challenge"", ""Tide Pod""]","[""Harlem Shake"", ""Mannequin Challenge"", ""Tide Pod"", ""Ice Bucket Challenge""]","You are playing a coordination game with another agent.
If you both select the SAME option, you each get $1.
You cannot communicate - you must try to coordinate.
Note: The other agent sees the SAME options, but in a DIFFERENT order.

US Viral Challenges
Options: Harlem Shake, Ice Bucket Challenge, Mannequin Challenge, Tide Pod

Which option do you choose? Respond with the exact option text.","Harlem Shake 

Here's my reasoning:

*   **Popularity & Recognition:** ""Harlem Shake"" is arguably the most widely recognized and discussed of these challenges. It has the highest chance of being something the other agent will also recognize and consider.
*   **Simplicity:** It's a relatively simple concept to grasp, reducing the chance of misinterpretation.
*   **Balance:** It's not overwhelmingly popular (like Ice Bucket) or obscure (like Mannequin Challenge).

I'm prioritizing a choice that maximizes the probability of a shared understanding.",Mannequin Challenge,"You are playing a coordination game with another agent.
If you both select the SAME option, you each get $1.
You cannot communicate - you must try to coordinate.
Note: The other agent sees the SAME options, but in a DIFFERENT order.

US Viral Challenges
Options: Harlem Shake, Mannequin Challenge, Tide Pod, Ice Bucket Challenge

Which option do you choose? Respond with the exact option text.","Harlem Shake 
",Harlem Shake,False
US Online Communities,"[""Reddit"", ""4chan"", ""Discord"", ""Tumblr""]","[""4chan"", ""Tumblr"", ""Discord"", ""Reddit""]","[""4chan"", ""Discord"", ""Tumblr"", ""Reddit""]","You are playing a coordination game with another agent.
If you both select the SAME option, you each get $1.
You cannot communicate - you must try to coordinate.
Note: The other agent sees the SAME options, but in a DIFFERENT order.

US Online Communities
Options: 4chan, Tumblr, Discord, Reddit

Which option do you choose? Respond with the exact option text.","Reddit
",Reddit,"You are playing a coordination game with another agent.
If you both select the SAME option, you each get $1.
You cannot communicate - you must try to coordinate.
Note: The other agent sees the SAME options, but in a DIFFERENT order.

US Online Communities
Options: 4chan, Discord, Tumblr, Reddit

Which option do you choose? Respond with the exact option text.","Reddit
",Reddit,True
US Streaming Culture,"[""Twitch"", ""YouTube Live"", ""Kick"", ""Facebook Live""]","[""YouTube Live"", ""Kick"", ""Twitch"", ""Facebook Live""]","[""Twitch"", ""Facebook Live"", ""Kick"", ""YouTube Live""]","You are playing a coordination game with another agent.
If you both select the SAME option, you each get $1.
You cannot communicate - you must try to coordinate.
Note: The other agent sees the SAME options, but in a DIFFERENT order.

US Streaming Culture
Options: YouTube Live, Kick, Twitch, Facebook Live

Which option do you choose? Respond with the exact option text.","YouTube Live
",YouTube Live,"You are playing a coordination game with another agent.
If you both select the SAME option, you each get $1.
You cannot communicate - you must try to coordinate.
Note: The other agent sees the SAME options, but in a DIFFERENT order.

US Streaming Culture
Options: Twitch, Facebook Live, Kick, YouTube Live

Which option do you choose? Respond with the exact option text.","Twitch
",Twitch,False
US Hashtag Trends,"[""#TBT"", ""#OOTD"", ""#Goals"", ""#Viral""]","[""#TBT"", ""#OOTD"", ""#Goals"", ""#Viral""]","[""#OOTD"", ""#Goals"", ""#TBT"", ""#Viral""]","You are playing a coordination game with another agent.
If you both select the SAME option, you each get $1.
You cannot communicate - you must try to coordinate.
Note: The other agent sees the SAME options, but in a DIFFERENT order.

US Hashtag Trends
Options: #TBT, #OOTD, #Goals, #Viral

Which option do you choose? Respond with the exact option text.","#TBT
",#TBT,"You are playing a coordination game with another agent.
If you both select the SAME option, you each get $1.
You cannot communicate - you must try to coordinate.
Note: The other agent sees the SAME options, but in a DIFFERENT order.

US Hashtag Trends
Options: #OOTD, #Goals, #TBT, #Viral

Which option do you choose? Respond with the exact option text.","#OOTD
",#OOTD,False
US Online Gaming Terms,"[""GG"", ""NPC"", ""AFK"", ""Noob""]","[""GG"", ""NPC"", ""Noob"", ""AFK""]","[""Noob"", ""GG"", ""AFK"", ""NPC""]","You are playing a coordination game with another agent.
If you both select the SAME option, you each get $1.
You cannot communicate - you must try to coordinate.
Note: The other agent sees the SAME options, but in a DIFFERENT order.

US Online Gaming Terms
Options: GG, NPC, Noob, AFK

Which option do you choose? Respond with the exact option text.","GG
",GG,"You are playing a coordination game with another agent.
If you both select the SAME option, you each get $1.
You cannot communicate - you must try to coordinate.
Note: The other agent sees the SAME options, but in a DIFFERENT order.

US Online Gaming Terms
Options: Noob, GG, AFK, NPC

Which option do you choose? Respond with the exact option text.","AFK
",AFK,False
US Tech Buzzwords,"[""AI"", ""Blockchain"", ""Cloud"", ""Metaverse""]","[""Cloud"", ""AI"", ""Metaverse"", ""Blockchain""]","[""Metaverse"", ""Blockchain"", ""Cloud"", ""AI""]","You are playing a coordination game with another agent.
If you both select the SAME option, you each get $1.
You cannot communicate - you must try to coordinate.
Note: The other agent sees the SAME options, but in a DIFFERENT order.

US Tech Buzzwords
Options: Cloud, AI, Metaverse, Blockchain

Which option do you choose? Respond with the exact option text.","Cloud
",Cloud,"You are playing a coordination game with another agent.
If you both select the SAME option, you each get $1.
You cannot communicate - you must try to coordinate.
Note: The other agent sees the SAME options, but in a DIFFERENT order.

US Tech Buzzwords
Options: Metaverse, Blockchain, Cloud, AI

Which option do you choose? Respond with the exact option text.","AI
",AI,False
US Emoji Usage,"[""😂"", ""❤️"", ""🔥"", ""👍""]","[""👍"", ""😂"", ""❤️"", ""🔥""]","[""😂"", ""❤️"", ""🔥"", ""👍""]","You are playing a coordination game with another agent.
If you both select the SAME option, you each get $1.
You cannot communicate - you must try to coordinate.
Note: The other agent sees the SAME options, but in a DIFFERENT order.

US Emoji Usage
Options: 👍, 😂, ❤️, 🔥

Which option do you choose? Respond with the exact option text.","👍
",👍,"You are playing a coordination game with another agent.
If you both select the SAME option, you each get $1.
You cannot communicate - you must try to coordinate.
Note: The other agent sees the SAME options, but in a DIFFERENT order.

US Emoji Usage
Options: 😂, ❤️, 🔥, 👍

Which option do you choose? Respond with the exact option text.","👍
",👍,True
US Online Habits,"[""Scrolling"", ""Binge-watching"", ""Doom-scrolling"", ""Lurking""]","[""Lurking"", ""Doom-scrolling"", ""Binge-watching"", ""Scrolling""]","[""Doom-scrolling"", ""Lurking"", ""Binge-watching"", ""Scrolling""]","You are playing a coordination game with another agent.
If you both select the SAME option, you each get $1.
You cannot communicate - you must try to coordinate.
Note: The other agent sees the SAME options, but in a DIFFERENT order.

US Online Habits
Options: Lurking, Doom-scrolling, Binge-watching, Scrolling

Which option do you choose? Respond with the exact option text.","Scrolling
",Scrolling,"You are playing a coordination game with another agent.
If you both select the SAME option, you each get $1.
You cannot communicate - you must try to coordinate.
Note: The other agent sees the SAME options, but in a DIFFERENT order.

US Online Habits
Options: Doom-scrolling, Lurking, Binge-watching, Scrolling

Which option do you choose? Respond with the exact option text.","Scrolling
",Scrolling,True
中国网络梗,"[""社会性死亡"", ""凡尔赛"", ""内卷"", ""躺平""]","[""躺平"", ""内卷"", ""社会性死亡"", ""凡尔赛""]","[""社会性死亡"", ""凡尔赛"", ""内卷"", ""躺平""]","You are playing a coordination game with another agent.
If you both select the SAME option, you each get $1.
You cannot communicate - you must try to coordinate.
Note: The other agent sees the SAME options, but in a DIFFERENT order.

中国网络梗
Options: 躺平, 内卷, 社会性死亡, 凡尔赛

Which option do you choose? Respond with the exact option text.","躺平
",躺平,"You are playing a coordination game with another agent.
If you both select the SAME option, you each get $1.
You cannot communicate - you must try to coordinate.
Note: The other agent sees the SAME options, but in a DIFFERENT order.

中国网络梗
Options: 社会性死亡, 凡尔赛, 内卷, 躺平

Which option do you choose? Respond with the exact option text.","躺平
",躺平,True
中国网络用语,"[""666"", ""yyds"", ""绝绝子"", ""emo""]","[""绝绝子"", ""emo"", ""yyds"", ""666""]","[""emo"", ""绝绝子"", ""yyds"", ""666""]","You are playing a coordination game with another agent.
If you both select the SAME option, you each get $1.
You cannot communicate - you must try to coordinate.
Note: The other agent sees the SAME options, but in a DIFFERENT order.

中国网络用语
Options: 绝绝子, emo, yyds, 666

Which option do you choose? Respond with the exact option text.","绝绝子
",绝绝子,"You are playing a coordination game with another agent.
If you both select the SAME option, you each get $1.
You cannot communicate - you must try to coordinate.
Note: The other agent sees the SAME options, but in a DIFFERENT order.

中国网络用语
Options: emo, 绝绝子, yyds, 666

Which option do you choose? Respond with the exact option text.","666
",666,False
中国网络挑战,"[""冰桶挑战"", ""A4腰"", ""反手摸肚脐"", ""手指舞""]","[""冰桶挑战"", ""反手摸肚脐"", ""A4腰"", ""手指舞""]","[""手指舞"", ""反手摸肚脐"", ""冰桶挑战"", ""A4腰""]","You are playing a coordination game with another agent.
If you both select the SAME option, you each get $1.
You cannot communicate - you must try to coordinate.
Note: The other agent sees the SAME options, but in a DIFFERENT order.

中国网络挑战
Options: 冰桶挑战, 反手摸肚脐, A4腰, 手指舞

Which option do you choose? Respond with the exact option text.","A4腰
",A4腰,"You are playing a coordination game with another agent.
If you both select the SAME option, you each get $1.
You cannot communicate - you must try to coordinate.
Note: The other agent sees the SAME options, but in a DIFFERENT order.

中国网络挑战
Options: 手指舞, 反手摸肚脐, 冰桶挑战, A4腰

Which option do you choose? Respond with the exact option text.","A4腰
",A4腰,True
中国网络社区,"[""贴吧"", ""知乎"", ""豆瓣"", ""B站""]","[""知乎"", ""贴吧"", ""豆瓣"", ""B站""]","[""豆瓣"", ""贴吧"", ""B站"", ""知乎""]","You are playing a coordination game with another agent.
If you both select the SAME option, you each get $1.
You cannot communicate - you must try to coordinate.
Note: The other agent sees the SAME options, but in a DIFFERENT order.

中国网络社区
Options: 知乎, 贴吧, 豆瓣, B站

Which option do you choose? Respond with the exact option text.","贴吧
",贴吧,"You are playing a coordination game with another agent.
If you both select the SAME option, you each get $1.
You cannot communicate - you must try to coordinate.
Note: The other agent sees the SAME options, but in a DIFFERENT order.

中国网络社区
Options: 豆瓣, 贴吧, B站, 知乎

Which option do you choose? Respond with the exact option text.","豆瓣
",豆瓣,False
中国直播文化,"[""直播带货"", ""弹幕"", ""刷礼物"", ""打赏""]","[""打赏"", ""直播带货"", ""弹幕"", ""刷礼物""]","[""打赏"", ""直播带货"", ""弹幕"", ""刷礼物""]","You are playing a coordination game with another agent.
If you both select the SAME option, you each get $1.
You cannot communicate - you must try to coordinate.
Note: The other agent sees the SAME options, but in a DIFFERENT order.

中国直播文化
Options: 打赏, 直播带货, 弹幕, 刷礼物

Which option do you choose? Respond with the exact option text.","直播带货
",直播带货,"You are playing a coordination game with another agent.
If you both select the SAME option, you each get $1.
You cannot communicate - you must try to coordinate.
Note: The other agent sees the SAME options, but in a DIFFERENT order.

中国直播文化
Options: 打赏, 直播带货, 弹幕, 刷礼物

Which option do you choose? Respond with the exact option text.","直播带货
",直播带货,True
中国热搜话题,"[""热搜"", ""话题"", ""超话"", ""榜单""]","[""热搜"", ""超话"", ""榜单"", ""话题""]","[""热搜"", ""话题"", ""超话"", ""榜单""]","You are playing a coordination game with another agent.
If you both select the SAME option, you each get $1.
You cannot communicate - you must try to coordinate.
Note: The other agent sees the SAME options, but in a DIFFERENT order.

中国热搜话题
Options: 热搜, 超话, 榜单, 话题

Which option do you choose? Respond with the exact option text.","热搜
",热搜,"You are playing a coordination game with another agent.
If you both select the SAME option, you each get $1.
You cannot communicate - you must try to coordinate.
Note: The other agent sees the SAME options, but in a DIFFERENT order.

中国热搜话题
Options: 热搜, 话题, 超话, 榜单

Which option do you choose? Respond with the exact option text.","热搜
",热搜,True
中国游戏用语,"[""GG"", ""菜鸡"", ""带飞"", ""躺赢""]","[""带飞"", ""菜鸡"", ""GG"", ""躺赢""]","[""带飞"", ""菜鸡"", ""躺赢"", ""GG""]","You are playing a coordination game with another agent.
If you both select the SAME option, you each get $1.
You cannot communicate - you must try to coordinate.
Note: The other agent sees the SAME options, but in a DIFFERENT order.

中国游戏用语
Options: 带飞, 菜鸡, GG, 躺赢

Which option do you choose? Respond with the exact option text.","躺赢
",躺赢,"You are playing a coordination game with another agent.
If you both select the SAME option, you each get $1.
You cannot communicate - you must try to coordinate.
Note: The other agent sees the SAME options, but in a DIFFERENT order.

中国游戏用语
Options: 带飞, 菜鸡, 躺赢, GG

Which option do you choose? Respond with the exact option text.","躺赢
",躺赢,True
中国科技热词,"[""人工智能"", ""大数据"", ""云计算"", ""元宇宙""]","[""元宇宙"", ""云计算"", ""大数据"", ""人工智能""]","[""人工智能"", ""元宇宙"", ""大数据"", ""云计算""]","You are playing a coordination game with another agent.
If you both select the SAME option, you each get $1.
You cannot communicate - you must try to coordinate.
Note: The other agent sees the SAME options, but in a DIFFERENT order.

中国科技热词
Options: 元宇宙, 云计算, 大数据, 人工智能

Which option do you choose? Respond with the exact option text.","人工智能
",人工智能,"You are playing a coordination game with another agent.
If you both select the SAME option, you each get $1.
You cannot communicate - you must try to coordinate.
Note: The other agent sees the SAME options, but in a DIFFERENT order.

中国科技热词
Options: 人工智能, 元宇宙, 大数据, 云计算

Which option do you choose? Respond with the exact option text.","人工智能
",人工智能,True
中国表情包,"[""狗头"", ""微笑"", ""捂脸"", ""滑稽""]","[""滑稽"", ""狗头"", ""微笑"", ""捂脸""]","[""狗头"", ""微笑"", ""滑稽"", ""捂脸""]","You are playing a coordination game with another agent.
If you both select the SAME option, you each get $1.
You cannot communicate - you must try to coordinate.
Note: The other agent sees the SAME options, but in a DIFFERENT order.

中国表情包
Options: 滑稽, 狗头, 微笑, 捂脸

Which option do you choose? Respond with the exact option text.","微笑
",微笑,"You are playing a coordination game with another agent.
If you both select the SAME option, you each get $1.
You cannot communicate - you must try to coordinate.
Note: The other agent sees the SAME options, but in a DIFFERENT order.

中国表情包
Options: 狗头, 微笑, 滑稽, 捂脸

Which option do you choose? Respond with the exact option text.","狗头
",狗头,False
中国网络习惯,"[""刷手机"", ""追剧"", ""网购"", ""打卡""]","[""追剧"", ""刷手机"", ""打卡"", ""网购""]","[""打卡"", ""刷手机"", ""网购"", ""追剧""]","You are playing a coordination game with another agent.
If you both select the SAME option, you each get $1.
You cannot communicate - you must try to coordinate.
Note: The other agent sees the SAME options, but in a DIFFERENT order.

中国网络习惯
Options: 追剧, 刷手机, 打卡, 网购

Which option do you choose? Respond with the exact option text.","追剧
",追剧,"You are playing a coordination game with another agent.
If you both select the SAME option, you each get $1.
You cannot communicate - you must try to coordinate.
Note: The other agent sees the SAME options, but in a DIFFERENT order.

中国网络习惯
Options: 打卡, 刷手机, 网购, 追剧

Which option do you choose? Respond with the exact option text.","刷手机
",刷手机,False
