category,options,order_a,order_b,prompt_a,response_a,choice_a,prompt_b,response_b,choice_b,success
Primary Colors,"[""Red"", ""Blue"", ""Green"", ""Yellow""]","[""Yellow"", ""Red"", ""Green"", ""Blue""]","[""Blue"", ""Yellow"", ""Green"", ""Red""]","You are playing a coordination game with another agent.
If you both select the SAME option, you each get $1.
You cannot communicate - you must try to coordinate.
Note: The other agent sees the SAME options, but in a DIFFERENT order.

Primary Colors
Options: Yellow, Red, Green, Blue

Which option do you choose? Respond with the exact option text.",Blue,Blue,"You are playing a coordination game with another agent.
If you both select the SAME option, you each get $1.
You cannot communicate - you must try to coordinate.
Note: The other agent sees the SAME options, but in a DIFFERENT order.

Primary Colors
Options: Blue, Yellow, Green, Red

Which option do you choose? Respond with the exact option text.",Blue,Blue,True
Warm Colors,"[""Red"", ""Orange"", ""Yellow"", ""Pink""]","[""Pink"", ""Red"", ""Yellow"", ""Orange""]","[""Orange"", ""Yellow"", ""Red"", ""Pink""]","You are playing a coordination game with another agent.
If you both select the SAME option, you each get $1.
You cannot communicate - you must try to coordinate.
Note: The other agent sees the SAME options, but in a DIFFERENT order.

Warm Colors
Options: Pink, Red, Yellow, Orange

Which option do you choose? Respond with the exact option text.",Red,Red,"You are playing a coordination game with another agent.
If you both select the SAME option, you each get $1.
You cannot communicate - you must try to coordinate.
Note: The other agent sees the SAME options, but in a DIFFERENT order.

Warm Colors
Options: Orange, Yellow, Red, Pink

Which option do you choose? Respond with the exact option text.",Red,Red,True
Cool Colors,"[""Blue"", ""Green"", ""Purple"", ""Teal""]","[""Teal"", ""Green"", ""Purple"", ""Blue""]","[""Green"", ""Teal"", ""Purple"", ""Blue""]","You are playing a coordination game with another agent.
If you both select the SAME option, you each get $1.
You cannot communicate - you must try to coordinate.
Note: The other agent sees the SAME options, but in a DIFFERENT order.

Cool Colors
Options: Teal, Green, Purple, Blue

Which option do you choose? Respond with the exact option text.",Blue,Blue,"You are playing a coordination game with another agent.
If you both select the SAME option, you each get $1.
You cannot communicate - you must try to coordinate.
Note: The other agent sees the SAME options, but in a DIFFERENT order.

Cool Colors
Options: Green, Teal, Purple, Blue

Which option do you choose? Respond with the exact option text.",Blue,Blue,True
Basic Shapes,"[""Circle"", ""Square"", ""Triangle"", ""Rectangle""]","[""Rectangle"", ""Triangle"", ""Circle"", ""Square""]","[""Rectangle"", ""Square"", ""Triangle"", ""Circle""]","You are playing a coordination game with another agent.
If you both select the SAME option, you each get $1.
You cannot communicate - you must try to coordinate.
Note: The other agent sees the SAME options, but in a DIFFERENT order.

Basic Shapes
Options: Rectangle, Triangle, Circle, Square

Which option do you choose? Respond with the exact option text.",Circle,Circle,"You are playing a coordination game with another agent.
If you both select the SAME option, you each get $1.
You cannot communicate - you must try to coordinate.
Note: The other agent sees the SAME options, but in a DIFFERENT order.

Basic Shapes
Options: Rectangle, Square, Triangle, Circle

Which option do you choose? Respond with the exact option text.",Circle,Circle,True
Geometric Shapes,"[""Triangle"", ""Square"", ""Pentagon"", ""Hexagon""]","[""Square"", ""Hexagon"", ""Triangle"", ""Pentagon""]","[""Triangle"", ""Hexagon"", ""Square"", ""Pentagon""]","You are playing a coordination game with another agent.
If you both select the SAME option, you each get $1.
You cannot communicate - you must try to coordinate.
Note: The other agent sees the SAME options, but in a DIFFERENT order.

Geometric Shapes
Options: Square, Hexagon, Triangle, Pentagon

Which option do you choose? Respond with the exact option text.",Triangle,Triangle,"You are playing a coordination game with another agent.
If you both select the SAME option, you each get $1.
You cannot communicate - you must try to coordinate.
Note: The other agent sees the SAME options, but in a DIFFERENT order.

Geometric Shapes
Options: Triangle, Hexagon, Square, Pentagon

Which option do you choose? Respond with the exact option text.",Triangle,Triangle,True
基本颜色,"[""红色"", ""蓝色"", ""绿色"", ""黄色""]","[""黄色"", ""绿色"", ""红色"", ""蓝色""]","[""蓝色"", ""绿色"", ""黄色"", ""红色""]","You are playing a coordination game with another agent.
If you both select the SAME option, you each get $1.
You cannot communicate - you must try to coordinate.
Note: The other agent sees the SAME options, but in a DIFFERENT order.

基本颜色
Options: 黄色, 绿色, 红色, 蓝色

Which option do you choose? Respond with the exact option text.",红色,红色,"You are playing a coordination game with another agent.
If you both select the SAME option, you each get $1.
You cannot communicate - you must try to coordinate.
Note: The other agent sees the SAME options, but in a DIFFERENT order.

基本颜色
Options: 蓝色, 绿色, 黄色, 红色

Which option do you choose? Respond with the exact option text.",红色,红色,True
暖色,"[""红色"", ""橙色"", ""黄色"", ""粉色""]","[""红色"", ""橙色"", ""粉色"", ""黄色""]","[""粉色"", ""橙色"", ""红色"", ""黄色""]","You are playing a coordination game with another agent.
If you both select the SAME option, you each get $1.
You cannot communicate - you must try to coordinate.
Note: The other agent sees the SAME options, but in a DIFFERENT order.

暖色
Options: 红色, 橙色, 粉色, 黄色

Which option do you choose? Respond with the exact option text.",红色,红色,"You are playing a coordination game with another agent.
If you both select the SAME option, you each get $1.
You cannot communicate - you must try to coordinate.
Note: The other agent sees the SAME options, but in a DIFFERENT order.

暖色
Options: 粉色, 橙色, 红色, 黄色

Which option do you choose? Respond with the exact option text.",红色,红色,True
冷色,"[""蓝色"", ""绿色"", ""紫色"", ""青色""]","[""紫色"", ""青色"", ""蓝色"", ""绿色""]","[""青色"", ""绿色"", ""蓝色"", ""紫色""]","You are playing a coordination game with another agent.
If you both select the SAME option, you each get $1.
You cannot communicate - you must try to coordinate.
Note: The other agent sees the SAME options, but in a DIFFERENT order.

冷色
Options: 紫色, 青色, 蓝色, 绿色

Which option do you choose? Respond with the exact option text.",蓝色,蓝色,"You are playing a coordination game with another agent.
If you both select the SAME option, you each get $1.
You cannot communicate - you must try to coordinate.
Note: The other agent sees the SAME options, but in a DIFFERENT order.

冷色
Options: 青色, 绿色, 蓝色, 紫色

Which option do you choose? Respond with the exact option text.",蓝色,蓝色,True
基本形状,"[""圆形"", ""方形"", ""三角形"", ""矩形""]","[""三角形"", ""方形"", ""矩形"", ""圆形""]","[""矩形"", ""圆形"", ""三角形"", ""方形""]","You are playing a coordination game with another agent.
If you both select the SAME option, you each get $1.
You cannot communicate - you must try to coordinate.
Note: The other agent sees the SAME options, but in a DIFFERENT order.

基本形状
Options: 三角形, 方形, 矩形, 圆形

Which option do you choose? Respond with the exact option text.",圆形,圆形,"You are playing a coordination game with another agent.
If you both select the SAME option, you each get $1.
You cannot communicate - you must try to coordinate.
Note: The other agent sees the SAME options, but in a DIFFERENT order.

基本形状
Options: 矩形, 圆形, 三角形, 方形

Which option do you choose? Respond with the exact option text.",圆形,圆形,True
几何图形,"[""三角形"", ""正方形"", ""五边形"", ""六边形""]","[""六边形"", ""五边形"", ""正方形"", ""三角形""]","[""正方形"", ""三角形"", ""六边形"", ""五边形""]","You are playing a coordination game with another agent.
If you both select the SAME option, you each get $1.
You cannot communicate - you must try to coordinate.
Note: The other agent sees the SAME options, but in a DIFFERENT order.

几何图形
Options: 六边形, 五边形, 正方形, 三角形

Which option do you choose? Respond with the exact option text.",三角形,三角形,"You are playing a coordination game with another agent.
If you both select the SAME option, you each get $1.
You cannot communicate - you must try to coordinate.
Note: The other agent sees the SAME options, but in a DIFFERENT order.

几何图形
Options: 正方形, 三角形, 六边形, 五边形

Which option do you choose? Respond with the exact option text.",三角形,三角形,True
Compass Directions,"[""North"", ""South"", ""East"", ""West""]","[""South"", ""East"", ""West"", ""North""]","[""West"", ""South"", ""East"", ""North""]","You are playing a coordination game with another agent.
If you both select the SAME option, you each get $1.
You cannot communicate - you must try to coordinate.
Note: The other agent sees the SAME options, but in a DIFFERENT order.

Compass Directions
Options: South, East, West, North

Which option do you choose? Respond with the exact option text.",North,North,"You are playing a coordination game with another agent.
If you both select the SAME option, you each get $1.
You cannot communicate - you must try to coordinate.
Note: The other agent sees the SAME options, but in a DIFFERENT order.

Compass Directions
Options: West, South, East, North

Which option do you choose? Respond with the exact option text.",North,North,True
Vertical Directions,"[""Up"", ""Down"", ""Left"", ""Right""]","[""Down"", ""Right"", ""Up"", ""Left""]","[""Down"", ""Up"", ""Left"", ""Right""]","You are playing a coordination game with another agent.
If you both select the SAME option, you each get $1.
You cannot communicate - you must try to coordinate.
Note: The other agent sees the SAME options, but in a DIFFERENT order.

Vertical Directions
Options: Down, Right, Up, Left

Which option do you choose? Respond with the exact option text.",Down,Down,"You are playing a coordination game with another agent.
If you both select the SAME option, you each get $1.
You cannot communicate - you must try to coordinate.
Note: The other agent sees the SAME options, but in a DIFFERENT order.

Vertical Directions
Options: Down, Up, Left, Right

Which option do you choose? Respond with the exact option text.",Up,Up,False
Spatial Relations,"[""Above"", ""Below"", ""Left"", ""Right""]","[""Right"", ""Below"", ""Left"", ""Above""]","[""Above"", ""Left"", ""Right"", ""Below""]","You are playing a coordination game with another agent.
If you both select the SAME option, you each get $1.
You cannot communicate - you must try to coordinate.
Note: The other agent sees the SAME options, but in a DIFFERENT order.

Spatial Relations
Options: Right, Below, Left, Above

Which option do you choose? Respond with the exact option text.",Above,Above,"You are playing a coordination game with another agent.
If you both select the SAME option, you each get $1.
You cannot communicate - you must try to coordinate.
Note: The other agent sees the SAME options, but in a DIFFERENT order.

Spatial Relations
Options: Above, Left, Right, Below

Which option do you choose? Respond with the exact option text.",Above,Above,True
Extremes of Size,"[""Tiny"", ""Small"", ""Large"", ""Huge""]","[""Huge"", ""Tiny"", ""Large"", ""Small""]","[""Small"", ""Tiny"", ""Large"", ""Huge""]","You are playing a coordination game with another agent.
If you both select the SAME option, you each get $1.
You cannot communicate - you must try to coordinate.
Note: The other agent sees the SAME options, but in a DIFFERENT order.

Extremes of Size
Options: Huge, Tiny, Large, Small

Which option do you choose? Respond with the exact option text.",Huge,Huge,"You are playing a coordination game with another agent.
If you both select the SAME option, you each get $1.
You cannot communicate - you must try to coordinate.
Note: The other agent sees the SAME options, but in a DIFFERENT order.

Extremes of Size
Options: Small, Tiny, Large, Huge

Which option do you choose? Respond with the exact option text.",Huge,Huge,True
Extremes of Temperature,"[""Freezing"", ""Cold"", ""Hot"", ""Boiling""]","[""Boiling"", ""Freezing"", ""Hot"", ""Cold""]","[""Hot"", ""Freezing"", ""Cold"", ""Boiling""]","You are playing a coordination game with another agent.
If you both select the SAME option, you each get $1.
You cannot communicate - you must try to coordinate.
Note: The other agent sees the SAME options, but in a DIFFERENT order.

Extremes of Temperature
Options: Boiling, Freezing, Hot, Cold

Which option do you choose? Respond with the exact option text.",Boiling,Boiling,"You are playing a coordination game with another agent.
If you both select the SAME option, you each get $1.
You cannot communicate - you must try to coordinate.
Note: The other agent sees the SAME options, but in a DIFFERENT order.

Extremes of Temperature
Options: Hot, Freezing, Cold, Boiling

Which option do you choose? Respond with the exact option text.",Boiling,Boiling,True
方向,"[""东"", ""南"", ""西"", ""北""]","[""西"", ""南"", ""东"", ""北""]","[""东"", ""南"", ""西"", ""北""]","You are playing a coordination game with another agent.
If you both select the SAME option, you each get $1.
You cannot communicate - you must try to coordinate.
Note: The other agent sees the SAME options, but in a DIFFERENT order.

方向
Options: 西, 南, 东, 北

Which option do you choose? Respond with the exact option text.",北,北,"You are playing a coordination game with another agent.
If you both select the SAME option, you each get $1.
You cannot communicate - you must try to coordinate.
Note: The other agent sees the SAME options, but in a DIFFERENT order.

方向
Options: 东, 南, 西, 北

Which option do you choose? Respond with the exact option text.",东,东,False
空间方位,"[""上"", ""下"", ""左"", ""右""]","[""下"", ""右"", ""左"", ""上""]","[""右"", ""上"", ""左"", ""下""]","You are playing a coordination game with another agent.
If you both select the SAME option, you each get $1.
You cannot communicate - you must try to coordinate.
Note: The other agent sees the SAME options, but in a DIFFERENT order.

空间方位
Options: 下, 右, 左, 上

Which option do you choose? Respond with the exact option text.",上,上,"You are playing a coordination game with another agent.
If you both select the SAME option, you each get $1.
You cannot communicate - you must try to coordinate.
Note: The other agent sees the SAME options, but in a DIFFERENT order.

空间方位
Options: 右, 上, 左, 下

Which option do you choose? Respond with the exact option text.",上,上,True
大小极端,"[""极小"", ""小"", ""大"", ""极大""]","[""大"", ""小"", ""极小"", ""极大""]","[""极大"", ""大"", ""小"", ""极小""]","You are playing a coordination game with another agent.
If you both select the SAME option, you each get $1.
You cannot communicate - you must try to coordinate.
Note: The other agent sees the SAME options, but in a DIFFERENT order.

大小极端
Options: 大, 小, 极小, 极大

Which option do you choose? Respond with the exact option text.",大,大,"You are playing a coordination game with another agent.
If you both select the SAME option, you each get $1.
You cannot communicate - you must try to coordinate.
Note: The other agent sees the SAME options, but in a DIFFERENT order.

大小极端
Options: 极大, 大, 小, 极小

Which option do you choose? Respond with the exact option text.",极大,极大,False
温度极端,"[""冰冷"", ""冷"", ""热"", ""滚烫""]","[""冰冷"", ""冷"", ""滚烫"", ""热""]","[""冷"", ""冰冷"", ""滚烫"", ""热""]","You are playing a coordination game with another agent.
If you both select the SAME option, you each get $1.
You cannot communicate - you must try to coordinate.
Note: The other agent sees the SAME options, but in a DIFFERENT order.

温度极端
Options: 冰冷, 冷, 滚烫, 热

Which option do you choose? Respond with the exact option text.",冰冷,冰冷,"You are playing a coordination game with another agent.
If you both select the SAME option, you each get $1.
You cannot communicate - you must try to coordinate.
Note: The other agent sees the SAME options, but in a DIFFERENT order.

温度极端
Options: 冷, 冰冷, 滚烫, 热

Which option do you choose? Respond with the exact option text.",滚烫,滚烫,False
速度,"[""缓慢"", ""快"", ""迅速"", ""飞速""]","[""快"", ""缓慢"", ""迅速"", ""飞速""]","[""快"", ""飞速"", ""缓慢"", ""迅速""]","You are playing a coordination game with another agent.
If you both select the SAME option, you each get $1.
You cannot communicate - you must try to coordinate.
Note: The other agent sees the SAME options, but in a DIFFERENT order.

速度
Options: 快, 缓慢, 迅速, 飞速

Which option do you choose? Respond with the exact option text.",快,快,"You are playing a coordination game with another agent.
If you both select the SAME option, you each get $1.
You cannot communicate - you must try to coordinate.
Note: The other agent sees the SAME options, but in a DIFFERENT order.

速度
Options: 快, 飞速, 缓慢, 迅速

Which option do you choose? Respond with the exact option text.",快,快,True
Extremes of Speed,"[""Slow"", ""Fast"", ""Quick"", ""Rapid""]","[""Quick"", ""Slow"", ""Rapid"", ""Fast""]","[""Slow"", ""Fast"", ""Rapid"", ""Quick""]","You are playing a coordination game with another agent.
If you both select the SAME option, you each get $1.
You cannot communicate - you must try to coordinate.
Note: The other agent sees the SAME options, but in a DIFFERENT order.

Extremes of Speed
Options: Quick, Slow, Rapid, Fast

Which option do you choose? Respond with the exact option text.",Fast,Fast,"You are playing a coordination game with another agent.
If you both select the SAME option, you each get $1.
You cannot communicate - you must try to coordinate.
Note: The other agent sees the SAME options, but in a DIFFERENT order.

Extremes of Speed
Options: Slow, Fast, Rapid, Quick

Which option do you choose? Respond with the exact option text.",Slow,Slow,False
Extremes of Weight,"[""Feather"", ""Stone"", ""Boulder"", ""Mountain""]","[""Stone"", ""Boulder"", ""Feather"", ""Mountain""]","[""Boulder"", ""Mountain"", ""Feather"", ""Stone""]","You are playing a coordination game with another agent.
If you both select the SAME option, you each get $1.
You cannot communicate - you must try to coordinate.
Note: The other agent sees the SAME options, but in a DIFFERENT order.

Extremes of Weight
Options: Stone, Boulder, Feather, Mountain

Which option do you choose? Respond with the exact option text.",Mountain,Mountain,"You are playing a coordination game with another agent.
If you both select the SAME option, you each get $1.
You cannot communicate - you must try to coordinate.
Note: The other agent sees the SAME options, but in a DIFFERENT order.

Extremes of Weight
Options: Boulder, Mountain, Feather, Stone

Which option do you choose? Respond with the exact option text.",Feather,Feather,False
Light and Dark,"[""Dawn"", ""Dusk"", ""Midnight"", ""Noon""]","[""Noon"", ""Dawn"", ""Dusk"", ""Midnight""]","[""Noon"", ""Dawn"", ""Midnight"", ""Dusk""]","You are playing a coordination game with another agent.
If you both select the SAME option, you each get $1.
You cannot communicate - you must try to coordinate.
Note: The other agent sees the SAME options, but in a DIFFERENT order.

Light and Dark
Options: Noon, Dawn, Dusk, Midnight

Which option do you choose? Respond with the exact option text.",Dawn,Dawn,"You are playing a coordination game with another agent.
If you both select the SAME option, you each get $1.
You cannot communicate - you must try to coordinate.
Note: The other agent sees the SAME options, but in a DIFFERENT order.

Light and Dark
Options: Noon, Dawn, Midnight, Dusk

Which option do you choose? Respond with the exact option text.",Noon,Noon,False
Sound Levels,"[""Whisper"", ""Murmur"", ""Shout"", ""Scream""]","[""Shout"", ""Murmur"", ""Whisper"", ""Scream""]","[""Shout"", ""Murmur"", ""Scream"", ""Whisper""]","You are playing a coordination game with another agent.
If you both select the SAME option, you each get $1.
You cannot communicate - you must try to coordinate.
Note: The other agent sees the SAME options, but in a DIFFERENT order.

Sound Levels
Options: Shout, Murmur, Whisper, Scream

Which option do you choose? Respond with the exact option text.",Whisper,Whisper,"You are playing a coordination game with another agent.
If you both select the SAME option, you each get $1.
You cannot communicate - you must try to coordinate.
Note: The other agent sees the SAME options, but in a DIFFERENT order.

Sound Levels
Options: Shout, Murmur, Scream, Whisper

Which option do you choose? Respond with the exact option text.",Murmur,Murmur,False
Texture Words,"[""Smooth"", ""Rough"", ""Soft"", ""Hard""]","[""Smooth"", ""Hard"", ""Rough"", ""Soft""]","[""Hard"", ""Soft"", ""Rough"", ""Smooth""]","You are playing a coordination game with another agent.
If you both select the SAME option, you each get $1.
You cannot communicate - you must try to coordinate.
Note: The other agent sees the SAME options, but in a DIFFERENT order.

Texture Words
Options: Smooth, Hard, Rough, Soft

Which option do you choose? Respond with the exact option text.",Smooth,Smooth,"You are playing a coordination game with another agent.
If you both select the SAME option, you each get $1.
You cannot communicate - you must try to coordinate.
Note: The other agent sees the SAME options, but in a DIFFERENT order.

Texture Words
Options: Hard, Soft, Rough, Smooth

Which option do you choose? Respond with the exact option text.",Hard,Hard,False
明暗程度,"[""昏暗"", ""微光"", ""明亮"", ""刺眼""]","[""明亮"", ""微光"", ""昏暗"", ""刺眼""]","[""昏暗"", ""刺眼"", ""明亮"", ""微光""]","You are playing a coordination game with another agent.
If you both select the SAME option, you each get $1.
You cannot communicate - you must try to coordinate.
Note: The other agent sees the SAME options, but in a DIFFERENT order.

明暗程度
Options: 明亮, 微光, 昏暗, 刺眼

Which option do you choose? Respond with the exact option text.",明亮,明亮,"You are playing a coordination game with another agent.
If you both select the SAME option, you each get $1.
You cannot communicate - you must try to coordinate.
Note: The other agent sees the SAME options, but in a DIFFERENT order.

明暗程度
Options: 昏暗, 刺眼, 明亮, 微光

Which option do you choose? Respond with the exact option text.",明亮,明亮,True
声音大小,"[""耳语"", ""低语"", ""喊叫"", ""尖叫""]","[""低语"", ""尖叫"", ""耳语"", ""喊叫""]","[""耳语"", ""喊叫"", ""尖叫"", ""低语""]","You are playing a coordination game with another agent.
If you both select the SAME option, you each get $1.
You cannot communicate - you must try to coordinate.
Note: The other agent sees the SAME options, but in a DIFFERENT order.

声音大小
Options: 低语, 尖叫, 耳语, 喊叫

Which option do you choose? Respond with the exact option text.",低语,低语,"You are playing a coordination game with another agent.
If you both select the SAME option, you each get $1.
You cannot communicate - you must try to coordinate.
Note: The other agent sees the SAME options, but in a DIFFERENT order.

声音大小
Options: 耳语, 喊叫, 尖叫, 低语

Which option do you choose? Respond with the exact option text.",耳语,耳语,False
质感,"[""光滑"", ""粗糙"", ""柔软"", ""坚硬""]","[""粗糙"", ""光滑"", ""坚硬"", ""柔软""]","[""粗糙"", ""柔软"", ""坚硬"", ""光滑""]","You are playing a coordination game with another agent.
If you both select the SAME option, you each get $1.
You cannot communicate - you must try to coordinate.
Note: The other agent sees the SAME options, but in a DIFFERENT order.

质感
Options: 粗糙, 光滑, 坚硬, 柔软

Which option do you choose? Respond with the exact option text.",光滑,光滑,"You are playing a coordination game with another agent.
If you both select the SAME option, you each get $1.
You cannot communicate - you must try to coordinate.
Note: The other agent sees the SAME options, but in a DIFFERENT order.

质感
Options: 粗糙, 柔软, 坚硬, 光滑

Which option do you choose? Respond with the exact option text.",光滑,光滑,True
线条类型,"[""直线"", ""曲线"", ""折线"", ""螺旋""]","[""直线"", ""曲线"", ""折线"", ""螺旋""]","[""直线"", ""折线"", ""螺旋"", ""曲线""]","You are playing a coordination game with another agent.
If you both select the SAME option, you each get $1.
You cannot communicate - you must try to coordinate.
Note: The other agent sees the SAME options, but in a DIFFERENT order.

线条类型
Options: 直线, 曲线, 折线, 螺旋

Which option do you choose? Respond with the exact option text.",直线,直线,"You are playing a coordination game with another agent.
If you both select the SAME option, you each get $1.
You cannot communicate - you must try to coordinate.
Note: The other agent sees the SAME options, but in a DIFFERENT order.

线条类型
Options: 直线, 折线, 螺旋, 曲线

Which option do you choose? Respond with the exact option text.",直线,直线,True
亮度级别,"[""暗淡"", ""微亮"", ""明亮"", ""耀眼""]","[""耀眼"", ""微亮"", ""暗淡"", ""明亮""]","[""暗淡"", ""明亮"", ""微亮"", ""耀眼""]","You are playing a coordination game with another agent.
If you both select the SAME option, you each get $1.
You cannot communicate - you must try to coordinate.
Note: The other agent sees the SAME options, but in a DIFFERENT order.

亮度级别
Options: 耀眼, 微亮, 暗淡, 明亮

Which option do you choose? Respond with the exact option text.",耀眼,耀眼,"You are playing a coordination game with another agent.
If you both select the SAME option, you each get $1.
You cannot communicate - you must try to coordinate.
Note: The other agent sees the SAME options, but in a DIFFERENT order.

亮度级别
Options: 暗淡, 明亮, 微亮, 耀眼

Which option do you choose? Respond with the exact option text.",耀眼,耀眼,True
Basic Patterns,"[""Stripe"", ""Dot"", ""Check"", ""Wave""]","[""Stripe"", ""Check"", ""Dot"", ""Wave""]","[""Check"", ""Stripe"", ""Wave"", ""Dot""]","You are playing a coordination game with another agent.
If you both select the SAME option, you each get $1.
You cannot communicate - you must try to coordinate.
Note: The other agent sees the SAME options, but in a DIFFERENT order.

Basic Patterns
Options: Stripe, Check, Dot, Wave

Which option do you choose? Respond with the exact option text.",Dot,Dot,"You are playing a coordination game with another agent.
If you both select the SAME option, you each get $1.
You cannot communicate - you must try to coordinate.
Note: The other agent sees the SAME options, but in a DIFFERENT order.

Basic Patterns
Options: Check, Stripe, Wave, Dot

Which option do you choose? Respond with the exact option text.",Check,Check,False
Line Types,"[""Straight"", ""Curved"", ""Zigzag"", ""Spiral""]","[""Zigzag"", ""Curved"", ""Straight"", ""Spiral""]","[""Straight"", ""Curved"", ""Spiral"", ""Zigzag""]","You are playing a coordination game with another agent.
If you both select the SAME option, you each get $1.
You cannot communicate - you must try to coordinate.
Note: The other agent sees the SAME options, but in a DIFFERENT order.

Line Types
Options: Zigzag, Curved, Straight, Spiral

Which option do you choose? Respond with the exact option text.",Straight,Straight,"You are playing a coordination game with another agent.
If you both select the SAME option, you each get $1.
You cannot communicate - you must try to coordinate.
Note: The other agent sees the SAME options, but in a DIFFERENT order.

Line Types
Options: Straight, Curved, Spiral, Zigzag

Which option do you choose? Respond with the exact option text.",Straight,Straight,True
Depth Levels,"[""Surface"", ""Shallow"", ""Deep"", ""Bottomless""]","[""Shallow"", ""Deep"", ""Surface"", ""Bottomless""]","[""Bottomless"", ""Surface"", ""Shallow"", ""Deep""]","You are playing a coordination game with another agent.
If you both select the SAME option, you each get $1.
You cannot communicate - you must try to coordinate.
Note: The other agent sees the SAME options, but in a DIFFERENT order.

Depth Levels
Options: Shallow, Deep, Surface, Bottomless

Which option do you choose? Respond with the exact option text.",Deep,Deep,"You are playing a coordination game with another agent.
If you both select the SAME option, you each get $1.
You cannot communicate - you must try to coordinate.
Note: The other agent sees the SAME options, but in a DIFFERENT order.

Depth Levels
Options: Bottomless, Surface, Shallow, Deep

Which option do you choose? Respond with the exact option text.",Deep,Deep,True
Brightness Levels,"[""Dim"", ""Glow"", ""Bright"", ""Blinding""]","[""Glow"", ""Blinding"", ""Dim"", ""Bright""]","[""Bright"", ""Dim"", ""Glow"", ""Blinding""]","You are playing a coordination game with another agent.
If you both select the SAME option, you each get $1.
You cannot communicate - you must try to coordinate.
Note: The other agent sees the SAME options, but in a DIFFERENT order.

Brightness Levels
Options: Glow, Blinding, Dim, Bright

Which option do you choose? Respond with the exact option text.",Blinding,Blinding,"You are playing a coordination game with another agent.
If you both select the SAME option, you each get $1.
You cannot communicate - you must try to coordinate.
Note: The other agent sees the SAME options, but in a DIFFERENT order.

Brightness Levels
Options: Bright, Dim, Glow, Blinding

Which option do you choose? Respond with the exact option text.",Blinding,Blinding,True
Color Families,"[""Red"", ""Blue"", ""Green"", ""Black""]","[""Red"", ""Black"", ""Green"", ""Blue""]","[""Red"", ""Black"", ""Green"", ""Blue""]","You are playing a coordination game with another agent.
If you both select the SAME option, you each get $1.
You cannot communicate - you must try to coordinate.
Note: The other agent sees the SAME options, but in a DIFFERENT order.

Color Families
Options: Red, Black, Green, Blue

Which option do you choose? Respond with the exact option text.",Red,Red,"You are playing a coordination game with another agent.
If you both select the SAME option, you each get $1.
You cannot communicate - you must try to coordinate.
Note: The other agent sees the SAME options, but in a DIFFERENT order.

Color Families
Options: Red, Black, Green, Blue

Which option do you choose? Respond with the exact option text.",Black,Black,False
深浅程度,"[""表面"", ""浅"", ""深"", ""极深""]","[""浅"", ""极深"", ""深"", ""表面""]","[""深"", ""表面"", ""极深"", ""浅""]","You are playing a coordination game with another agent.
If you both select the SAME option, you each get $1.
You cannot communicate - you must try to coordinate.
Note: The other agent sees the SAME options, but in a DIFFERENT order.

深浅程度
Options: 浅, 极深, 深, 表面

Which option do you choose? Respond with the exact option text.",深,深,"You are playing a coordination game with another agent.
If you both select the SAME option, you each get $1.
You cannot communicate - you must try to coordinate.
Note: The other agent sees the SAME options, but in a DIFFERENT order.

深浅程度
Options: 深, 表面, 极深, 浅

Which option do you choose? Respond with the exact option text.","Looking at this coordination game, I need to find a ""focal point"" - an option that would naturally stand out to both me and the other agent, since we can't communicate and see different orderings.

The options are:
- 深 (deep)
- 表面
- 极深
- 浅

I'll choose **深** (deep).

My reasoning: This is the simplest, most ""default"" option - it's a single character representing the base concept from which the others derive (极深/extremely deep extends it, 浅/shallow opposes it). In coordination games without communication, simple and fundamental concepts often serve as natural meeting points.

I'm betting the other agent will reason similarly and also select 深.深",表面,False
图案,"[""条纹"", ""圆点"", ""格子"", ""波浪""]","[""波浪"", ""条纹"", ""格子"", ""圆点""]","[""格子"", ""圆点"", ""条纹"", ""波浪""]","You are playing a coordination game with another agent.
If you both select the SAME option, you each get $1.
You cannot communicate - you must try to coordinate.
Note: The other agent sees the SAME options, but in a DIFFERENT order.

图案
Options: 波浪, 条纹, 格子, 圆点

Which option do you choose? Respond with the exact option text.",格子,格子,"You are playing a coordination game with another agent.
If you both select the SAME option, you each get $1.
You cannot communicate - you must try to coordinate.
Note: The other agent sees the SAME options, but in a DIFFERENT order.

图案
Options: 格子, 圆点, 条纹, 波浪

Which option do you choose? Respond with the exact option text.",波浪,波浪,False
颜色系列,"[""红色"", ""蓝色"", ""绿色"", ""黑色""]","[""蓝色"", ""黑色"", ""红色"", ""绿色""]","[""黑色"", ""绿色"", ""蓝色"", ""红色""]","You are playing a coordination game with another agent.
If you both select the SAME option, you each get $1.
You cannot communicate - you must try to coordinate.
Note: The other agent sees the SAME options, but in a DIFFERENT order.

颜色系列
Options: 蓝色, 黑色, 红色, 绿色

Which option do you choose? Respond with the exact option text.",红色,红色,"You are playing a coordination game with another agent.
If you both select the SAME option, you each get $1.
You cannot communicate - you must try to coordinate.
Note: The other agent sees the SAME options, but in a DIFFERENT order.

颜色系列
Options: 黑色, 绿色, 蓝色, 红色

Which option do you choose? Respond with the exact option text.",红色,红色,True
光线,"[""晨光"", ""暮光"", ""正午"", ""午夜""]","[""正午"", ""晨光"", ""暮光"", ""午夜""]","[""午夜"", ""晨光"", ""暮光"", ""正午""]","You are playing a coordination game with another agent.
If you both select the SAME option, you each get $1.
You cannot communicate - you must try to coordinate.
Note: The other agent sees the SAME options, but in a DIFFERENT order.

光线
Options: 正午, 晨光, 暮光, 午夜

Which option do you choose? Respond with the exact option text.",晨光,晨光,"You are playing a coordination game with another agent.
If you both select the SAME option, you each get $1.
You cannot communicate - you must try to coordinate.
Note: The other agent sees the SAME options, but in a DIFFERENT order.

光线
Options: 午夜, 晨光, 暮光, 正午

Which option do you choose? Respond with the exact option text.",晨光,晨光,True
声音频率,"[""低沉"", ""柔和"", ""响亮"", ""尖锐""]","[""低沉"", ""尖锐"", ""柔和"", ""响亮""]","[""尖锐"", ""柔和"", ""响亮"", ""低沉""]","You are playing a coordination game with another agent.
If you both select the SAME option, you each get $1.
You cannot communicate - you must try to coordinate.
Note: The other agent sees the SAME options, but in a DIFFERENT order.

声音频率
Options: 低沉, 尖锐, 柔和, 响亮

Which option do you choose? Respond with the exact option text.",低沉,低沉,"You are playing a coordination game with another agent.
If you both select the SAME option, you each get $1.
You cannot communicate - you must try to coordinate.
Note: The other agent sees the SAME options, but in a DIFFERENT order.

声音频率
Options: 尖锐, 柔和, 响亮, 低沉

Which option do you choose? Respond with the exact option text.",低沉,低沉,True
Single Digit Numbers,"[""7"", ""3"", ""5"", ""9""]","[""7"", ""3"", ""5"", ""9""]","[""7"", ""5"", ""3"", ""9""]","You are playing a coordination game with another agent.
If you both select the SAME option, you each get $1.
You cannot communicate - you must try to coordinate.
Note: The other agent sees the SAME options, but in a DIFFERENT order.

Single Digit Numbers
Options: 7, 3, 5, 9

Which option do you choose? Respond with the exact option text.",9,9,"You are playing a coordination game with another agent.
If you both select the SAME option, you each get $1.
You cannot communicate - you must try to coordinate.
Note: The other agent sees the SAME options, but in a DIFFERENT order.

Single Digit Numbers
Options: 7, 5, 3, 9

Which option do you choose? Respond with the exact option text.",3,3,False
Round Numbers,"[""10"", ""50"", ""100"", ""1000""]","[""1000"", ""100"", ""10"", ""50""]","[""10"", ""50"", ""1000"", ""100""]","You are playing a coordination game with another agent.
If you both select the SAME option, you each get $1.
You cannot communicate - you must try to coordinate.
Note: The other agent sees the SAME options, but in a DIFFERENT order.

Round Numbers
Options: 1000, 100, 10, 50

Which option do you choose? Respond with the exact option text.",1000,1000,"You are playing a coordination game with another agent.
If you both select the SAME option, you each get $1.
You cannot communicate - you must try to coordinate.
Note: The other agent sees the SAME options, but in a DIFFERENT order.

Round Numbers
Options: 10, 50, 1000, 100

Which option do you choose? Respond with the exact option text.",1000,1000,True
Lucky Numbers,"[""7"", ""8"", ""3"", ""11""]","[""7"", ""11"", ""8"", ""3""]","[""7"", ""8"", ""3"", ""11""]","You are playing a coordination game with another agent.
If you both select the SAME option, you each get $1.
You cannot communicate - you must try to coordinate.
Note: The other agent sees the SAME options, but in a DIFFERENT order.

Lucky Numbers
Options: 7, 11, 8, 3

Which option do you choose? Respond with the exact option text.",7,7,"You are playing a coordination game with another agent.
If you both select the SAME option, you each get $1.
You cannot communicate - you must try to coordinate.
Note: The other agent sees the SAME options, but in a DIFFERENT order.

Lucky Numbers
Options: 7, 8, 3, 11

Which option do you choose? Respond with the exact option text.",7,7,True
Even Numbers,"[""2"", ""4"", ""6"", ""8""]","[""2"", ""4"", ""8"", ""6""]","[""6"", ""8"", ""2"", ""4""]","You are playing a coordination game with another agent.
If you both select the SAME option, you each get $1.
You cannot communicate - you must try to coordinate.
Note: The other agent sees the SAME options, but in a DIFFERENT order.

Even Numbers
Options: 2, 4, 8, 6

Which option do you choose? Respond with the exact option text.",2,2,"You are playing a coordination game with another agent.
If you both select the SAME option, you each get $1.
You cannot communicate - you must try to coordinate.
Note: The other agent sees the SAME options, but in a DIFFERENT order.

Even Numbers
Options: 6, 8, 2, 4

Which option do you choose? Respond with the exact option text.",2,2,True
Odd Numbers,"[""3"", ""5"", ""7"", ""9""]","[""5"", ""3"", ""9"", ""7""]","[""5"", ""9"", ""7"", ""3""]","You are playing a coordination game with another agent.
If you both select the SAME option, you each get $1.
You cannot communicate - you must try to coordinate.
Note: The other agent sees the SAME options, but in a DIFFERENT order.

Odd Numbers
Options: 5, 3, 9, 7

Which option do you choose? Respond with the exact option text.",9,9,"You are playing a coordination game with another agent.
If you both select the SAME option, you each get $1.
You cannot communicate - you must try to coordinate.
Note: The other agent sees the SAME options, but in a DIFFERENT order.

Odd Numbers
Options: 5, 9, 7, 3

Which option do you choose? Respond with the exact option text.",3,3,False
个位数字,"[""7"", ""3"", ""5"", ""9""]","[""3"", ""7"", ""9"", ""5""]","[""5"", ""3"", ""9"", ""7""]","You are playing a coordination game with another agent.
If you both select the SAME option, you each get $1.
You cannot communicate - you must try to coordinate.
Note: The other agent sees the SAME options, but in a DIFFERENT order.

个位数字
Options: 3, 7, 9, 5

Which option do you choose? Respond with the exact option text.",9,9,"You are playing a coordination game with another agent.
If you both select the SAME option, you each get $1.
You cannot communicate - you must try to coordinate.
Note: The other agent sees the SAME options, but in a DIFFERENT order.

个位数字
Options: 5, 3, 9, 7

Which option do you choose? Respond with the exact option text.",9,9,True
整数,"[""10"", ""50"", ""100"", ""1000""]","[""1000"", ""50"", ""100"", ""10""]","[""1000"", ""100"", ""50"", ""10""]","You are playing a coordination game with another agent.
If you both select the SAME option, you each get $1.
You cannot communicate - you must try to coordinate.
Note: The other agent sees the SAME options, but in a DIFFERENT order.

整数
Options: 1000, 50, 100, 10

Which option do you choose? Respond with the exact option text.",1000,1000,"You are playing a coordination game with another agent.
If you both select the SAME option, you each get $1.
You cannot communicate - you must try to coordinate.
Note: The other agent sees the SAME options, but in a DIFFERENT order.

整数
Options: 1000, 100, 50, 10

Which option do you choose? Respond with the exact option text.",1000,1000,True
幸运数字,"[""8"", ""6"", ""9"", ""3""]","[""9"", ""8"", ""3"", ""6""]","[""6"", ""9"", ""3"", ""8""]","You are playing a coordination game with another agent.
If you both select the SAME option, you each get $1.
You cannot communicate - you must try to coordinate.
Note: The other agent sees the SAME options, but in a DIFFERENT order.

幸运数字
Options: 9, 8, 3, 6

Which option do you choose? Respond with the exact option text.",8,8,"You are playing a coordination game with another agent.
If you both select the SAME option, you each get $1.
You cannot communicate - you must try to coordinate.
Note: The other agent sees the SAME options, but in a DIFFERENT order.

幸运数字
Options: 6, 9, 3, 8

Which option do you choose? Respond with the exact option text.",8,8,True
偶数,"[""2"", ""4"", ""6"", ""8""]","[""4"", ""6"", ""2"", ""8""]","[""6"", ""2"", ""8"", ""4""]","You are playing a coordination game with another agent.
If you both select the SAME option, you each get $1.
You cannot communicate - you must try to coordinate.
Note: The other agent sees the SAME options, but in a DIFFERENT order.

偶数
Options: 4, 6, 2, 8

Which option do you choose? Respond with the exact option text.",2,2,"You are playing a coordination game with another agent.
If you both select the SAME option, you each get $1.
You cannot communicate - you must try to coordinate.
Note: The other agent sees the SAME options, but in a DIFFERENT order.

偶数
Options: 6, 2, 8, 4

Which option do you choose? Respond with the exact option text.",2,2,True
奇数,"[""3"", ""5"", ""7"", ""9""]","[""3"", ""9"", ""5"", ""7""]","[""3"", ""7"", ""9"", ""5""]","You are playing a coordination game with another agent.
If you both select the SAME option, you each get $1.
You cannot communicate - you must try to coordinate.
Note: The other agent sees the SAME options, but in a DIFFERENT order.

奇数
Options: 3, 9, 5, 7

Which option do you choose? Respond with the exact option text.",3,3,"You are playing a coordination game with another agent.
If you both select the SAME option, you each get $1.
You cannot communicate - you must try to coordinate.
Note: The other agent sees the SAME options, but in a DIFFERENT order.

奇数
Options: 3, 7, 9, 5

Which option do you choose? Respond with the exact option text.",3,3,True
Times of Day,"[""Morning"", ""Afternoon"", ""Evening"", ""Night""]","[""Morning"", ""Evening"", ""Afternoon"", ""Night""]","[""Evening"", ""Night"", ""Morning"", ""Afternoon""]","You are playing a coordination game with another agent.
If you both select the SAME option, you each get $1.
You cannot communicate - you must try to coordinate.
Note: The other agent sees the SAME options, but in a DIFFERENT order.

Times of Day
Options: Morning, Evening, Afternoon, Night

Which option do you choose? Respond with the exact option text.",Morning,Morning,"You are playing a coordination game with another agent.
If you both select the SAME option, you each get $1.
You cannot communicate - you must try to coordinate.
Note: The other agent sees the SAME options, but in a DIFFERENT order.

Times of Day
Options: Evening, Night, Morning, Afternoon

Which option do you choose? Respond with the exact option text.",Morning,Morning,True
Days of the Week,"[""Monday"", ""Wednesday"", ""Friday"", ""Sunday""]","[""Wednesday"", ""Monday"", ""Sunday"", ""Friday""]","[""Monday"", ""Friday"", ""Wednesday"", ""Sunday""]","You are playing a coordination game with another agent.
If you both select the SAME option, you each get $1.
You cannot communicate - you must try to coordinate.
Note: The other agent sees the SAME options, but in a DIFFERENT order.

Days of the Week
Options: Wednesday, Monday, Sunday, Friday

Which option do you choose? Respond with the exact option text.",Monday,Monday,"You are playing a coordination game with another agent.
If you both select the SAME option, you each get $1.
You cannot communicate - you must try to coordinate.
Note: The other agent sees the SAME options, but in a DIFFERENT order.

Days of the Week
Options: Monday, Friday, Wednesday, Sunday

Which option do you choose? Respond with the exact option text.",Monday,Monday,True
Seasons,"[""Spring"", ""Summer"", ""Autumn"", ""Winter""]","[""Winter"", ""Summer"", ""Spring"", ""Autumn""]","[""Winter"", ""Spring"", ""Summer"", ""Autumn""]","You are playing a coordination game with another agent.
If you both select the SAME option, you each get $1.
You cannot communicate - you must try to coordinate.
Note: The other agent sees the SAME options, but in a DIFFERENT order.

Seasons
Options: Winter, Summer, Spring, Autumn

Which option do you choose? Respond with the exact option text.",Autumn,Autumn,"You are playing a coordination game with another agent.
If you both select the SAME option, you each get $1.
You cannot communicate - you must try to coordinate.
Note: The other agent sees the SAME options, but in a DIFFERENT order.

Seasons
Options: Winter, Spring, Summer, Autumn

Which option do you choose? Respond with the exact option text.",Autumn,Autumn,True
Months,"[""January"", ""June"", ""September"", ""December""]","[""December"", ""September"", ""June"", ""January""]","[""September"", ""December"", ""January"", ""June""]","You are playing a coordination game with another agent.
If you both select the SAME option, you each get $1.
You cannot communicate - you must try to coordinate.
Note: The other agent sees the SAME options, but in a DIFFERENT order.

Months
Options: December, September, June, January

Which option do you choose? Respond with the exact option text.",January,January,"You are playing a coordination game with another agent.
If you both select the SAME option, you each get $1.
You cannot communicate - you must try to coordinate.
Note: The other agent sees the SAME options, but in a DIFFERENT order.

Months
Options: September, December, January, June

Which option do you choose? Respond with the exact option text.",January,January,True
Basic Emotions,"[""Happy"", ""Sad"", ""Angry"", ""Afraid""]","[""Afraid"", ""Happy"", ""Sad"", ""Angry""]","[""Afraid"", ""Angry"", ""Happy"", ""Sad""]","You are playing a coordination game with another agent.
If you both select the SAME option, you each get $1.
You cannot communicate - you must try to coordinate.
Note: The other agent sees the SAME options, but in a DIFFERENT order.

Basic Emotions
Options: Afraid, Happy, Sad, Angry

Which option do you choose? Respond with the exact option text.",Happy,Happy,"You are playing a coordination game with another agent.
If you both select the SAME option, you each get $1.
You cannot communicate - you must try to coordinate.
Note: The other agent sees the SAME options, but in a DIFFERENT order.

Basic Emotions
Options: Afraid, Angry, Happy, Sad

Which option do you choose? Respond with the exact option text.",Happy,Happy,True
一天中的时间,"[""早上"", ""下午"", ""傍晚"", ""深夜""]","[""早上"", ""深夜"", ""傍晚"", ""下午""]","[""下午"", ""傍晚"", ""深夜"", ""早上""]","You are playing a coordination game with another agent.
If you both select the SAME option, you each get $1.
You cannot communicate - you must try to coordinate.
Note: The other agent sees the SAME options, but in a DIFFERENT order.

一天中的时间
Options: 早上, 深夜, 傍晚, 下午

Which option do you choose? Respond with the exact option text.",早上,早上,"You are playing a coordination game with another agent.
If you both select the SAME option, you each get $1.
You cannot communicate - you must try to coordinate.
Note: The other agent sees the SAME options, but in a DIFFERENT order.

一天中的时间
Options: 下午, 傍晚, 深夜, 早上

Which option do you choose? Respond with the exact option text.",早上,早上,True
一周的日子,"[""周一"", ""周三"", ""周五"", ""周日""]","[""周一"", ""周五"", ""周三"", ""周日""]","[""周五"", ""周一"", ""周日"", ""周三""]","You are playing a coordination game with another agent.
If you both select the SAME option, you each get $1.
You cannot communicate - you must try to coordinate.
Note: The other agent sees the SAME options, but in a DIFFERENT order.

一周的日子
Options: 周一, 周五, 周三, 周日

Which option do you choose? Respond with the exact option text.",周一,周一,"You are playing a coordination game with another agent.
If you both select the SAME option, you each get $1.
You cannot communicate - you must try to coordinate.
Note: The other agent sees the SAME options, but in a DIFFERENT order.

一周的日子
Options: 周五, 周一, 周日, 周三

Which option do you choose? Respond with the exact option text.",周一,周一,True
季节,"[""春天"", ""夏天"", ""秋天"", ""冬天""]","[""夏天"", ""春天"", ""冬天"", ""秋天""]","[""冬天"", ""夏天"", ""秋天"", ""春天""]","You are playing a coordination game with another agent.
If you both select the SAME option, you each get $1.
You cannot communicate - you must try to coordinate.
Note: The other agent sees the SAME options, but in a DIFFERENT order.

季节
Options: 夏天, 春天, 冬天, 秋天

Which option do you choose? Respond with the exact option text.",春天,春天,"You are playing a coordination game with another agent.
If you both select the SAME option, you each get $1.
You cannot communicate - you must try to coordinate.
Note: The other agent sees the SAME options, but in a DIFFERENT order.

季节
Options: 冬天, 夏天, 秋天, 春天

Which option do you choose? Respond with the exact option text.",春天,春天,True
月份,"[""一月"", ""六月"", ""九月"", ""十二月""]","[""九月"", ""十二月"", ""六月"", ""一月""]","[""一月"", ""十二月"", ""六月"", ""九月""]","You are playing a coordination game with another agent.
If you both select the SAME option, you each get $1.
You cannot communicate - you must try to coordinate.
Note: The other agent sees the SAME options, but in a DIFFERENT order.

月份
Options: 九月, 十二月, 六月, 一月

Which option do you choose? Respond with the exact option text.",一月,一月,"You are playing a coordination game with another agent.
If you both select the SAME option, you each get $1.
You cannot communicate - you must try to coordinate.
Note: The other agent sees the SAME options, but in a DIFFERENT order.

月份
Options: 一月, 十二月, 六月, 九月

Which option do you choose? Respond with the exact option text.",一月,一月,True
基本情绪,"[""开心"", ""难过"", ""生气"", ""害怕""]","[""难过"", ""生气"", ""开心"", ""害怕""]","[""害怕"", ""开心"", ""生气"", ""难过""]","You are playing a coordination game with another agent.
If you both select the SAME option, you each get $1.
You cannot communicate - you must try to coordinate.
Note: The other agent sees the SAME options, but in a DIFFERENT order.

基本情绪
Options: 难过, 生气, 开心, 害怕

Which option do you choose? Respond with the exact option text.",开心,开心,"You are playing a coordination game with another agent.
If you both select the SAME option, you each get $1.
You cannot communicate - you must try to coordinate.
Note: The other agent sees the SAME options, but in a DIFFERENT order.

基本情绪
Options: 害怕, 开心, 生气, 难过

Which option do you choose? Respond with the exact option text.",开心,开心,True
Positive Feelings,"[""Joy"", ""Love"", ""Hope"", ""Gratitude""]","[""Gratitude"", ""Joy"", ""Love"", ""Hope""]","[""Hope"", ""Gratitude"", ""Love"", ""Joy""]","You are playing a coordination game with another agent.
If you both select the SAME option, you each get $1.
You cannot communicate - you must try to coordinate.
Note: The other agent sees the SAME options, but in a DIFFERENT order.

Positive Feelings
Options: Gratitude, Joy, Love, Hope

Which option do you choose? Respond with the exact option text.",Love,Love,"You are playing a coordination game with another agent.
If you both select the SAME option, you each get $1.
You cannot communicate - you must try to coordinate.
Note: The other agent sees the SAME options, but in a DIFFERENT order.

Positive Feelings
Options: Hope, Gratitude, Love, Joy

Which option do you choose? Respond with the exact option text.",Love,Love,True
Negative Feelings,"[""Anger"", ""Sadness"", ""Fear"", ""Disgust""]","[""Disgust"", ""Sadness"", ""Fear"", ""Anger""]","[""Disgust"", ""Anger"", ""Fear"", ""Sadness""]","You are playing a coordination game with another agent.
If you both select the SAME option, you each get $1.
You cannot communicate - you must try to coordinate.
Note: The other agent sees the SAME options, but in a DIFFERENT order.

Negative Feelings
Options: Disgust, Sadness, Fear, Anger

Which option do you choose? Respond with the exact option text.",Anger,Anger,"You are playing a coordination game with another agent.
If you both select the SAME option, you each get $1.
You cannot communicate - you must try to coordinate.
Note: The other agent sees the SAME options, but in a DIFFERENT order.

Negative Feelings
Options: Disgust, Anger, Fear, Sadness

Which option do you choose? Respond with the exact option text.",Anger,Anger,True
Social Emotions,"[""Pride"", ""Shame"", ""Guilt"", ""Envy""]","[""Envy"", ""Guilt"", ""Shame"", ""Pride""]","[""Guilt"", ""Pride"", ""Envy"", ""Shame""]","You are playing a coordination game with another agent.
If you both select the SAME option, you each get $1.
You cannot communicate - you must try to coordinate.
Note: The other agent sees the SAME options, but in a DIFFERENT order.

Social Emotions
Options: Envy, Guilt, Shame, Pride

Which option do you choose? Respond with the exact option text.",Pride,Pride,"You are playing a coordination game with another agent.
If you both select the SAME option, you each get $1.
You cannot communicate - you must try to coordinate.
Note: The other agent sees the SAME options, but in a DIFFERENT order.

Social Emotions
Options: Guilt, Pride, Envy, Shame

Which option do you choose? Respond with the exact option text.",Pride,Pride,True
Calm Emotions,"[""Peace"", ""Contentment"", ""Serenity"", ""Relief""]","[""Peace"", ""Relief"", ""Serenity"", ""Contentment""]","[""Peace"", ""Relief"", ""Contentment"", ""Serenity""]","You are playing a coordination game with another agent.
If you both select the SAME option, you each get $1.
You cannot communicate - you must try to coordinate.
Note: The other agent sees the SAME options, but in a DIFFERENT order.

Calm Emotions
Options: Peace, Relief, Serenity, Contentment

Which option do you choose? Respond with the exact option text.",Peace,Peace,"You are playing a coordination game with another agent.
If you both select the SAME option, you each get $1.
You cannot communicate - you must try to coordinate.
Note: The other agent sees the SAME options, but in a DIFFERENT order.

Calm Emotions
Options: Peace, Relief, Contentment, Serenity

Which option do you choose? Respond with the exact option text.",Contentment,Contentment,False
Intense Emotions,"[""Rage"", ""Euphoria"", ""Terror"", ""Ecstasy""]","[""Rage"", ""Terror"", ""Ecstasy"", ""Euphoria""]","[""Rage"", ""Ecstasy"", ""Terror"", ""Euphoria""]","You are playing a coordination game with another agent.
If you both select the SAME option, you each get $1.
You cannot communicate - you must try to coordinate.
Note: The other agent sees the SAME options, but in a DIFFERENT order.

Intense Emotions
Options: Rage, Terror, Ecstasy, Euphoria

Which option do you choose? Respond with the exact option text.",Rage,Rage,"You are playing a coordination game with another agent.
If you both select the SAME option, you each get $1.
You cannot communicate - you must try to coordinate.
Note: The other agent sees the SAME options, but in a DIFFERENT order.

Intense Emotions
Options: Rage, Ecstasy, Terror, Euphoria

Which option do you choose? Respond with the exact option text.",Rage,Rage,True
积极情绪,"[""喜悦"", ""爱"", ""希望"", ""感恩""]","[""感恩"", ""希望"", ""爱"", ""喜悦""]","[""感恩"", ""喜悦"", ""爱"", ""希望""]","You are playing a coordination game with another agent.
If you both select the SAME option, you each get $1.
You cannot communicate - you must try to coordinate.
Note: The other agent sees the SAME options, but in a DIFFERENT order.

积极情绪
Options: 感恩, 希望, 爱, 喜悦

Which option do you choose? Respond with the exact option text.",爱,爱,"You are playing a coordination game with another agent.
If you both select the SAME option, you each get $1.
You cannot communicate - you must try to coordinate.
Note: The other agent sees the SAME options, but in a DIFFERENT order.

积极情绪
Options: 感恩, 喜悦, 爱, 希望

Which option do you choose? Respond with the exact option text.",爱,爱,True
消极情绪,"[""愤怒"", ""悲伤"", ""恐惧"", ""厌恶""]","[""恐惧"", ""厌恶"", ""愤怒"", ""悲伤""]","[""厌恶"", ""愤怒"", ""悲伤"", ""恐惧""]","You are playing a coordination game with another agent.
If you both select the SAME option, you each get $1.
You cannot communicate - you must try to coordinate.
Note: The other agent sees the SAME options, but in a DIFFERENT order.

消极情绪
Options: 恐惧, 厌恶, 愤怒, 悲伤

Which option do you choose? Respond with the exact option text.",悲伤,悲伤,"You are playing a coordination game with another agent.
If you both select the SAME option, you each get $1.
You cannot communicate - you must try to coordinate.
Note: The other agent sees the SAME options, but in a DIFFERENT order.

消极情绪
Options: 厌恶, 愤怒, 悲伤, 恐惧

Which option do you choose? Respond with the exact option text.",悲伤,悲伤,True
社会情绪,"[""骄傲"", ""羞耻"", ""内疚"", ""嫉妒""]","[""嫉妒"", ""内疚"", ""骄傲"", ""羞耻""]","[""羞耻"", ""骄傲"", ""内疚"", ""嫉妒""]","You are playing a coordination game with another agent.
If you both select the SAME option, you each get $1.
You cannot communicate - you must try to coordinate.
Note: The other agent sees the SAME options, but in a DIFFERENT order.

社会情绪
Options: 嫉妒, 内疚, 骄傲, 羞耻

Which option do you choose? Respond with the exact option text.",骄傲,骄傲,"You are playing a coordination game with another agent.
If you both select the SAME option, you each get $1.
You cannot communicate - you must try to coordinate.
Note: The other agent sees the SAME options, but in a DIFFERENT order.

社会情绪
Options: 羞耻, 骄傲, 内疚, 嫉妒

Which option do you choose? Respond with the exact option text.",骄傲,骄傲,True
平静情绪,"[""平和"", ""满足"", ""安宁"", ""释然""]","[""释然"", ""满足"", ""平和"", ""安宁""]","[""安宁"", ""满足"", ""平和"", ""释然""]","You are playing a coordination game with another agent.
If you both select the SAME option, you each get $1.
You cannot communicate - you must try to coordinate.
Note: The other agent sees the SAME options, but in a DIFFERENT order.

平静情绪
Options: 释然, 满足, 平和, 安宁

Which option do you choose? Respond with the exact option text.",平和,平和,"You are playing a coordination game with another agent.
If you both select the SAME option, you each get $1.
You cannot communicate - you must try to coordinate.
Note: The other agent sees the SAME options, but in a DIFFERENT order.

平静情绪
Options: 安宁, 满足, 平和, 释然

Which option do you choose? Respond with the exact option text.",平和,平和,True
强烈情绪,"[""暴怒"", ""狂喜"", ""恐惧"", ""兴奋""]","[""恐惧"", ""狂喜"", ""兴奋"", ""暴怒""]","[""暴怒"", ""狂喜"", ""兴奋"", ""恐惧""]","You are playing a coordination game with another agent.
If you both select the SAME option, you each get $1.
You cannot communicate - you must try to coordinate.
Note: The other agent sees the SAME options, but in a DIFFERENT order.

强烈情绪
Options: 恐惧, 狂喜, 兴奋, 暴怒

Which option do you choose? Respond with the exact option text.",暴怒,暴怒,"You are playing a coordination game with another agent.
If you both select the SAME option, you each get $1.
You cannot communicate - you must try to coordinate.
Note: The other agent sees the SAME options, but in a DIFFERENT order.

强烈情绪
Options: 暴怒, 狂喜, 兴奋, 恐惧

Which option do you choose? Respond with the exact option text.",狂喜,狂喜,False
Morning Hours,"[""6 AM"", ""7 AM"", ""8 AM"", ""9 AM""]","[""8 AM"", ""6 AM"", ""9 AM"", ""7 AM""]","[""9 AM"", ""7 AM"", ""6 AM"", ""8 AM""]","You are playing a coordination game with another agent.
If you both select the SAME option, you each get $1.
You cannot communicate - you must try to coordinate.
Note: The other agent sees the SAME options, but in a DIFFERENT order.

Morning Hours
Options: 8 AM, 6 AM, 9 AM, 7 AM

Which option do you choose? Respond with the exact option text.",8 AM,8 AM,"You are playing a coordination game with another agent.
If you both select the SAME option, you each get $1.
You cannot communicate - you must try to coordinate.
Note: The other agent sees the SAME options, but in a DIFFERENT order.

Morning Hours
Options: 9 AM, 7 AM, 6 AM, 8 AM

Which option do you choose? Respond with the exact option text.",9 AM,9 AM,False
Time Periods,"[""Hour"", ""Day"", ""Week"", ""Month""]","[""Day"", ""Week"", ""Hour"", ""Month""]","[""Day"", ""Week"", ""Hour"", ""Month""]","You are playing a coordination game with another agent.
If you both select the SAME option, you each get $1.
You cannot communicate - you must try to coordinate.
Note: The other agent sees the SAME options, but in a DIFFERENT order.

Time Periods
Options: Day, Week, Hour, Month

Which option do you choose? Respond with the exact option text.",Day,Day,"You are playing a coordination game with another agent.
If you both select the SAME option, you each get $1.
You cannot communicate - you must try to coordinate.
Note: The other agent sees the SAME options, but in a DIFFERENT order.

Time Periods
Options: Day, Week, Hour, Month

Which option do you choose? Respond with the exact option text.",Day,Day,True
Clock Times,"[""12:00"", ""3:00"", ""6:00"", ""9:00""]","[""3:00"", ""12:00"", ""9:00"", ""6:00""]","[""6:00"", ""3:00"", ""9:00"", ""12:00""]","You are playing a coordination game with another agent.
If you both select the SAME option, you each get $1.
You cannot communicate - you must try to coordinate.
Note: The other agent sees the SAME options, but in a DIFFERENT order.

Clock Times
Options: 3:00, 12:00, 9:00, 6:00

Which option do you choose? Respond with the exact option text.",12:00,12:00,"You are playing a coordination game with another agent.
If you both select the SAME option, you each get $1.
You cannot communicate - you must try to coordinate.
Note: The other agent sees the SAME options, but in a DIFFERENT order.

Clock Times
Options: 6:00, 3:00, 9:00, 12:00

Which option do you choose? Respond with the exact option text.",12:00,12:00,True
Holiday Seasons,"[""Christmas"", ""New Year"", ""Halloween"", ""Easter""]","[""New Year"", ""Halloween"", ""Christmas"", ""Easter""]","[""Halloween"", ""Christmas"", ""New Year"", ""Easter""]","You are playing a coordination game with another agent.
If you both select the SAME option, you each get $1.
You cannot communicate - you must try to coordinate.
Note: The other agent sees the SAME options, but in a DIFFERENT order.

Holiday Seasons
Options: New Year, Halloween, Christmas, Easter

Which option do you choose? Respond with the exact option text.",Christmas,Christmas,"You are playing a coordination game with another agent.
If you both select the SAME option, you each get $1.
You cannot communicate - you must try to coordinate.
Note: The other agent sees the SAME options, but in a DIFFERENT order.

Holiday Seasons
Options: Halloween, Christmas, New Year, Easter

Which option do you choose? Respond with the exact option text.",Christmas,Christmas,True
Year Divisions,"[""January"", ""April"", ""July"", ""October""]","[""October"", ""April"", ""January"", ""July""]","[""July"", ""January"", ""April"", ""October""]","You are playing a coordination game with another agent.
If you both select the SAME option, you each get $1.
You cannot communicate - you must try to coordinate.
Note: The other agent sees the SAME options, but in a DIFFERENT order.

Year Divisions
Options: October, April, January, July

Which option do you choose? Respond with the exact option text.",January,January,"You are playing a coordination game with another agent.
If you both select the SAME option, you each get $1.
You cannot communicate - you must try to coordinate.
Note: The other agent sees the SAME options, but in a DIFFERENT order.

Year Divisions
Options: July, January, April, October

Which option do you choose? Respond with the exact option text.",January,January,True
时段,"[""清晨"", ""上午"", ""下午"", ""傍晚""]","[""傍晚"", ""清晨"", ""下午"", ""上午""]","[""清晨"", ""上午"", ""傍晚"", ""下午""]","You are playing a coordination game with another agent.
If you both select the SAME option, you each get $1.
You cannot communicate - you must try to coordinate.
Note: The other agent sees the SAME options, but in a DIFFERENT order.

时段
Options: 傍晚, 清晨, 下午, 上午

Which option do you choose? Respond with the exact option text.",清晨,清晨,"You are playing a coordination game with another agent.
If you both select the SAME option, you each get $1.
You cannot communicate - you must try to coordinate.
Note: The other agent sees the SAME options, but in a DIFFERENT order.

时段
Options: 清晨, 上午, 傍晚, 下午

Which option do you choose? Respond with the exact option text.",清晨,清晨,True
时间单位,"[""小时"", ""天"", ""周"", ""月""]","[""小时"", ""天"", ""月"", ""周""]","[""周"", ""天"", ""月"", ""小时""]","You are playing a coordination game with another agent.
If you both select the SAME option, you each get $1.
You cannot communicate - you must try to coordinate.
Note: The other agent sees the SAME options, but in a DIFFERENT order.

时间单位
Options: 小时, 天, 月, 周

Which option do you choose? Respond with the exact option text.",小时,小时,"You are playing a coordination game with another agent.
If you both select the SAME option, you each get $1.
You cannot communicate - you must try to coordinate.
Note: The other agent sees the SAME options, but in a DIFFERENT order.

时间单位
Options: 周, 天, 月, 小时

Which option do you choose? Respond with the exact option text.",小时,小时,True
钟点,"[""12点"", ""3点"", ""6点"", ""9点""]","[""3点"", ""12点"", ""6点"", ""9点""]","[""9点"", ""12点"", ""3点"", ""6点""]","You are playing a coordination game with another agent.
If you both select the SAME option, you each get $1.
You cannot communicate - you must try to coordinate.
Note: The other agent sees the SAME options, but in a DIFFERENT order.

钟点
Options: 3点, 12点, 6点, 9点

Which option do you choose? Respond with the exact option text.",12点,12点,"You are playing a coordination game with another agent.
If you both select the SAME option, you each get $1.
You cannot communicate - you must try to coordinate.
Note: The other agent sees the SAME options, but in a DIFFERENT order.

钟点
Options: 9点, 12点, 3点, 6点

Which option do you choose? Respond with the exact option text.",12点,12点,True
节气,"[""立春"", ""清明"", ""立秋"", ""冬至""]","[""清明"", ""立春"", ""冬至"", ""立秋""]","[""冬至"", ""立秋"", ""立春"", ""清明""]","You are playing a coordination game with another agent.
If you both select the SAME option, you each get $1.
You cannot communicate - you must try to coordinate.
Note: The other agent sees the SAME options, but in a DIFFERENT order.

节气
Options: 清明, 立春, 冬至, 立秋

Which option do you choose? Respond with the exact option text.",立春,立春,"You are playing a coordination game with another agent.
If you both select the SAME option, you each get $1.
You cannot communicate - you must try to coordinate.
Note: The other agent sees the SAME options, but in a DIFFERENT order.

节气
Options: 冬至, 立秋, 立春, 清明

Which option do you choose? Respond with the exact option text.",立春,立春,True
年份划分,"[""正月"", ""四月"", ""七月"", ""十月""]","[""十月"", ""七月"", ""正月"", ""四月""]","[""七月"", ""正月"", ""四月"", ""十月""]","You are playing a coordination game with another agent.
If you both select the SAME option, you each get $1.
You cannot communicate - you must try to coordinate.
Note: The other agent sees the SAME options, but in a DIFFERENT order.

年份划分
Options: 十月, 七月, 正月, 四月

Which option do you choose? Respond with the exact option text.",正月,正月,"You are playing a coordination game with another agent.
If you both select the SAME option, you each get $1.
You cannot communicate - you must try to coordinate.
Note: The other agent sees the SAME options, but in a DIFFERENT order.

年份划分
Options: 七月, 正月, 四月, 十月

Which option do you choose? Respond with the exact option text.",正月,正月,True
Farm Animals,"[""Cow"", ""Pig"", ""Sheep"", ""Chicken""]","[""Chicken"", ""Pig"", ""Cow"", ""Sheep""]","[""Pig"", ""Sheep"", ""Chicken"", ""Cow""]","You are playing a coordination game with another agent.
If you both select the SAME option, you each get $1.
You cannot communicate - you must try to coordinate.
Note: The other agent sees the SAME options, but in a DIFFERENT order.

Farm Animals
Options: Chicken, Pig, Cow, Sheep

Which option do you choose? Respond with the exact option text.",Chicken,Chicken,"You are playing a coordination game with another agent.
If you both select the SAME option, you each get $1.
You cannot communicate - you must try to coordinate.
Note: The other agent sees the SAME options, but in a DIFFERENT order.

Farm Animals
Options: Pig, Sheep, Chicken, Cow

Which option do you choose? Respond with the exact option text.",Chicken,Chicken,True
Wild Animals,"[""Lion"", ""Elephant"", ""Tiger"", ""Bear""]","[""Bear"", ""Elephant"", ""Tiger"", ""Lion""]","[""Bear"", ""Tiger"", ""Elephant"", ""Lion""]","You are playing a coordination game with another agent.
If you both select the SAME option, you each get $1.
You cannot communicate - you must try to coordinate.
Note: The other agent sees the SAME options, but in a DIFFERENT order.

Wild Animals
Options: Bear, Elephant, Tiger, Lion

Which option do you choose? Respond with the exact option text.",Lion,Lion,"You are playing a coordination game with another agent.
If you both select the SAME option, you each get $1.
You cannot communicate - you must try to coordinate.
Note: The other agent sees the SAME options, but in a DIFFERENT order.

Wild Animals
Options: Bear, Tiger, Elephant, Lion

Which option do you choose? Respond with the exact option text.",Lion,Lion,True
Pet Animals,"[""Dog"", ""Cat"", ""Fish"", ""Hamster""]","[""Hamster"", ""Cat"", ""Dog"", ""Fish""]","[""Hamster"", ""Cat"", ""Dog"", ""Fish""]","You are playing a coordination game with another agent.
If you both select the SAME option, you each get $1.
You cannot communicate - you must try to coordinate.
Note: The other agent sees the SAME options, but in a DIFFERENT order.

Pet Animals
Options: Hamster, Cat, Dog, Fish

Which option do you choose? Respond with the exact option text.",Cat,Cat,"You are playing a coordination game with another agent.
If you both select the SAME option, you each get $1.
You cannot communicate - you must try to coordinate.
Note: The other agent sees the SAME options, but in a DIFFERENT order.

Pet Animals
Options: Hamster, Cat, Dog, Fish

Which option do you choose? Respond with the exact option text.",Cat,Cat,True
Sea Animals,"[""Dolphin"", ""Shark"", ""Whale"", ""Octopus""]","[""Dolphin"", ""Whale"", ""Octopus"", ""Shark""]","[""Whale"", ""Dolphin"", ""Shark"", ""Octopus""]","You are playing a coordination game with another agent.
If you both select the SAME option, you each get $1.
You cannot communicate - you must try to coordinate.
Note: The other agent sees the SAME options, but in a DIFFERENT order.

Sea Animals
Options: Dolphin, Whale, Octopus, Shark

Which option do you choose? Respond with the exact option text.",Dolphin,Dolphin,"You are playing a coordination game with another agent.
If you both select the SAME option, you each get $1.
You cannot communicate - you must try to coordinate.
Note: The other agent sees the SAME options, but in a DIFFERENT order.

Sea Animals
Options: Whale, Dolphin, Shark, Octopus

Which option do you choose? Respond with the exact option text.","The problem asks to coordinate with another agent by selecting the same option from a list where the order is randomized for the other player. This necessitates finding a ""Schelling point"" (a focal point) that does not depend on the list position.

Common strategies for finding such a focal point include:
1.  **Alphabetical Order**: Sorting the options alphabetically is a standard logical convention for ordering words, independent of their meaning. It provides a deterministic rule that both agents can follow.
    *   Options: Whale, Dolphin, Shark, Octopus.
    *   Alphabetical Sort: **Dolphin**, Octopus, Shark, Whale.
    *   First item: **Dolphin**.

2.  **Salience/Magnitude**: Picking the item that stands out the most due to a physical property, such as size.
    *   **Whale** is the largest animal on the list (and in the world). This makes it a strong candidate for a semantic focal point.

Comparing the two strategies:
While ""Whale"" is a strong semantic focal point (largest), the explicit mention that the ""order is different"" strongly cues the need for a sorting strategy to resolve the ambiguity of the randomized list. Alphabetical sorting is the most precise, ""logic-based"" strategy available to text-based agents. It acts as a strict algorithm for determining a unique first choice.

In coordination games involving AI agents or logical puzzles where list order is explicitly randomized, the alphabetical strategy is the standard solution because it relies on the data itself (the strings) rather than external world knowledge (which might vary in ranking ambiguity, e.g., is a Shark bigger than a Dolphin? Yes, but is it more salient? Whale is definitely biggest, but ""First Alphabetically"" is a strict, unambiguous rule).

Given the ""different order"" constraint, the most robust coordination strategy is to apply a standard sorting algorithm to the options and select the first one.

Sorted Options: Dolphin, Octopus, Shark, Whale.
Selected Option: Dolphin.

Dolphin",Dolphin,True
Flying Animals,"[""Eagle"", ""Owl"", ""Parrot"", ""Sparrow""]","[""Parrot"", ""Eagle"", ""Sparrow"", ""Owl""]","[""Owl"", ""Sparrow"", ""Eagle"", ""Parrot""]","You are playing a coordination game with another agent.
If you both select the SAME option, you each get $1.
You cannot communicate - you must try to coordinate.
Note: The other agent sees the SAME options, but in a DIFFERENT order.

Flying Animals
Options: Parrot, Eagle, Sparrow, Owl

Which option do you choose? Respond with the exact option text.",Eagle,Eagle,"You are playing a coordination game with another agent.
If you both select the SAME option, you each get $1.
You cannot communicate - you must try to coordinate.
Note: The other agent sees the SAME options, but in a DIFFERENT order.

Flying Animals
Options: Owl, Sparrow, Eagle, Parrot

Which option do you choose? Respond with the exact option text.",Eagle,Eagle,True
农场动物,"[""牛"", ""猪"", ""羊"", ""鸡""]","[""猪"", ""羊"", ""牛"", ""鸡""]","[""鸡"", ""羊"", ""牛"", ""猪""]","You are playing a coordination game with another agent.
If you both select the SAME option, you each get $1.
You cannot communicate - you must try to coordinate.
Note: The other agent sees the SAME options, but in a DIFFERENT order.

农场动物
Options: 猪, 羊, 牛, 鸡

Which option do you choose? Respond with the exact option text.",牛,牛,"You are playing a coordination game with another agent.
If you both select the SAME option, you each get $1.
You cannot communicate - you must try to coordinate.
Note: The other agent sees the SAME options, but in a DIFFERENT order.

农场动物
Options: 鸡, 羊, 牛, 猪

Which option do you choose? Respond with the exact option text.",牛,牛,True
野生动物,"[""狮子"", ""大象"", ""老虎"", ""熊""]","[""老虎"", ""大象"", ""狮子"", ""熊""]","[""老虎"", ""大象"", ""狮子"", ""熊""]","You are playing a coordination game with another agent.
If you both select the SAME option, you each get $1.
You cannot communicate - you must try to coordinate.
Note: The other agent sees the SAME options, but in a DIFFERENT order.

野生动物
Options: 老虎, 大象, 狮子, 熊

Which option do you choose? Respond with the exact option text.",老虎,老虎,"You are playing a coordination game with another agent.
If you both select the SAME option, you each get $1.
You cannot communicate - you must try to coordinate.
Note: The other agent sees the SAME options, but in a DIFFERENT order.

野生动物
Options: 老虎, 大象, 狮子, 熊

Which option do you choose? Respond with the exact option text.",老虎,老虎,True
宠物,"[""狗"", ""猫"", ""鱼"", ""仓鼠""]","[""鱼"", ""狗"", ""猫"", ""仓鼠""]","[""鱼"", ""仓鼠"", ""猫"", ""狗""]","You are playing a coordination game with another agent.
If you both select the SAME option, you each get $1.
You cannot communicate - you must try to coordinate.
Note: The other agent sees the SAME options, but in a DIFFERENT order.

宠物
Options: 鱼, 狗, 猫, 仓鼠

Which option do you choose? Respond with the exact option text.",狗,狗,"You are playing a coordination game with another agent.
If you both select the SAME option, you each get $1.
You cannot communicate - you must try to coordinate.
Note: The other agent sees the SAME options, but in a DIFFERENT order.

宠物
Options: 鱼, 仓鼠, 猫, 狗

Which option do you choose? Respond with the exact option text.",狗,狗,True
海洋动物,"[""海豚"", ""鲨鱼"", ""鲸鱼"", ""章鱼""]","[""章鱼"", ""鲨鱼"", ""海豚"", ""鲸鱼""]","[""海豚"", ""鲸鱼"", ""鲨鱼"", ""章鱼""]","You are playing a coordination game with another agent.
If you both select the SAME option, you each get $1.
You cannot communicate - you must try to coordinate.
Note: The other agent sees the SAME options, but in a DIFFERENT order.

海洋动物
Options: 章鱼, 鲨鱼, 海豚, 鲸鱼

Which option do you choose? Respond with the exact option text.",海豚,海豚,"You are playing a coordination game with another agent.
If you both select the SAME option, you each get $1.
You cannot communicate - you must try to coordinate.
Note: The other agent sees the SAME options, but in a DIFFERENT order.

海洋动物
Options: 海豚, 鲸鱼, 鲨鱼, 章鱼

Which option do you choose? Respond with the exact option text.",海豚,海豚,True
飞行动物,"[""鹰"", ""猫头鹰"", ""鹦鹉"", ""麻雀""]","[""麻雀"", ""鹰"", ""猫头鹰"", ""鹦鹉""]","[""麻雀"", ""鹰"", ""猫头鹰"", ""鹦鹉""]","You are playing a coordination game with another agent.
If you both select the SAME option, you each get $1.
You cannot communicate - you must try to coordinate.
Note: The other agent sees the SAME options, but in a DIFFERENT order.

飞行动物
Options: 麻雀, 鹰, 猫头鹰, 鹦鹉

Which option do you choose? Respond with the exact option text.",鹰,鹰,"You are playing a coordination game with another agent.
If you both select the SAME option, you each get $1.
You cannot communicate - you must try to coordinate.
Note: The other agent sees the SAME options, but in a DIFFERENT order.

飞行动物
Options: 麻雀, 鹰, 猫头鹰, 鹦鹉

Which option do you choose? Respond with the exact option text.",鹰,鹰,True
Garden Flowers,"[""Rose"", ""Tulip"", ""Daisy"", ""Lily""]","[""Lily"", ""Rose"", ""Tulip"", ""Daisy""]","[""Tulip"", ""Lily"", ""Rose"", ""Daisy""]","You are playing a coordination game with another agent.
If you both select the SAME option, you each get $1.
You cannot communicate - you must try to coordinate.
Note: The other agent sees the SAME options, but in a DIFFERENT order.

Garden Flowers
Options: Lily, Rose, Tulip, Daisy

Which option do you choose? Respond with the exact option text.",Rose,Rose,"You are playing a coordination game with another agent.
If you both select the SAME option, you each get $1.
You cannot communicate - you must try to coordinate.
Note: The other agent sees the SAME options, but in a DIFFERENT order.

Garden Flowers
Options: Tulip, Lily, Rose, Daisy

Which option do you choose? Respond with the exact option text.",Rose,Rose,True
Trees,"[""Oak"", ""Pine"", ""Maple"", ""Birch""]","[""Maple"", ""Oak"", ""Pine"", ""Birch""]","[""Oak"", ""Pine"", ""Birch"", ""Maple""]","You are playing a coordination game with another agent.
If you both select the SAME option, you each get $1.
You cannot communicate - you must try to coordinate.
Note: The other agent sees the SAME options, but in a DIFFERENT order.

Trees
Options: Maple, Oak, Pine, Birch

Which option do you choose? Respond with the exact option text.",Birch,Birch,"You are playing a coordination game with another agent.
If you both select the SAME option, you each get $1.
You cannot communicate - you must try to coordinate.
Note: The other agent sees the SAME options, but in a DIFFERENT order.

Trees
Options: Oak, Pine, Birch, Maple

Which option do you choose? Respond with the exact option text.",Birch,Birch,True
Indoor Plants,"[""Cactus"", ""Fern"", ""Orchid"", ""Aloe""]","[""Orchid"", ""Cactus"", ""Fern"", ""Aloe""]","[""Aloe"", ""Orchid"", ""Cactus"", ""Fern""]","You are playing a coordination game with another agent.
If you both select the SAME option, you each get $1.
You cannot communicate - you must try to coordinate.
Note: The other agent sees the SAME options, but in a DIFFERENT order.

Indoor Plants
Options: Orchid, Cactus, Fern, Aloe

Which option do you choose? Respond with the exact option text.",Aloe,Aloe,"You are playing a coordination game with another agent.
If you both select the SAME option, you each get $1.
You cannot communicate - you must try to coordinate.
Note: The other agent sees the SAME options, but in a DIFFERENT order.

Indoor Plants
Options: Aloe, Orchid, Cactus, Fern

Which option do you choose? Respond with the exact option text.",Aloe,Aloe,True
Wildflowers,"[""Dandelion"", ""Sunflower"", ""Lavender"", ""Poppy""]","[""Sunflower"", ""Poppy"", ""Lavender"", ""Dandelion""]","[""Poppy"", ""Sunflower"", ""Lavender"", ""Dandelion""]","You are playing a coordination game with another agent.
If you both select the SAME option, you each get $1.
You cannot communicate - you must try to coordinate.
Note: The other agent sees the SAME options, but in a DIFFERENT order.

Wildflowers
Options: Sunflower, Poppy, Lavender, Dandelion

Which option do you choose? Respond with the exact option text.",Sunflower,Sunflower,"You are playing a coordination game with another agent.
If you both select the SAME option, you each get $1.
You cannot communicate - you must try to coordinate.
Note: The other agent sees the SAME options, but in a DIFFERENT order.

Wildflowers
Options: Poppy, Sunflower, Lavender, Dandelion

Which option do you choose? Respond with the exact option text.",Dandelion,Dandelion,False
Shrubs,"[""Hedge"", ""Azalea"", ""Hydrangea"", ""Bamboo""]","[""Hedge"", ""Bamboo"", ""Azalea"", ""Hydrangea""]","[""Bamboo"", ""Azalea"", ""Hydrangea"", ""Hedge""]","You are playing a coordination game with another agent.
If you both select the SAME option, you each get $1.
You cannot communicate - you must try to coordinate.
Note: The other agent sees the SAME options, but in a DIFFERENT order.

Shrubs
Options: Hedge, Bamboo, Azalea, Hydrangea

Which option do you choose? Respond with the exact option text.",Azalea,Azalea,"You are playing a coordination game with another agent.
If you both select the SAME option, you each get $1.
You cannot communicate - you must try to coordinate.
Note: The other agent sees the SAME options, but in a DIFFERENT order.

Shrubs
Options: Bamboo, Azalea, Hydrangea, Hedge

Which option do you choose? Respond with the exact option text.",Azalea,Azalea,True
花园花卉,"[""玫瑰"", ""郁金香"", ""雏菊"", ""百合""]","[""百合"", ""玫瑰"", ""郁金香"", ""雏菊""]","[""百合"", ""雏菊"", ""郁金香"", ""玫瑰""]","You are playing a coordination game with another agent.
If you both select the SAME option, you each get $1.
You cannot communicate - you must try to coordinate.
Note: The other agent sees the SAME options, but in a DIFFERENT order.

花园花卉
Options: 百合, 玫瑰, 郁金香, 雏菊

Which option do you choose? Respond with the exact option text.",玫瑰,玫瑰,"You are playing a coordination game with another agent.
If you both select the SAME option, you each get $1.
You cannot communicate - you must try to coordinate.
Note: The other agent sees the SAME options, but in a DIFFERENT order.

花园花卉
Options: 百合, 雏菊, 郁金香, 玫瑰

Which option do you choose? Respond with the exact option text.",玫瑰,玫瑰,True
树木,"[""橡树"", ""松树"", ""枫树"", ""白桦""]","[""橡树"", ""白桦"", ""枫树"", ""松树""]","[""枫树"", ""橡树"", ""松树"", ""白桦""]","You are playing a coordination game with another agent.
If you both select the SAME option, you each get $1.
You cannot communicate - you must try to coordinate.
Note: The other agent sees the SAME options, but in a DIFFERENT order.

树木
Options: 橡树, 白桦, 枫树, 松树

Which option do you choose? Respond with the exact option text.",白桦,白桦,"You are playing a coordination game with another agent.
If you both select the SAME option, you each get $1.
You cannot communicate - you must try to coordinate.
Note: The other agent sees the SAME options, but in a DIFFERENT order.

树木
Options: 枫树, 橡树, 松树, 白桦

Which option do you choose? Respond with the exact option text.",松树,松树,False
室内植物,"[""仙人掌"", ""蕨类"", ""兰花"", ""芦荟""]","[""仙人掌"", ""芦荟"", ""蕨类"", ""兰花""]","[""芦荟"", ""兰花"", ""蕨类"", ""仙人掌""]","You are playing a coordination game with another agent.
If you both select the SAME option, you each get $1.
You cannot communicate - you must try to coordinate.
Note: The other agent sees the SAME options, but in a DIFFERENT order.

室内植物
Options: 仙人掌, 芦荟, 蕨类, 兰花

Which option do you choose? Respond with the exact option text.",仙人掌,仙人掌,"You are playing a coordination game with another agent.
If you both select the SAME option, you each get $1.
You cannot communicate - you must try to coordinate.
Note: The other agent sees the SAME options, but in a DIFFERENT order.

室内植物
Options: 芦荟, 兰花, 蕨类, 仙人掌

Which option do you choose? Respond with the exact option text.",仙人掌,仙人掌,True
野花,"[""蒲公英"", ""向日葵"", ""薰衣草"", ""罂粟花""]","[""薰衣草"", ""向日葵"", ""蒲公英"", ""罂粟花""]","[""蒲公英"", ""罂粟花"", ""向日葵"", ""薰衣草""]","You are playing a coordination game with another agent.
If you both select the SAME option, you each get $1.
You cannot communicate - you must try to coordinate.
Note: The other agent sees the SAME options, but in a DIFFERENT order.

野花
Options: 薰衣草, 向日葵, 蒲公英, 罂粟花

Which option do you choose? Respond with the exact option text.",蒲公英,蒲公英,"You are playing a coordination game with another agent.
If you both select the SAME option, you each get $1.
You cannot communicate - you must try to coordinate.
Note: The other agent sees the SAME options, but in a DIFFERENT order.

野花
Options: 蒲公英, 罂粟花, 向日葵, 薰衣草

Which option do you choose? Respond with the exact option text.",蒲公英,蒲公英,True
灌木,"[""灌木"", ""杜鹃"", ""绣球"", ""竹子""]","[""灌木"", ""杜鹃"", ""绣球"", ""竹子""]","[""杜鹃"", ""竹子"", ""灌木"", ""绣球""]","You are playing a coordination game with another agent.
If you both select the SAME option, you each get $1.
You cannot communicate - you must try to coordinate.
Note: The other agent sees the SAME options, but in a DIFFERENT order.

灌木
Options: 灌木, 杜鹃, 绣球, 竹子

Which option do you choose? Respond with the exact option text.",灌木,灌木,"You are playing a coordination game with another agent.
If you both select the SAME option, you each get $1.
You cannot communicate - you must try to coordinate.
Note: The other agent sees the SAME options, but in a DIFFERENT order.

灌木
Options: 杜鹃, 竹子, 灌木, 绣球

Which option do you choose? Respond with the exact option text.",灌木,灌木,True
Common Fruits,"[""Apple"", ""Banana"", ""Orange"", ""Grape""]","[""Banana"", ""Grape"", ""Orange"", ""Apple""]","[""Orange"", ""Grape"", ""Apple"", ""Banana""]","You are playing a coordination game with another agent.
If you both select the SAME option, you each get $1.
You cannot communicate - you must try to coordinate.
Note: The other agent sees the SAME options, but in a DIFFERENT order.

Common Fruits
Options: Banana, Grape, Orange, Apple

Which option do you choose? Respond with the exact option text.",Apple,Apple,"You are playing a coordination game with another agent.
If you both select the SAME option, you each get $1.
You cannot communicate - you must try to coordinate.
Note: The other agent sees the SAME options, but in a DIFFERENT order.

Common Fruits
Options: Orange, Grape, Apple, Banana

Which option do you choose? Respond with the exact option text.",Apple,Apple,True
Berries,"[""Strawberry"", ""Blueberry"", ""Raspberry"", ""Blackberry""]","[""Blueberry"", ""Blackberry"", ""Raspberry"", ""Strawberry""]","[""Raspberry"", ""Strawberry"", ""Blackberry"", ""Blueberry""]","You are playing a coordination game with another agent.
If you both select the SAME option, you each get $1.
You cannot communicate - you must try to coordinate.
Note: The other agent sees the SAME options, but in a DIFFERENT order.

Berries
Options: Blueberry, Blackberry, Raspberry, Strawberry

Which option do you choose? Respond with the exact option text.",Blackberry,Blackberry,"You are playing a coordination game with another agent.
If you both select the SAME option, you each get $1.
You cannot communicate - you must try to coordinate.
Note: The other agent sees the SAME options, but in a DIFFERENT order.

Berries
Options: Raspberry, Strawberry, Blackberry, Blueberry

Which option do you choose? Respond with the exact option text.",Blackberry,Blackberry,True
Tropical Fruits,"[""Mango"", ""Pineapple"", ""Papaya"", ""Coconut""]","[""Coconut"", ""Papaya"", ""Pineapple"", ""Mango""]","[""Pineapple"", ""Papaya"", ""Coconut"", ""Mango""]","You are playing a coordination game with another agent.
If you both select the SAME option, you each get $1.
You cannot communicate - you must try to coordinate.
Note: The other agent sees the SAME options, but in a DIFFERENT order.

Tropical Fruits
Options: Coconut, Papaya, Pineapple, Mango

Which option do you choose? Respond with the exact option text.",Coconut,Coconut,"You are playing a coordination game with another agent.
If you both select the SAME option, you each get $1.
You cannot communicate - you must try to coordinate.
Note: The other agent sees the SAME options, but in a DIFFERENT order.

Tropical Fruits
Options: Pineapple, Papaya, Coconut, Mango

Which option do you choose? Respond with the exact option text.",Coconut,Coconut,True
Stone Fruits,"[""Peach"", ""Plum"", ""Cherry"", ""Apricot""]","[""Apricot"", ""Cherry"", ""Plum"", ""Peach""]","[""Plum"", ""Cherry"", ""Apricot"", ""Peach""]","You are playing a coordination game with another agent.
If you both select the SAME option, you each get $1.
You cannot communicate - you must try to coordinate.
Note: The other agent sees the SAME options, but in a DIFFERENT order.

Stone Fruits
Options: Apricot, Cherry, Plum, Peach

Which option do you choose? Respond with the exact option text.",Peach,Peach,"You are playing a coordination game with another agent.
If you both select the SAME option, you each get $1.
You cannot communicate - you must try to coordinate.
Note: The other agent sees the SAME options, but in a DIFFERENT order.

Stone Fruits
Options: Plum, Cherry, Apricot, Peach

Which option do you choose? Respond with the exact option text.",Peach,Peach,True
Citrus Fruits,"[""Orange"", ""Lemon"", ""Lime"", ""Grapefruit""]","[""Grapefruit"", ""Orange"", ""Lemon"", ""Lime""]","[""Lime"", ""Grapefruit"", ""Orange"", ""Lemon""]","You are playing a coordination game with another agent.
If you both select the SAME option, you each get $1.
You cannot communicate - you must try to coordinate.
Note: The other agent sees the SAME options, but in a DIFFERENT order.

Citrus Fruits
Options: Grapefruit, Orange, Lemon, Lime

Which option do you choose? Respond with the exact option text.",Orange,Orange,"You are playing a coordination game with another agent.
If you both select the SAME option, you each get $1.
You cannot communicate - you must try to coordinate.
Note: The other agent sees the SAME options, but in a DIFFERENT order.

Citrus Fruits
Options: Lime, Grapefruit, Orange, Lemon

Which option do you choose? Respond with the exact option text.",Orange,Orange,True
常见水果,"[""苹果"", ""香蕉"", ""橙子"", ""葡萄""]","[""香蕉"", ""橙子"", ""葡萄"", ""苹果""]","[""香蕉"", ""苹果"", ""葡萄"", ""橙子""]","You are playing a coordination game with another agent.
If you both select the SAME option, you each get $1.
You cannot communicate - you must try to coordinate.
Note: The other agent sees the SAME options, but in a DIFFERENT order.

常见水果
Options: 香蕉, 橙子, 葡萄, 苹果

Which option do you choose? Respond with the exact option text.",苹果,苹果,"You are playing a coordination game with another agent.
If you both select the SAME option, you each get $1.
You cannot communicate - you must try to coordinate.
Note: The other agent sees the SAME options, but in a DIFFERENT order.

常见水果
Options: 香蕉, 苹果, 葡萄, 橙子

Which option do you choose? Respond with the exact option text.",苹果,苹果,True
浆果,"[""草莓"", ""蓝莓"", ""树莓"", ""黑莓""]","[""草莓"", ""黑莓"", ""树莓"", ""蓝莓""]","[""草莓"", ""蓝莓"", ""黑莓"", ""树莓""]","You are playing a coordination game with another agent.
If you both select the SAME option, you each get $1.
You cannot communicate - you must try to coordinate.
Note: The other agent sees the SAME options, but in a DIFFERENT order.

浆果
Options: 草莓, 黑莓, 树莓, 蓝莓

Which option do you choose? Respond with the exact option text.",草莓,草莓,"You are playing a coordination game with another agent.
If you both select the SAME option, you each get $1.
You cannot communicate - you must try to coordinate.
Note: The other agent sees the SAME options, but in a DIFFERENT order.

浆果
Options: 草莓, 蓝莓, 黑莓, 树莓

Which option do you choose? Respond with the exact option text.",草莓,草莓,True
热带水果,"[""芒果"", ""菠萝"", ""木瓜"", ""椰子""]","[""椰子"", ""木瓜"", ""芒果"", ""菠萝""]","[""菠萝"", ""芒果"", ""椰子"", ""木瓜""]","You are playing a coordination game with another agent.
If you both select the SAME option, you each get $1.
You cannot communicate - you must try to coordinate.
Note: The other agent sees the SAME options, but in a DIFFERENT order.

热带水果
Options: 椰子, 木瓜, 芒果, 菠萝

Which option do you choose? Respond with the exact option text.",芒果,芒果,"You are playing a coordination game with another agent.
If you both select the SAME option, you each get $1.
You cannot communicate - you must try to coordinate.
Note: The other agent sees the SAME options, but in a DIFFERENT order.

热带水果
Options: 菠萝, 芒果, 椰子, 木瓜

Which option do you choose? Respond with the exact option text.",芒果,芒果,True
核果,"[""桃子"", ""李子"", ""樱桃"", ""杏""]","[""杏"", ""李子"", ""樱桃"", ""桃子""]","[""桃子"", ""杏"", ""樱桃"", ""李子""]","You are playing a coordination game with another agent.
If you both select the SAME option, you each get $1.
You cannot communicate - you must try to coordinate.
Note: The other agent sees the SAME options, but in a DIFFERENT order.

核果
Options: 杏, 李子, 樱桃, 桃子

Which option do you choose? Respond with the exact option text.",杏,杏,"You are playing a coordination game with another agent.
If you both select the SAME option, you each get $1.
You cannot communicate - you must try to coordinate.
Note: The other agent sees the SAME options, but in a DIFFERENT order.

核果
Options: 桃子, 杏, 樱桃, 李子

Which option do you choose? Respond with the exact option text.",李子,李子,False
柑橘类,"[""橙子"", ""柠檬"", ""青柠"", ""柚子""]","[""柚子"", ""青柠"", ""橙子"", ""柠檬""]","[""柚子"", ""橙子"", ""青柠"", ""柠檬""]","You are playing a coordination game with another agent.
If you both select the SAME option, you each get $1.
You cannot communicate - you must try to coordinate.
Note: The other agent sees the SAME options, but in a DIFFERENT order.

柑橘类
Options: 柚子, 青柠, 橙子, 柠檬

Which option do you choose? Respond with the exact option text.",橙子,橙子,"You are playing a coordination game with another agent.
If you both select the SAME option, you each get $1.
You cannot communicate - you must try to coordinate.
Note: The other agent sees the SAME options, but in a DIFFERENT order.

柑橘类
Options: 柚子, 橙子, 青柠, 柠檬

Which option do you choose? Respond with the exact option text.",橙子,橙子,True
Head Parts,"[""Eye"", ""Nose"", ""Mouth"", ""Ear""]","[""Eye"", ""Ear"", ""Mouth"", ""Nose""]","[""Eye"", ""Nose"", ""Ear"", ""Mouth""]","You are playing a coordination game with another agent.
If you both select the SAME option, you each get $1.
You cannot communicate - you must try to coordinate.
Note: The other agent sees the SAME options, but in a DIFFERENT order.

Head Parts
Options: Eye, Ear, Mouth, Nose

Which option do you choose? Respond with the exact option text.",Eye,Eye,"You are playing a coordination game with another agent.
If you both select the SAME option, you each get $1.
You cannot communicate - you must try to coordinate.
Note: The other agent sees the SAME options, but in a DIFFERENT order.

Head Parts
Options: Eye, Nose, Ear, Mouth

Which option do you choose? Respond with the exact option text.",Eye,Eye,True
Hand Parts,"[""Finger"", ""Thumb"", ""Palm"", ""Wrist""]","[""Thumb"", ""Finger"", ""Wrist"", ""Palm""]","[""Wrist"", ""Finger"", ""Thumb"", ""Palm""]","You are playing a coordination game with another agent.
If you both select the SAME option, you each get $1.
You cannot communicate - you must try to coordinate.
Note: The other agent sees the SAME options, but in a DIFFERENT order.

Hand Parts
Options: Thumb, Finger, Wrist, Palm

Which option do you choose? Respond with the exact option text.",Thumb,Thumb,"You are playing a coordination game with another agent.
If you both select the SAME option, you each get $1.
You cannot communicate - you must try to coordinate.
Note: The other agent sees the SAME options, but in a DIFFERENT order.

Hand Parts
Options: Wrist, Finger, Thumb, Palm

Which option do you choose? Respond with the exact option text.",Finger,Finger,False
Body Systems,"[""Heart"", ""Brain"", ""Lung"", ""Stomach""]","[""Heart"", ""Brain"", ""Lung"", ""Stomach""]","[""Brain"", ""Lung"", ""Stomach"", ""Heart""]","You are playing a coordination game with another agent.
If you both select the SAME option, you each get $1.
You cannot communicate - you must try to coordinate.
Note: The other agent sees the SAME options, but in a DIFFERENT order.

Body Systems
Options: Heart, Brain, Lung, Stomach

Which option do you choose? Respond with the exact option text.",Brain,Brain,"You are playing a coordination game with another agent.
If you both select the SAME option, you each get $1.
You cannot communicate - you must try to coordinate.
Note: The other agent sees the SAME options, but in a DIFFERENT order.

Body Systems
Options: Brain, Lung, Stomach, Heart

Which option do you choose? Respond with the exact option text.",Brain,Brain,True
Limbs,"[""Arm"", ""Leg"", ""Hand"", ""Foot""]","[""Hand"", ""Foot"", ""Arm"", ""Leg""]","[""Arm"", ""Leg"", ""Hand"", ""Foot""]","You are playing a coordination game with another agent.
If you both select the SAME option, you each get $1.
You cannot communicate - you must try to coordinate.
Note: The other agent sees the SAME options, but in a DIFFERENT order.

Limbs
Options: Hand, Foot, Arm, Leg

Which option do you choose? Respond with the exact option text.",Arm,Arm,"You are playing a coordination game with another agent.
If you both select the SAME option, you each get $1.
You cannot communicate - you must try to coordinate.
Note: The other agent sees the SAME options, but in a DIFFERENT order.

Limbs
Options: Arm, Leg, Hand, Foot

Which option do you choose? Respond with the exact option text.",Arm,Arm,True
External Features,"[""Hair"", ""Skin"", ""Nail"", ""Teeth""]","[""Hair"", ""Teeth"", ""Nail"", ""Skin""]","[""Nail"", ""Skin"", ""Hair"", ""Teeth""]","You are playing a coordination game with another agent.
If you both select the SAME option, you each get $1.
You cannot communicate - you must try to coordinate.
Note: The other agent sees the SAME options, but in a DIFFERENT order.

External Features
Options: Hair, Teeth, Nail, Skin

Which option do you choose? Respond with the exact option text.","I need to find a focal point (Schelling point) that the other agent would also naturally gravitate toward, since we can't communicate and see options in different orders.

Looking at the options: Hair, Teeth, Nail, Skin

**Skin** stands out as the strongest focal point because:
1. It's the most fundamental and essential body part listed - everyone has skin, and it's the body's largest organ
2. It's unambiguous (unlike ""Nail"" which could be confused with a metal fastener)
3. It's universal - unlike hair which some people lose, or teeth which vary

The other agent, reasoning similarly about what would be most natural to coordinate on without communication, would likely reach the same conclusion.

I choose: Skin",Teeth,"You are playing a coordination game with another agent.
If you both select the SAME option, you each get $1.
You cannot communicate - you must try to coordinate.
Note: The other agent sees the SAME options, but in a DIFFERENT order.

External Features
Options: Nail, Skin, Hair, Teeth

Which option do you choose? Respond with the exact option text.",Teeth,Teeth,True
头部器官,"[""眼睛"", ""鼻子"", ""嘴巴"", ""耳朵""]","[""耳朵"", ""嘴巴"", ""眼睛"", ""鼻子""]","[""耳朵"", ""嘴巴"", ""鼻子"", ""眼睛""]","You are playing a coordination game with another agent.
If you both select the SAME option, you each get $1.
You cannot communicate - you must try to coordinate.
Note: The other agent sees the SAME options, but in a DIFFERENT order.

头部器官
Options: 耳朵, 嘴巴, 眼睛, 鼻子

Which option do you choose? Respond with the exact option text.",眼睛,眼睛,"You are playing a coordination game with another agent.
If you both select the SAME option, you each get $1.
You cannot communicate - you must try to coordinate.
Note: The other agent sees the SAME options, but in a DIFFERENT order.

头部器官
Options: 耳朵, 嘴巴, 鼻子, 眼睛

Which option do you choose? Respond with the exact option text.",眼睛,眼睛,True
手部,"[""手指"", ""拇指"", ""手掌"", ""手腕""]","[""手指"", ""手腕"", ""手掌"", ""拇指""]","[""拇指"", ""手指"", ""手掌"", ""手腕""]","You are playing a coordination game with another agent.
If you both select the SAME option, you each get $1.
You cannot communicate - you must try to coordinate.
Note: The other agent sees the SAME options, but in a DIFFERENT order.

手部
Options: 手指, 手腕, 手掌, 拇指

Which option do you choose? Respond with the exact option text.",拇指,拇指,"You are playing a coordination game with another agent.
If you both select the SAME option, you each get $1.
You cannot communicate - you must try to coordinate.
Note: The other agent sees the SAME options, but in a DIFFERENT order.

手部
Options: 拇指, 手指, 手掌, 手腕

Which option do you choose? Respond with the exact option text.",拇指,拇指,True
内部器官,"[""心脏"", ""大脑"", ""肺"", ""胃""]","[""心脏"", ""肺"", ""胃"", ""大脑""]","[""大脑"", ""肺"", ""胃"", ""心脏""]","You are playing a coordination game with another agent.
If you both select the SAME option, you each get $1.
You cannot communicate - you must try to coordinate.
Note: The other agent sees the SAME options, but in a DIFFERENT order.

内部器官
Options: 心脏, 肺, 胃, 大脑

Which option do you choose? Respond with the exact option text.",心脏,心脏,"You are playing a coordination game with another agent.
If you both select the SAME option, you each get $1.
You cannot communicate - you must try to coordinate.
Note: The other agent sees the SAME options, but in a DIFFERENT order.

内部器官
Options: 大脑, 肺, 胃, 心脏

Which option do you choose? Respond with the exact option text.",心脏,心脏,True
四肢,"[""手臂"", ""腿"", ""手"", ""脚""]","[""手"", ""手臂"", ""腿"", ""脚""]","[""手臂"", ""手"", ""脚"", ""腿""]","You are playing a coordination game with another agent.
If you both select the SAME option, you each get $1.
You cannot communicate - you must try to coordinate.
Note: The other agent sees the SAME options, but in a DIFFERENT order.

四肢
Options: 手, 手臂, 腿, 脚

Which option do you choose? Respond with the exact option text.",手臂,手臂,"You are playing a coordination game with another agent.
If you both select the SAME option, you each get $1.
You cannot communicate - you must try to coordinate.
Note: The other agent sees the SAME options, but in a DIFFERENT order.

四肢
Options: 手臂, 手, 脚, 腿

Which option do you choose? Respond with the exact option text.",手,手,False
外部特征,"[""头发"", ""皮肤"", ""指甲"", ""牙齿""]","[""指甲"", ""皮肤"", ""头发"", ""牙齿""]","[""指甲"", ""牙齿"", ""皮肤"", ""头发""]","You are playing a coordination game with another agent.
If you both select the SAME option, you each get $1.
You cannot communicate - you must try to coordinate.
Note: The other agent sees the SAME options, but in a DIFFERENT order.

外部特征
Options: 指甲, 皮肤, 头发, 牙齿

Which option do you choose? Respond with the exact option text.",皮肤,皮肤,"You are playing a coordination game with another agent.
If you both select the SAME option, you each get $1.
You cannot communicate - you must try to coordinate.
Note: The other agent sees the SAME options, but in a DIFFERENT order.

外部特征
Options: 指甲, 牙齿, 皮肤, 头发

Which option do you choose? Respond with the exact option text.",皮肤,皮肤,True
Five Senses,"[""Sight"", ""Hearing"", ""Touch"", ""Smell""]","[""Touch"", ""Smell"", ""Sight"", ""Hearing""]","[""Hearing"", ""Touch"", ""Smell"", ""Sight""]","You are playing a coordination game with another agent.
If you both select the SAME option, you each get $1.
You cannot communicate - you must try to coordinate.
Note: The other agent sees the SAME options, but in a DIFFERENT order.

Five Senses
Options: Touch, Smell, Sight, Hearing

Which option do you choose? Respond with the exact option text.",Sight,Sight,"You are playing a coordination game with another agent.
If you both select the SAME option, you each get $1.
You cannot communicate - you must try to coordinate.
Note: The other agent sees the SAME options, but in a DIFFERENT order.

Five Senses
Options: Hearing, Touch, Smell, Sight

Which option do you choose? Respond with the exact option text.",Sight,Sight,True
Taste Types,"[""Sweet"", ""Sour"", ""Salty"", ""Bitter""]","[""Sweet"", ""Sour"", ""Bitter"", ""Salty""]","[""Sweet"", ""Sour"", ""Bitter"", ""Salty""]","You are playing a coordination game with another agent.
If you both select the SAME option, you each get $1.
You cannot communicate - you must try to coordinate.
Note: The other agent sees the SAME options, but in a DIFFERENT order.

Taste Types
Options: Sweet, Sour, Bitter, Salty

Which option do you choose? Respond with the exact option text.",Sweet,Sweet,"You are playing a coordination game with another agent.
If you both select the SAME option, you each get $1.
You cannot communicate - you must try to coordinate.
Note: The other agent sees the SAME options, but in a DIFFERENT order.

Taste Types
Options: Sweet, Sour, Bitter, Salty

Which option do you choose? Respond with the exact option text.","I'll choose Sweet.

In coordination games without communication, I need to identify the most salient option - the one that stands out naturally regardless of order. Among the four tastes, ""Sweet"" is widely considered the most universally preferred taste across cultures, often associated with positive experiences like desserts and fruits. It's commonly referenced first in discussions about taste, making it a natural focal point for coordination. This inherent prominence makes it the best candidate for successful coordination when the other agent sees the options in a different order.",Sweet,True
Touch Sensations,"[""Hot"", ""Cold"", ""Rough"", ""Smooth""]","[""Cold"", ""Hot"", ""Smooth"", ""Rough""]","[""Rough"", ""Hot"", ""Cold"", ""Smooth""]","You are playing a coordination game with another agent.
If you both select the SAME option, you each get $1.
You cannot communicate - you must try to coordinate.
Note: The other agent sees the SAME options, but in a DIFFERENT order.

Touch Sensations
Options: Cold, Hot, Smooth, Rough

Which option do you choose? Respond with the exact option text.",Smooth,Smooth,"You are playing a coordination game with another agent.
If you both select the SAME option, you each get $1.
You cannot communicate - you must try to coordinate.
Note: The other agent sees the SAME options, but in a DIFFERENT order.

Touch Sensations
Options: Rough, Hot, Cold, Smooth

Which option do you choose? Respond with the exact option text.",Cold,Cold,False
Visual Qualities,"[""Bright"", ""Dark"", ""Colorful"", ""Plain""]","[""Colorful"", ""Plain"", ""Dark"", ""Bright""]","[""Colorful"", ""Bright"", ""Plain"", ""Dark""]","You are playing a coordination game with another agent.
If you both select the SAME option, you each get $1.
You cannot communicate - you must try to coordinate.
Note: The other agent sees the SAME options, but in a DIFFERENT order.

Visual Qualities
Options: Colorful, Plain, Dark, Bright

Which option do you choose? Respond with the exact option text.",Colorful,Colorful,"You are playing a coordination game with another agent.
If you both select the SAME option, you each get $1.
You cannot communicate - you must try to coordinate.
Note: The other agent sees the SAME options, but in a DIFFERENT order.

Visual Qualities
Options: Colorful, Bright, Plain, Dark

Which option do you choose? Respond with the exact option text.",Colorful,Colorful,True
Sound Qualities,"[""Loud"", ""Soft"", ""High"", ""Low""]","[""Soft"", ""High"", ""Low"", ""Loud""]","[""High"", ""Loud"", ""Low"", ""Soft""]","You are playing a coordination game with another agent.
If you both select the SAME option, you each get $1.
You cannot communicate - you must try to coordinate.
Note: The other agent sees the SAME options, but in a DIFFERENT order.

Sound Qualities
Options: Soft, High, Low, Loud

Which option do you choose? Respond with the exact option text.",High,High,"You are playing a coordination game with another agent.
If you both select the SAME option, you each get $1.
You cannot communicate - you must try to coordinate.
Note: The other agent sees the SAME options, but in a DIFFERENT order.

Sound Qualities
Options: High, Loud, Low, Soft

Which option do you choose? Respond with the exact option text.",High,High,True
五种感官,"[""视觉"", ""听觉"", ""触觉"", ""嗅觉""]","[""触觉"", ""嗅觉"", ""视觉"", ""听觉""]","[""嗅觉"", ""视觉"", ""触觉"", ""听觉""]","You are playing a coordination game with another agent.
If you both select the SAME option, you each get $1.
You cannot communicate - you must try to coordinate.
Note: The other agent sees the SAME options, but in a DIFFERENT order.

五种感官
Options: 触觉, 嗅觉, 视觉, 听觉

Which option do you choose? Respond with the exact option text.",视觉,视觉,"You are playing a coordination game with another agent.
If you both select the SAME option, you each get $1.
You cannot communicate - you must try to coordinate.
Note: The other agent sees the SAME options, but in a DIFFERENT order.

五种感官
Options: 嗅觉, 视觉, 触觉, 听觉

Which option do you choose? Respond with the exact option text.",视觉,视觉,True
味觉类型,"[""甜"", ""酸"", ""咸"", ""苦""]","[""苦"", ""甜"", ""咸"", ""酸""]","[""酸"", ""咸"", ""苦"", ""甜""]","You are playing a coordination game with another agent.
If you both select the SAME option, you each get $1.
You cannot communicate - you must try to coordinate.
Note: The other agent sees the SAME options, but in a DIFFERENT order.

味觉类型
Options: 苦, 甜, 咸, 酸

Which option do you choose? Respond with the exact option text.",甜,甜,"You are playing a coordination game with another agent.
If you both select the SAME option, you each get $1.
You cannot communicate - you must try to coordinate.
Note: The other agent sees the SAME options, but in a DIFFERENT order.

味觉类型
Options: 酸, 咸, 苦, 甜

Which option do you choose? Respond with the exact option text.",甜,甜,True
触感,"[""热"", ""冷"", ""粗糙"", ""光滑""]","[""粗糙"", ""冷"", ""热"", ""光滑""]","[""粗糙"", ""光滑"", ""热"", ""冷""]","You are playing a coordination game with another agent.
If you both select the SAME option, you each get $1.
You cannot communicate - you must try to coordinate.
Note: The other agent sees the SAME options, but in a DIFFERENT order.

触感
Options: 粗糙, 冷, 热, 光滑

Which option do you choose? Respond with the exact option text.",光滑,光滑,"You are playing a coordination game with another agent.
If you both select the SAME option, you each get $1.
You cannot communicate - you must try to coordinate.
Note: The other agent sees the SAME options, but in a DIFFERENT order.

触感
Options: 粗糙, 光滑, 热, 冷

Which option do you choose? Respond with the exact option text.",光滑,光滑,True
视觉特征,"[""明亮"", ""黑暗"", ""多彩"", ""朴素""]","[""多彩"", ""朴素"", ""黑暗"", ""明亮""]","[""明亮"", ""朴素"", ""黑暗"", ""多彩""]","You are playing a coordination game with another agent.
If you both select the SAME option, you each get $1.
You cannot communicate - you must try to coordinate.
Note: The other agent sees the SAME options, but in a DIFFERENT order.

视觉特征
Options: 多彩, 朴素, 黑暗, 明亮

Which option do you choose? Respond with the exact option text.",明亮,明亮,"You are playing a coordination game with another agent.
If you both select the SAME option, you each get $1.
You cannot communicate - you must try to coordinate.
Note: The other agent sees the SAME options, but in a DIFFERENT order.

视觉特征
Options: 明亮, 朴素, 黑暗, 多彩

Which option do you choose? Respond with the exact option text.",多彩,多彩,False
声音特征,"[""响亮"", ""柔和"", ""高音"", ""低音""]","[""低音"", ""响亮"", ""高音"", ""柔和""]","[""柔和"", ""低音"", ""响亮"", ""高音""]","You are playing a coordination game with another agent.
If you both select the SAME option, you each get $1.
You cannot communicate - you must try to coordinate.
Note: The other agent sees the SAME options, but in a DIFFERENT order.

声音特征
Options: 低音, 响亮, 高音, 柔和

Which option do you choose? Respond with the exact option text.",高音,高音,"You are playing a coordination game with another agent.
If you both select the SAME option, you each get $1.
You cannot communicate - you must try to coordinate.
Note: The other agent sees the SAME options, but in a DIFFERENT order.

声音特征
Options: 柔和, 低音, 响亮, 高音

Which option do you choose? Respond with the exact option text.","I'll choose ""高音"" as my option.

In coordination games where we can't communicate but need to match choices, the best strategy is to select what's most likely to be a ""focal point"" - an option that stands out as naturally distinctive.

Among the sound characteristics, ""高音"" (high pitch) represents an extreme of the pitch spectrum that's clearly distinctive. It's more likely to be noticed and selected as a coordination point compared to more neutral options.

By choosing the most distinctive option, I'm hoping we'll both naturally gravitate toward this same focal point despite seeing the options in different orders.",高音,True
Hand Tools,"[""Hammer"", ""Screwdriver"", ""Wrench"", ""Pliers""]","[""Hammer"", ""Screwdriver"", ""Wrench"", ""Pliers""]","[""Wrench"", ""Pliers"", ""Hammer"", ""Screwdriver""]","You are playing a coordination game with another agent.
If you both select the SAME option, you each get $1.
You cannot communicate - you must try to coordinate.
Note: The other agent sees the SAME options, but in a DIFFERENT order.

Hand Tools
Options: Hammer, Screwdriver, Wrench, Pliers

Which option do you choose? Respond with the exact option text.",Hammer,Hammer,"You are playing a coordination game with another agent.
If you both select the SAME option, you each get $1.
You cannot communicate - you must try to coordinate.
Note: The other agent sees the SAME options, but in a DIFFERENT order.

Hand Tools
Options: Wrench, Pliers, Hammer, Screwdriver

Which option do you choose? Respond with the exact option text.",Hammer,Hammer,True
Cutting Tools,"[""Knife"", ""Scissors"", ""Axe"", ""Saw""]","[""Scissors"", ""Axe"", ""Saw"", ""Knife""]","[""Scissors"", ""Knife"", ""Axe"", ""Saw""]","You are playing a coordination game with another agent.
If you both select the SAME option, you each get $1.
You cannot communicate - you must try to coordinate.
Note: The other agent sees the SAME options, but in a DIFFERENT order.

Cutting Tools
Options: Scissors, Axe, Saw, Knife

Which option do you choose? Respond with the exact option text.",Axe,Axe,"You are playing a coordination game with another agent.
If you both select the SAME option, you each get $1.
You cannot communicate - you must try to coordinate.
Note: The other agent sees the SAME options, but in a DIFFERENT order.

Cutting Tools
Options: Scissors, Knife, Axe, Saw

Which option do you choose? Respond with the exact option text.",Axe,Axe,True
Measuring Tools,"[""Ruler"", ""Scale"", ""Compass"", ""Thermometer""]","[""Compass"", ""Thermometer"", ""Scale"", ""Ruler""]","[""Thermometer"", ""Ruler"", ""Compass"", ""Scale""]","You are playing a coordination game with another agent.
If you both select the SAME option, you each get $1.
You cannot communicate - you must try to coordinate.
Note: The other agent sees the SAME options, but in a DIFFERENT order.

Measuring Tools
Options: Compass, Thermometer, Scale, Ruler

Which option do you choose? Respond with the exact option text.",Compass,Compass,"You are playing a coordination game with another agent.
If you both select the SAME option, you each get $1.
You cannot communicate - you must try to coordinate.
Note: The other agent sees the SAME options, but in a DIFFERENT order.

Measuring Tools
Options: Thermometer, Ruler, Compass, Scale

Which option do you choose? Respond with the exact option text.",Compass,Compass,True
Writing Tools,"[""Pen"", ""Pencil"", ""Marker"", ""Chalk""]","[""Marker"", ""Pencil"", ""Chalk"", ""Pen""]","[""Chalk"", ""Pen"", ""Pencil"", ""Marker""]","You are playing a coordination game with another agent.
If you both select the SAME option, you each get $1.
You cannot communicate - you must try to coordinate.
Note: The other agent sees the SAME options, but in a DIFFERENT order.

Writing Tools
Options: Marker, Pencil, Chalk, Pen

Which option do you choose? Respond with the exact option text.",Chalk,Chalk,"You are playing a coordination game with another agent.
If you both select the SAME option, you each get $1.
You cannot communicate - you must try to coordinate.
Note: The other agent sees the SAME options, but in a DIFFERENT order.

Writing Tools
Options: Chalk, Pen, Pencil, Marker

Which option do you choose? Respond with the exact option text.",Pen,Pen,False
Garden Tools,"[""Shovel"", ""Rake"", ""Hoe"", ""Trowel""]","[""Rake"", ""Shovel"", ""Trowel"", ""Hoe""]","[""Shovel"", ""Rake"", ""Trowel"", ""Hoe""]","You are playing a coordination game with another agent.
If you both select the SAME option, you each get $1.
You cannot communicate - you must try to coordinate.
Note: The other agent sees the SAME options, but in a DIFFERENT order.

Garden Tools
Options: Rake, Shovel, Trowel, Hoe

Which option do you choose? Respond with the exact option text.",Hoe,Hoe,"You are playing a coordination game with another agent.
If you both select the SAME option, you each get $1.
You cannot communicate - you must try to coordinate.
Note: The other agent sees the SAME options, but in a DIFFERENT order.

Garden Tools
Options: Shovel, Rake, Trowel, Hoe

Which option do you choose? Respond with the exact option text.",Hoe,Hoe,True
手动工具,"[""锤子"", ""螺丝刀"", ""扳手"", ""钳子""]","[""锤子"", ""扳手"", ""螺丝刀"", ""钳子""]","[""螺丝刀"", ""钳子"", ""扳手"", ""锤子""]","You are playing a coordination game with another agent.
If you both select the SAME option, you each get $1.
You cannot communicate - you must try to coordinate.
Note: The other agent sees the SAME options, but in a DIFFERENT order.

手动工具
Options: 锤子, 扳手, 螺丝刀, 钳子

Which option do you choose? Respond with the exact option text.",锤子,锤子,"You are playing a coordination game with another agent.
If you both select the SAME option, you each get $1.
You cannot communicate - you must try to coordinate.
Note: The other agent sees the SAME options, but in a DIFFERENT order.

手动工具
Options: 螺丝刀, 钳子, 扳手, 锤子

Which option do you choose? Respond with the exact option text.",锤子,锤子,True
切割工具,"[""刀"", ""剪刀"", ""斧头"", ""锯子""]","[""剪刀"", ""锯子"", ""刀"", ""斧头""]","[""剪刀"", ""斧头"", ""锯子"", ""刀""]","You are playing a coordination game with another agent.
If you both select the SAME option, you each get $1.
You cannot communicate - you must try to coordinate.
Note: The other agent sees the SAME options, but in a DIFFERENT order.

切割工具
Options: 剪刀, 锯子, 刀, 斧头

Which option do you choose? Respond with the exact option text.",刀,刀,"You are playing a coordination game with another agent.
If you both select the SAME option, you each get $1.
You cannot communicate - you must try to coordinate.
Note: The other agent sees the SAME options, but in a DIFFERENT order.

切割工具
Options: 剪刀, 斧头, 锯子, 刀

Which option do you choose? Respond with the exact option text.",刀,刀,True
测量工具,"[""尺子"", ""秤"", ""指南针"", ""温度计""]","[""指南针"", ""温度计"", ""秤"", ""尺子""]","[""温度计"", ""指南针"", ""尺子"", ""秤""]","You are playing a coordination game with another agent.
If you both select the SAME option, you each get $1.
You cannot communicate - you must try to coordinate.
Note: The other agent sees the SAME options, but in a DIFFERENT order.

测量工具
Options: 指南针, 温度计, 秤, 尺子

Which option do you choose? Respond with the exact option text.",尺子,尺子,"You are playing a coordination game with another agent.
If you both select the SAME option, you each get $1.
You cannot communicate - you must try to coordinate.
Note: The other agent sees the SAME options, but in a DIFFERENT order.

测量工具
Options: 温度计, 指南针, 尺子, 秤

Which option do you choose? Respond with the exact option text.",尺子,尺子,True
书写工具,"[""钢笔"", ""铅笔"", ""记号笔"", ""粉笔""]","[""铅笔"", ""粉笔"", ""钢笔"", ""记号笔""]","[""钢笔"", ""铅笔"", ""粉笔"", ""记号笔""]","You are playing a coordination game with another agent.
If you both select the SAME option, you each get $1.
You cannot communicate - you must try to coordinate.
Note: The other agent sees the SAME options, but in a DIFFERENT order.

书写工具
Options: 铅笔, 粉笔, 钢笔, 记号笔

Which option do you choose? Respond with the exact option text.",铅笔,铅笔,"You are playing a coordination game with another agent.
If you both select the SAME option, you each get $1.
You cannot communicate - you must try to coordinate.
Note: The other agent sees the SAME options, but in a DIFFERENT order.

书写工具
Options: 钢笔, 铅笔, 粉笔, 记号笔

Which option do you choose? Respond with the exact option text.",钢笔,钢笔,False
园艺工具,"[""铲子"", ""耙子"", ""锄头"", ""小铲""]","[""小铲"", ""铲子"", ""锄头"", ""耙子""]","[""铲子"", ""锄头"", ""耙子"", ""小铲""]","You are playing a coordination game with another agent.
If you both select the SAME option, you each get $1.
You cannot communicate - you must try to coordinate.
Note: The other agent sees the SAME options, but in a DIFFERENT order.

园艺工具
Options: 小铲, 铲子, 锄头, 耙子

Which option do you choose? Respond with the exact option text.",铲子,铲子,"You are playing a coordination game with another agent.
If you both select the SAME option, you each get $1.
You cannot communicate - you must try to coordinate.
Note: The other agent sees the SAME options, but in a DIFFERENT order.

园艺工具
Options: 铲子, 锄头, 耙子, 小铲

Which option do you choose? Respond with the exact option text.",铲子,铲子,True
Upper Body Clothing,"[""Shirt"", ""Jacket"", ""Sweater"", ""Coat""]","[""Coat"", ""Sweater"", ""Shirt"", ""Jacket""]","[""Sweater"", ""Shirt"", ""Jacket"", ""Coat""]","You are playing a coordination game with another agent.
If you both select the SAME option, you each get $1.
You cannot communicate - you must try to coordinate.
Note: The other agent sees the SAME options, but in a DIFFERENT order.

Upper Body Clothing
Options: Coat, Sweater, Shirt, Jacket

Which option do you choose? Respond with the exact option text.",Coat,Coat,"You are playing a coordination game with another agent.
If you both select the SAME option, you each get $1.
You cannot communicate - you must try to coordinate.
Note: The other agent sees the SAME options, but in a DIFFERENT order.

Upper Body Clothing
Options: Sweater, Shirt, Jacket, Coat

Which option do you choose? Respond with the exact option text.",Coat,Coat,True
Lower Body Clothing,"[""Pants"", ""Jeans"", ""Shorts"", ""Skirt""]","[""Skirt"", ""Pants"", ""Jeans"", ""Shorts""]","[""Pants"", ""Shorts"", ""Skirt"", ""Jeans""]","You are playing a coordination game with another agent.
If you both select the SAME option, you each get $1.
You cannot communicate - you must try to coordinate.
Note: The other agent sees the SAME options, but in a DIFFERENT order.

Lower Body Clothing
Options: Skirt, Pants, Jeans, Shorts

Which option do you choose? Respond with the exact option text.",Jeans,Jeans,"You are playing a coordination game with another agent.
If you both select the SAME option, you each get $1.
You cannot communicate - you must try to coordinate.
Note: The other agent sees the SAME options, but in a DIFFERENT order.

Lower Body Clothing
Options: Pants, Shorts, Skirt, Jeans

Which option do you choose? Respond with the exact option text.",Jeans,Jeans,True
Footwear,"[""Sneakers"", ""Boots"", ""Sandals"", ""Dress Shoes""]","[""Sneakers"", ""Dress Shoes"", ""Boots"", ""Sandals""]","[""Boots"", ""Sandals"", ""Dress Shoes"", ""Sneakers""]","You are playing a coordination game with another agent.
If you both select the SAME option, you each get $1.
You cannot communicate - you must try to coordinate.
Note: The other agent sees the SAME options, but in a DIFFERENT order.

Footwear
Options: Sneakers, Dress Shoes, Boots, Sandals

Which option do you choose? Respond with the exact option text.",Boots,Boots,"You are playing a coordination game with another agent.
If you both select the SAME option, you each get $1.
You cannot communicate - you must try to coordinate.
Note: The other agent sees the SAME options, but in a DIFFERENT order.

Footwear
Options: Boots, Sandals, Dress Shoes, Sneakers

Which option do you choose? Respond with the exact option text.",Boots,Boots,True
Headwear,"[""Cap"", ""Hat"", ""Beanie"", ""Helmet""]","[""Hat"", ""Beanie"", ""Cap"", ""Helmet""]","[""Cap"", ""Beanie"", ""Hat"", ""Helmet""]","You are playing a coordination game with another agent.
If you both select the SAME option, you each get $1.
You cannot communicate - you must try to coordinate.
Note: The other agent sees the SAME options, but in a DIFFERENT order.

Headwear
Options: Hat, Beanie, Cap, Helmet

Which option do you choose? Respond with the exact option text.",Hat,Hat,"You are playing a coordination game with another agent.
If you both select the SAME option, you each get $1.
You cannot communicate - you must try to coordinate.
Note: The other agent sees the SAME options, but in a DIFFERENT order.

Headwear
Options: Cap, Beanie, Hat, Helmet

Which option do you choose? Respond with the exact option text.",Hat,Hat,True
Formal Wear,"[""Suit"", ""Dress"", ""Tuxedo"", ""Gown""]","[""Tuxedo"", ""Suit"", ""Gown"", ""Dress""]","[""Suit"", ""Tuxedo"", ""Gown"", ""Dress""]","You are playing a coordination game with another agent.
If you both select the SAME option, you each get $1.
You cannot communicate - you must try to coordinate.
Note: The other agent sees the SAME options, but in a DIFFERENT order.

Formal Wear
Options: Tuxedo, Suit, Gown, Dress

Which option do you choose? Respond with the exact option text.",Dress,Dress,"You are playing a coordination game with another agent.
If you both select the SAME option, you each get $1.
You cannot communicate - you must try to coordinate.
Note: The other agent sees the SAME options, but in a DIFFERENT order.

Formal Wear
Options: Suit, Tuxedo, Gown, Dress

Which option do you choose? Respond with the exact option text.",Tuxedo,Tuxedo,False
上装,"[""衬衫"", ""夹克"", ""毛衣"", ""外套""]","[""衬衫"", ""夹克"", ""毛衣"", ""外套""]","[""外套"", ""毛衣"", ""衬衫"", ""夹克""]","You are playing a coordination game with another agent.
If you both select the SAME option, you each get $1.
You cannot communicate - you must try to coordinate.
Note: The other agent sees the SAME options, but in a DIFFERENT order.

上装
Options: 衬衫, 夹克, 毛衣, 外套

Which option do you choose? Respond with the exact option text.",衬衫,衬衫,"You are playing a coordination game with another agent.
If you both select the SAME option, you each get $1.
You cannot communicate - you must try to coordinate.
Note: The other agent sees the SAME options, but in a DIFFERENT order.

上装
Options: 外套, 毛衣, 衬衫, 夹克

Which option do you choose? Respond with the exact option text.",衬衫,衬衫,True
下装,"[""裤子"", ""牛仔裤"", ""短裤"", ""裙子""]","[""裙子"", ""裤子"", ""短裤"", ""牛仔裤""]","[""裙子"", ""裤子"", ""牛仔裤"", ""短裤""]","You are playing a coordination game with another agent.
If you both select the SAME option, you each get $1.
You cannot communicate - you must try to coordinate.
Note: The other agent sees the SAME options, but in a DIFFERENT order.

下装
Options: 裙子, 裤子, 短裤, 牛仔裤

Which option do you choose? Respond with the exact option text.",裤子,裤子,"You are playing a coordination game with another agent.
If you both select the SAME option, you each get $1.
You cannot communicate - you must try to coordinate.
Note: The other agent sees the SAME options, but in a DIFFERENT order.

下装
Options: 裙子, 裤子, 牛仔裤, 短裤

Which option do you choose? Respond with the exact option text.",裤子,裤子,True
鞋类,"[""运动鞋"", ""靴子"", ""凉鞋"", ""皮鞋""]","[""靴子"", ""运动鞋"", ""凉鞋"", ""皮鞋""]","[""运动鞋"", ""靴子"", ""皮鞋"", ""凉鞋""]","You are playing a coordination game with another agent.
If you both select the SAME option, you each get $1.
You cannot communicate - you must try to coordinate.
Note: The other agent sees the SAME options, but in a DIFFERENT order.

鞋类
Options: 靴子, 运动鞋, 凉鞋, 皮鞋

Which option do you choose? Respond with the exact option text.",凉鞋,凉鞋,"You are playing a coordination game with another agent.
If you both select the SAME option, you each get $1.
You cannot communicate - you must try to coordinate.
Note: The other agent sees the SAME options, but in a DIFFERENT order.

鞋类
Options: 运动鞋, 靴子, 皮鞋, 凉鞋

Which option do you choose? Respond with the exact option text.",运动鞋,运动鞋,False
帽子,"[""鸭舌帽"", ""礼帽"", ""毛线帽"", ""头盔""]","[""礼帽"", ""鸭舌帽"", ""毛线帽"", ""头盔""]","[""礼帽"", ""鸭舌帽"", ""毛线帽"", ""头盔""]","You are playing a coordination game with another agent.
If you both select the SAME option, you each get $1.
You cannot communicate - you must try to coordinate.
Note: The other agent sees the SAME options, but in a DIFFERENT order.

帽子
Options: 礼帽, 鸭舌帽, 毛线帽, 头盔

Which option do you choose? Respond with the exact option text.",头盔,头盔,"You are playing a coordination game with another agent.
If you both select the SAME option, you each get $1.
You cannot communicate - you must try to coordinate.
Note: The other agent sees the SAME options, but in a DIFFERENT order.

帽子
Options: 礼帽, 鸭舌帽, 毛线帽, 头盔

Which option do you choose? Respond with the exact option text.",头盔,头盔,True
正装,"[""西装"", ""连衣裙"", ""燕尾服"", ""礼服""]","[""礼服"", ""西装"", ""连衣裙"", ""燕尾服""]","[""连衣裙"", ""燕尾服"", ""礼服"", ""西装""]","You are playing a coordination game with another agent.
If you both select the SAME option, you each get $1.
You cannot communicate - you must try to coordinate.
Note: The other agent sees the SAME options, but in a DIFFERENT order.

正装
Options: 礼服, 西装, 连衣裙, 燕尾服

Which option do you choose? Respond with the exact option text.",西装,西装,"You are playing a coordination game with another agent.
If you both select the SAME option, you each get $1.
You cannot communicate - you must try to coordinate.
Note: The other agent sees the SAME options, but in a DIFFERENT order.

正装
Options: 连衣裙, 燕尾服, 礼服, 西装

Which option do you choose? Respond with the exact option text.",西装,西装,True
Road Vehicles,"[""Car"", ""Bus"", ""Truck"", ""Motorcycle""]","[""Bus"", ""Car"", ""Motorcycle"", ""Truck""]","[""Bus"", ""Motorcycle"", ""Car"", ""Truck""]","You are playing a coordination game with another agent.
If you both select the SAME option, you each get $1.
You cannot communicate - you must try to coordinate.
Note: The other agent sees the SAME options, but in a DIFFERENT order.

Road Vehicles
Options: Bus, Car, Motorcycle, Truck

Which option do you choose? Respond with the exact option text.",Bus,Bus,"You are playing a coordination game with another agent.
If you both select the SAME option, you each get $1.
You cannot communicate - you must try to coordinate.
Note: The other agent sees the SAME options, but in a DIFFERENT order.

Road Vehicles
Options: Bus, Motorcycle, Car, Truck

Which option do you choose? Respond with the exact option text.",Bus,Bus,True
Two-Wheel Vehicles,"[""Bicycle"", ""Motorcycle"", ""Scooter"", ""Skateboard""]","[""Motorcycle"", ""Skateboard"", ""Bicycle"", ""Scooter""]","[""Bicycle"", ""Skateboard"", ""Scooter"", ""Motorcycle""]","You are playing a coordination game with another agent.
If you both select the SAME option, you each get $1.
You cannot communicate - you must try to coordinate.
Note: The other agent sees the SAME options, but in a DIFFERENT order.

Two-Wheel Vehicles
Options: Motorcycle, Skateboard, Bicycle, Scooter

Which option do you choose? Respond with the exact option text.",Bicycle,Bicycle,"You are playing a coordination game with another agent.
If you both select the SAME option, you each get $1.
You cannot communicate - you must try to coordinate.
Note: The other agent sees the SAME options, but in a DIFFERENT order.

Two-Wheel Vehicles
Options: Bicycle, Skateboard, Scooter, Motorcycle

Which option do you choose? Respond with the exact option text.",Bicycle,Bicycle,True
Water Vehicles,"[""Boat"", ""Ship"", ""Canoe"", ""Yacht""]","[""Ship"", ""Yacht"", ""Boat"", ""Canoe""]","[""Ship"", ""Boat"", ""Yacht"", ""Canoe""]","You are playing a coordination game with another agent.
If you both select the SAME option, you each get $1.
You cannot communicate - you must try to coordinate.
Note: The other agent sees the SAME options, but in a DIFFERENT order.

Water Vehicles
Options: Ship, Yacht, Boat, Canoe

Which option do you choose? Respond with the exact option text.",Boat,Boat,"You are playing a coordination game with another agent.
If you both select the SAME option, you each get $1.
You cannot communicate - you must try to coordinate.
Note: The other agent sees the SAME options, but in a DIFFERENT order.

Water Vehicles
Options: Ship, Boat, Yacht, Canoe

Which option do you choose? Respond with the exact option text.",I'll choose Boat.,Boat,True
Air Vehicles,"[""Airplane"", ""Helicopter"", ""Balloon"", ""Glider""]","[""Glider"", ""Airplane"", ""Balloon"", ""Helicopter""]","[""Glider"", ""Balloon"", ""Helicopter"", ""Airplane""]","You are playing a coordination game with another agent.
If you both select the SAME option, you each get $1.
You cannot communicate - you must try to coordinate.
Note: The other agent sees the SAME options, but in a DIFFERENT order.

Air Vehicles
Options: Glider, Airplane, Balloon, Helicopter

Which option do you choose? Respond with the exact option text.",Airplane,Airplane,"You are playing a coordination game with another agent.
If you both select the SAME option, you each get $1.
You cannot communicate - you must try to coordinate.
Note: The other agent sees the SAME options, but in a DIFFERENT order.

Air Vehicles
Options: Glider, Balloon, Helicopter, Airplane

Which option do you choose? Respond with the exact option text.",Airplane,Airplane,True
Public Transport,"[""Bus"", ""Subway"", ""Taxi"", ""Train""]","[""Train"", ""Bus"", ""Taxi"", ""Subway""]","[""Bus"", ""Subway"", ""Train"", ""Taxi""]","You are playing a coordination game with another agent.
If you both select the SAME option, you each get $1.
You cannot communicate - you must try to coordinate.
Note: The other agent sees the SAME options, but in a DIFFERENT order.

Public Transport
Options: Train, Bus, Taxi, Subway

Which option do you choose? Respond with the exact option text.",Bus,Bus,"You are playing a coordination game with another agent.
If you both select the SAME option, you each get $1.
You cannot communicate - you must try to coordinate.
Note: The other agent sees the SAME options, but in a DIFFERENT order.

Public Transport
Options: Bus, Subway, Train, Taxi

Which option do you choose? Respond with the exact option text.",Bus,Bus,True
道路车辆,"[""汽车"", ""公交车"", ""卡车"", ""摩托车""]","[""公交车"", ""汽车"", ""卡车"", ""摩托车""]","[""卡车"", ""汽车"", ""摩托车"", ""公交车""]","You are playing a coordination game with another agent.
If you both select the SAME option, you each get $1.
You cannot communicate - you must try to coordinate.
Note: The other agent sees the SAME options, but in a DIFFERENT order.

道路车辆
Options: 公交车, 汽车, 卡车, 摩托车

Which option do you choose? Respond with the exact option text.",汽车,汽车,"You are playing a coordination game with another agent.
If you both select the SAME option, you each get $1.
You cannot communicate - you must try to coordinate.
Note: The other agent sees the SAME options, but in a DIFFERENT order.

道路车辆
Options: 卡车, 汽车, 摩托车, 公交车

Which option do you choose? Respond with the exact option text.",汽车,汽车,True
两轮车,"[""自行车"", ""摩托车"", ""滑板车"", ""滑板""]","[""摩托车"", ""滑板"", ""自行车"", ""滑板车""]","[""自行车"", ""摩托车"", ""滑板车"", ""滑板""]","You are playing a coordination game with another agent.
If you both select the SAME option, you each get $1.
You cannot communicate - you must try to coordinate.
Note: The other agent sees the SAME options, but in a DIFFERENT order.

两轮车
Options: 摩托车, 滑板, 自行车, 滑板车

Which option do you choose? Respond with the exact option text.",自行车,自行车,"You are playing a coordination game with another agent.
If you both select the SAME option, you each get $1.
You cannot communicate - you must try to coordinate.
Note: The other agent sees the SAME options, but in a DIFFERENT order.

两轮车
Options: 自行车, 摩托车, 滑板车, 滑板

Which option do you choose? Respond with the exact option text.",自行车,自行车,True
水上交通,"[""船"", ""轮船"", ""独木舟"", ""游艇""]","[""游艇"", ""船"", ""轮船"", ""独木舟""]","[""游艇"", ""独木舟"", ""轮船"", ""船""]","You are playing a coordination game with another agent.
If you both select the SAME option, you each get $1.
You cannot communicate - you must try to coordinate.
Note: The other agent sees the SAME options, but in a DIFFERENT order.

水上交通
Options: 游艇, 船, 轮船, 独木舟

Which option do you choose? Respond with the exact option text.",船,船,"You are playing a coordination game with another agent.
If you both select the SAME option, you each get $1.
You cannot communicate - you must try to coordinate.
Note: The other agent sees the SAME options, but in a DIFFERENT order.

水上交通
Options: 游艇, 独木舟, 轮船, 船

Which option do you choose? Respond with the exact option text.",船,船,True
空中交通,"[""飞机"", ""直升机"", ""热气球"", ""滑翔机""]","[""飞机"", ""直升机"", ""滑翔机"", ""热气球""]","[""热气球"", ""直升机"", ""飞机"", ""滑翔机""]","You are playing a coordination game with another agent.
If you both select the SAME option, you each get $1.
You cannot communicate - you must try to coordinate.
Note: The other agent sees the SAME options, but in a DIFFERENT order.

空中交通
Options: 飞机, 直升机, 滑翔机, 热气球

Which option do you choose? Respond with the exact option text.",飞机,飞机,"You are playing a coordination game with another agent.
If you both select the SAME option, you each get $1.
You cannot communicate - you must try to coordinate.
Note: The other agent sees the SAME options, but in a DIFFERENT order.

空中交通
Options: 热气球, 直升机, 飞机, 滑翔机

Which option do you choose? Respond with the exact option text.",飞机,飞机,True
公共交通,"[""公交车"", ""地铁"", ""出租车"", ""火车""]","[""地铁"", ""公交车"", ""火车"", ""出租车""]","[""地铁"", ""公交车"", ""火车"", ""出租车""]","You are playing a coordination game with another agent.
If you both select the SAME option, you each get $1.
You cannot communicate - you must try to coordinate.
Note: The other agent sees the SAME options, but in a DIFFERENT order.

公共交通
Options: 地铁, 公交车, 火车, 出租车

Which option do you choose? Respond with the exact option text.",公交车,公交车,"You are playing a coordination game with another agent.
If you both select the SAME option, you each get $1.
You cannot communicate - you must try to coordinate.
Note: The other agent sees the SAME options, but in a DIFFERENT order.

公共交通
Options: 地铁, 公交车, 火车, 出租车

Which option do you choose? Respond with the exact option text.",公交车,公交车,True
Living Room Furniture,"[""Sofa"", ""Table"", ""Chair"", ""Shelf""]","[""Chair"", ""Shelf"", ""Sofa"", ""Table""]","[""Table"", ""Shelf"", ""Chair"", ""Sofa""]","You are playing a coordination game with another agent.
If you both select the SAME option, you each get $1.
You cannot communicate - you must try to coordinate.
Note: The other agent sees the SAME options, but in a DIFFERENT order.

Living Room Furniture
Options: Chair, Shelf, Sofa, Table

Which option do you choose? Respond with the exact option text.",Chair,Chair,"You are playing a coordination game with another agent.
If you both select the SAME option, you each get $1.
You cannot communicate - you must try to coordinate.
Note: The other agent sees the SAME options, but in a DIFFERENT order.

Living Room Furniture
Options: Table, Shelf, Chair, Sofa

Which option do you choose? Respond with the exact option text.",Sofa,Sofa,False
Bedroom Furniture,"[""Bed"", ""Wardrobe"", ""Dresser"", ""Nightstand""]","[""Dresser"", ""Nightstand"", ""Bed"", ""Wardrobe""]","[""Wardrobe"", ""Nightstand"", ""Bed"", ""Dresser""]","You are playing a coordination game with another agent.
If you both select the SAME option, you each get $1.
You cannot communicate - you must try to coordinate.
Note: The other agent sees the SAME options, but in a DIFFERENT order.

Bedroom Furniture
Options: Dresser, Nightstand, Bed, Wardrobe

Which option do you choose? Respond with the exact option text.",Bed,Bed,"You are playing a coordination game with another agent.
If you both select the SAME option, you each get $1.
You cannot communicate - you must try to coordinate.
Note: The other agent sees the SAME options, but in a DIFFERENT order.

Bedroom Furniture
Options: Wardrobe, Nightstand, Bed, Dresser

Which option do you choose? Respond with the exact option text.",Bed,Bed,True
Office Furniture,"[""Desk"", ""Chair"", ""Filing Cabinet"", ""Bookshelf""]","[""Desk"", ""Chair"", ""Filing Cabinet"", ""Bookshelf""]","[""Chair"", ""Filing Cabinet"", ""Desk"", ""Bookshelf""]","You are playing a coordination game with another agent.
If you both select the SAME option, you each get $1.
You cannot communicate - you must try to coordinate.
Note: The other agent sees the SAME options, but in a DIFFERENT order.

Office Furniture
Options: Desk, Chair, Filing Cabinet, Bookshelf

Which option do you choose? Respond with the exact option text.",Desk,Desk,"You are playing a coordination game with another agent.
If you both select the SAME option, you each get $1.
You cannot communicate - you must try to coordinate.
Note: The other agent sees the SAME options, but in a DIFFERENT order.

Office Furniture
Options: Chair, Filing Cabinet, Desk, Bookshelf

Which option do you choose? Respond with the exact option text.",Bookshelf,Bookshelf,False
Dining Furniture,"[""Dining Table"", ""Chair"", ""Cabinet"", ""Sideboard""]","[""Sideboard"", ""Chair"", ""Cabinet"", ""Dining Table""]","[""Cabinet"", ""Sideboard"", ""Dining Table"", ""Chair""]","You are playing a coordination game with another agent.
If you both select the SAME option, you each get $1.
You cannot communicate - you must try to coordinate.
Note: The other agent sees the SAME options, but in a DIFFERENT order.

Dining Furniture
Options: Sideboard, Chair, Cabinet, Dining Table

Which option do you choose? Respond with the exact option text.",Dining Table,Dining Table,"You are playing a coordination game with another agent.
If you both select the SAME option, you each get $1.
You cannot communicate - you must try to coordinate.
Note: The other agent sees the SAME options, but in a DIFFERENT order.

Dining Furniture
Options: Cabinet, Sideboard, Dining Table, Chair

Which option do you choose? Respond with the exact option text.",Dining Table,Dining Table,True
Storage Furniture,"[""Cabinet"", ""Shelf"", ""Drawer"", ""Closet""]","[""Cabinet"", ""Closet"", ""Shelf"", ""Drawer""]","[""Closet"", ""Drawer"", ""Cabinet"", ""Shelf""]","You are playing a coordination game with another agent.
If you both select the SAME option, you each get $1.
You cannot communicate - you must try to coordinate.
Note: The other agent sees the SAME options, but in a DIFFERENT order.

Storage Furniture
Options: Cabinet, Closet, Shelf, Drawer

Which option do you choose? Respond with the exact option text.",Cabinet,Cabinet,"You are playing a coordination game with another agent.
If you both select the SAME option, you each get $1.
You cannot communicate - you must try to coordinate.
Note: The other agent sees the SAME options, but in a DIFFERENT order.

Storage Furniture
Options: Closet, Drawer, Cabinet, Shelf

Which option do you choose? Respond with the exact option text.",Cabinet,Cabinet,True
客厅家具,"[""沙发"", ""桌子"", ""椅子"", ""书架""]","[""书架"", ""沙发"", ""椅子"", ""桌子""]","[""椅子"", ""书架"", ""桌子"", ""沙发""]","You are playing a coordination game with another agent.
If you both select the SAME option, you each get $1.
You cannot communicate - you must try to coordinate.
Note: The other agent sees the SAME options, but in a DIFFERENT order.

客厅家具
Options: 书架, 沙发, 椅子, 桌子

Which option do you choose? Respond with the exact option text.",沙发,沙发,"You are playing a coordination game with another agent.
If you both select the SAME option, you each get $1.
You cannot communicate - you must try to coordinate.
Note: The other agent sees the SAME options, but in a DIFFERENT order.

客厅家具
Options: 椅子, 书架, 桌子, 沙发

Which option do you choose? Respond with the exact option text.",沙发,沙发,True
卧室家具,"[""床"", ""衣柜"", ""梳妆台"", ""床头柜""]","[""衣柜"", ""梳妆台"", ""床头柜"", ""床""]","[""衣柜"", ""床头柜"", ""床"", ""梳妆台""]","You are playing a coordination game with another agent.
If you both select the SAME option, you each get $1.
You cannot communicate - you must try to coordinate.
Note: The other agent sees the SAME options, but in a DIFFERENT order.

卧室家具
Options: 衣柜, 梳妆台, 床头柜, 床

Which option do you choose? Respond with the exact option text.",床,床,"You are playing a coordination game with another agent.
If you both select the SAME option, you each get $1.
You cannot communicate - you must try to coordinate.
Note: The other agent sees the SAME options, but in a DIFFERENT order.

卧室家具
Options: 衣柜, 床头柜, 床, 梳妆台

Which option do you choose? Respond with the exact option text.",床,床,True
办公家具,"[""书桌"", ""椅子"", ""文件柜"", ""书架""]","[""文件柜"", ""椅子"", ""书架"", ""书桌""]","[""椅子"", ""文件柜"", ""书架"", ""书桌""]","You are playing a coordination game with another agent.
If you both select the SAME option, you each get $1.
You cannot communicate - you must try to coordinate.
Note: The other agent sees the SAME options, but in a DIFFERENT order.

办公家具
Options: 文件柜, 椅子, 书架, 书桌

Which option do you choose? Respond with the exact option text.",书桌,书桌,"You are playing a coordination game with another agent.
If you both select the SAME option, you each get $1.
You cannot communicate - you must try to coordinate.
Note: The other agent sees the SAME options, but in a DIFFERENT order.

办公家具
Options: 椅子, 文件柜, 书架, 书桌

Which option do you choose? Respond with the exact option text.",书桌,书桌,True
餐厅家具,"[""餐桌"", ""餐椅"", ""餐柜"", ""边柜""]","[""边柜"", ""餐桌"", ""餐柜"", ""餐椅""]","[""餐椅"", ""餐柜"", ""餐桌"", ""边柜""]","You are playing a coordination game with another agent.
If you both select the SAME option, you each get $1.
You cannot communicate - you must try to coordinate.
Note: The other agent sees the SAME options, but in a DIFFERENT order.

餐厅家具
Options: 边柜, 餐桌, 餐柜, 餐椅

Which option do you choose? Respond with the exact option text.",餐桌,餐桌,"You are playing a coordination game with another agent.
If you both select the SAME option, you each get $1.
You cannot communicate - you must try to coordinate.
Note: The other agent sees the SAME options, but in a DIFFERENT order.

餐厅家具
Options: 餐椅, 餐柜, 餐桌, 边柜

Which option do you choose? Respond with the exact option text.",餐桌,餐桌,True
收纳家具,"[""柜子"", ""架子"", ""抽屉"", ""衣橱""]","[""柜子"", ""抽屉"", ""架子"", ""衣橱""]","[""架子"", ""衣橱"", ""抽屉"", ""柜子""]","You are playing a coordination game with another agent.
If you both select the SAME option, you each get $1.
You cannot communicate - you must try to coordinate.
Note: The other agent sees the SAME options, but in a DIFFERENT order.

收纳家具
Options: 柜子, 抽屉, 架子, 衣橱

Which option do you choose? Respond with the exact option text.",柜子,柜子,"You are playing a coordination game with another agent.
If you both select the SAME option, you each get $1.
You cannot communicate - you must try to coordinate.
Note: The other agent sees the SAME options, but in a DIFFERENT order.

收纳家具
Options: 架子, 衣橱, 抽屉, 柜子

Which option do you choose? Respond with the exact option text.",抽屉,抽屉,False
Home Rooms,"[""Bedroom"", ""Kitchen"", ""Bathroom"", ""Living Room""]","[""Kitchen"", ""Bathroom"", ""Living Room"", ""Bedroom""]","[""Bathroom"", ""Living Room"", ""Bedroom"", ""Kitchen""]","You are playing a coordination game with another agent.
If you both select the SAME option, you each get $1.
You cannot communicate - you must try to coordinate.
Note: The other agent sees the SAME options, but in a DIFFERENT order.

Home Rooms
Options: Kitchen, Bathroom, Living Room, Bedroom

Which option do you choose? Respond with the exact option text.",Bathroom,Bathroom,"You are playing a coordination game with another agent.
If you both select the SAME option, you each get $1.
You cannot communicate - you must try to coordinate.
Note: The other agent sees the SAME options, but in a DIFFERENT order.

Home Rooms
Options: Bathroom, Living Room, Bedroom, Kitchen

Which option do you choose? Respond with the exact option text.",Bathroom,Bathroom,True
Kitchen Areas,"[""Counter"", ""Stove"", ""Sink"", ""Refrigerator""]","[""Stove"", ""Refrigerator"", ""Counter"", ""Sink""]","[""Counter"", ""Sink"", ""Stove"", ""Refrigerator""]","You are playing a coordination game with another agent.
If you both select the SAME option, you each get $1.
You cannot communicate - you must try to coordinate.
Note: The other agent sees the SAME options, but in a DIFFERENT order.

Kitchen Areas
Options: Stove, Refrigerator, Counter, Sink

Which option do you choose? Respond with the exact option text.",Counter,Counter,"You are playing a coordination game with another agent.
If you both select the SAME option, you each get $1.
You cannot communicate - you must try to coordinate.
Note: The other agent sees the SAME options, but in a DIFFERENT order.

Kitchen Areas
Options: Counter, Sink, Stove, Refrigerator

Which option do you choose? Respond with the exact option text.",Counter,Counter,True
Bathroom Features,"[""Shower"", ""Toilet"", ""Sink"", ""Bathtub""]","[""Toilet"", ""Sink"", ""Shower"", ""Bathtub""]","[""Toilet"", ""Bathtub"", ""Sink"", ""Shower""]","You are playing a coordination game with another agent.
If you both select the SAME option, you each get $1.
You cannot communicate - you must try to coordinate.
Note: The other agent sees the SAME options, but in a DIFFERENT order.

Bathroom Features
Options: Toilet, Sink, Shower, Bathtub

Which option do you choose? Respond with the exact option text.",Bathtub,Bathtub,"You are playing a coordination game with another agent.
If you both select the SAME option, you each get $1.
You cannot communicate - you must try to coordinate.
Note: The other agent sees the SAME options, but in a DIFFERENT order.

Bathroom Features
Options: Toilet, Bathtub, Sink, Shower

Which option do you choose? Respond with the exact option text.",Toilet,Toilet,False
Living Room Items,"[""Sofa"", ""TV"", ""Carpet"", ""Window""]","[""Window"", ""Carpet"", ""TV"", ""Sofa""]","[""Carpet"", ""Window"", ""Sofa"", ""TV""]","You are playing a coordination game with another agent.
If you both select the SAME option, you each get $1.
You cannot communicate - you must try to coordinate.
Note: The other agent sees the SAME options, but in a DIFFERENT order.

Living Room Items
Options: Window, Carpet, TV, Sofa

Which option do you choose? Respond with the exact option text.",Carpet,Carpet,"You are playing a coordination game with another agent.
If you both select the SAME option, you each get $1.
You cannot communicate - you must try to coordinate.
Note: The other agent sees the SAME options, but in a DIFFERENT order.

Living Room Items
Options: Carpet, Window, Sofa, TV

Which option do you choose? Respond with the exact option text.",Carpet,Carpet,True
Bedroom Furniture,"[""Bed"", ""Closet"", ""Desk"", ""Mirror""]","[""Bed"", ""Mirror"", ""Closet"", ""Desk""]","[""Mirror"", ""Desk"", ""Bed"", ""Closet""]","You are playing a coordination game with another agent.
If you both select the SAME option, you each get $1.
You cannot communicate - you must try to coordinate.
Note: The other agent sees the SAME options, but in a DIFFERENT order.

Bedroom Furniture
Options: Bed, Mirror, Closet, Desk

Which option do you choose? Respond with the exact option text.",Bed,Bed,"You are playing a coordination game with another agent.
If you both select the SAME option, you each get $1.
You cannot communicate - you must try to coordinate.
Note: The other agent sees the SAME options, but in a DIFFERENT order.

Bedroom Furniture
Options: Mirror, Desk, Bed, Closet

Which option do you choose? Respond with the exact option text.",Bed,Bed,True
家庭房间,"[""卧室"", ""厨房"", ""浴室"", ""客厅""]","[""客厅"", ""厨房"", ""卧室"", ""浴室""]","[""浴室"", ""厨房"", ""卧室"", ""客厅""]","You are playing a coordination game with another agent.
If you both select the SAME option, you each get $1.
You cannot communicate - you must try to coordinate.
Note: The other agent sees the SAME options, but in a DIFFERENT order.

家庭房间
Options: 客厅, 厨房, 卧室, 浴室

Which option do you choose? Respond with the exact option text.",客厅,客厅,"You are playing a coordination game with another agent.
If you both select the SAME option, you each get $1.
You cannot communicate - you must try to coordinate.
Note: The other agent sees the SAME options, but in a DIFFERENT order.

家庭房间
Options: 浴室, 厨房, 卧室, 客厅

Which option do you choose? Respond with the exact option text.",客厅,客厅,True
厨房区域,"[""台面"", ""炉灶"", ""水槽"", ""冰箱""]","[""冰箱"", ""水槽"", ""台面"", ""炉灶""]","[""台面"", ""冰箱"", ""炉灶"", ""水槽""]","You are playing a coordination game with another agent.
If you both select the SAME option, you each get $1.
You cannot communicate - you must try to coordinate.
Note: The other agent sees the SAME options, but in a DIFFERENT order.

厨房区域
Options: 冰箱, 水槽, 台面, 炉灶

Which option do you choose? Respond with the exact option text.",冰箱,冰箱,"You are playing a coordination game with another agent.
If you both select the SAME option, you each get $1.
You cannot communicate - you must try to coordinate.
Note: The other agent sees the SAME options, but in a DIFFERENT order.

厨房区域
Options: 台面, 冰箱, 炉灶, 水槽

Which option do you choose? Respond with the exact option text.",炉灶,炉灶,False
浴室设施,"[""淋浴"", ""马桶"", ""洗手台"", ""浴缸""]","[""浴缸"", ""洗手台"", ""马桶"", ""淋浴""]","[""马桶"", ""浴缸"", ""洗手台"", ""淋浴""]","You are playing a coordination game with another agent.
If you both select the SAME option, you each get $1.
You cannot communicate - you must try to coordinate.
Note: The other agent sees the SAME options, but in a DIFFERENT order.

浴室设施
Options: 浴缸, 洗手台, 马桶, 淋浴

Which option do you choose? Respond with the exact option text.",浴缸,浴缸,"You are playing a coordination game with another agent.
If you both select the SAME option, you each get $1.
You cannot communicate - you must try to coordinate.
Note: The other agent sees the SAME options, but in a DIFFERENT order.

浴室设施
Options: 马桶, 浴缸, 洗手台, 淋浴

Which option do you choose? Respond with the exact option text.",马桶,马桶,False
客厅陈设,"[""沙发"", ""电视"", ""地毯"", ""窗户""]","[""地毯"", ""沙发"", ""电视"", ""窗户""]","[""电视"", ""窗户"", ""沙发"", ""地毯""]","You are playing a coordination game with another agent.
If you both select the SAME option, you each get $1.
You cannot communicate - you must try to coordinate.
Note: The other agent sees the SAME options, but in a DIFFERENT order.

客厅陈设
Options: 地毯, 沙发, 电视, 窗户

Which option do you choose? Respond with the exact option text.",沙发,沙发,"You are playing a coordination game with another agent.
If you both select the SAME option, you each get $1.
You cannot communicate - you must try to coordinate.
Note: The other agent sees the SAME options, but in a DIFFERENT order.

客厅陈设
Options: 电视, 窗户, 沙发, 地毯

Which option do you choose? Respond with the exact option text.",沙发,沙发,True
卧室家具,"[""床"", ""衣柜"", ""书桌"", ""镜子""]","[""书桌"", ""床"", ""镜子"", ""衣柜""]","[""书桌"", ""镜子"", ""床"", ""衣柜""]","You are playing a coordination game with another agent.
If you both select the SAME option, you each get $1.
You cannot communicate - you must try to coordinate.
Note: The other agent sees the SAME options, but in a DIFFERENT order.

卧室家具
Options: 书桌, 床, 镜子, 衣柜

Which option do you choose? Respond with the exact option text.",床,床,"You are playing a coordination game with another agent.
If you both select the SAME option, you each get $1.
You cannot communicate - you must try to coordinate.
Note: The other agent sees the SAME options, but in a DIFFERENT order.

卧室家具
Options: 书桌, 镜子, 床, 衣柜

Which option do you choose? Respond with the exact option text.",床,床,True
Educational Institutions,"[""School"", ""University"", ""College"", ""Academy""]","[""University"", ""Academy"", ""School"", ""College""]","[""School"", ""University"", ""Academy"", ""College""]","You are playing a coordination game with another agent.
If you both select the SAME option, you each get $1.
You cannot communicate - you must try to coordinate.
Note: The other agent sees the SAME options, but in a DIFFERENT order.

Educational Institutions
Options: University, Academy, School, College

Which option do you choose? Respond with the exact option text.",University,University,"You are playing a coordination game with another agent.
If you both select the SAME option, you each get $1.
You cannot communicate - you must try to coordinate.
Note: The other agent sees the SAME options, but in a DIFFERENT order.

Educational Institutions
Options: School, University, Academy, College

Which option do you choose? Respond with the exact option text.",School,School,False
Government Buildings,"[""City Hall"", ""Court"", ""Post Office"", ""Library""]","[""Post Office"", ""Library"", ""City Hall"", ""Court""]","[""Post Office"", ""Library"", ""Court"", ""City Hall""]","You are playing a coordination game with another agent.
If you both select the SAME option, you each get $1.
You cannot communicate - you must try to coordinate.
Note: The other agent sees the SAME options, but in a DIFFERENT order.

Government Buildings
Options: Post Office, Library, City Hall, Court

Which option do you choose? Respond with the exact option text.",City Hall,City Hall,"You are playing a coordination game with another agent.
If you both select the SAME option, you each get $1.
You cannot communicate - you must try to coordinate.
Note: The other agent sees the SAME options, but in a DIFFERENT order.

Government Buildings
Options: Post Office, Library, Court, City Hall

Which option do you choose? Respond with the exact option text.",City Hall,City Hall,True
Healthcare Facilities,"[""Hospital"", ""Clinic"", ""Pharmacy"", ""Lab""]","[""Clinic"", ""Pharmacy"", ""Hospital"", ""Lab""]","[""Hospital"", ""Lab"", ""Pharmacy"", ""Clinic""]","You are playing a coordination game with another agent.
If you both select the SAME option, you each get $1.
You cannot communicate - you must try to coordinate.
Note: The other agent sees the SAME options, but in a DIFFERENT order.

Healthcare Facilities
Options: Clinic, Pharmacy, Hospital, Lab

Which option do you choose? Respond with the exact option text.",Hospital,Hospital,"You are playing a coordination game with another agent.
If you both select the SAME option, you each get $1.
You cannot communicate - you must try to coordinate.
Note: The other agent sees the SAME options, but in a DIFFERENT order.

Healthcare Facilities
Options: Hospital, Lab, Pharmacy, Clinic

Which option do you choose? Respond with the exact option text.",Hospital,Hospital,True
Cultural Institutions,"[""Museum"", ""Theater"", ""Gallery"", ""Library""]","[""Museum"", ""Library"", ""Gallery"", ""Theater""]","[""Museum"", ""Gallery"", ""Theater"", ""Library""]","You are playing a coordination game with another agent.
If you both select the SAME option, you each get $1.
You cannot communicate - you must try to coordinate.
Note: The other agent sees the SAME options, but in a DIFFERENT order.

Cultural Institutions
Options: Museum, Library, Gallery, Theater

Which option do you choose? Respond with the exact option text.",Museum,Museum,"You are playing a coordination game with another agent.
If you both select the SAME option, you each get $1.
You cannot communicate - you must try to coordinate.
Note: The other agent sees the SAME options, but in a DIFFERENT order.

Cultural Institutions
Options: Museum, Gallery, Theater, Library

Which option do you choose? Respond with the exact option text.",Museum,Museum,True
Financial Institutions,"[""Bank"", ""Insurance"", ""Stock Exchange"", ""Credit Union""]","[""Bank"", ""Stock Exchange"", ""Insurance"", ""Credit Union""]","[""Credit Union"", ""Insurance"", ""Bank"", ""Stock Exchange""]","You are playing a coordination game with another agent.
If you both select the SAME option, you each get $1.
You cannot communicate - you must try to coordinate.
Note: The other agent sees the SAME options, but in a DIFFERENT order.

Financial Institutions
Options: Bank, Stock Exchange, Insurance, Credit Union

Which option do you choose? Respond with the exact option text.",Bank,Bank,"You are playing a coordination game with another agent.
If you both select the SAME option, you each get $1.
You cannot communicate - you must try to coordinate.
Note: The other agent sees the SAME options, but in a DIFFERENT order.

Financial Institutions
Options: Credit Union, Insurance, Bank, Stock Exchange

Which option do you choose? Respond with the exact option text.",Bank,Bank,True
教育机构,"[""学校"", ""大学"", ""学院"", ""研究院""]","[""学校"", ""研究院"", ""大学"", ""学院""]","[""研究院"", ""学校"", ""学院"", ""大学""]","You are playing a coordination game with another agent.
If you both select the SAME option, you each get $1.
You cannot communicate - you must try to coordinate.
Note: The other agent sees the SAME options, but in a DIFFERENT order.

教育机构
Options: 学校, 研究院, 大学, 学院

Which option do you choose? Respond with the exact option text.",大学,大学,"You are playing a coordination game with another agent.
If you both select the SAME option, you each get $1.
You cannot communicate - you must try to coordinate.
Note: The other agent sees the SAME options, but in a DIFFERENT order.

教育机构
Options: 研究院, 学校, 学院, 大学

Which option do you choose? Respond with the exact option text.",大学,大学,True
政府建筑,"[""市政厅"", ""法院"", ""邮局"", ""图书馆""]","[""邮局"", ""市政厅"", ""图书馆"", ""法院""]","[""法院"", ""市政厅"", ""图书馆"", ""邮局""]","You are playing a coordination game with another agent.
If you both select the SAME option, you each get $1.
You cannot communicate - you must try to coordinate.
Note: The other agent sees the SAME options, but in a DIFFERENT order.

政府建筑
Options: 邮局, 市政厅, 图书馆, 法院

Which option do you choose? Respond with the exact option text.",市政厅,市政厅,"You are playing a coordination game with another agent.
If you both select the SAME option, you each get $1.
You cannot communicate - you must try to coordinate.
Note: The other agent sees the SAME options, but in a DIFFERENT order.

政府建筑
Options: 法院, 市政厅, 图书馆, 邮局

Which option do you choose? Respond with the exact option text.",市政厅,市政厅,True
医疗机构,"[""医院"", ""诊所"", ""药房"", ""实验室""]","[""诊所"", ""医院"", ""实验室"", ""药房""]","[""药房"", ""实验室"", ""诊所"", ""医院""]","You are playing a coordination game with another agent.
If you both select the SAME option, you each get $1.
You cannot communicate - you must try to coordinate.
Note: The other agent sees the SAME options, but in a DIFFERENT order.

医疗机构
Options: 诊所, 医院, 实验室, 药房

Which option do you choose? Respond with the exact option text.",医院,医院,"You are playing a coordination game with another agent.
If you both select the SAME option, you each get $1.
You cannot communicate - you must try to coordinate.
Note: The other agent sees the SAME options, but in a DIFFERENT order.

医疗机构
Options: 药房, 实验室, 诊所, 医院

Which option do you choose? Respond with the exact option text.",医院,医院,True
文化机构,"[""博物馆"", ""剧院"", ""画廊"", ""图书馆""]","[""剧院"", ""图书馆"", ""博物馆"", ""画廊""]","[""剧院"", ""图书馆"", ""博物馆"", ""画廊""]","You are playing a coordination game with another agent.
If you both select the SAME option, you each get $1.
You cannot communicate - you must try to coordinate.
Note: The other agent sees the SAME options, but in a DIFFERENT order.

文化机构
Options: 剧院, 图书馆, 博物馆, 画廊

Which option do you choose? Respond with the exact option text.",博物馆,博物馆,"You are playing a coordination game with another agent.
If you both select the SAME option, you each get $1.
You cannot communicate - you must try to coordinate.
Note: The other agent sees the SAME options, but in a DIFFERENT order.

文化机构
Options: 剧院, 图书馆, 博物馆, 画廊

Which option do you choose? Respond with the exact option text.",博物馆,博物馆,True
金融机构,"[""银行"", ""保险"", ""证券交易所"", ""信用社""]","[""信用社"", ""证券交易所"", ""银行"", ""保险""]","[""保险"", ""证券交易所"", ""银行"", ""信用社""]","You are playing a coordination game with another agent.
If you both select the SAME option, you each get $1.
You cannot communicate - you must try to coordinate.
Note: The other agent sees the SAME options, but in a DIFFERENT order.

金融机构
Options: 信用社, 证券交易所, 银行, 保险

Which option do you choose? Respond with the exact option text.",银行,银行,"You are playing a coordination game with another agent.
If you both select the SAME option, you each get $1.
You cannot communicate - you must try to coordinate.
Note: The other agent sees the SAME options, but in a DIFFERENT order.

金融机构
Options: 保险, 证券交易所, 银行, 信用社

Which option do you choose? Respond with the exact option text.",银行,银行,True
US Meeting Spots,"[""Starbucks"", ""McDonald's"", ""Library"", ""Park""]","[""McDonald's"", ""Park"", ""Library"", ""Starbucks""]","[""Library"", ""McDonald's"", ""Starbucks"", ""Park""]","You are playing a coordination game with another agent.
If you both select the SAME option, you each get $1.
You cannot communicate - you must try to coordinate.
Note: The other agent sees the SAME options, but in a DIFFERENT order.

US Meeting Spots
Options: McDonald's, Park, Library, Starbucks

Which option do you choose? Respond with the exact option text.",Starbucks,Starbucks,"You are playing a coordination game with another agent.
If you both select the SAME option, you each get $1.
You cannot communicate - you must try to coordinate.
Note: The other agent sees the SAME options, but in a DIFFERENT order.

US Meeting Spots
Options: Library, McDonald's, Starbucks, Park

Which option do you choose? Respond with the exact option text.",Starbucks,Starbucks,True
US Shopping Centers,"[""Walmart"", ""Target"", ""Mall"", ""Costco""]","[""Mall"", ""Costco"", ""Target"", ""Walmart""]","[""Costco"", ""Walmart"", ""Mall"", ""Target""]","You are playing a coordination game with another agent.
If you both select the SAME option, you each get $1.
You cannot communicate - you must try to coordinate.
Note: The other agent sees the SAME options, but in a DIFFERENT order.

US Shopping Centers
Options: Mall, Costco, Target, Walmart

Which option do you choose? Respond with the exact option text.",Walmart,Walmart,"You are playing a coordination game with another agent.
If you both select the SAME option, you each get $1.
You cannot communicate - you must try to coordinate.
Note: The other agent sees the SAME options, but in a DIFFERENT order.

US Shopping Centers
Options: Costco, Walmart, Mall, Target

Which option do you choose? Respond with the exact option text.",Mall,Mall,False
US Hangout Places,"[""Coffee Shop"", ""Bar"", ""Gym"", ""Beach""]","[""Beach"", ""Gym"", ""Coffee Shop"", ""Bar""]","[""Bar"", ""Beach"", ""Gym"", ""Coffee Shop""]","You are playing a coordination game with another agent.
If you both select the SAME option, you each get $1.
You cannot communicate - you must try to coordinate.
Note: The other agent sees the SAME options, but in a DIFFERENT order.

US Hangout Places
Options: Beach, Gym, Coffee Shop, Bar

Which option do you choose? Respond with the exact option text.",Coffee Shop,Coffee Shop,"You are playing a coordination game with another agent.
If you both select the SAME option, you each get $1.
You cannot communicate - you must try to coordinate.
Note: The other agent sees the SAME options, but in a DIFFERENT order.

US Hangout Places
Options: Bar, Beach, Gym, Coffee Shop

Which option do you choose? Respond with the exact option text.",Coffee Shop,Coffee Shop,True
US Public Squares,"[""Times Square"", ""National Mall"", ""Central Park"", ""Pier""]","[""Central Park"", ""National Mall"", ""Pier"", ""Times Square""]","[""National Mall"", ""Pier"", ""Central Park"", ""Times Square""]","You are playing a coordination game with another agent.
If you both select the SAME option, you each get $1.
You cannot communicate - you must try to coordinate.
Note: The other agent sees the SAME options, but in a DIFFERENT order.

US Public Squares
Options: Central Park, National Mall, Pier, Times Square

Which option do you choose? Respond with the exact option text.",Times Square,Times Square,"You are playing a coordination game with another agent.
If you both select the SAME option, you each get $1.
You cannot communicate - you must try to coordinate.
Note: The other agent sees the SAME options, but in a DIFFERENT order.

US Public Squares
Options: National Mall, Pier, Central Park, Times Square

Which option do you choose? Respond with the exact option text.",Times Square,Times Square,True
US Dining Venues,"[""Restaurant"", ""Diner"", ""Food Court"", ""Cafe""]","[""Cafe"", ""Food Court"", ""Diner"", ""Restaurant""]","[""Restaurant"", ""Food Court"", ""Diner"", ""Cafe""]","You are playing a coordination game with another agent.
If you both select the SAME option, you each get $1.
You cannot communicate - you must try to coordinate.
Note: The other agent sees the SAME options, but in a DIFFERENT order.

US Dining Venues
Options: Cafe, Food Court, Diner, Restaurant

Which option do you choose? Respond with the exact option text.",Diner,Diner,"You are playing a coordination game with another agent.
If you both select the SAME option, you each get $1.
You cannot communicate - you must try to coordinate.
Note: The other agent sees the SAME options, but in a DIFFERENT order.

US Dining Venues
Options: Restaurant, Food Court, Diner, Cafe

Which option do you choose? Respond with the exact option text.",Restaurant,Restaurant,False
US Entertainment Venues,"[""Movie Theater"", ""Stadium"", ""Concert Hall"", ""Arcade""]","[""Stadium"", ""Arcade"", ""Concert Hall"", ""Movie Theater""]","[""Arcade"", ""Movie Theater"", ""Stadium"", ""Concert Hall""]","You are playing a coordination game with another agent.
If you both select the SAME option, you each get $1.
You cannot communicate - you must try to coordinate.
Note: The other agent sees the SAME options, but in a DIFFERENT order.

US Entertainment Venues
Options: Stadium, Arcade, Concert Hall, Movie Theater

Which option do you choose? Respond with the exact option text.",Arcade,Arcade,"You are playing a coordination game with another agent.
If you both select the SAME option, you each get $1.
You cannot communicate - you must try to coordinate.
Note: The other agent sees the SAME options, but in a DIFFERENT order.

US Entertainment Venues
Options: Arcade, Movie Theater, Stadium, Concert Hall

Which option do you choose? Respond with the exact option text.",Movie Theater,Movie Theater,False
US Parks,"[""Central Park"", ""Golden Gate Park"", ""Millennium Park"", ""Griffith Park""]","[""Central Park"", ""Griffith Park"", ""Golden Gate Park"", ""Millennium Park""]","[""Golden Gate Park"", ""Central Park"", ""Millennium Park"", ""Griffith Park""]","You are playing a coordination game with another agent.
If you both select the SAME option, you each get $1.
You cannot communicate - you must try to coordinate.
Note: The other agent sees the SAME options, but in a DIFFERENT order.

US Parks
Options: Central Park, Griffith Park, Golden Gate Park, Millennium Park

Which option do you choose? Respond with the exact option text.",Central Park,Central Park,"You are playing a coordination game with another agent.
If you both select the SAME option, you each get $1.
You cannot communicate - you must try to coordinate.
Note: The other agent sees the SAME options, but in a DIFFERENT order.

US Parks
Options: Golden Gate Park, Central Park, Millennium Park, Griffith Park

Which option do you choose? Respond with the exact option text.",Central Park,Central Park,True
US Transport Hubs,"[""Airport"", ""Train Station"", ""Bus Terminal"", ""Subway Station""]","[""Train Station"", ""Airport"", ""Subway Station"", ""Bus Terminal""]","[""Train Station"", ""Airport"", ""Bus Terminal"", ""Subway Station""]","You are playing a coordination game with another agent.
If you both select the SAME option, you each get $1.
You cannot communicate - you must try to coordinate.
Note: The other agent sees the SAME options, but in a DIFFERENT order.

US Transport Hubs
Options: Train Station, Airport, Subway Station, Bus Terminal

Which option do you choose? Respond with the exact option text.",Airport,Airport,"You are playing a coordination game with another agent.
If you both select the SAME option, you each get $1.
You cannot communicate - you must try to coordinate.
Note: The other agent sees the SAME options, but in a DIFFERENT order.

US Transport Hubs
Options: Train Station, Airport, Bus Terminal, Subway Station

Which option do you choose? Respond with the exact option text.",Airport,Airport,True
US Recreational Places,"[""Beach"", ""Hiking Trail"", ""Playground"", ""Pool""]","[""Playground"", ""Hiking Trail"", ""Beach"", ""Pool""]","[""Playground"", ""Beach"", ""Pool"", ""Hiking Trail""]","You are playing a coordination game with another agent.
If you both select the SAME option, you each get $1.
You cannot communicate - you must try to coordinate.
Note: The other agent sees the SAME options, but in a DIFFERENT order.

US Recreational Places
Options: Playground, Hiking Trail, Beach, Pool

Which option do you choose? Respond with the exact option text.",Beach,Beach,"You are playing a coordination game with another agent.
If you both select the SAME option, you each get $1.
You cannot communicate - you must try to coordinate.
Note: The other agent sees the SAME options, but in a DIFFERENT order.

US Recreational Places
Options: Playground, Beach, Pool, Hiking Trail

Which option do you choose? Respond with the exact option text.",Beach,Beach,True
US Nightlife Spots,"[""Bar"", ""Club"", ""Lounge"", ""Karaoke""]","[""Lounge"", ""Club"", ""Bar"", ""Karaoke""]","[""Bar"", ""Club"", ""Lounge"", ""Karaoke""]","You are playing a coordination game with another agent.
If you both select the SAME option, you each get $1.
You cannot communicate - you must try to coordinate.
Note: The other agent sees the SAME options, but in a DIFFERENT order.

US Nightlife Spots
Options: Lounge, Club, Bar, Karaoke

Which option do you choose? Respond with the exact option text.",Bar,Bar,"You are playing a coordination game with another agent.
If you both select the SAME option, you each get $1.
You cannot communicate - you must try to coordinate.
Note: The other agent sees the SAME options, but in a DIFFERENT order.

US Nightlife Spots
Options: Bar, Club, Lounge, Karaoke

Which option do you choose? Respond with the exact option text.",Bar,Bar,True
中国聚会场所,"[""星巴克"", ""麦当劳"", ""图书馆"", ""公园""]","[""图书馆"", ""星巴克"", ""公园"", ""麦当劳""]","[""公园"", ""图书馆"", ""麦当劳"", ""星巴克""]","You are playing a coordination game with another agent.
If you both select the SAME option, you each get $1.
You cannot communicate - you must try to coordinate.
Note: The other agent sees the SAME options, but in a DIFFERENT order.

中国聚会场所
Options: 图书馆, 星巴克, 公园, 麦当劳

Which option do you choose? Respond with the exact option text.",星巴克,星巴克,"You are playing a coordination game with another agent.
If you both select the SAME option, you each get $1.
You cannot communicate - you must try to coordinate.
Note: The other agent sees the SAME options, but in a DIFFERENT order.

中国聚会场所
Options: 公园, 图书馆, 麦当劳, 星巴克

Which option do you choose? Respond with the exact option text.",星巴克,星巴克,True
中国购物场所,"[""淘宝"", ""京东"", ""万达广场"", ""超市""]","[""京东"", ""万达广场"", ""超市"", ""淘宝""]","[""京东"", ""淘宝"", ""超市"", ""万达广场""]","You are playing a coordination game with another agent.
If you both select the SAME option, you each get $1.
You cannot communicate - you must try to coordinate.
Note: The other agent sees the SAME options, but in a DIFFERENT order.

中国购物场所
Options: 京东, 万达广场, 超市, 淘宝

Which option do you choose? Respond with the exact option text.",淘宝,淘宝,"You are playing a coordination game with another agent.
If you both select the SAME option, you each get $1.
You cannot communicate - you must try to coordinate.
Note: The other agent sees the SAME options, but in a DIFFERENT order.

中国购物场所
Options: 京东, 淘宝, 超市, 万达广场

Which option do you choose? Respond with the exact option text.",淘宝,淘宝,True
中国休闲场所,"[""茶馆"", ""KTV"", ""健身房"", ""公园""]","[""公园"", ""茶馆"", ""健身房"", ""KTV""]","[""茶馆"", ""健身房"", ""公园"", ""KTV""]","You are playing a coordination game with another agent.
If you both select the SAME option, you each get $1.
You cannot communicate - you must try to coordinate.
Note: The other agent sees the SAME options, but in a DIFFERENT order.

中国休闲场所
Options: 公园, 茶馆, 健身房, KTV

Which option do you choose? Respond with the exact option text.",公园,公园,"You are playing a coordination game with another agent.
If you both select the SAME option, you each get $1.
You cannot communicate - you must try to coordinate.
Note: The other agent sees the SAME options, but in a DIFFERENT order.

中国休闲场所
Options: 茶馆, 健身房, 公园, KTV

Which option do you choose? Respond with the exact option text.",茶馆,茶馆,False
中国公共广场,"[""天安门广场"", ""人民广场"", ""中心广场"", ""步行街""]","[""步行街"", ""天安门广场"", ""中心广场"", ""人民广场""]","[""人民广场"", ""步行街"", ""中心广场"", ""天安门广场""]","You are playing a coordination game with another agent.
If you both select the SAME option, you each get $1.
You cannot communicate - you must try to coordinate.
Note: The other agent sees the SAME options, but in a DIFFERENT order.

中国公共广场
Options: 步行街, 天安门广场, 中心广场, 人民广场

Which option do you choose? Respond with the exact option text.",天安门广场,天安门广场,"You are playing a coordination game with another agent.
If you both select the SAME option, you each get $1.
You cannot communicate - you must try to coordinate.
Note: The other agent sees the SAME options, but in a DIFFERENT order.

中国公共广场
Options: 人民广场, 步行街, 中心广场, 天安门广场

Which option do you choose? Respond with the exact option text.",天安门广场,天安门广场,True
中国餐饮场所,"[""饭店"", ""小吃街"", ""食堂"", ""奶茶店""]","[""小吃街"", ""奶茶店"", ""饭店"", ""食堂""]","[""饭店"", ""奶茶店"", ""小吃街"", ""食堂""]","You are playing a coordination game with another agent.
If you both select the SAME option, you each get $1.
You cannot communicate - you must try to coordinate.
Note: The other agent sees the SAME options, but in a DIFFERENT order.

中国餐饮场所
Options: 小吃街, 奶茶店, 饭店, 食堂

Which option do you choose? Respond with the exact option text.",饭店,饭店,"You are playing a coordination game with another agent.
If you both select the SAME option, you each get $1.
You cannot communicate - you must try to coordinate.
Note: The other agent sees the SAME options, but in a DIFFERENT order.

中国餐饮场所
Options: 饭店, 奶茶店, 小吃街, 食堂

Which option do you choose? Respond with the exact option text.",饭店,饭店,True
中国娱乐场所,"[""电影院"", ""KTV"", ""网吧"", ""游乐场""]","[""游乐场"", ""电影院"", ""网吧"", ""KTV""]","[""网吧"", ""游乐场"", ""KTV"", ""电影院""]","You are playing a coordination game with another agent.
If you both select the SAME option, you each get $1.
You cannot communicate - you must try to coordinate.
Note: The other agent sees the SAME options, but in a DIFFERENT order.

中国娱乐场所
Options: 游乐场, 电影院, 网吧, KTV

Which option do you choose? Respond with the exact option text.",KTV,KTV,"You are playing a coordination game with another agent.
If you both select the SAME option, you each get $1.
You cannot communicate - you must try to coordinate.
Note: The other agent sees the SAME options, but in a DIFFERENT order.

中国娱乐场所
Options: 网吧, 游乐场, KTV, 电影院

Which option do you choose? Respond with the exact option text.",KTV,KTV,True
中国公园,"[""颐和园"", ""西湖"", ""人民公园"", ""植物园""]","[""植物园"", ""西湖"", ""人民公园"", ""颐和园""]","[""植物园"", ""西湖"", ""颐和园"", ""人民公园""]","You are playing a coordination game with another agent.
If you both select the SAME option, you each get $1.
You cannot communicate - you must try to coordinate.
Note: The other agent sees the SAME options, but in a DIFFERENT order.

中国公园
Options: 植物园, 西湖, 人民公园, 颐和园

Which option do you choose? Respond with the exact option text.",颐和园,颐和园,"You are playing a coordination game with another agent.
If you both select the SAME option, you each get $1.
You cannot communicate - you must try to coordinate.
Note: The other agent sees the SAME options, but in a DIFFERENT order.

中国公园
Options: 植物园, 西湖, 颐和园, 人民公园

Which option do you choose? Respond with the exact option text.",颐和园,颐和园,True
中国交通枢纽,"[""机场"", ""火车站"", ""地铁站"", ""汽车站""]","[""汽车站"", ""火车站"", ""地铁站"", ""机场""]","[""汽车站"", ""火车站"", ""机场"", ""地铁站""]","You are playing a coordination game with another agent.
If you both select the SAME option, you each get $1.
You cannot communicate - you must try to coordinate.
Note: The other agent sees the SAME options, but in a DIFFERENT order.

中国交通枢纽
Options: 汽车站, 火车站, 地铁站, 机场

Which option do you choose? Respond with the exact option text.",机场,机场,"You are playing a coordination game with another agent.
If you both select the SAME option, you each get $1.
You cannot communicate - you must try to coordinate.
Note: The other agent sees the SAME options, but in a DIFFERENT order.

中国交通枢纽
Options: 汽车站, 火车站, 机场, 地铁站

Which option do you choose? Respond with the exact option text.",火车站,火车站,False
中国休闲去处,"[""公园"", ""河边"", ""广场"", ""商场""]","[""广场"", ""河边"", ""公园"", ""商场""]","[""广场"", ""商场"", ""公园"", ""河边""]","You are playing a coordination game with another agent.
If you both select the SAME option, you each get $1.
You cannot communicate - you must try to coordinate.
Note: The other agent sees the SAME options, but in a DIFFERENT order.

中国休闲去处
Options: 广场, 河边, 公园, 商场

Which option do you choose? Respond with the exact option text.",公园,公园,"You are playing a coordination game with another agent.
If you both select the SAME option, you each get $1.
You cannot communicate - you must try to coordinate.
Note: The other agent sees the SAME options, but in a DIFFERENT order.

中国休闲去处
Options: 广场, 商场, 公园, 河边

Which option do you choose? Respond with the exact option text.",公园,公园,True
中国夜生活,"[""酒吧"", ""KTV"", ""夜市"", ""烧烤摊""]","[""酒吧"", ""KTV"", ""夜市"", ""烧烤摊""]","[""酒吧"", ""KTV"", ""烧烤摊"", ""夜市""]","You are playing a coordination game with another agent.
If you both select the SAME option, you each get $1.
You cannot communicate - you must try to coordinate.
Note: The other agent sees the SAME options, but in a DIFFERENT order.

中国夜生活
Options: 酒吧, KTV, 夜市, 烧烤摊

Which option do you choose? Respond with the exact option text.",KTV,KTV,"You are playing a coordination game with another agent.
If you both select the SAME option, you each get $1.
You cannot communicate - you must try to coordinate.
Note: The other agent sees the SAME options, but in a DIFFERENT order.

中国夜生活
Options: 酒吧, KTV, 烧烤摊, 夜市

Which option do you choose? Respond with the exact option text.",KTV,KTV,True
US Regions,"[""Northeast"", ""South"", ""Midwest"", ""West""]","[""West"", ""South"", ""Midwest"", ""Northeast""]","[""Midwest"", ""South"", ""West"", ""Northeast""]","You are playing a coordination game with another agent.
If you both select the SAME option, you each get $1.
You cannot communicate - you must try to coordinate.
Note: The other agent sees the SAME options, but in a DIFFERENT order.

US Regions
Options: West, South, Midwest, Northeast

Which option do you choose? Respond with the exact option text.",Midwest,Midwest,"You are playing a coordination game with another agent.
If you both select the SAME option, you each get $1.
You cannot communicate - you must try to coordinate.
Note: The other agent sees the SAME options, but in a DIFFERENT order.

US Regions
Options: Midwest, South, West, Northeast

Which option do you choose? Respond with the exact option text.",Midwest,Midwest,True
US Landmarks,"[""Grand Canyon"", ""Statue of Liberty"", ""Mount Rushmore"", ""Golden Gate Bridge""]","[""Golden Gate Bridge"", ""Grand Canyon"", ""Statue of Liberty"", ""Mount Rushmore""]","[""Statue of Liberty"", ""Mount Rushmore"", ""Grand Canyon"", ""Golden Gate Bridge""]","You are playing a coordination game with another agent.
If you both select the SAME option, you each get $1.
You cannot communicate - you must try to coordinate.
Note: The other agent sees the SAME options, but in a DIFFERENT order.

US Landmarks
Options: Golden Gate Bridge, Grand Canyon, Statue of Liberty, Mount Rushmore

Which option do you choose? Respond with the exact option text.",Statue of Liberty,Statue of Liberty,"You are playing a coordination game with another agent.
If you both select the SAME option, you each get $1.
You cannot communicate - you must try to coordinate.
Note: The other agent sees the SAME options, but in a DIFFERENT order.

US Landmarks
Options: Statue of Liberty, Mount Rushmore, Grand Canyon, Golden Gate Bridge

Which option do you choose? Respond with the exact option text.",Statue of Liberty,Statue of Liberty,True
US National Parks,"[""Yellowstone"", ""Yosemite"", ""Grand Canyon"", ""Zion""]","[""Grand Canyon"", ""Yellowstone"", ""Yosemite"", ""Zion""]","[""Grand Canyon"", ""Yellowstone"", ""Yosemite"", ""Zion""]","You are playing a coordination game with another agent.
If you both select the SAME option, you each get $1.
You cannot communicate - you must try to coordinate.
Note: The other agent sees the SAME options, but in a DIFFERENT order.

US National Parks
Options: Grand Canyon, Yellowstone, Yosemite, Zion

Which option do you choose? Respond with the exact option text.",Grand Canyon,Grand Canyon,"You are playing a coordination game with another agent.
If you both select the SAME option, you each get $1.
You cannot communicate - you must try to coordinate.
Note: The other agent sees the SAME options, but in a DIFFERENT order.

US National Parks
Options: Grand Canyon, Yellowstone, Yosemite, Zion

Which option do you choose? Respond with the exact option text.",Grand Canyon,Grand Canyon,True
US Rivers,"[""Mississippi"", ""Colorado"", ""Missouri"", ""Ohio""]","[""Ohio"", ""Mississippi"", ""Colorado"", ""Missouri""]","[""Colorado"", ""Missouri"", ""Ohio"", ""Mississippi""]","You are playing a coordination game with another agent.
If you both select the SAME option, you each get $1.
You cannot communicate - you must try to coordinate.
Note: The other agent sees the SAME options, but in a DIFFERENT order.

US Rivers
Options: Ohio, Mississippi, Colorado, Missouri

Which option do you choose? Respond with the exact option text.",Colorado,Colorado,"You are playing a coordination game with another agent.
If you both select the SAME option, you each get $1.
You cannot communicate - you must try to coordinate.
Note: The other agent sees the SAME options, but in a DIFFERENT order.

US Rivers
Options: Colorado, Missouri, Ohio, Mississippi

Which option do you choose? Respond with the exact option text.",Mississippi,Mississippi,False
US Mountain Ranges,"[""Rockies"", ""Appalachians"", ""Sierra Nevada"", ""Cascades""]","[""Cascades"", ""Rockies"", ""Sierra Nevada"", ""Appalachians""]","[""Cascades"", ""Appalachians"", ""Sierra Nevada"", ""Rockies""]","You are playing a coordination game with another agent.
If you both select the SAME option, you each get $1.
You cannot communicate - you must try to coordinate.
Note: The other agent sees the SAME options, but in a DIFFERENT order.

US Mountain Ranges
Options: Cascades, Rockies, Sierra Nevada, Appalachians

Which option do you choose? Respond with the exact option text.",Rockies,Rockies,"You are playing a coordination game with another agent.
If you both select the SAME option, you each get $1.
You cannot communicate - you must try to coordinate.
Note: The other agent sees the SAME options, but in a DIFFERENT order.

US Mountain Ranges
Options: Cascades, Appalachians, Sierra Nevada, Rockies

Which option do you choose? Respond with the exact option text.",Rockies,Rockies,True
US Coastlines,"[""East Coast"", ""West Coast"", ""Gulf Coast"", ""Great Lakes""]","[""Great Lakes"", ""West Coast"", ""Gulf Coast"", ""East Coast""]","[""West Coast"", ""Great Lakes"", ""Gulf Coast"", ""East Coast""]","You are playing a coordination game with another agent.
If you both select the SAME option, you each get $1.
You cannot communicate - you must try to coordinate.
Note: The other agent sees the SAME options, but in a DIFFERENT order.

US Coastlines
Options: Great Lakes, West Coast, Gulf Coast, East Coast

Which option do you choose? Respond with the exact option text.",East Coast,East Coast,"You are playing a coordination game with another agent.
If you both select the SAME option, you each get $1.
You cannot communicate - you must try to coordinate.
Note: The other agent sees the SAME options, but in a DIFFERENT order.

US Coastlines
Options: West Coast, Great Lakes, Gulf Coast, East Coast

Which option do you choose? Respond with the exact option text.",East Coast,East Coast,True
US Climate Zones,"[""Tropical"", ""Arid"", ""Temperate"", ""Continental""]","[""Continental"", ""Arid"", ""Temperate"", ""Tropical""]","[""Continental"", ""Temperate"", ""Arid"", ""Tropical""]","You are playing a coordination game with another agent.
If you both select the SAME option, you each get $1.
You cannot communicate - you must try to coordinate.
Note: The other agent sees the SAME options, but in a DIFFERENT order.

US Climate Zones
Options: Continental, Arid, Temperate, Tropical

Which option do you choose? Respond with the exact option text.",Arid,Arid,"You are playing a coordination game with another agent.
If you both select the SAME option, you each get $1.
You cannot communicate - you must try to coordinate.
Note: The other agent sees the SAME options, but in a DIFFERENT order.

US Climate Zones
Options: Continental, Temperate, Arid, Tropical

Which option do you choose? Respond with the exact option text.",Arid,Arid,True
US States by Size,"[""Alaska"", ""Texas"", ""California"", ""Montana""]","[""Alaska"", ""California"", ""Montana"", ""Texas""]","[""Montana"", ""Texas"", ""California"", ""Alaska""]","You are playing a coordination game with another agent.
If you both select the SAME option, you each get $1.
You cannot communicate - you must try to coordinate.
Note: The other agent sees the SAME options, but in a DIFFERENT order.

US States by Size
Options: Alaska, California, Montana, Texas

Which option do you choose? Respond with the exact option text.",Alaska,Alaska,"You are playing a coordination game with another agent.
If you both select the SAME option, you each get $1.
You cannot communicate - you must try to coordinate.
Note: The other agent sees the SAME options, but in a DIFFERENT order.

US States by Size
Options: Montana, Texas, California, Alaska

Which option do you choose? Respond with the exact option text.",Alaska,Alaska,True
US Islands,"[""Hawaii"", ""Manhattan"", ""Long Island"", ""Maui""]","[""Maui"", ""Long Island"", ""Manhattan"", ""Hawaii""]","[""Maui"", ""Manhattan"", ""Hawaii"", ""Long Island""]","You are playing a coordination game with another agent.
If you both select the SAME option, you each get $1.
You cannot communicate - you must try to coordinate.
Note: The other agent sees the SAME options, but in a DIFFERENT order.

US Islands
Options: Maui, Long Island, Manhattan, Hawaii

Which option do you choose? Respond with the exact option text.",Hawaii,Hawaii,"You are playing a coordination game with another agent.
If you both select the SAME option, you each get $1.
You cannot communicate - you must try to coordinate.
Note: The other agent sees the SAME options, but in a DIFFERENT order.

US Islands
Options: Maui, Manhattan, Hawaii, Long Island

Which option do you choose? Respond with the exact option text.",Hawaii,Hawaii,True
US Borders,"[""Canada"", ""Mexico"", ""Pacific Ocean"", ""Atlantic Ocean""]","[""Mexico"", ""Canada"", ""Pacific Ocean"", ""Atlantic Ocean""]","[""Canada"", ""Atlantic Ocean"", ""Pacific Ocean"", ""Mexico""]","You are playing a coordination game with another agent.
If you both select the SAME option, you each get $1.
You cannot communicate - you must try to coordinate.
Note: The other agent sees the SAME options, but in a DIFFERENT order.

US Borders
Options: Mexico, Canada, Pacific Ocean, Atlantic Ocean

Which option do you choose? Respond with the exact option text.",Canada,Canada,"You are playing a coordination game with another agent.
If you both select the SAME option, you each get $1.
You cannot communicate - you must try to coordinate.
Note: The other agent sees the SAME options, but in a DIFFERENT order.

US Borders
Options: Canada, Atlantic Ocean, Pacific Ocean, Mexico

Which option do you choose? Respond with the exact option text.",Canada,Canada,True
中国地区,"[""华东"", ""华南"", ""华北"", ""西南""]","[""华东"", ""西南"", ""华北"", ""华南""]","[""西南"", ""华东"", ""华南"", ""华北""]","You are playing a coordination game with another agent.
If you both select the SAME option, you each get $1.
You cannot communicate - you must try to coordinate.
Note: The other agent sees the SAME options, but in a DIFFERENT order.

中国地区
Options: 华东, 西南, 华北, 华南

Which option do you choose? Respond with the exact option text.",华北,华北,"You are playing a coordination game with another agent.
If you both select the SAME option, you each get $1.
You cannot communicate - you must try to coordinate.
Note: The other agent sees the SAME options, but in a DIFFERENT order.

中国地区
Options: 西南, 华东, 华南, 华北

Which option do you choose? Respond with the exact option text.",华北,华北,True
中国名胜,"[""长城"", ""故宫"", ""兵马俑"", ""黄山""]","[""兵马俑"", ""长城"", ""故宫"", ""黄山""]","[""兵马俑"", ""故宫"", ""长城"", ""黄山""]","You are playing a coordination game with another agent.
If you both select the SAME option, you each get $1.
You cannot communicate - you must try to coordinate.
Note: The other agent sees the SAME options, but in a DIFFERENT order.

中国名胜
Options: 兵马俑, 长城, 故宫, 黄山

Which option do you choose? Respond with the exact option text.",长城,长城,"You are playing a coordination game with another agent.
If you both select the SAME option, you each get $1.
You cannot communicate - you must try to coordinate.
Note: The other agent sees the SAME options, but in a DIFFERENT order.

中国名胜
Options: 兵马俑, 故宫, 长城, 黄山

Which option do you choose? Respond with the exact option text.",长城,长城,True
中国名山,"[""泰山"", ""黄山"", ""华山"", ""峨眉山""]","[""华山"", ""峨眉山"", ""黄山"", ""泰山""]","[""华山"", ""泰山"", ""黄山"", ""峨眉山""]","You are playing a coordination game with another agent.
If you both select the SAME option, you each get $1.
You cannot communicate - you must try to coordinate.
Note: The other agent sees the SAME options, but in a DIFFERENT order.

中国名山
Options: 华山, 峨眉山, 黄山, 泰山

Which option do you choose? Respond with the exact option text.",黄山,黄山,"You are playing a coordination game with another agent.
If you both select the SAME option, you each get $1.
You cannot communicate - you must try to coordinate.
Note: The other agent sees the SAME options, but in a DIFFERENT order.

中国名山
Options: 华山, 泰山, 黄山, 峨眉山

Which option do you choose? Respond with the exact option text.",泰山,泰山,False
中国河流,"[""长江"", ""黄河"", ""珠江"", ""淮河""]","[""长江"", ""黄河"", ""淮河"", ""珠江""]","[""珠江"", ""淮河"", ""黄河"", ""长江""]","You are playing a coordination game with another agent.
If you both select the SAME option, you each get $1.
You cannot communicate - you must try to coordinate.
Note: The other agent sees the SAME options, but in a DIFFERENT order.

中国河流
Options: 长江, 黄河, 淮河, 珠江

Which option do you choose? Respond with the exact option text.",长江,长江,"You are playing a coordination game with another agent.
If you both select the SAME option, you each get $1.
You cannot communicate - you must try to coordinate.
Note: The other agent sees the SAME options, but in a DIFFERENT order.

中国河流
Options: 珠江, 淮河, 黄河, 长江

Which option do you choose? Respond with the exact option text.",长江,长江,True
中国湖泊,"[""西湖"", ""太湖"", ""鄱阳湖"", ""洞庭湖""]","[""洞庭湖"", ""西湖"", ""太湖"", ""鄱阳湖""]","[""太湖"", ""鄱阳湖"", ""西湖"", ""洞庭湖""]","You are playing a coordination game with another agent.
If you both select the SAME option, you each get $1.
You cannot communicate - you must try to coordinate.
Note: The other agent sees the SAME options, but in a DIFFERENT order.

中国湖泊
Options: 洞庭湖, 西湖, 太湖, 鄱阳湖

Which option do you choose? Respond with the exact option text.",西湖,西湖,"You are playing a coordination game with another agent.
If you both select the SAME option, you each get $1.
You cannot communicate - you must try to coordinate.
Note: The other agent sees the SAME options, but in a DIFFERENT order.

中国湖泊
Options: 太湖, 鄱阳湖, 西湖, 洞庭湖

Which option do you choose? Respond with the exact option text.",西湖,西湖,True
中国气候带,"[""热带"", ""亚热带"", ""温带"", ""寒带""]","[""热带"", ""亚热带"", ""温带"", ""寒带""]","[""温带"", ""热带"", ""亚热带"", ""寒带""]","You are playing a coordination game with another agent.
If you both select the SAME option, you each get $1.
You cannot communicate - you must try to coordinate.
Note: The other agent sees the SAME options, but in a DIFFERENT order.

中国气候带
Options: 热带, 亚热带, 温带, 寒带

Which option do you choose? Respond with the exact option text.",热带,热带,"You are playing a coordination game with another agent.
If you both select the SAME option, you each get $1.
You cannot communicate - you must try to coordinate.
Note: The other agent sees the SAME options, but in a DIFFERENT order.

中国气候带
Options: 温带, 热带, 亚热带, 寒带

Which option do you choose? Respond with the exact option text.",温带,温带,False
中国省份,"[""广东"", ""江苏"", ""山东"", ""四川""]","[""江苏"", ""广东"", ""山东"", ""四川""]","[""江苏"", ""山东"", ""广东"", ""四川""]","You are playing a coordination game with another agent.
If you both select the SAME option, you each get $1.
You cannot communicate - you must try to coordinate.
Note: The other agent sees the SAME options, but in a DIFFERENT order.

中国省份
Options: 江苏, 广东, 山东, 四川

Which option do you choose? Respond with the exact option text.",广东,广东,"You are playing a coordination game with another agent.
If you both select the SAME option, you each get $1.
You cannot communicate - you must try to coordinate.
Note: The other agent sees the SAME options, but in a DIFFERENT order.

中国省份
Options: 江苏, 山东, 广东, 四川

Which option do you choose? Respond with the exact option text.",广东,广东,True
中国城市带,"[""长三角"", ""珠三角"", ""京津冀"", ""成渝""]","[""长三角"", ""京津冀"", ""成渝"", ""珠三角""]","[""京津冀"", ""成渝"", ""长三角"", ""珠三角""]","You are playing a coordination game with another agent.
If you both select the SAME option, you each get $1.
You cannot communicate - you must try to coordinate.
Note: The other agent sees the SAME options, but in a DIFFERENT order.

中国城市带
Options: 长三角, 京津冀, 成渝, 珠三角

Which option do you choose? Respond with the exact option text.",长三角,长三角,"You are playing a coordination game with another agent.
If you both select the SAME option, you each get $1.
You cannot communicate - you must try to coordinate.
Note: The other agent sees the SAME options, but in a DIFFERENT order.

中国城市带
Options: 京津冀, 成渝, 长三角, 珠三角

Which option do you choose? Respond with the exact option text.",京津冀,京津冀,False
中国海,"[""南海"", ""东海"", ""黄海"", ""渤海""]","[""渤海"", ""南海"", ""黄海"", ""东海""]","[""黄海"", ""渤海"", ""南海"", ""东海""]","You are playing a coordination game with another agent.
If you both select the SAME option, you each get $1.
You cannot communicate - you must try to coordinate.
Note: The other agent sees the SAME options, but in a DIFFERENT order.

中国海
Options: 渤海, 南海, 黄海, 东海

Which option do you choose? Respond with the exact option text.",渤海,渤海,"You are playing a coordination game with another agent.
If you both select the SAME option, you each get $1.
You cannot communicate - you must try to coordinate.
Note: The other agent sees the SAME options, but in a DIFFERENT order.

中国海
Options: 黄海, 渤海, 南海, 东海

Which option do you choose? Respond with the exact option text.",南海,南海,False
中国边界,"[""俄罗斯"", ""蒙古"", ""印度"", ""越南""]","[""印度"", ""蒙古"", ""越南"", ""俄罗斯""]","[""蒙古"", ""印度"", ""俄罗斯"", ""越南""]","You are playing a coordination game with another agent.
If you both select the SAME option, you each get $1.
You cannot communicate - you must try to coordinate.
Note: The other agent sees the SAME options, but in a DIFFERENT order.

中国边界
Options: 印度, 蒙古, 越南, 俄罗斯

Which option do you choose? Respond with the exact option text.",俄罗斯,俄罗斯,"You are playing a coordination game with another agent.
If you both select the SAME option, you each get $1.
You cannot communicate - you must try to coordinate.
Note: The other agent sees the SAME options, but in a DIFFERENT order.

中国边界
Options: 蒙古, 印度, 俄罗斯, 越南

Which option do you choose? Respond with the exact option text.",俄罗斯,俄罗斯,True
Immediate Family,"[""Mother"", ""Father"", ""Sister"", ""Brother""]","[""Brother"", ""Father"", ""Mother"", ""Sister""]","[""Mother"", ""Sister"", ""Brother"", ""Father""]","You are playing a coordination game with another agent.
If you both select the SAME option, you each get $1.
You cannot communicate - you must try to coordinate.
Note: The other agent sees the SAME options, but in a DIFFERENT order.

Immediate Family
Options: Brother, Father, Mother, Sister

Which option do you choose? Respond with the exact option text.",Brother,Brother,"You are playing a coordination game with another agent.
If you both select the SAME option, you each get $1.
You cannot communicate - you must try to coordinate.
Note: The other agent sees the SAME options, but in a DIFFERENT order.

Immediate Family
Options: Mother, Sister, Brother, Father

Which option do you choose? Respond with the exact option text.",Mother,Mother,False
Extended Family,"[""Grandmother"", ""Grandfather"", ""Aunt"", ""Uncle""]","[""Uncle"", ""Aunt"", ""Grandfather"", ""Grandmother""]","[""Uncle"", ""Grandfather"", ""Grandmother"", ""Aunt""]","You are playing a coordination game with another agent.
If you both select the SAME option, you each get $1.
You cannot communicate - you must try to coordinate.
Note: The other agent sees the SAME options, but in a DIFFERENT order.

Extended Family
Options: Uncle, Aunt, Grandfather, Grandmother

Which option do you choose? Respond with the exact option text.",Aunt,Aunt,"You are playing a coordination game with another agent.
If you both select the SAME option, you each get $1.
You cannot communicate - you must try to coordinate.
Note: The other agent sees the SAME options, but in a DIFFERENT order.

Extended Family
Options: Uncle, Grandfather, Grandmother, Aunt

Which option do you choose? Respond with the exact option text.",Aunt,Aunt,True
In-Law Relations,"[""Mother-in-law"", ""Father-in-law"", ""Sister-in-law"", ""Brother-in-law""]","[""Father-in-law"", ""Mother-in-law"", ""Sister-in-law"", ""Brother-in-law""]","[""Sister-in-law"", ""Father-in-law"", ""Mother-in-law"", ""Brother-in-law""]","You are playing a coordination game with another agent.
If you both select the SAME option, you each get $1.
You cannot communicate - you must try to coordinate.
Note: The other agent sees the SAME options, but in a DIFFERENT order.

In-Law Relations
Options: Father-in-law, Mother-in-law, Sister-in-law, Brother-in-law

Which option do you choose? Respond with the exact option text.",Father-in-law,Father-in-law,"You are playing a coordination game with another agent.
If you both select the SAME option, you each get $1.
You cannot communicate - you must try to coordinate.
Note: The other agent sees the SAME options, but in a DIFFERENT order.

In-Law Relations
Options: Sister-in-law, Father-in-law, Mother-in-law, Brother-in-law

Which option do you choose? Respond with the exact option text.",Brother-in-law,Brother-in-law,False
Parent-Child Roles,"[""Parent"", ""Child"", ""Sibling"", ""Cousin""]","[""Parent"", ""Cousin"", ""Child"", ""Sibling""]","[""Child"", ""Sibling"", ""Cousin"", ""Parent""]","You are playing a coordination game with another agent.
If you both select the SAME option, you each get $1.
You cannot communicate - you must try to coordinate.
Note: The other agent sees the SAME options, but in a DIFFERENT order.

Parent-Child Roles
Options: Parent, Cousin, Child, Sibling

Which option do you choose? Respond with the exact option text.",Parent,Parent,"You are playing a coordination game with another agent.
If you both select the SAME option, you each get $1.
You cannot communicate - you must try to coordinate.
Note: The other agent sees the SAME options, but in a DIFFERENT order.

Parent-Child Roles
Options: Child, Sibling, Cousin, Parent

Which option do you choose? Respond with the exact option text.",Parent,Parent,True
Generational Roles,"[""Grandparent"", ""Parent"", ""Child"", ""Grandchild""]","[""Grandchild"", ""Child"", ""Parent"", ""Grandparent""]","[""Grandparent"", ""Parent"", ""Child"", ""Grandchild""]","You are playing a coordination game with another agent.
If you both select the SAME option, you each get $1.
You cannot communicate - you must try to coordinate.
Note: The other agent sees the SAME options, but in a DIFFERENT order.

Generational Roles
Options: Grandchild, Child, Parent, Grandparent

Which option do you choose? Respond with the exact option text.",Child,Child,"You are playing a coordination game with another agent.
If you both select the SAME option, you each get $1.
You cannot communicate - you must try to coordinate.
Note: The other agent sees the SAME options, but in a DIFFERENT order.

Generational Roles
Options: Grandparent, Parent, Child, Grandchild

Which option do you choose? Respond with the exact option text.",Grandparent,Grandparent,False
直系亲属,"[""妈妈"", ""爸爸"", ""姐妹"", ""兄弟""]","[""妈妈"", ""兄弟"", ""姐妹"", ""爸爸""]","[""妈妈"", ""爸爸"", ""姐妹"", ""兄弟""]","You are playing a coordination game with another agent.
If you both select the SAME option, you each get $1.
You cannot communicate - you must try to coordinate.
Note: The other agent sees the SAME options, but in a DIFFERENT order.

直系亲属
Options: 妈妈, 兄弟, 姐妹, 爸爸

Which option do you choose? Respond with the exact option text.",爸爸,爸爸,"You are playing a coordination game with another agent.
If you both select the SAME option, you each get $1.
You cannot communicate - you must try to coordinate.
Note: The other agent sees the SAME options, but in a DIFFERENT order.

直系亲属
Options: 妈妈, 爸爸, 姐妹, 兄弟

Which option do you choose? Respond with the exact option text.",妈妈,妈妈,False
旁系亲属,"[""奶奶"", ""爷爷"", ""阿姨"", ""叔叔""]","[""叔叔"", ""爷爷"", ""阿姨"", ""奶奶""]","[""爷爷"", ""叔叔"", ""阿姨"", ""奶奶""]","You are playing a coordination game with another agent.
If you both select the SAME option, you each get $1.
You cannot communicate - you must try to coordinate.
Note: The other agent sees the SAME options, but in a DIFFERENT order.

旁系亲属
Options: 叔叔, 爷爷, 阿姨, 奶奶

Which option do you choose? Respond with the exact option text.",叔叔,叔叔,"You are playing a coordination game with another agent.
If you both select the SAME option, you each get $1.
You cannot communicate - you must try to coordinate.
Note: The other agent sees the SAME options, but in a DIFFERENT order.

旁系亲属
Options: 爷爷, 叔叔, 阿姨, 奶奶

Which option do you choose? Respond with the exact option text.",阿姨,阿姨,False
姻亲关系,"[""婆婆"", ""岳父"", ""嫂子"", ""姐夫""]","[""婆婆"", ""岳父"", ""嫂子"", ""姐夫""]","[""嫂子"", ""岳父"", ""姐夫"", ""婆婆""]","You are playing a coordination game with another agent.
If you both select the SAME option, you each get $1.
You cannot communicate - you must try to coordinate.
Note: The other agent sees the SAME options, but in a DIFFERENT order.

姻亲关系
Options: 婆婆, 岳父, 嫂子, 姐夫

Which option do you choose? Respond with the exact option text.",姐夫,姐夫,"You are playing a coordination game with another agent.
If you both select the SAME option, you each get $1.
You cannot communicate - you must try to coordinate.
Note: The other agent sees the SAME options, but in a DIFFERENT order.

姻亲关系
Options: 嫂子, 岳父, 姐夫, 婆婆

Which option do you choose? Respond with the exact option text.",岳父,岳父,False
亲子角色,"[""父母"", ""子女"", ""兄弟姐妹"", ""表亲""]","[""父母"", ""表亲"", ""兄弟姐妹"", ""子女""]","[""表亲"", ""父母"", ""兄弟姐妹"", ""子女""]","You are playing a coordination game with another agent.
If you both select the SAME option, you each get $1.
You cannot communicate - you must try to coordinate.
Note: The other agent sees the SAME options, but in a DIFFERENT order.

亲子角色
Options: 父母, 表亲, 兄弟姐妹, 子女

Which option do you choose? Respond with the exact option text.",父母,父母,"You are playing a coordination game with another agent.
If you both select the SAME option, you each get $1.
You cannot communicate - you must try to coordinate.
Note: The other agent sees the SAME options, but in a DIFFERENT order.

亲子角色
Options: 表亲, 父母, 兄弟姐妹, 子女

Which option do you choose? Respond with the exact option text.",父母,父母,True
世代角色,"[""祖辈"", ""父辈"", ""子女"", ""孙辈""]","[""子女"", ""父辈"", ""孙辈"", ""祖辈""]","[""子女"", ""父辈"", ""祖辈"", ""孙辈""]","You are playing a coordination game with another agent.
If you both select the SAME option, you each get $1.
You cannot communicate - you must try to coordinate.
Note: The other agent sees the SAME options, but in a DIFFERENT order.

世代角色
Options: 子女, 父辈, 孙辈, 祖辈

Which option do you choose? Respond with the exact option text.",父辈,父辈,"You are playing a coordination game with another agent.
If you both select the SAME option, you each get $1.
You cannot communicate - you must try to coordinate.
Note: The other agent sees the SAME options, but in a DIFFERENT order.

世代角色
Options: 子女, 父辈, 祖辈, 孙辈

Which option do you choose? Respond with the exact option text.","I'll choose 父辈 (parent generation).

This seems like the most natural focal point in the generational hierarchy - it's the central generation that connects both ancestors (祖辈) and descendants (子女/孙辈). As the middle generation in a family structure, it's likely to be the most salient choice for coordination when both agents are trying to pick the same option without communication.",祖辈,False
Medical Professions,"[""Doctor"", ""Nurse"", ""Surgeon"", ""Pharmacist""]","[""Surgeon"", ""Nurse"", ""Doctor"", ""Pharmacist""]","[""Nurse"", ""Doctor"", ""Surgeon"", ""Pharmacist""]","You are playing a coordination game with another agent.
If you both select the SAME option, you each get $1.
You cannot communicate - you must try to coordinate.
Note: The other agent sees the SAME options, but in a DIFFERENT order.

Medical Professions
Options: Surgeon, Nurse, Doctor, Pharmacist

Which option do you choose? Respond with the exact option text.",Doctor,Doctor,"You are playing a coordination game with another agent.
If you both select the SAME option, you each get $1.
You cannot communicate - you must try to coordinate.
Note: The other agent sees the SAME options, but in a DIFFERENT order.

Medical Professions
Options: Nurse, Doctor, Surgeon, Pharmacist

Which option do you choose? Respond with the exact option text.",Doctor,Doctor,True
Education Professions,"[""Teacher"", ""Professor"", ""Principal"", ""Tutor""]","[""Professor"", ""Teacher"", ""Tutor"", ""Principal""]","[""Tutor"", ""Professor"", ""Teacher"", ""Principal""]","You are playing a coordination game with another agent.
If you both select the SAME option, you each get $1.
You cannot communicate - you must try to coordinate.
Note: The other agent sees the SAME options, but in a DIFFERENT order.

Education Professions
Options: Professor, Teacher, Tutor, Principal

Which option do you choose? Respond with the exact option text.",Teacher,Teacher,"You are playing a coordination game with another agent.
If you both select the SAME option, you each get $1.
You cannot communicate - you must try to coordinate.
Note: The other agent sees the SAME options, but in a DIFFERENT order.

Education Professions
Options: Tutor, Professor, Teacher, Principal

Which option do you choose? Respond with the exact option text.",Teacher,Teacher,True
Tech Professions,"[""Programmer"", ""Designer"", ""Engineer"", ""Analyst""]","[""Designer"", ""Programmer"", ""Engineer"", ""Analyst""]","[""Designer"", ""Engineer"", ""Programmer"", ""Analyst""]","You are playing a coordination game with another agent.
If you both select the SAME option, you each get $1.
You cannot communicate - you must try to coordinate.
Note: The other agent sees the SAME options, but in a DIFFERENT order.

Tech Professions
Options: Designer, Programmer, Engineer, Analyst

Which option do you choose? Respond with the exact option text.",Analyst,Analyst,"You are playing a coordination game with another agent.
If you both select the SAME option, you each get $1.
You cannot communicate - you must try to coordinate.
Note: The other agent sees the SAME options, but in a DIFFERENT order.

Tech Professions
Options: Designer, Engineer, Programmer, Analyst

Which option do you choose? Respond with the exact option text.",Analyst,Analyst,True
Service Professions,"[""Waiter"", ""Cashier"", ""Receptionist"", ""Driver""]","[""Driver"", ""Cashier"", ""Receptionist"", ""Waiter""]","[""Receptionist"", ""Cashier"", ""Driver"", ""Waiter""]","You are playing a coordination game with another agent.
If you both select the SAME option, you each get $1.
You cannot communicate - you must try to coordinate.
Note: The other agent sees the SAME options, but in a DIFFERENT order.

Service Professions
Options: Driver, Cashier, Receptionist, Waiter

Which option do you choose? Respond with the exact option text.",Cashier,Cashier,"You are playing a coordination game with another agent.
If you both select the SAME option, you each get $1.
You cannot communicate - you must try to coordinate.
Note: The other agent sees the SAME options, but in a DIFFERENT order.

Service Professions
Options: Receptionist, Cashier, Driver, Waiter

Which option do you choose? Respond with the exact option text.",Cashier,Cashier,True
Creative Professions,"[""Artist"", ""Writer"", ""Musician"", ""Actor""]","[""Actor"", ""Musician"", ""Artist"", ""Writer""]","[""Artist"", ""Writer"", ""Actor"", ""Musician""]","You are playing a coordination game with another agent.
If you both select the SAME option, you each get $1.
You cannot communicate - you must try to coordinate.
Note: The other agent sees the SAME options, but in a DIFFERENT order.

Creative Professions
Options: Actor, Musician, Artist, Writer

Which option do you choose? Respond with the exact option text.",Actor,Actor,"You are playing a coordination game with another agent.
If you both select the SAME option, you each get $1.
You cannot communicate - you must try to coordinate.
Note: The other agent sees the SAME options, but in a DIFFERENT order.

Creative Professions
Options: Artist, Writer, Actor, Musician

Which option do you choose? Respond with the exact option text.",Actor,Actor,True
医疗职业,"[""医生"", ""护士"", ""外科医生"", ""药剂师""]","[""外科医生"", ""药剂师"", ""护士"", ""医生""]","[""外科医生"", ""药剂师"", ""护士"", ""医生""]","You are playing a coordination game with another agent.
If you both select the SAME option, you each get $1.
You cannot communicate - you must try to coordinate.
Note: The other agent sees the SAME options, but in a DIFFERENT order.

医疗职业
Options: 外科医生, 药剂师, 护士, 医生

Which option do you choose? Respond with the exact option text.",医生,医生,"You are playing a coordination game with another agent.
If you both select the SAME option, you each get $1.
You cannot communicate - you must try to coordinate.
Note: The other agent sees the SAME options, but in a DIFFERENT order.

医疗职业
Options: 外科医生, 药剂师, 护士, 医生

Which option do you choose? Respond with the exact option text.",医生,医生,True
教育职业,"[""教师"", ""教授"", ""校长"", ""辅导员""]","[""教授"", ""教师"", ""辅导员"", ""校长""]","[""辅导员"", ""校长"", ""教授"", ""教师""]","You are playing a coordination game with another agent.
If you both select the SAME option, you each get $1.
You cannot communicate - you must try to coordinate.
Note: The other agent sees the SAME options, but in a DIFFERENT order.

教育职业
Options: 教授, 教师, 辅导员, 校长

Which option do you choose? Respond with the exact option text.",教师,教师,"You are playing a coordination game with another agent.
If you both select the SAME option, you each get $1.
You cannot communicate - you must try to coordinate.
Note: The other agent sees the SAME options, but in a DIFFERENT order.

教育职业
Options: 辅导员, 校长, 教授, 教师

Which option do you choose? Respond with the exact option text.",教师,教师,True
科技职业,"[""程序员"", ""设计师"", ""工程师"", ""分析师""]","[""设计师"", ""分析师"", ""工程师"", ""程序员""]","[""程序员"", ""分析师"", ""工程师"", ""设计师""]","You are playing a coordination game with another agent.
If you both select the SAME option, you each get $1.
You cannot communicate - you must try to coordinate.
Note: The other agent sees the SAME options, but in a DIFFERENT order.

科技职业
Options: 设计师, 分析师, 工程师, 程序员

Which option do you choose? Respond with the exact option text.",程序员,程序员,"You are playing a coordination game with another agent.
If you both select the SAME option, you each get $1.
You cannot communicate - you must try to coordinate.
Note: The other agent sees the SAME options, but in a DIFFERENT order.

科技职业
Options: 程序员, 分析师, 工程师, 设计师

Which option do you choose? Respond with the exact option text.",程序员,程序员,True
服务职业,"[""服务员"", ""收银员"", ""前台"", ""司机""]","[""收银员"", ""司机"", ""服务员"", ""前台""]","[""收银员"", ""前台"", ""服务员"", ""司机""]","You are playing a coordination game with another agent.
If you both select the SAME option, you each get $1.
You cannot communicate - you must try to coordinate.
Note: The other agent sees the SAME options, but in a DIFFERENT order.

服务职业
Options: 收银员, 司机, 服务员, 前台

Which option do you choose? Respond with the exact option text.",服务员,服务员,"You are playing a coordination game with another agent.
If you both select the SAME option, you each get $1.
You cannot communicate - you must try to coordinate.
Note: The other agent sees the SAME options, but in a DIFFERENT order.

服务职业
Options: 收银员, 前台, 服务员, 司机

Which option do you choose? Respond with the exact option text.",服务员,服务员,True
创意职业,"[""画家"", ""作家"", ""音乐家"", ""演员""]","[""作家"", ""画家"", ""音乐家"", ""演员""]","[""音乐家"", ""作家"", ""画家"", ""演员""]","You are playing a coordination game with another agent.
If you both select the SAME option, you each get $1.
You cannot communicate - you must try to coordinate.
Note: The other agent sees the SAME options, but in a DIFFERENT order.

创意职业
Options: 作家, 画家, 音乐家, 演员

Which option do you choose? Respond with the exact option text.",作家,作家,"You are playing a coordination game with another agent.
If you both select the SAME option, you each get $1.
You cannot communicate - you must try to coordinate.
Note: The other agent sees the SAME options, but in a DIFFERENT order.

创意职业
Options: 音乐家, 作家, 画家, 演员

Which option do you choose? Respond with the exact option text.",画家,画家,False
US Table Manners,"[""Don't talk with mouth full"", ""Elbows off table"", ""Use napkin"", ""Chew quietly""]","[""Use napkin"", ""Chew quietly"", ""Elbows off table"", ""Don't talk with mouth full""]","[""Use napkin"", ""Don't talk with mouth full"", ""Chew quietly"", ""Elbows off table""]","You are playing a coordination game with another agent.
If you both select the SAME option, you each get $1.
You cannot communicate - you must try to coordinate.
Note: The other agent sees the SAME options, but in a DIFFERENT order.

US Table Manners
Options: Use napkin, Chew quietly, Elbows off table, Don't talk with mouth full

Which option do you choose? Respond with the exact option text.",Elbows off table,Elbows off table,"You are playing a coordination game with another agent.
If you both select the SAME option, you each get $1.
You cannot communicate - you must try to coordinate.
Note: The other agent sees the SAME options, but in a DIFFERENT order.

US Table Manners
Options: Use napkin, Don't talk with mouth full, Chew quietly, Elbows off table

Which option do you choose? Respond with the exact option text.",Don't talk with mouth full,Don't talk with mouth full,False
US Greetings,"[""Handshake"", ""Wave"", ""Hug"", ""Nod""]","[""Nod"", ""Hug"", ""Wave"", ""Handshake""]","[""Nod"", ""Hug"", ""Wave"", ""Handshake""]","You are playing a coordination game with another agent.
If you both select the SAME option, you each get $1.
You cannot communicate - you must try to coordinate.
Note: The other agent sees the SAME options, but in a DIFFERENT order.

US Greetings
Options: Nod, Hug, Wave, Handshake

Which option do you choose? Respond with the exact option text.",Handshake,Handshake,"You are playing a coordination game with another agent.
If you both select the SAME option, you each get $1.
You cannot communicate - you must try to coordinate.
Note: The other agent sees the SAME options, but in a DIFFERENT order.

US Greetings
Options: Nod, Hug, Wave, Handshake

Which option do you choose? Respond with the exact option text.",Handshake,Handshake,True
US Dining Etiquette,"[""Wait for everyone"", ""No phones at table"", ""Tip 20%"", ""Say please/thank you""]","[""No phones at table"", ""Tip 20%"", ""Wait for everyone"", ""Say please/thank you""]","[""Wait for everyone"", ""No phones at table"", ""Tip 20%"", ""Say please/thank you""]","You are playing a coordination game with another agent.
If you both select the SAME option, you each get $1.
You cannot communicate - you must try to coordinate.
Note: The other agent sees the SAME options, but in a DIFFERENT order.

US Dining Etiquette
Options: No phones at table, Tip 20%, Wait for everyone, Say please/thank you

Which option do you choose? Respond with the exact option text.",Tip 20%,Tip 20%,"You are playing a coordination game with another agent.
If you both select the SAME option, you each get $1.
You cannot communicate - you must try to coordinate.
Note: The other agent sees the SAME options, but in a DIFFERENT order.

US Dining Etiquette
Options: Wait for everyone, No phones at table, Tip 20%, Say please/thank you

Which option do you choose? Respond with the exact option text.",Tip 20%,Tip 20%,True
US Public Behavior,"[""Queue in line"", ""Hold door open"", ""Say excuse me"", ""Don't litter""]","[""Hold door open"", ""Say excuse me"", ""Don't litter"", ""Queue in line""]","[""Say excuse me"", ""Queue in line"", ""Hold door open"", ""Don't litter""]","You are playing a coordination game with another agent.
If you both select the SAME option, you each get $1.
You cannot communicate - you must try to coordinate.
Note: The other agent sees the SAME options, but in a DIFFERENT order.

US Public Behavior
Options: Hold door open, Say excuse me, Don't litter, Queue in line

Which option do you choose? Respond with the exact option text.",Hold door open,Hold door open,"You are playing a coordination game with another agent.
If you both select the SAME option, you each get $1.
You cannot communicate - you must try to coordinate.
Note: The other agent sees the SAME options, but in a DIFFERENT order.

US Public Behavior
Options: Say excuse me, Queue in line, Hold door open, Don't litter

Which option do you choose? Respond with the exact option text.",Don't litter,Don't litter,False
US Gift Customs,"[""Birthday gifts"", ""Christmas gifts"", ""Wedding gifts"", ""Thank you notes""]","[""Wedding gifts"", ""Birthday gifts"", ""Christmas gifts"", ""Thank you notes""]","[""Thank you notes"", ""Birthday gifts"", ""Wedding gifts"", ""Christmas gifts""]","You are playing a coordination game with another agent.
If you both select the SAME option, you each get $1.
You cannot communicate - you must try to coordinate.
Note: The other agent sees the SAME options, but in a DIFFERENT order.

US Gift Customs
Options: Wedding gifts, Birthday gifts, Christmas gifts, Thank you notes

Which option do you choose? Respond with the exact option text.",Birthday gifts,Birthday gifts,"You are playing a coordination game with another agent.
If you both select the SAME option, you each get $1.
You cannot communicate - you must try to coordinate.
Note: The other agent sees the SAME options, but in a DIFFERENT order.

US Gift Customs
Options: Thank you notes, Birthday gifts, Wedding gifts, Christmas gifts

Which option do you choose? Respond with the exact option text.","I need to choose the option that would be most naturally salient to both of us, regardless of the order we see them in.

Looking at the options, ""Thank you notes"" stands out as the most distinctive choice. While the other three options are all types of gifts (birthday, wedding, Christmas), ""Thank you notes"" represents something different - it's a customary practice related to gifts rather than a gift category itself. This distinctiveness makes it a natural focal point for coordination.

Since I need to coordinate without communication, choosing the option that would naturally stand out to both parties seems like the best strategy.

Thank you notes",Thank you notes,False
US Meeting Norms,"[""Arrive on time"", ""Make eye contact"", ""Business cards"", ""Firm handshake""]","[""Make eye contact"", ""Business cards"", ""Firm handshake"", ""Arrive on time""]","[""Business cards"", ""Firm handshake"", ""Arrive on time"", ""Make eye contact""]","You are playing a coordination game with another agent.
If you both select the SAME option, you each get $1.
You cannot communicate - you must try to coordinate.
Note: The other agent sees the SAME options, but in a DIFFERENT order.

US Meeting Norms
Options: Make eye contact, Business cards, Firm handshake, Arrive on time

Which option do you choose? Respond with the exact option text.",Firm handshake,Firm handshake,"You are playing a coordination game with another agent.
If you both select the SAME option, you each get $1.
You cannot communicate - you must try to coordinate.
Note: The other agent sees the SAME options, but in a DIFFERENT order.

US Meeting Norms
Options: Business cards, Firm handshake, Arrive on time, Make eye contact

Which option do you choose? Respond with the exact option text.",Arrive on time,Arrive on time,False
US Dress Codes,"[""Business suit"", ""Smart casual"", ""Casual"", ""Formal""]","[""Casual"", ""Smart casual"", ""Formal"", ""Business suit""]","[""Casual"", ""Smart casual"", ""Formal"", ""Business suit""]","You are playing a coordination game with another agent.
If you both select the SAME option, you each get $1.
You cannot communicate - you must try to coordinate.
Note: The other agent sees the SAME options, but in a DIFFERENT order.

US Dress Codes
Options: Casual, Smart casual, Formal, Business suit

Which option do you choose? Respond with the exact option text.",Business suit,Business suit,"You are playing a coordination game with another agent.
If you both select the SAME option, you each get $1.
You cannot communicate - you must try to coordinate.
Note: The other agent sees the SAME options, but in a DIFFERENT order.

US Dress Codes
Options: Casual, Smart casual, Formal, Business suit

Which option do you choose? Respond with the exact option text.",Business suit,Business suit,True
US Conversation Norms,"[""Small talk"", ""Eye contact"", ""Personal space"", ""No interrupting""]","[""No interrupting"", ""Eye contact"", ""Personal space"", ""Small talk""]","[""Small talk"", ""No interrupting"", ""Personal space"", ""Eye contact""]","You are playing a coordination game with another agent.
If you both select the SAME option, you each get $1.
You cannot communicate - you must try to coordinate.
Note: The other agent sees the SAME options, but in a DIFFERENT order.

US Conversation Norms
Options: No interrupting, Eye contact, Personal space, Small talk

Which option do you choose? Respond with the exact option text.",Eye contact,Eye contact,"You are playing a coordination game with another agent.
If you both select the SAME option, you each get $1.
You cannot communicate - you must try to coordinate.
Note: The other agent sees the SAME options, but in a DIFFERENT order.

US Conversation Norms
Options: Small talk, No interrupting, Personal space, Eye contact

Which option do you choose? Respond with the exact option text.",Eye contact,Eye contact,True
US Holiday Customs,"[""Turkey on Thanksgiving"", ""Fireworks on July 4th"", ""Trick-or-treat"", ""Easter eggs""]","[""Fireworks on July 4th"", ""Turkey on Thanksgiving"", ""Trick-or-treat"", ""Easter eggs""]","[""Easter eggs"", ""Trick-or-treat"", ""Fireworks on July 4th"", ""Turkey on Thanksgiving""]","You are playing a coordination game with another agent.
If you both select the SAME option, you each get $1.
You cannot communicate - you must try to coordinate.
Note: The other agent sees the SAME options, but in a DIFFERENT order.

US Holiday Customs
Options: Fireworks on July 4th, Turkey on Thanksgiving, Trick-or-treat, Easter eggs

Which option do you choose? Respond with the exact option text.",Turkey on Thanksgiving,Turkey on Thanksgiving,"You are playing a coordination game with another agent.
If you both select the SAME option, you each get $1.
You cannot communicate - you must try to coordinate.
Note: The other agent sees the SAME options, but in a DIFFERENT order.

US Holiday Customs
Options: Easter eggs, Trick-or-treat, Fireworks on July 4th, Turkey on Thanksgiving

Which option do you choose? Respond with the exact option text.","The other agent and I both need to select the same option from a list where the order is randomized. Since we cannot communicate, we must find a focal point (a Schelling point) based on the content of the options themselves.

There are two main strategies for coordinating in such a scenario:
1.  **Semantic Salience:** Choosing the option that is most culturally significant or iconic to the category ""US Holiday Customs."" While ""Turkey on Thanksgiving"" is a strong contender here, cultural significance can be subjective.
2.  **Structural/Algorithmic Salience:** Choosing an option based on an objective, deterministic rule that both agents can apply to the set of options to get the same result. The most standard and robust rule for ordering text strings is **alphabetical order**.

When we apply alphabetical sorting to the provided options:
1.  **E**aster eggs
2.  **F**ireworks on July 4th
3.  **T**rick-or-treat
4.  **T**urkey on Thanksgiving

The first item in this sorted list is ""Easter eggs"". Additionally, if one considers chronological order (another common sorting logic for holidays), Easter typically occurs earlier in the calendar year than July 4th, Halloween, or Thanksgiving.

Since the alphabetical rule provides a unique, unambiguous, and deterministic coordination mechanism that does not rely on subjective interpretation of cultural ""weight,"" it is the optimal strategy for two rational agents attempting to synchronize.

**Easter eggs**",Turkey on Thanksgiving,True
US Wedding Customs,"[""White dress"", ""Best man"", ""Wedding cake"", ""First dance""]","[""White dress"", ""Best man"", ""Wedding cake"", ""First dance""]","[""First dance"", ""White dress"", ""Best man"", ""Wedding cake""]","You are playing a coordination game with another agent.
If you both select the SAME option, you each get $1.
You cannot communicate - you must try to coordinate.
Note: The other agent sees the SAME options, but in a DIFFERENT order.

US Wedding Customs
Options: White dress, Best man, Wedding cake, First dance

Which option do you choose? Respond with the exact option text.",White dress,White dress,"You are playing a coordination game with another agent.
If you both select the SAME option, you each get $1.
You cannot communicate - you must try to coordinate.
Note: The other agent sees the SAME options, but in a DIFFERENT order.

US Wedding Customs
Options: First dance, White dress, Best man, Wedding cake

Which option do you choose? Respond with the exact option text.",White dress,White dress,True
中国餐桌礼仪,"[""不吧唧嘴"", ""长辈先动筷"", ""筷子不插饭"", ""不翻菜""]","[""不吧唧嘴"", ""不翻菜"", ""长辈先动筷"", ""筷子不插饭""]","[""不吧唧嘴"", ""不翻菜"", ""筷子不插饭"", ""长辈先动筷""]","You are playing a coordination game with another agent.
If you both select the SAME option, you each get $1.
You cannot communicate - you must try to coordinate.
Note: The other agent sees the SAME options, but in a DIFFERENT order.

中国餐桌礼仪
Options: 不吧唧嘴, 不翻菜, 长辈先动筷, 筷子不插饭

Which option do you choose? Respond with the exact option text.",长辈先动筷,长辈先动筷,"You are playing a coordination game with another agent.
If you both select the SAME option, you each get $1.
You cannot communicate - you must try to coordinate.
Note: The other agent sees the SAME options, but in a DIFFERENT order.

中国餐桌礼仪
Options: 不吧唧嘴, 不翻菜, 筷子不插饭, 长辈先动筷

Which option do you choose? Respond with the exact option text.",筷子不插饭,筷子不插饭,False
中国问候方式,"[""握手"", ""点头"", ""鞠躬"", ""拱手""]","[""拱手"", ""握手"", ""点头"", ""鞠躬""]","[""点头"", ""鞠躬"", ""拱手"", ""握手""]","You are playing a coordination game with another agent.
If you both select the SAME option, you each get $1.
You cannot communicate - you must try to coordinate.
Note: The other agent sees the SAME options, but in a DIFFERENT order.

中国问候方式
Options: 拱手, 握手, 点头, 鞠躬

Which option do you choose? Respond with the exact option text.",握手,握手,"You are playing a coordination game with another agent.
If you both select the SAME option, you each get $1.
You cannot communicate - you must try to coordinate.
Note: The other agent sees the SAME options, but in a DIFFERENT order.

中国问候方式
Options: 点头, 鞠躬, 拱手, 握手

Which option do you choose? Respond with the exact option text.",拱手,拱手,False
中国用餐礼仪,"[""等人齐了再吃"", ""敬酒"", ""长辈坐主位"", ""使用公筷""]","[""长辈坐主位"", ""使用公筷"", ""等人齐了再吃"", ""敬酒""]","[""长辈坐主位"", ""使用公筷"", ""等人齐了再吃"", ""敬酒""]","You are playing a coordination game with another agent.
If you both select the SAME option, you each get $1.
You cannot communicate - you must try to coordinate.
Note: The other agent sees the SAME options, but in a DIFFERENT order.

中国用餐礼仪
Options: 长辈坐主位, 使用公筷, 等人齐了再吃, 敬酒

Which option do you choose? Respond with the exact option text.",长辈坐主位,长辈坐主位,"You are playing a coordination game with another agent.
If you both select the SAME option, you each get $1.
You cannot communicate - you must try to coordinate.
Note: The other agent sees the SAME options, but in a DIFFERENT order.

中国用餐礼仪
Options: 长辈坐主位, 使用公筷, 等人齐了再吃, 敬酒

Which option do you choose? Respond with the exact option text.",长辈坐主位,长辈坐主位,True
中国公共行为,"[""排队"", ""不让座不礼貌"", ""不大声喧哗"", ""不乱丢垃圾""]","[""排队"", ""不大声喧哗"", ""不乱丢垃圾"", ""不让座不礼貌""]","[""排队"", ""不乱丢垃圾"", ""不让座不礼貌"", ""不大声喧哗""]","You are playing a coordination game with another agent.
If you both select the SAME option, you each get $1.
You cannot communicate - you must try to coordinate.
Note: The other agent sees the SAME options, but in a DIFFERENT order.

中国公共行为
Options: 排队, 不大声喧哗, 不乱丢垃圾, 不让座不礼貌

Which option do you choose? Respond with the exact option text.",排队,排队,"You are playing a coordination game with another agent.
If you both select the SAME option, you each get $1.
You cannot communicate - you must try to coordinate.
Note: The other agent sees the SAME options, but in a DIFFERENT order.

中国公共行为
Options: 排队, 不乱丢垃圾, 不让座不礼貌, 不大声喧哗

Which option do you choose? Respond with the exact option text.",排队,排队,True
中国送礼习俗,"[""红包"", ""生日礼物"", ""过年礼物"", ""双数吉利""]","[""过年礼物"", ""生日礼物"", ""双数吉利"", ""红包""]","[""过年礼物"", ""生日礼物"", ""红包"", ""双数吉利""]","You are playing a coordination game with another agent.
If you both select the SAME option, you each get $1.
You cannot communicate - you must try to coordinate.
Note: The other agent sees the SAME options, but in a DIFFERENT order.

中国送礼习俗
Options: 过年礼物, 生日礼物, 双数吉利, 红包

Which option do you choose? Respond with the exact option text.",红包,红包,"You are playing a coordination game with another agent.
If you both select the SAME option, you each get $1.
You cannot communicate - you must try to coordinate.
Note: The other agent sees the SAME options, but in a DIFFERENT order.

中国送礼习俗
Options: 过年礼物, 生日礼物, 红包, 双数吉利

Which option do you choose? Respond with the exact option text.",红包,红包,True
中国见面礼仪,"[""握手"", ""称呼对方"", ""交换名片"", ""双手递物""]","[""称呼对方"", ""双手递物"", ""交换名片"", ""握手""]","[""握手"", ""交换名片"", ""称呼对方"", ""双手递物""]","You are playing a coordination game with another agent.
If you both select the SAME option, you each get $1.
You cannot communicate - you must try to coordinate.
Note: The other agent sees the SAME options, but in a DIFFERENT order.

中国见面礼仪
Options: 称呼对方, 双手递物, 交换名片, 握手

Which option do you choose? Respond with the exact option text.",握手,握手,"You are playing a coordination game with another agent.
If you both select the SAME option, you each get $1.
You cannot communicate - you must try to coordinate.
Note: The other agent sees the SAME options, but in a DIFFERENT order.

中国见面礼仪
Options: 握手, 交换名片, 称呼对方, 双手递物

Which option do you choose? Respond with the exact option text.",握手,握手,True
中国着装规范,"[""正装"", ""休闲装"", ""商务装"", ""运动装""]","[""正装"", ""休闲装"", ""商务装"", ""运动装""]","[""正装"", ""商务装"", ""运动装"", ""休闲装""]","You are playing a coordination game with another agent.
If you both select the SAME option, you each get $1.
You cannot communicate - you must try to coordinate.
Note: The other agent sees the SAME options, but in a DIFFERENT order.

中国着装规范
Options: 正装, 休闲装, 商务装, 运动装

Which option do you choose? Respond with the exact option text.",正装,正装,"You are playing a coordination game with another agent.
If you both select the SAME option, you each get $1.
You cannot communicate - you must try to coordinate.
Note: The other agent sees the SAME options, but in a DIFFERENT order.

中国着装规范
Options: 正装, 商务装, 运动装, 休闲装

Which option do you choose? Respond with the exact option text.",商务装,商务装,False
中国社交规范,"[""寒暄"", ""敬语"", ""让座"", ""不直接拒绝""]","[""让座"", ""寒暄"", ""敬语"", ""不直接拒绝""]","[""让座"", ""不直接拒绝"", ""敬语"", ""寒暄""]","You are playing a coordination game with another agent.
If you both select the SAME option, you each get $1.
You cannot communicate - you must try to coordinate.
Note: The other agent sees the SAME options, but in a DIFFERENT order.

中国社交规范
Options: 让座, 寒暄, 敬语, 不直接拒绝

Which option do you choose? Respond with the exact option text.",让座,让座,"You are playing a coordination game with another agent.
If you both select the SAME option, you each get $1.
You cannot communicate - you must try to coordinate.
Note: The other agent sees the SAME options, but in a DIFFERENT order.

中国社交规范
Options: 让座, 不直接拒绝, 敬语, 寒暄

Which option do you choose? Respond with the exact option text.",让座,让座,True
中国节日习俗,"[""过年放鞭炮"", ""中秋节吃月饼"", ""端午节吃粽子"", ""清明扫墓""]","[""清明扫墓"", ""中秋节吃月饼"", ""过年放鞭炮"", ""端午节吃粽子""]","[""清明扫墓"", ""中秋节吃月饼"", ""过年放鞭炮"", ""端午节吃粽子""]","You are playing a coordination game with another agent.
If you both select the SAME option, you each get $1.
You cannot communicate - you must try to coordinate.
Note: The other agent sees the SAME options, but in a DIFFERENT order.

中国节日习俗
Options: 清明扫墓, 中秋节吃月饼, 过年放鞭炮, 端午节吃粽子

Which option do you choose? Respond with the exact option text.",过年放鞭炮,过年放鞭炮,"You are playing a coordination game with another agent.
If you both select the SAME option, you each get $1.
You cannot communicate - you must try to coordinate.
Note: The other agent sees the SAME options, but in a DIFFERENT order.

中国节日习俗
Options: 清明扫墓, 中秋节吃月饼, 过年放鞭炮, 端午节吃粽子

Which option do you choose? Respond with the exact option text.",过年放鞭炮,过年放鞭炮,True
中国婚嫁习俗,"[""红色嫁衣"", ""敬茶"", ""闹洞房"", ""份子钱""]","[""份子钱"", ""敬茶"", ""闹洞房"", ""红色嫁衣""]","[""闹洞房"", ""份子钱"", ""红色嫁衣"", ""敬茶""]","You are playing a coordination game with another agent.
If you both select the SAME option, you each get $1.
You cannot communicate - you must try to coordinate.
Note: The other agent sees the SAME options, but in a DIFFERENT order.

中国婚嫁习俗
Options: 份子钱, 敬茶, 闹洞房, 红色嫁衣

Which option do you choose? Respond with the exact option text.",份子钱,份子钱,"You are playing a coordination game with another agent.
If you both select the SAME option, you each get $1.
You cannot communicate - you must try to coordinate.
Note: The other agent sees the SAME options, but in a DIFFERENT order.

中国婚嫁习俗
Options: 闹洞房, 份子钱, 红色嫁衣, 敬茶

Which option do you choose? Respond with the exact option text.",红色嫁衣,红色嫁衣,False
US Federal Holidays,"[""Christmas"", ""Thanksgiving"", ""Independence Day"", ""New Year's Day""]","[""Independence Day"", ""Christmas"", ""New Year's Day"", ""Thanksgiving""]","[""New Year's Day"", ""Independence Day"", ""Christmas"", ""Thanksgiving""]","You are playing a coordination game with another agent.
If you both select the SAME option, you each get $1.
You cannot communicate - you must try to coordinate.
Note: The other agent sees the SAME options, but in a DIFFERENT order.

US Federal Holidays
Options: Independence Day, Christmas, New Year's Day, Thanksgiving

Which option do you choose? Respond with the exact option text.",Christmas,Christmas,"You are playing a coordination game with another agent.
If you both select the SAME option, you each get $1.
You cannot communicate - you must try to coordinate.
Note: The other agent sees the SAME options, but in a DIFFERENT order.

US Federal Holidays
Options: New Year's Day, Independence Day, Christmas, Thanksgiving

Which option do you choose? Respond with the exact option text.",Christmas,Christmas,True
US Celebrations,"[""Halloween"", ""Valentine's Day"", ""Easter"", ""St. Patrick's Day""]","[""Easter"", ""Valentine's Day"", ""Halloween"", ""St. Patrick's Day""]","[""Valentine's Day"", ""Easter"", ""Halloween"", ""St. Patrick's Day""]","You are playing a coordination game with another agent.
If you both select the SAME option, you each get $1.
You cannot communicate - you must try to coordinate.
Note: The other agent sees the SAME options, but in a DIFFERENT order.

US Celebrations
Options: Easter, Valentine's Day, Halloween, St. Patrick's Day

Which option do you choose? Respond with the exact option text.",Easter,Easter,"You are playing a coordination game with another agent.
If you both select the SAME option, you each get $1.
You cannot communicate - you must try to coordinate.
Note: The other agent sees the SAME options, but in a DIFFERENT order.

US Celebrations
Options: Valentine's Day, Easter, Halloween, St. Patrick's Day

Which option do you choose? Respond with the exact option text.",Easter,Easter,True
US Family Holidays,"[""Thanksgiving"", ""Christmas"", ""Mother's Day"", ""Father's Day""]","[""Mother's Day"", ""Father's Day"", ""Thanksgiving"", ""Christmas""]","[""Father's Day"", ""Thanksgiving"", ""Mother's Day"", ""Christmas""]","You are playing a coordination game with another agent.
If you both select the SAME option, you each get $1.
You cannot communicate - you must try to coordinate.
Note: The other agent sees the SAME options, but in a DIFFERENT order.

US Family Holidays
Options: Mother's Day, Father's Day, Thanksgiving, Christmas

Which option do you choose? Respond with the exact option text.",Christmas,Christmas,"You are playing a coordination game with another agent.
If you both select the SAME option, you each get $1.
You cannot communicate - you must try to coordinate.
Note: The other agent sees the SAME options, but in a DIFFERENT order.

US Family Holidays
Options: Father's Day, Thanksgiving, Mother's Day, Christmas

Which option do you choose? Respond with the exact option text.",Christmas,Christmas,True
US Summer Holidays,"[""July 4th"", ""Memorial Day"", ""Labor Day"", ""Flag Day""]","[""Memorial Day"", ""Flag Day"", ""July 4th"", ""Labor Day""]","[""Memorial Day"", ""Labor Day"", ""Flag Day"", ""July 4th""]","You are playing a coordination game with another agent.
If you both select the SAME option, you each get $1.
You cannot communicate - you must try to coordinate.
Note: The other agent sees the SAME options, but in a DIFFERENT order.

US Summer Holidays
Options: Memorial Day, Flag Day, July 4th, Labor Day

Which option do you choose? Respond with the exact option text.","I choose July 4th.

This is the most salient option in the list of US Summer Holidays. July 4th (Independence Day) is widely recognized as the most prominent and nationally celebrated summer holiday in the United States. Since we both see the same options (though in different orders) and cannot communicate, choosing the most obvious or ""focal point"" option gives us the best chance of coordinating successfully.",July 4th,"You are playing a coordination game with another agent.
If you both select the SAME option, you each get $1.
You cannot communicate - you must try to coordinate.
Note: The other agent sees the SAME options, but in a DIFFERENT order.

US Summer Holidays
Options: Memorial Day, Labor Day, Flag Day, July 4th

Which option do you choose? Respond with the exact option text.",July 4th,July 4th,True
US Winter Holidays,"[""Christmas"", ""New Year's"", ""Hanukkah"", ""Kwanzaa""]","[""Hanukkah"", ""Kwanzaa"", ""Christmas"", ""New Year's""]","[""Kwanzaa"", ""Hanukkah"", ""New Year's"", ""Christmas""]","You are playing a coordination game with another agent.
If you both select the SAME option, you each get $1.
You cannot communicate - you must try to coordinate.
Note: The other agent sees the SAME options, but in a DIFFERENT order.

US Winter Holidays
Options: Hanukkah, Kwanzaa, Christmas, New Year's

Which option do you choose? Respond with the exact option text.",Christmas,Christmas,"You are playing a coordination game with another agent.
If you both select the SAME option, you each get $1.
You cannot communicate - you must try to coordinate.
Note: The other agent sees the SAME options, but in a DIFFERENT order.

US Winter Holidays
Options: Kwanzaa, Hanukkah, New Year's, Christmas

Which option do you choose? Respond with the exact option text.",Christmas,Christmas,True
中国法定假日,"[""春节"", ""国庆节"", ""中秋节"", ""端午节""]","[""国庆节"", ""端午节"", ""中秋节"", ""春节""]","[""春节"", ""端午节"", ""国庆节"", ""中秋节""]","You are playing a coordination game with another agent.
If you both select the SAME option, you each get $1.
You cannot communicate - you must try to coordinate.
Note: The other agent sees the SAME options, but in a DIFFERENT order.

中国法定假日
Options: 国庆节, 端午节, 中秋节, 春节

Which option do you choose? Respond with the exact option text.",春节,春节,"You are playing a coordination game with another agent.
If you both select the SAME option, you each get $1.
You cannot communicate - you must try to coordinate.
Note: The other agent sees the SAME options, but in a DIFFERENT order.

中国法定假日
Options: 春节, 端午节, 国庆节, 中秋节

Which option do you choose? Respond with the exact option text.",春节,春节,True
中国传统节日,"[""元宵节"", ""七夕"", ""重阳节"", ""腊八节""]","[""腊八节"", ""重阳节"", ""七夕"", ""元宵节""]","[""七夕"", ""元宵节"", ""重阳节"", ""腊八节""]","You are playing a coordination game with another agent.
If you both select the SAME option, you each get $1.
You cannot communicate - you must try to coordinate.
Note: The other agent sees the SAME options, but in a DIFFERENT order.

中国传统节日
Options: 腊八节, 重阳节, 七夕, 元宵节

Which option do you choose? Respond with the exact option text.",元宵节,元宵节,"You are playing a coordination game with another agent.
If you both select the SAME option, you each get $1.
You cannot communicate - you must try to coordinate.
Note: The other agent sees the SAME options, but in a DIFFERENT order.

中国传统节日
Options: 七夕, 元宵节, 重阳节, 腊八节

Which option do you choose? Respond with the exact option text.",元宵节,元宵节,True
中国家庭节日,"[""春节"", ""中秋节"", ""端午节"", ""清明节""]","[""端午节"", ""中秋节"", ""春节"", ""清明节""]","[""清明节"", ""端午节"", ""中秋节"", ""春节""]","You are playing a coordination game with another agent.
If you both select the SAME option, you each get $1.
You cannot communicate - you must try to coordinate.
Note: The other agent sees the SAME options, but in a DIFFERENT order.

中国家庭节日
Options: 端午节, 中秋节, 春节, 清明节

Which option do you choose? Respond with the exact option text.",春节,春节,"You are playing a coordination game with another agent.
If you both select the SAME option, you each get $1.
You cannot communicate - you must try to coordinate.
Note: The other agent sees the SAME options, but in a DIFFERENT order.

中国家庭节日
Options: 清明节, 端午节, 中秋节, 春节

Which option do you choose? Respond with the exact option text.",春节,春节,True
中国现代节日,"[""五一劳动节"", ""国庆节"", ""元旦"", ""三八妇女节""]","[""五一劳动节"", ""元旦"", ""国庆节"", ""三八妇女节""]","[""国庆节"", ""三八妇女节"", ""元旦"", ""五一劳动节""]","You are playing a coordination game with another agent.
If you both select the SAME option, you each get $1.
You cannot communicate - you must try to coordinate.
Note: The other agent sees the SAME options, but in a DIFFERENT order.

中国现代节日
Options: 五一劳动节, 元旦, 国庆节, 三八妇女节

Which option do you choose? Respond with the exact option text.",国庆节,国庆节,"You are playing a coordination game with another agent.
If you both select the SAME option, you each get $1.
You cannot communicate - you must try to coordinate.
Note: The other agent sees the SAME options, but in a DIFFERENT order.

中国现代节日
Options: 国庆节, 三八妇女节, 元旦, 五一劳动节

Which option do you choose? Respond with the exact option text.",元旦,元旦,False
中国节气节日,"[""立春"", ""清明"", ""冬至"", ""中秋""]","[""中秋"", ""立春"", ""清明"", ""冬至""]","[""立春"", ""清明"", ""中秋"", ""冬至""]","You are playing a coordination game with another agent.
If you both select the SAME option, you each get $1.
You cannot communicate - you must try to coordinate.
Note: The other agent sees the SAME options, but in a DIFFERENT order.

中国节气节日
Options: 中秋, 立春, 清明, 冬至

Which option do you choose? Respond with the exact option text.",冬至,冬至,"You are playing a coordination game with another agent.
If you both select the SAME option, you each get $1.
You cannot communicate - you must try to coordinate.
Note: The other agent sees the SAME options, but in a DIFFERENT order.

中国节气节日
Options: 立春, 清明, 中秋, 冬至

Which option do you choose? Respond with the exact option text.",立春,立春,False
American Breakfast,"[""Pancakes"", ""Eggs"", ""Bacon"", ""Cereal""]","[""Cereal"", ""Pancakes"", ""Bacon"", ""Eggs""]","[""Cereal"", ""Pancakes"", ""Bacon"", ""Eggs""]","You are playing a coordination game with another agent.
If you both select the SAME option, you each get $1.
You cannot communicate - you must try to coordinate.
Note: The other agent sees the SAME options, but in a DIFFERENT order.

American Breakfast
Options: Cereal, Pancakes, Bacon, Eggs

Which option do you choose? Respond with the exact option text.",Bacon,Bacon,"You are playing a coordination game with another agent.
If you both select the SAME option, you each get $1.
You cannot communicate - you must try to coordinate.
Note: The other agent sees the SAME options, but in a DIFFERENT order.

American Breakfast
Options: Cereal, Pancakes, Bacon, Eggs

Which option do you choose? Respond with the exact option text.",Bacon,Bacon,True
American Fast Food,"[""Burger"", ""Pizza"", ""Hot Dog"", ""Fries""]","[""Burger"", ""Pizza"", ""Hot Dog"", ""Fries""]","[""Hot Dog"", ""Fries"", ""Burger"", ""Pizza""]","You are playing a coordination game with another agent.
If you both select the SAME option, you each get $1.
You cannot communicate - you must try to coordinate.
Note: The other agent sees the SAME options, but in a DIFFERENT order.

American Fast Food
Options: Burger, Pizza, Hot Dog, Fries

Which option do you choose? Respond with the exact option text.",Burger,Burger,"You are playing a coordination game with another agent.
If you both select the SAME option, you each get $1.
You cannot communicate - you must try to coordinate.
Note: The other agent sees the SAME options, but in a DIFFERENT order.

American Fast Food
Options: Hot Dog, Fries, Burger, Pizza

Which option do you choose? Respond with the exact option text.",Burger,Burger,True
American Dinner,"[""Steak"", ""Roast Chicken"", ""Pasta"", ""Salad""]","[""Steak"", ""Pasta"", ""Roast Chicken"", ""Salad""]","[""Steak"", ""Salad"", ""Roast Chicken"", ""Pasta""]","You are playing a coordination game with another agent.
If you both select the SAME option, you each get $1.
You cannot communicate - you must try to coordinate.
Note: The other agent sees the SAME options, but in a DIFFERENT order.

American Dinner
Options: Steak, Pasta, Roast Chicken, Salad

Which option do you choose? Respond with the exact option text.",Pasta,Pasta,"You are playing a coordination game with another agent.
If you both select the SAME option, you each get $1.
You cannot communicate - you must try to coordinate.
Note: The other agent sees the SAME options, but in a DIFFERENT order.

American Dinner
Options: Steak, Salad, Roast Chicken, Pasta

Which option do you choose? Respond with the exact option text.",Steak,Steak,False
American Snacks,"[""Chips"", ""Popcorn"", ""Cookies"", ""Candy""]","[""Chips"", ""Cookies"", ""Candy"", ""Popcorn""]","[""Chips"", ""Candy"", ""Cookies"", ""Popcorn""]","You are playing a coordination game with another agent.
If you both select the SAME option, you each get $1.
You cannot communicate - you must try to coordinate.
Note: The other agent sees the SAME options, but in a DIFFERENT order.

American Snacks
Options: Chips, Cookies, Candy, Popcorn

Which option do you choose? Respond with the exact option text.",Candy,Candy,"You are playing a coordination game with another agent.
If you both select the SAME option, you each get $1.
You cannot communicate - you must try to coordinate.
Note: The other agent sees the SAME options, but in a DIFFERENT order.

American Snacks
Options: Chips, Candy, Cookies, Popcorn

Which option do you choose? Respond with the exact option text.",Candy,Candy,True
American Desserts,"[""Apple Pie"", ""Brownie"", ""Ice Cream"", ""Cheesecake""]","[""Brownie"", ""Apple Pie"", ""Ice Cream"", ""Cheesecake""]","[""Cheesecake"", ""Ice Cream"", ""Apple Pie"", ""Brownie""]","You are playing a coordination game with another agent.
If you both select the SAME option, you each get $1.
You cannot communicate - you must try to coordinate.
Note: The other agent sees the SAME options, but in a DIFFERENT order.

American Desserts
Options: Brownie, Apple Pie, Ice Cream, Cheesecake

Which option do you choose? Respond with the exact option text.",Apple Pie,Apple Pie,"You are playing a coordination game with another agent.
If you both select the SAME option, you each get $1.
You cannot communicate - you must try to coordinate.
Note: The other agent sees the SAME options, but in a DIFFERENT order.

American Desserts
Options: Cheesecake, Ice Cream, Apple Pie, Brownie

Which option do you choose? Respond with the exact option text.",Apple Pie,Apple Pie,True
American Comfort Food,"[""Mac and Cheese"", ""Grilled Cheese"", ""Meatloaf"", ""Mashed Potatoes""]","[""Mac and Cheese"", ""Grilled Cheese"", ""Meatloaf"", ""Mashed Potatoes""]","[""Meatloaf"", ""Grilled Cheese"", ""Mac and Cheese"", ""Mashed Potatoes""]","You are playing a coordination game with another agent.
If you both select the SAME option, you each get $1.
You cannot communicate - you must try to coordinate.
Note: The other agent sees the SAME options, but in a DIFFERENT order.

American Comfort Food
Options: Mac and Cheese, Grilled Cheese, Meatloaf, Mashed Potatoes

Which option do you choose? Respond with the exact option text.",Mac and Cheese,Mac and Cheese,"You are playing a coordination game with another agent.
If you both select the SAME option, you each get $1.
You cannot communicate - you must try to coordinate.
Note: The other agent sees the SAME options, but in a DIFFERENT order.

American Comfort Food
Options: Meatloaf, Grilled Cheese, Mac and Cheese, Mashed Potatoes

Which option do you choose? Respond with the exact option text.",Grilled Cheese,Grilled Cheese,False
American Side Dishes,"[""French Fries"", ""Coleslaw"", ""Corn"", ""Baked Beans""]","[""French Fries"", ""Baked Beans"", ""Coleslaw"", ""Corn""]","[""Baked Beans"", ""French Fries"", ""Coleslaw"", ""Corn""]","You are playing a coordination game with another agent.
If you both select the SAME option, you each get $1.
You cannot communicate - you must try to coordinate.
Note: The other agent sees the SAME options, but in a DIFFERENT order.

American Side Dishes
Options: French Fries, Baked Beans, Coleslaw, Corn

Which option do you choose? Respond with the exact option text.",French Fries,French Fries,"You are playing a coordination game with another agent.
If you both select the SAME option, you each get $1.
You cannot communicate - you must try to coordinate.
Note: The other agent sees the SAME options, but in a DIFFERENT order.

American Side Dishes
Options: Baked Beans, French Fries, Coleslaw, Corn

Which option do you choose? Respond with the exact option text.",French Fries,French Fries,True
American BBQ,"[""Ribs"", ""Brisket"", ""Pulled Pork"", ""Grilled Chicken""]","[""Ribs"", ""Grilled Chicken"", ""Brisket"", ""Pulled Pork""]","[""Grilled Chicken"", ""Ribs"", ""Pulled Pork"", ""Brisket""]","You are playing a coordination game with another agent.
If you both select the SAME option, you each get $1.
You cannot communicate - you must try to coordinate.
Note: The other agent sees the SAME options, but in a DIFFERENT order.

American BBQ
Options: Ribs, Grilled Chicken, Brisket, Pulled Pork

Which option do you choose? Respond with the exact option text.",Brisket,Brisket,"You are playing a coordination game with another agent.
If you both select the SAME option, you each get $1.
You cannot communicate - you must try to coordinate.
Note: The other agent sees the SAME options, but in a DIFFERENT order.

American BBQ
Options: Grilled Chicken, Ribs, Pulled Pork, Brisket

Which option do you choose? Respond with the exact option text.",Ribs,Ribs,False
American Sandwiches,"[""BLT"", ""PB&J"", ""Club Sandwich"", ""Grilled Cheese""]","[""Club Sandwich"", ""BLT"", ""Grilled Cheese"", ""PB&J""]","[""Club Sandwich"", ""BLT"", ""PB&J"", ""Grilled Cheese""]","You are playing a coordination game with another agent.
If you both select the SAME option, you each get $1.
You cannot communicate - you must try to coordinate.
Note: The other agent sees the SAME options, but in a DIFFERENT order.

American Sandwiches
Options: Club Sandwich, BLT, Grilled Cheese, PB&J

Which option do you choose? Respond with the exact option text.",BLT,BLT,"You are playing a coordination game with another agent.
If you both select the SAME option, you each get $1.
You cannot communicate - you must try to coordinate.
Note: The other agent sees the SAME options, but in a DIFFERENT order.

American Sandwiches
Options: Club Sandwich, BLT, PB&J, Grilled Cheese

Which option do you choose? Respond with the exact option text.",BLT,BLT,True
American Holiday Food,"[""Turkey"", ""Ham"", ""Pumpkin Pie"", ""Stuffing""]","[""Pumpkin Pie"", ""Ham"", ""Turkey"", ""Stuffing""]","[""Turkey"", ""Stuffing"", ""Pumpkin Pie"", ""Ham""]","You are playing a coordination game with another agent.
If you both select the SAME option, you each get $1.
You cannot communicate - you must try to coordinate.
Note: The other agent sees the SAME options, but in a DIFFERENT order.

American Holiday Food
Options: Pumpkin Pie, Ham, Turkey, Stuffing

Which option do you choose? Respond with the exact option text.",Turkey,Turkey,"You are playing a coordination game with another agent.
If you both select the SAME option, you each get $1.
You cannot communicate - you must try to coordinate.
Note: The other agent sees the SAME options, but in a DIFFERENT order.

American Holiday Food
Options: Turkey, Stuffing, Pumpkin Pie, Ham

Which option do you choose? Respond with the exact option text.",Turkey,Turkey,True
中国早餐,"[""包子"", ""油条"", ""豆浆"", ""煎饼""]","[""豆浆"", ""包子"", ""油条"", ""煎饼""]","[""煎饼"", ""豆浆"", ""包子"", ""油条""]","You are playing a coordination game with another agent.
If you both select the SAME option, you each get $1.
You cannot communicate - you must try to coordinate.
Note: The other agent sees the SAME options, but in a DIFFERENT order.

中国早餐
Options: 豆浆, 包子, 油条, 煎饼

Which option do you choose? Respond with the exact option text.",包子,包子,"You are playing a coordination game with another agent.
If you both select the SAME option, you each get $1.
You cannot communicate - you must try to coordinate.
Note: The other agent sees the SAME options, but in a DIFFERENT order.

中国早餐
Options: 煎饼, 豆浆, 包子, 油条

Which option do you choose? Respond with the exact option text.",包子,包子,True
中国快餐,"[""炒饭"", ""面条"", ""饺子"", ""盒饭""]","[""炒饭"", ""面条"", ""饺子"", ""盒饭""]","[""盒饭"", ""炒饭"", ""面条"", ""饺子""]","You are playing a coordination game with another agent.
If you both select the SAME option, you each get $1.
You cannot communicate - you must try to coordinate.
Note: The other agent sees the SAME options, but in a DIFFERENT order.

中国快餐
Options: 炒饭, 面条, 饺子, 盒饭

Which option do you choose? Respond with the exact option text.","The problem asks to coordinate on an option from the list: 炒饭, 面条, 饺子, 盒饭.
The context is ""Chinese Fast Food"" (中国快餐).

To succeed, I must anticipate what the other agent will choose, given they see the same context but a different order. This requires finding a Schelling point (a focal point).

Analysis of options:
1.  **炒饭**: A very common dish, but often considered just one of many options.
2.  **面条**: Also very common, but similar to fried rice in that it's a staple carbohydrate category.
3.  **饺子**: A culturally significant and distinct dish. However, in the context of ""Fast Food"", it is often associated with specialty shops or frozen food, rather than the generic ""fast food meal"" concept.
4.  **盒饭**: This term literally corresponds to the concept of ""Fast Food"" in Chinese culture. A ""盒饭"" (boxed meal) is the definition of a quick, cheap, standardized meal (Rice + Dishes). The prompt category is ""Chinese Fast Food"", and **盒饭** is the category instance that defines the label.

Reasoning for the Schelling point:
The strongest logical link is between the category name ""Fast Food"" and the option ""盒饭"". While dumplings are culturally iconic, ""Boxed Meal"" is the functional definition of the category provided. In coordination games, the option that uniquely matches the category label (Label = ""Fast Food"", Option = ""Fast Food Meal/Boxed Meal"") is often the strongest focal point because it relies on semantic definition rather than subjective preference or popularity contests between staples like rice and noodles.

Therefore, the most logical choice for coordination is the one that semantically matches the category description.

Choice: 盒饭

盒饭",炒饭,"You are playing a coordination game with another agent.
If you both select the SAME option, you each get $1.
You cannot communicate - you must try to coordinate.
Note: The other agent sees the SAME options, but in a DIFFERENT order.

中国快餐
Options: 盒饭, 炒饭, 面条, 饺子

Which option do you choose? Respond with the exact option text.",炒饭,炒饭,True
中国家常菜,"[""红烧肉"", ""宫保鸡丁"", ""麻婆豆腐"", ""西红柿炒鸡蛋""]","[""宫保鸡丁"", ""麻婆豆腐"", ""西红柿炒鸡蛋"", ""红烧肉""]","[""宫保鸡丁"", ""西红柿炒鸡蛋"", ""红烧肉"", ""麻婆豆腐""]","You are playing a coordination game with another agent.
If you both select the SAME option, you each get $1.
You cannot communicate - you must try to coordinate.
Note: The other agent sees the SAME options, but in a DIFFERENT order.

中国家常菜
Options: 宫保鸡丁, 麻婆豆腐, 西红柿炒鸡蛋, 红烧肉

Which option do you choose? Respond with the exact option text.",西红柿炒鸡蛋,西红柿炒鸡蛋,"You are playing a coordination game with another agent.
If you both select the SAME option, you each get $1.
You cannot communicate - you must try to coordinate.
Note: The other agent sees the SAME options, but in a DIFFERENT order.

中国家常菜
Options: 宫保鸡丁, 西红柿炒鸡蛋, 红烧肉, 麻婆豆腐

Which option do you choose? Respond with the exact option text.",西红柿炒鸡蛋,西红柿炒鸡蛋,True
中国小吃,"[""煎饼果子"", ""烤串"", ""臭豆腐"", ""糖葫芦""]","[""烤串"", ""糖葫芦"", ""煎饼果子"", ""臭豆腐""]","[""臭豆腐"", ""烤串"", ""煎饼果子"", ""糖葫芦""]","You are playing a coordination game with another agent.
If you both select the SAME option, you each get $1.
You cannot communicate - you must try to coordinate.
Note: The other agent sees the SAME options, but in a DIFFERENT order.

中国小吃
Options: 烤串, 糖葫芦, 煎饼果子, 臭豆腐

Which option do you choose? Respond with the exact option text.",臭豆腐,臭豆腐,"You are playing a coordination game with another agent.
If you both select the SAME option, you each get $1.
You cannot communicate - you must try to coordinate.
Note: The other agent sees the SAME options, but in a DIFFERENT order.

中国小吃
Options: 臭豆腐, 烤串, 煎饼果子, 糖葫芦

Which option do you choose? Respond with the exact option text.",煎饼果子,煎饼果子,False
中国甜点,"[""汤圆"", ""月饼"", ""粽子"", ""豆沙包""]","[""汤圆"", ""月饼"", ""豆沙包"", ""粽子""]","[""月饼"", ""粽子"", ""汤圆"", ""豆沙包""]","You are playing a coordination game with another agent.
If you both select the SAME option, you each get $1.
You cannot communicate - you must try to coordinate.
Note: The other agent sees the SAME options, but in a DIFFERENT order.

中国甜点
Options: 汤圆, 月饼, 豆沙包, 粽子

Which option do you choose? Respond with the exact option text.",汤圆,汤圆,"You are playing a coordination game with another agent.
If you both select the SAME option, you each get $1.
You cannot communicate - you must try to coordinate.
Note: The other agent sees the SAME options, but in a DIFFERENT order.

中国甜点
Options: 月饼, 粽子, 汤圆, 豆沙包

Which option do you choose? Respond with the exact option text.","To solve this coordination game, we must identify a strategy that both agents can use independently to arrive at the same choice, regardless of the randomized order of the options. The most robust strategy in such scenarios is to select a ""focal point"" based on a deterministic rule, such as alphabetical sorting.

Since the options are in Chinese, the standard method for establishing a canonical order is by Pinyin (Romanization).

Let's sort the options by their Pinyin spelling:
1.  **豆沙包** (Dòu shā bāo) - Starts with 'D'
2.  汤圆 (Tāng yuán) - Starts with 'T'
3.  月饼 (Yuè bǐng) - Starts with 'Y'
4.  粽子 (Zòng zi) - Starts with 'Z'

Sorting these alphabetically (A-Z) places **豆沙包** first. A rational agent trying to coordinate without communication would likely use this sorting method to pick the first item in the canonical list.

豆沙包",豆沙包,False
中国主食,"[""米饭"", ""面条"", ""馒头"", ""饺子""]","[""米饭"", ""饺子"", ""面条"", ""馒头""]","[""饺子"", ""馒头"", ""米饭"", ""面条""]","You are playing a coordination game with another agent.
If you both select the SAME option, you each get $1.
You cannot communicate - you must try to coordinate.
Note: The other agent sees the SAME options, but in a DIFFERENT order.

中国主食
Options: 米饭, 饺子, 面条, 馒头

Which option do you choose? Respond with the exact option text.",米饭,米饭,"You are playing a coordination game with another agent.
If you both select the SAME option, you each get $1.
You cannot communicate - you must try to coordinate.
Note: The other agent sees the SAME options, but in a DIFFERENT order.

中国主食
Options: 饺子, 馒头, 米饭, 面条

Which option do you choose? Respond with the exact option text.",米饭,米饭,True
中国汤类,"[""鸡汤"", ""排骨汤"", ""紫菜蛋花汤"", ""酸辣汤""]","[""排骨汤"", ""酸辣汤"", ""鸡汤"", ""紫菜蛋花汤""]","[""酸辣汤"", ""紫菜蛋花汤"", ""鸡汤"", ""排骨汤""]","You are playing a coordination game with another agent.
If you both select the SAME option, you each get $1.
You cannot communicate - you must try to coordinate.
Note: The other agent sees the SAME options, but in a DIFFERENT order.

中国汤类
Options: 排骨汤, 酸辣汤, 鸡汤, 紫菜蛋花汤

Which option do you choose? Respond with the exact option text.",鸡汤,鸡汤,"You are playing a coordination game with another agent.
If you both select the SAME option, you each get $1.
You cannot communicate - you must try to coordinate.
Note: The other agent sees the SAME options, but in a DIFFERENT order.

中国汤类
Options: 酸辣汤, 紫菜蛋花汤, 鸡汤, 排骨汤

Which option do you choose? Respond with the exact option text.",鸡汤,鸡汤,True
中国火锅食材,"[""牛肉"", ""羊肉"", ""豆腐"", ""白菜""]","[""羊肉"", ""白菜"", ""牛肉"", ""豆腐""]","[""白菜"", ""牛肉"", ""豆腐"", ""羊肉""]","You are playing a coordination game with another agent.
If you both select the SAME option, you each get $1.
You cannot communicate - you must try to coordinate.
Note: The other agent sees the SAME options, but in a DIFFERENT order.

中国火锅食材
Options: 羊肉, 白菜, 牛肉, 豆腐

Which option do you choose? Respond with the exact option text.",羊肉,羊肉,"You are playing a coordination game with another agent.
If you both select the SAME option, you each get $1.
You cannot communicate - you must try to coordinate.
Note: The other agent sees the SAME options, but in a DIFFERENT order.

中国火锅食材
Options: 白菜, 牛肉, 豆腐, 羊肉

Which option do you choose? Respond with the exact option text.",牛肉,牛肉,False
中国面食,"[""拉面"", ""刀削面"", ""炸酱面"", ""担担面""]","[""炸酱面"", ""担担面"", ""拉面"", ""刀削面""]","[""担担面"", ""拉面"", ""刀削面"", ""炸酱面""]","You are playing a coordination game with another agent.
If you both select the SAME option, you each get $1.
You cannot communicate - you must try to coordinate.
Note: The other agent sees the SAME options, but in a DIFFERENT order.

中国面食
Options: 炸酱面, 担担面, 拉面, 刀削面

Which option do you choose? Respond with the exact option text.",刀削面,刀削面,"You are playing a coordination game with another agent.
If you both select the SAME option, you each get $1.
You cannot communicate - you must try to coordinate.
Note: The other agent sees the SAME options, but in a DIFFERENT order.

中国面食
Options: 担担面, 拉面, 刀削面, 炸酱面

Which option do you choose? Respond with the exact option text.",炸酱面,炸酱面,False
中国节日食物,"[""饺子"", ""月饼"", ""粽子"", ""汤圆""]","[""汤圆"", ""粽子"", ""月饼"", ""饺子""]","[""汤圆"", ""饺子"", ""月饼"", ""粽子""]","You are playing a coordination game with another agent.
If you both select the SAME option, you each get $1.
You cannot communicate - you must try to coordinate.
Note: The other agent sees the SAME options, but in a DIFFERENT order.

中国节日食物
Options: 汤圆, 粽子, 月饼, 饺子

Which option do you choose? Respond with the exact option text.",饺子,饺子,"You are playing a coordination game with another agent.
If you both select the SAME option, you each get $1.
You cannot communicate - you must try to coordinate.
Note: The other agent sees the SAME options, but in a DIFFERENT order.

中国节日食物
Options: 汤圆, 饺子, 月饼, 粽子

Which option do you choose? Respond with the exact option text.",饺子,饺子,True
American Breakfast Drinks,"[""Coffee"", ""Orange Juice"", ""Milk"", ""Tea""]","[""Milk"", ""Coffee"", ""Orange Juice"", ""Tea""]","[""Coffee"", ""Orange Juice"", ""Tea"", ""Milk""]","You are playing a coordination game with another agent.
If you both select the SAME option, you each get $1.
You cannot communicate - you must try to coordinate.
Note: The other agent sees the SAME options, but in a DIFFERENT order.

American Breakfast Drinks
Options: Milk, Coffee, Orange Juice, Tea

Which option do you choose? Respond with the exact option text.",Coffee,Coffee,"You are playing a coordination game with another agent.
If you both select the SAME option, you each get $1.
You cannot communicate - you must try to coordinate.
Note: The other agent sees the SAME options, but in a DIFFERENT order.

American Breakfast Drinks
Options: Coffee, Orange Juice, Tea, Milk

Which option do you choose? Respond with the exact option text.",Coffee,Coffee,True
American Soft Drinks,"[""Coca-Cola"", ""Pepsi"", ""Sprite"", ""Dr Pepper""]","[""Pepsi"", ""Dr Pepper"", ""Coca-Cola"", ""Sprite""]","[""Dr Pepper"", ""Pepsi"", ""Coca-Cola"", ""Sprite""]","You are playing a coordination game with another agent.
If you both select the SAME option, you each get $1.
You cannot communicate - you must try to coordinate.
Note: The other agent sees the SAME options, but in a DIFFERENT order.

American Soft Drinks
Options: Pepsi, Dr Pepper, Coca-Cola, Sprite

Which option do you choose? Respond with the exact option text.",Coca-Cola,Coca-Cola,"You are playing a coordination game with another agent.
If you both select the SAME option, you each get $1.
You cannot communicate - you must try to coordinate.
Note: The other agent sees the SAME options, but in a DIFFERENT order.

American Soft Drinks
Options: Dr Pepper, Pepsi, Coca-Cola, Sprite

Which option do you choose? Respond with the exact option text.",Coca-Cola,Coca-Cola,True
American Hot Drinks,"[""Coffee"", ""Tea"", ""Hot Chocolate"", ""Cider""]","[""Coffee"", ""Tea"", ""Cider"", ""Hot Chocolate""]","[""Tea"", ""Coffee"", ""Cider"", ""Hot Chocolate""]","You are playing a coordination game with another agent.
If you both select the SAME option, you each get $1.
You cannot communicate - you must try to coordinate.
Note: The other agent sees the SAME options, but in a DIFFERENT order.

American Hot Drinks
Options: Coffee, Tea, Cider, Hot Chocolate

Which option do you choose? Respond with the exact option text.",Coffee,Coffee,"You are playing a coordination game with another agent.
If you both select the SAME option, you each get $1.
You cannot communicate - you must try to coordinate.
Note: The other agent sees the SAME options, but in a DIFFERENT order.

American Hot Drinks
Options: Tea, Coffee, Cider, Hot Chocolate

Which option do you choose? Respond with the exact option text.",Coffee,Coffee,True
American Cocktails,"[""Margarita"", ""Mojito"", ""Martini"", ""Old Fashioned""]","[""Mojito"", ""Martini"", ""Old Fashioned"", ""Margarita""]","[""Mojito"", ""Old Fashioned"", ""Margarita"", ""Martini""]","You are playing a coordination game with another agent.
If you both select the SAME option, you each get $1.
You cannot communicate - you must try to coordinate.
Note: The other agent sees the SAME options, but in a DIFFERENT order.

American Cocktails
Options: Mojito, Martini, Old Fashioned, Margarita

Which option do you choose? Respond with the exact option text.",Margarita,Margarita,"You are playing a coordination game with another agent.
If you both select the SAME option, you each get $1.
You cannot communicate - you must try to coordinate.
Note: The other agent sees the SAME options, but in a DIFFERENT order.

American Cocktails
Options: Mojito, Old Fashioned, Margarita, Martini

Which option do you choose? Respond with the exact option text.",Margarita,Margarita,True
American Party Drinks,"[""Beer"", ""Wine"", ""Champagne"", ""Cocktail""]","[""Beer"", ""Champagne"", ""Cocktail"", ""Wine""]","[""Cocktail"", ""Champagne"", ""Wine"", ""Beer""]","You are playing a coordination game with another agent.
If you both select the SAME option, you each get $1.
You cannot communicate - you must try to coordinate.
Note: The other agent sees the SAME options, but in a DIFFERENT order.

American Party Drinks
Options: Beer, Champagne, Cocktail, Wine

Which option do you choose? Respond with the exact option text.",Beer,Beer,"You are playing a coordination game with another agent.
If you both select the SAME option, you each get $1.
You cannot communicate - you must try to coordinate.
Note: The other agent sees the SAME options, but in a DIFFERENT order.

American Party Drinks
Options: Cocktail, Champagne, Wine, Beer

Which option do you choose? Respond with the exact option text.",Beer,Beer,True
中国早餐饮品,"[""豆浆"", ""牛奶"", ""粥"", ""茶""]","[""牛奶"", ""粥"", ""茶"", ""豆浆""]","[""粥"", ""茶"", ""牛奶"", ""豆浆""]","You are playing a coordination game with another agent.
If you both select the SAME option, you each get $1.
You cannot communicate - you must try to coordinate.
Note: The other agent sees the SAME options, but in a DIFFERENT order.

中国早餐饮品
Options: 牛奶, 粥, 茶, 豆浆

Which option do you choose? Respond with the exact option text.",豆浆,豆浆,"You are playing a coordination game with another agent.
If you both select the SAME option, you each get $1.
You cannot communicate - you must try to coordinate.
Note: The other agent sees the SAME options, but in a DIFFERENT order.

中国早餐饮品
Options: 粥, 茶, 牛奶, 豆浆

Which option do you choose? Respond with the exact option text.",豆浆,豆浆,True
中国茶类,"[""绿茶"", ""红茶"", ""乌龙茶"", ""普洱茶""]","[""普洱茶"", ""乌龙茶"", ""绿茶"", ""红茶""]","[""绿茶"", ""普洱茶"", ""乌龙茶"", ""红茶""]","You are playing a coordination game with another agent.
If you both select the SAME option, you each get $1.
You cannot communicate - you must try to coordinate.
Note: The other agent sees the SAME options, but in a DIFFERENT order.

中国茶类
Options: 普洱茶, 乌龙茶, 绿茶, 红茶

Which option do you choose? Respond with the exact option text.",绿茶,绿茶,"You are playing a coordination game with another agent.
If you both select the SAME option, you each get $1.
You cannot communicate - you must try to coordinate.
Note: The other agent sees the SAME options, but in a DIFFERENT order.

中国茶类
Options: 绿茶, 普洱茶, 乌龙茶, 红茶

Which option do you choose? Respond with the exact option text.",绿茶,绿茶,True
中国热饮,"[""热水"", ""茶"", ""咖啡"", ""豆浆""]","[""茶"", ""热水"", ""豆浆"", ""咖啡""]","[""咖啡"", ""热水"", ""豆浆"", ""茶""]","You are playing a coordination game with another agent.
If you both select the SAME option, you each get $1.
You cannot communicate - you must try to coordinate.
Note: The other agent sees the SAME options, but in a DIFFERENT order.

中国热饮
Options: 茶, 热水, 豆浆, 咖啡

Which option do you choose? Respond with the exact option text.",茶,茶,"You are playing a coordination game with another agent.
If you both select the SAME option, you each get $1.
You cannot communicate - you must try to coordinate.
Note: The other agent sees the SAME options, but in a DIFFERENT order.

中国热饮
Options: 咖啡, 热水, 豆浆, 茶

Which option do you choose? Respond with the exact option text.",热水,热水,False
中国酒类,"[""白酒"", ""啤酒"", ""黄酒"", ""米酒""]","[""白酒"", ""黄酒"", ""米酒"", ""啤酒""]","[""米酒"", ""黄酒"", ""白酒"", ""啤酒""]","You are playing a coordination game with another agent.
If you both select the SAME option, you each get $1.
You cannot communicate - you must try to coordinate.
Note: The other agent sees the SAME options, but in a DIFFERENT order.

中国酒类
Options: 白酒, 黄酒, 米酒, 啤酒

Which option do you choose? Respond with the exact option text.",白酒,白酒,"You are playing a coordination game with another agent.
If you both select the SAME option, you each get $1.
You cannot communicate - you must try to coordinate.
Note: The other agent sees the SAME options, but in a DIFFERENT order.

中国酒类
Options: 米酒, 黄酒, 白酒, 啤酒

Which option do you choose? Respond with the exact option text.",白酒,白酒,True
中国冷饮,"[""冰红茶"", ""酸梅汤"", ""柠檬水"", ""凉茶""]","[""凉茶"", ""柠檬水"", ""酸梅汤"", ""冰红茶""]","[""凉茶"", ""冰红茶"", ""柠檬水"", ""酸梅汤""]","You are playing a coordination game with another agent.
If you both select the SAME option, you each get $1.
You cannot communicate - you must try to coordinate.
Note: The other agent sees the SAME options, but in a DIFFERENT order.

中国冷饮
Options: 凉茶, 柠檬水, 酸梅汤, 冰红茶

Which option do you choose? Respond with the exact option text.",冰红茶,冰红茶,"You are playing a coordination game with another agent.
If you both select the SAME option, you each get $1.
You cannot communicate - you must try to coordinate.
Note: The other agent sees the SAME options, but in a DIFFERENT order.

中国冷饮
Options: 凉茶, 冰红茶, 柠檬水, 酸梅汤

Which option do you choose? Respond with the exact option text.",冰红茶,冰红茶,True
US Presidents,"[""Washington"", ""Lincoln"", ""Kennedy"", ""Obama""]","[""Kennedy"", ""Obama"", ""Lincoln"", ""Washington""]","[""Washington"", ""Kennedy"", ""Lincoln"", ""Obama""]","You are playing a coordination game with another agent.
If you both select the SAME option, you each get $1.
You cannot communicate - you must try to coordinate.
Note: The other agent sees the SAME options, but in a DIFFERENT order.

US Presidents
Options: Kennedy, Obama, Lincoln, Washington

Which option do you choose? Respond with the exact option text.",Washington,Washington,"You are playing a coordination game with another agent.
If you both select the SAME option, you each get $1.
You cannot communicate - you must try to coordinate.
Note: The other agent sees the SAME options, but in a DIFFERENT order.

US Presidents
Options: Washington, Kennedy, Lincoln, Obama

Which option do you choose? Respond with the exact option text.",Washington,Washington,True
US Scientists,"[""Einstein"", ""Edison"", ""Tesla"", ""Newton""]","[""Edison"", ""Newton"", ""Tesla"", ""Einstein""]","[""Einstein"", ""Tesla"", ""Edison"", ""Newton""]","You are playing a coordination game with another agent.
If you both select the SAME option, you each get $1.
You cannot communicate - you must try to coordinate.
Note: The other agent sees the SAME options, but in a DIFFERENT order.

US Scientists
Options: Edison, Newton, Tesla, Einstein

Which option do you choose? Respond with the exact option text.",Edison,Edison,"You are playing a coordination game with another agent.
If you both select the SAME option, you each get $1.
You cannot communicate - you must try to coordinate.
Note: The other agent sees the SAME options, but in a DIFFERENT order.

US Scientists
Options: Einstein, Tesla, Edison, Newton

Which option do you choose? Respond with the exact option text.",Einstein,Einstein,False
US Musicians,"[""Elvis"", ""Michael Jackson"", ""Madonna"", ""Beyonce""]","[""Madonna"", ""Beyonce"", ""Michael Jackson"", ""Elvis""]","[""Beyonce"", ""Elvis"", ""Madonna"", ""Michael Jackson""]","You are playing a coordination game with another agent.
If you both select the SAME option, you each get $1.
You cannot communicate - you must try to coordinate.
Note: The other agent sees the SAME options, but in a DIFFERENT order.

US Musicians
Options: Madonna, Beyonce, Michael Jackson, Elvis

Which option do you choose? Respond with the exact option text.",Michael Jackson,Michael Jackson,"You are playing a coordination game with another agent.
If you both select the SAME option, you each get $1.
You cannot communicate - you must try to coordinate.
Note: The other agent sees the SAME options, but in a DIFFERENT order.

US Musicians
Options: Beyonce, Elvis, Madonna, Michael Jackson

Which option do you choose? Respond with the exact option text.",Michael Jackson,Michael Jackson,True
US Actors,"[""Tom Hanks"", ""Brad Pitt"", ""Meryl Streep"", ""Leonardo DiCaprio""]","[""Leonardo DiCaprio"", ""Brad Pitt"", ""Meryl Streep"", ""Tom Hanks""]","[""Meryl Streep"", ""Leonardo DiCaprio"", ""Brad Pitt"", ""Tom Hanks""]","You are playing a coordination game with another agent.
If you both select the SAME option, you each get $1.
You cannot communicate - you must try to coordinate.
Note: The other agent sees the SAME options, but in a DIFFERENT order.

US Actors
Options: Leonardo DiCaprio, Brad Pitt, Meryl Streep, Tom Hanks

Which option do you choose? Respond with the exact option text.",Tom Hanks,Tom Hanks,"You are playing a coordination game with another agent.
If you both select the SAME option, you each get $1.
You cannot communicate - you must try to coordinate.
Note: The other agent sees the SAME options, but in a DIFFERENT order.

US Actors
Options: Meryl Streep, Leonardo DiCaprio, Brad Pitt, Tom Hanks

Which option do you choose? Respond with the exact option text.",Brad Pitt,Brad Pitt,False
US Athletes,"[""Michael Jordan"", ""LeBron James"", ""Tom Brady"", ""Serena Williams""]","[""Michael Jordan"", ""Serena Williams"", ""Tom Brady"", ""LeBron James""]","[""Tom Brady"", ""Serena Williams"", ""Michael Jordan"", ""LeBron James""]","You are playing a coordination game with another agent.
If you both select the SAME option, you each get $1.
You cannot communicate - you must try to coordinate.
Note: The other agent sees the SAME options, but in a DIFFERENT order.

US Athletes
Options: Michael Jordan, Serena Williams, Tom Brady, LeBron James

Which option do you choose? Respond with the exact option text.",Michael Jordan,Michael Jordan,"You are playing a coordination game with another agent.
If you both select the SAME option, you each get $1.
You cannot communicate - you must try to coordinate.
Note: The other agent sees the SAME options, but in a DIFFERENT order.

US Athletes
Options: Tom Brady, Serena Williams, Michael Jordan, LeBron James

Which option do you choose? Respond with the exact option text.",Michael Jordan,Michael Jordan,True
US Business Leaders,"[""Elon Musk"", ""Steve Jobs"", ""Bill Gates"", ""Jeff Bezos""]","[""Steve Jobs"", ""Elon Musk"", ""Bill Gates"", ""Jeff Bezos""]","[""Jeff Bezos"", ""Bill Gates"", ""Steve Jobs"", ""Elon Musk""]","You are playing a coordination game with another agent.
If you both select the SAME option, you each get $1.
You cannot communicate - you must try to coordinate.
Note: The other agent sees the SAME options, but in a DIFFERENT order.

US Business Leaders
Options: Steve Jobs, Elon Musk, Bill Gates, Jeff Bezos

Which option do you choose? Respond with the exact option text.",Bill Gates,Bill Gates,"You are playing a coordination game with another agent.
If you both select the SAME option, you each get $1.
You cannot communicate - you must try to coordinate.
Note: The other agent sees the SAME options, but in a DIFFERENT order.

US Business Leaders
Options: Jeff Bezos, Bill Gates, Steve Jobs, Elon Musk

Which option do you choose? Respond with the exact option text.",Bill Gates,Bill Gates,True
US Writers,"[""Mark Twain"", ""Hemingway"", ""Fitzgerald"", ""Stephen King""]","[""Hemingway"", ""Fitzgerald"", ""Stephen King"", ""Mark Twain""]","[""Fitzgerald"", ""Mark Twain"", ""Stephen King"", ""Hemingway""]","You are playing a coordination game with another agent.
If you both select the SAME option, you each get $1.
You cannot communicate - you must try to coordinate.
Note: The other agent sees the SAME options, but in a DIFFERENT order.

US Writers
Options: Hemingway, Fitzgerald, Stephen King, Mark Twain

Which option do you choose? Respond with the exact option text.",Fitzgerald,Fitzgerald,"You are playing a coordination game with another agent.
If you both select the SAME option, you each get $1.
You cannot communicate - you must try to coordinate.
Note: The other agent sees the SAME options, but in a DIFFERENT order.

US Writers
Options: Fitzgerald, Mark Twain, Stephen King, Hemingway

Which option do you choose? Respond with the exact option text.",Fitzgerald,Fitzgerald,True
US Historical Figures,"[""Benjamin Franklin"", ""Martin Luther King Jr."", ""Amelia Earhart"", ""Rosa Parks""]","[""Rosa Parks"", ""Martin Luther King Jr."", ""Benjamin Franklin"", ""Amelia Earhart""]","[""Rosa Parks"", ""Amelia Earhart"", ""Benjamin Franklin"", ""Martin Luther King Jr.""]","You are playing a coordination game with another agent.
If you both select the SAME option, you each get $1.
You cannot communicate - you must try to coordinate.
Note: The other agent sees the SAME options, but in a DIFFERENT order.

US Historical Figures
Options: Rosa Parks, Martin Luther King Jr., Benjamin Franklin, Amelia Earhart

Which option do you choose? Respond with the exact option text.",Amelia Earhart,Amelia Earhart,"You are playing a coordination game with another agent.
If you both select the SAME option, you each get $1.
You cannot communicate - you must try to coordinate.
Note: The other agent sees the SAME options, but in a DIFFERENT order.

US Historical Figures
Options: Rosa Parks, Amelia Earhart, Benjamin Franklin, Martin Luther King Jr.

Which option do you choose? Respond with the exact option text.",Benjamin Franklin,Benjamin Franklin,False
US Directors,"[""Steven Spielberg"", ""Martin Scorsese"", ""Christopher Nolan"", ""Quentin Tarantino""]","[""Quentin Tarantino"", ""Christopher Nolan"", ""Martin Scorsese"", ""Steven Spielberg""]","[""Quentin Tarantino"", ""Christopher Nolan"", ""Martin Scorsese"", ""Steven Spielberg""]","You are playing a coordination game with another agent.
If you both select the SAME option, you each get $1.
You cannot communicate - you must try to coordinate.
Note: The other agent sees the SAME options, but in a DIFFERENT order.

US Directors
Options: Quentin Tarantino, Christopher Nolan, Martin Scorsese, Steven Spielberg

Which option do you choose? Respond with the exact option text.",Steven Spielberg,Steven Spielberg,"You are playing a coordination game with another agent.
If you both select the SAME option, you each get $1.
You cannot communicate - you must try to coordinate.
Note: The other agent sees the SAME options, but in a DIFFERENT order.

US Directors
Options: Quentin Tarantino, Christopher Nolan, Martin Scorsese, Steven Spielberg

Which option do you choose? Respond with the exact option text.",Steven Spielberg,Steven Spielberg,True
US Tech Founders,"[""Steve Jobs"", ""Bill Gates"", ""Mark Zuckerberg"", ""Elon Musk""]","[""Elon Musk"", ""Bill Gates"", ""Steve Jobs"", ""Mark Zuckerberg""]","[""Bill Gates"", ""Mark Zuckerberg"", ""Elon Musk"", ""Steve Jobs""]","You are playing a coordination game with another agent.
If you both select the SAME option, you each get $1.
You cannot communicate - you must try to coordinate.
Note: The other agent sees the SAME options, but in a DIFFERENT order.

US Tech Founders
Options: Elon Musk, Bill Gates, Steve Jobs, Mark Zuckerberg

Which option do you choose? Respond with the exact option text.",Bill Gates,Bill Gates,"You are playing a coordination game with another agent.
If you both select the SAME option, you each get $1.
You cannot communicate - you must try to coordinate.
Note: The other agent sees the SAME options, but in a DIFFERENT order.

US Tech Founders
Options: Bill Gates, Mark Zuckerberg, Elon Musk, Steve Jobs

Which option do you choose? Respond with the exact option text.",Steve Jobs,Steve Jobs,False
中国古代帝王,"[""秦始皇"", ""汉武帝"", ""唐太宗"", ""康熙帝""]","[""康熙帝"", ""唐太宗"", ""汉武帝"", ""秦始皇""]","[""唐太宗"", ""康熙帝"", ""汉武帝"", ""秦始皇""]","You are playing a coordination game with another agent.
If you both select the SAME option, you each get $1.
You cannot communicate - you must try to coordinate.
Note: The other agent sees the SAME options, but in a DIFFERENT order.

中国古代帝王
Options: 康熙帝, 唐太宗, 汉武帝, 秦始皇

Which option do you choose? Respond with the exact option text.",秦始皇,秦始皇,"You are playing a coordination game with another agent.
If you both select the SAME option, you each get $1.
You cannot communicate - you must try to coordinate.
Note: The other agent sees the SAME options, but in a DIFFERENT order.

中国古代帝王
Options: 唐太宗, 康熙帝, 汉武帝, 秦始皇

Which option do you choose? Respond with the exact option text.",秦始皇,秦始皇,True
中国科学家,"[""袁隆平"", ""屠呦呦"", ""钱学森"", ""邓稼先""]","[""邓稼先"", ""袁隆平"", ""钱学森"", ""屠呦呦""]","[""袁隆平"", ""屠呦呦"", ""钱学森"", ""邓稼先""]","You are playing a coordination game with another agent.
If you both select the SAME option, you each get $1.
You cannot communicate - you must try to coordinate.
Note: The other agent sees the SAME options, but in a DIFFERENT order.

中国科学家
Options: 邓稼先, 袁隆平, 钱学森, 屠呦呦

Which option do you choose? Respond with the exact option text.",袁隆平,袁隆平,"You are playing a coordination game with another agent.
If you both select the SAME option, you each get $1.
You cannot communicate - you must try to coordinate.
Note: The other agent sees the SAME options, but in a DIFFERENT order.

中国科学家
Options: 袁隆平, 屠呦呦, 钱学森, 邓稼先

Which option do you choose? Respond with the exact option text.",袁隆平,袁隆平,True
中国歌手,"[""周杰伦"", ""邓丽君"", ""王菲"", ""刘德华""]","[""王菲"", ""邓丽君"", ""周杰伦"", ""刘德华""]","[""周杰伦"", ""刘德华"", ""王菲"", ""邓丽君""]","You are playing a coordination game with another agent.
If you both select the SAME option, you each get $1.
You cannot communicate - you must try to coordinate.
Note: The other agent sees the SAME options, but in a DIFFERENT order.

中国歌手
Options: 王菲, 邓丽君, 周杰伦, 刘德华

Which option do you choose? Respond with the exact option text.",周杰伦,周杰伦,"You are playing a coordination game with another agent.
If you both select the SAME option, you each get $1.
You cannot communicate - you must try to coordinate.
Note: The other agent sees the SAME options, but in a DIFFERENT order.

中国歌手
Options: 周杰伦, 刘德华, 王菲, 邓丽君

Which option do you choose? Respond with the exact option text.",周杰伦,周杰伦,True
中国演员,"[""成龙"", ""周星驰"", ""巩俐"", ""章子怡""]","[""成龙"", ""章子怡"", ""周星驰"", ""巩俐""]","[""周星驰"", ""章子怡"", ""成龙"", ""巩俐""]","You are playing a coordination game with another agent.
If you both select the SAME option, you each get $1.
You cannot communicate - you must try to coordinate.
Note: The other agent sees the SAME options, but in a DIFFERENT order.

中国演员
Options: 成龙, 章子怡, 周星驰, 巩俐

Which option do you choose? Respond with the exact option text.",成龙,成龙,"You are playing a coordination game with another agent.
If you both select the SAME option, you each get $1.
You cannot communicate - you must try to coordinate.
Note: The other agent sees the SAME options, but in a DIFFERENT order.

中国演员
Options: 周星驰, 章子怡, 成龙, 巩俐

Which option do you choose? Respond with the exact option text.","I'll choose 成龙.

This is a coordination game where I need to predict which option the other agent will also select, despite seeing the options in a different order. Without the ability to communicate or rely on the presentation order, I need to use a different coordination strategy.

Among these Chinese actors, 成龙 has the highest international recognition and fame worldwide. This makes him a natural focal point - a salient option that both agents are likely to independently identify as the obvious choice when trying to coordinate without communication.

By selecting the most globally recognizable name, I'm maximizing our chances of successful coordination.",成龙,True
中国运动员,"[""姚明"", ""刘翔"", ""李娜"", ""马龙""]","[""李娜"", ""姚明"", ""刘翔"", ""马龙""]","[""刘翔"", ""李娜"", ""马龙"", ""姚明""]","You are playing a coordination game with another agent.
If you both select the SAME option, you each get $1.
You cannot communicate - you must try to coordinate.
Note: The other agent sees the SAME options, but in a DIFFERENT order.

中国运动员
Options: 李娜, 姚明, 刘翔, 马龙

Which option do you choose? Respond with the exact option text.",姚明,姚明,"You are playing a coordination game with another agent.
If you both select the SAME option, you each get $1.
You cannot communicate - you must try to coordinate.
Note: The other agent sees the SAME options, but in a DIFFERENT order.

中国运动员
Options: 刘翔, 李娜, 马龙, 姚明

Which option do you choose? Respond with the exact option text.",姚明,姚明,True
中国企业家,"[""马云"", ""马化腾"", ""任正非"", ""雷军""]","[""马化腾"", ""雷军"", ""任正非"", ""马云""]","[""雷军"", ""马云"", ""马化腾"", ""任正非""]","You are playing a coordination game with another agent.
If you both select the SAME option, you each get $1.
You cannot communicate - you must try to coordinate.
Note: The other agent sees the SAME options, but in a DIFFERENT order.

中国企业家
Options: 马化腾, 雷军, 任正非, 马云

Which option do you choose? Respond with the exact option text.",马云,马云,"You are playing a coordination game with another agent.
If you both select the SAME option, you each get $1.
You cannot communicate - you must try to coordinate.
Note: The other agent sees the SAME options, but in a DIFFERENT order.

中国企业家
Options: 雷军, 马云, 马化腾, 任正非

Which option do you choose? Respond with the exact option text.",马云,马云,True
中国作家,"[""鲁迅"", ""莫言"", ""金庸"", ""余华""]","[""金庸"", ""余华"", ""鲁迅"", ""莫言""]","[""莫言"", ""金庸"", ""鲁迅"", ""余华""]","You are playing a coordination game with another agent.
If you both select the SAME option, you each get $1.
You cannot communicate - you must try to coordinate.
Note: The other agent sees the SAME options, but in a DIFFERENT order.

中国作家
Options: 金庸, 余华, 鲁迅, 莫言

Which option do you choose? Respond with the exact option text.",鲁迅,鲁迅,"You are playing a coordination game with another agent.
If you both select the SAME option, you each get $1.
You cannot communicate - you must try to coordinate.
Note: The other agent sees the SAME options, but in a DIFFERENT order.

中国作家
Options: 莫言, 金庸, 鲁迅, 余华

Which option do you choose? Respond with the exact option text.",鲁迅,鲁迅,True
中国历史人物,"[""孔子"", ""诸葛亮"", ""李白"", ""孙中山""]","[""孔子"", ""孙中山"", ""诸葛亮"", ""李白""]","[""诸葛亮"", ""孙中山"", ""孔子"", ""李白""]","You are playing a coordination game with another agent.
If you both select the SAME option, you each get $1.
You cannot communicate - you must try to coordinate.
Note: The other agent sees the SAME options, but in a DIFFERENT order.

中国历史人物
Options: 孔子, 孙中山, 诸葛亮, 李白

Which option do you choose? Respond with the exact option text.",孔子,孔子,"You are playing a coordination game with another agent.
If you both select the SAME option, you each get $1.
You cannot communicate - you must try to coordinate.
Note: The other agent sees the SAME options, but in a DIFFERENT order.

中国历史人物
Options: 诸葛亮, 孙中山, 孔子, 李白

Which option do you choose? Respond with the exact option text.",孔子,孔子,True
中国导演,"[""张艺谋"", ""李安"", ""陈凯歌"", ""王家卫""]","[""陈凯歌"", ""王家卫"", ""李安"", ""张艺谋""]","[""张艺谋"", ""陈凯歌"", ""王家卫"", ""李安""]","You are playing a coordination game with another agent.
If you both select the SAME option, you each get $1.
You cannot communicate - you must try to coordinate.
Note: The other agent sees the SAME options, but in a DIFFERENT order.

中国导演
Options: 陈凯歌, 王家卫, 李安, 张艺谋

Which option do you choose? Respond with the exact option text.",张艺谋,张艺谋,"You are playing a coordination game with another agent.
If you both select the SAME option, you each get $1.
You cannot communicate - you must try to coordinate.
Note: The other agent sees the SAME options, but in a DIFFERENT order.

中国导演
Options: 张艺谋, 陈凯歌, 王家卫, 李安

Which option do you choose? Respond with the exact option text.",张艺谋,张艺谋,True
中国互联网人物,"[""马云"", ""马化腾"", ""李彦宏"", ""张一鸣""]","[""李彦宏"", ""马化腾"", ""马云"", ""张一鸣""]","[""李彦宏"", ""张一鸣"", ""马云"", ""马化腾""]","You are playing a coordination game with another agent.
If you both select the SAME option, you each get $1.
You cannot communicate - you must try to coordinate.
Note: The other agent sees the SAME options, but in a DIFFERENT order.

中国互联网人物
Options: 李彦宏, 马化腾, 马云, 张一鸣

Which option do you choose? Respond with the exact option text.",马云,马云,"You are playing a coordination game with another agent.
If you both select the SAME option, you each get $1.
You cannot communicate - you must try to coordinate.
Note: The other agent sees the SAME options, but in a DIFFERENT order.

中国互联网人物
Options: 李彦宏, 张一鸣, 马云, 马化腾

Which option do you choose? Respond with the exact option text.",马云,马云,True
US Social Media,"[""Facebook"", ""Twitter"", ""Instagram"", ""TikTok""]","[""Twitter"", ""Facebook"", ""Instagram"", ""TikTok""]","[""TikTok"", ""Instagram"", ""Facebook"", ""Twitter""]","You are playing a coordination game with another agent.
If you both select the SAME option, you each get $1.
You cannot communicate - you must try to coordinate.
Note: The other agent sees the SAME options, but in a DIFFERENT order.

US Social Media
Options: Twitter, Facebook, Instagram, TikTok

Which option do you choose? Respond with the exact option text.",Facebook,Facebook,"You are playing a coordination game with another agent.
If you both select the SAME option, you each get $1.
You cannot communicate - you must try to coordinate.
Note: The other agent sees the SAME options, but in a DIFFERENT order.

US Social Media
Options: TikTok, Instagram, Facebook, Twitter

Which option do you choose? Respond with the exact option text.",Facebook,Facebook,True
US TV Shows,"[""Friends"", ""Breaking Bad"", ""The Office"", ""Game of Thrones""]","[""The Office"", ""Friends"", ""Breaking Bad"", ""Game of Thrones""]","[""Game of Thrones"", ""Breaking Bad"", ""The Office"", ""Friends""]","You are playing a coordination game with another agent.
If you both select the SAME option, you each get $1.
You cannot communicate - you must try to coordinate.
Note: The other agent sees the SAME options, but in a DIFFERENT order.

US TV Shows
Options: The Office, Friends, Breaking Bad, Game of Thrones

Which option do you choose? Respond with the exact option text.",Breaking Bad,Breaking Bad,"You are playing a coordination game with another agent.
If you both select the SAME option, you each get $1.
You cannot communicate - you must try to coordinate.
Note: The other agent sees the SAME options, but in a DIFFERENT order.

US TV Shows
Options: Game of Thrones, Breaking Bad, The Office, Friends

Which option do you choose? Respond with the exact option text.",Breaking Bad,Breaking Bad,True
US Movies,"[""Star Wars"", ""The Godfather"", ""Titanic"", ""Avengers""]","[""Star Wars"", ""Avengers"", ""Titanic"", ""The Godfather""]","[""Avengers"", ""Titanic"", ""Star Wars"", ""The Godfather""]","You are playing a coordination game with another agent.
If you both select the SAME option, you each get $1.
You cannot communicate - you must try to coordinate.
Note: The other agent sees the SAME options, but in a DIFFERENT order.

US Movies
Options: Star Wars, Avengers, Titanic, The Godfather

Which option do you choose? Respond with the exact option text.",Star Wars,Star Wars,"You are playing a coordination game with another agent.
If you both select the SAME option, you each get $1.
You cannot communicate - you must try to coordinate.
Note: The other agent sees the SAME options, but in a DIFFERENT order.

US Movies
Options: Avengers, Titanic, Star Wars, The Godfather

Which option do you choose? Respond with the exact option text.",Star Wars,Star Wars,True
US News Sources,"[""CNN"", ""Fox News"", ""New York Times"", ""BBC""]","[""CNN"", ""BBC"", ""Fox News"", ""New York Times""]","[""CNN"", ""New York Times"", ""Fox News"", ""BBC""]","You are playing a coordination game with another agent.
If you both select the SAME option, you each get $1.
You cannot communicate - you must try to coordinate.
Note: The other agent sees the SAME options, but in a DIFFERENT order.

US News Sources
Options: CNN, BBC, Fox News, New York Times

Which option do you choose? Respond with the exact option text.",BBC,BBC,"You are playing a coordination game with another agent.
If you both select the SAME option, you each get $1.
You cannot communicate - you must try to coordinate.
Note: The other agent sees the SAME options, but in a DIFFERENT order.

US News Sources
Options: CNN, New York Times, Fox News, BBC

Which option do you choose? Respond with the exact option text.",BBC,BBC,True
US Streaming Services,"[""Netflix"", ""Hulu"", ""Disney+"", ""Amazon Prime""]","[""Amazon Prime"", ""Disney+"", ""Hulu"", ""Netflix""]","[""Disney+"", ""Hulu"", ""Amazon Prime"", ""Netflix""]","You are playing a coordination game with another agent.
If you both select the SAME option, you each get $1.
You cannot communicate - you must try to coordinate.
Note: The other agent sees the SAME options, but in a DIFFERENT order.

US Streaming Services
Options: Amazon Prime, Disney+, Hulu, Netflix

Which option do you choose? Respond with the exact option text.",Amazon Prime,Amazon Prime,"You are playing a coordination game with another agent.
If you both select the SAME option, you each get $1.
You cannot communicate - you must try to coordinate.
Note: The other agent sees the SAME options, but in a DIFFERENT order.

US Streaming Services
Options: Disney+, Hulu, Amazon Prime, Netflix

Which option do you choose? Respond with the exact option text.",Netflix,Netflix,False
US Music Platforms,"[""Spotify"", ""Apple Music"", ""YouTube Music"", ""Pandora""]","[""Pandora"", ""Apple Music"", ""YouTube Music"", ""Spotify""]","[""Apple Music"", ""YouTube Music"", ""Pandora"", ""Spotify""]","You are playing a coordination game with another agent.
If you both select the SAME option, you each get $1.
You cannot communicate - you must try to coordinate.
Note: The other agent sees the SAME options, but in a DIFFERENT order.

US Music Platforms
Options: Pandora, Apple Music, YouTube Music, Spotify

Which option do you choose? Respond with the exact option text.",Spotify,Spotify,"You are playing a coordination game with another agent.
If you both select the SAME option, you each get $1.
You cannot communicate - you must try to coordinate.
Note: The other agent sees the SAME options, but in a DIFFERENT order.

US Music Platforms
Options: Apple Music, YouTube Music, Pandora, Spotify

Which option do you choose? Respond with the exact option text.",Spotify,Spotify,True
US Video Games,"[""Minecraft"", ""Fortnite"", ""Call of Duty"", ""GTA""]","[""Call of Duty"", ""Minecraft"", ""GTA"", ""Fortnite""]","[""Call of Duty"", ""Minecraft"", ""Fortnite"", ""GTA""]","You are playing a coordination game with another agent.
If you both select the SAME option, you each get $1.
You cannot communicate - you must try to coordinate.
Note: The other agent sees the SAME options, but in a DIFFERENT order.

US Video Games
Options: Call of Duty, Minecraft, GTA, Fortnite

Which option do you choose? Respond with the exact option text.",Call of Duty,Call of Duty,"You are playing a coordination game with another agent.
If you both select the SAME option, you each get $1.
You cannot communicate - you must try to coordinate.
Note: The other agent sees the SAME options, but in a DIFFERENT order.

US Video Games
Options: Call of Duty, Minecraft, Fortnite, GTA

Which option do you choose? Respond with the exact option text.",Minecraft,Minecraft,False
US Cartoons,"[""Simpsons"", ""Mickey Mouse"", ""Tom and Jerry"", ""SpongeBob""]","[""Tom and Jerry"", ""Mickey Mouse"", ""Simpsons"", ""SpongeBob""]","[""Mickey Mouse"", ""Simpsons"", ""Tom and Jerry"", ""SpongeBob""]","You are playing a coordination game with another agent.
If you both select the SAME option, you each get $1.
You cannot communicate - you must try to coordinate.
Note: The other agent sees the SAME options, but in a DIFFERENT order.

US Cartoons
Options: Tom and Jerry, Mickey Mouse, Simpsons, SpongeBob

Which option do you choose? Respond with the exact option text.","Looking at this coordination game, I need to identify which option would be most natural for both of us to choose independently, since we can't rely on position (as the order is different for the other agent).

Among these US cartoons, I'll choose **Mickey Mouse**.

Mickey Mouse is arguably the most iconic American cartoon character with the longest history and highest global recognition. As a coordination focal point, it stands out as the most likely choice both agents would independently consider the ""obvious"" pick when trying to match without communication.",Mickey Mouse,"You are playing a coordination game with another agent.
If you both select the SAME option, you each get $1.
You cannot communicate - you must try to coordinate.
Note: The other agent sees the SAME options, but in a DIFFERENT order.

US Cartoons
Options: Mickey Mouse, Simpsons, Tom and Jerry, SpongeBob

Which option do you choose? Respond with the exact option text.",Mickey Mouse,Mickey Mouse,True
US Talk Shows,"[""Tonight Show"", ""Ellen"", ""Oprah"", ""Late Night""]","[""Late Night"", ""Oprah"", ""Tonight Show"", ""Ellen""]","[""Oprah"", ""Tonight Show"", ""Ellen"", ""Late Night""]","You are playing a coordination game with another agent.
If you both select the SAME option, you each get $1.
You cannot communicate - you must try to coordinate.
Note: The other agent sees the SAME options, but in a DIFFERENT order.

US Talk Shows
Options: Late Night, Oprah, Tonight Show, Ellen

Which option do you choose? Respond with the exact option text.",Oprah,Oprah,"You are playing a coordination game with another agent.
If you both select the SAME option, you each get $1.
You cannot communicate - you must try to coordinate.
Note: The other agent sees the SAME options, but in a DIFFERENT order.

US Talk Shows
Options: Oprah, Tonight Show, Ellen, Late Night

Which option do you choose? Respond with the exact option text.",Ellen,Ellen,False
US Podcast Genres,"[""True Crime"", ""Comedy"", ""News"", ""Tech""]","[""Tech"", ""True Crime"", ""Comedy"", ""News""]","[""News"", ""Tech"", ""True Crime"", ""Comedy""]","You are playing a coordination game with another agent.
If you both select the SAME option, you each get $1.
You cannot communicate - you must try to coordinate.
Note: The other agent sees the SAME options, but in a DIFFERENT order.

US Podcast Genres
Options: Tech, True Crime, Comedy, News

Which option do you choose? Respond with the exact option text.",Comedy,Comedy,"You are playing a coordination game with another agent.
If you both select the SAME option, you each get $1.
You cannot communicate - you must try to coordinate.
Note: The other agent sees the SAME options, but in a DIFFERENT order.

US Podcast Genres
Options: News, Tech, True Crime, Comedy

Which option do you choose? Respond with the exact option text.",Comedy,Comedy,True
中国社交媒体,"[""微信"", ""微博"", ""抖音"", ""小红书""]","[""抖音"", ""微博"", ""小红书"", ""微信""]","[""小红书"", ""微博"", ""抖音"", ""微信""]","You are playing a coordination game with another agent.
If you both select the SAME option, you each get $1.
You cannot communicate - you must try to coordinate.
Note: The other agent sees the SAME options, but in a DIFFERENT order.

中国社交媒体
Options: 抖音, 微博, 小红书, 微信

Which option do you choose? Respond with the exact option text.",微信,微信,"You are playing a coordination game with another agent.
If you both select the SAME option, you each get $1.
You cannot communicate - you must try to coordinate.
Note: The other agent sees the SAME options, but in a DIFFERENT order.

中国社交媒体
Options: 小红书, 微博, 抖音, 微信

Which option do you choose? Respond with the exact option text.",微信,微信,True
中国电视剧,"[""甄嬛传"", ""琅琊榜"", ""庆余年"", ""都挺好""]","[""琅琊榜"", ""庆余年"", ""都挺好"", ""甄嬛传""]","[""琅琊榜"", ""庆余年"", ""都挺好"", ""甄嬛传""]","You are playing a coordination game with another agent.
If you both select the SAME option, you each get $1.
You cannot communicate - you must try to coordinate.
Note: The other agent sees the SAME options, but in a DIFFERENT order.

中国电视剧
Options: 琅琊榜, 庆余年, 都挺好, 甄嬛传

Which option do you choose? Respond with the exact option text.",甄嬛传,甄嬛传,"You are playing a coordination game with another agent.
If you both select the SAME option, you each get $1.
You cannot communicate - you must try to coordinate.
Note: The other agent sees the SAME options, but in a DIFFERENT order.

中国电视剧
Options: 琅琊榜, 庆余年, 都挺好, 甄嬛传

Which option do you choose? Respond with the exact option text.",甄嬛传,甄嬛传,True
中国电影,"[""战狼"", ""哪吒"", ""流浪地球"", ""长津湖""]","[""流浪地球"", ""长津湖"", ""战狼"", ""哪吒""]","[""哪吒"", ""长津湖"", ""流浪地球"", ""战狼""]","You are playing a coordination game with another agent.
If you both select the SAME option, you each get $1.
You cannot communicate - you must try to coordinate.
Note: The other agent sees the SAME options, but in a DIFFERENT order.

中国电影
Options: 流浪地球, 长津湖, 战狼, 哪吒

Which option do you choose? Respond with the exact option text.",长津湖,长津湖,"You are playing a coordination game with another agent.
If you both select the SAME option, you each get $1.
You cannot communicate - you must try to coordinate.
Note: The other agent sees the SAME options, but in a DIFFERENT order.

中国电影
Options: 哪吒, 长津湖, 流浪地球, 战狼

Which option do you choose? Respond with the exact option text.",长津湖,长津湖,True
中国新闻平台,"[""央视新闻"", ""人民日报"", ""新华社"", ""澎湃新闻""]","[""新华社"", ""澎湃新闻"", ""人民日报"", ""央视新闻""]","[""澎湃新闻"", ""央视新闻"", ""新华社"", ""人民日报""]","You are playing a coordination game with another agent.
If you both select the SAME option, you each get $1.
You cannot communicate - you must try to coordinate.
Note: The other agent sees the SAME options, but in a DIFFERENT order.

中国新闻平台
Options: 新华社, 澎湃新闻, 人民日报, 央视新闻

Which option do you choose? Respond with the exact option text.",新华社,新华社,"You are playing a coordination game with another agent.
If you both select the SAME option, you each get $1.
You cannot communicate - you must try to coordinate.
Note: The other agent sees the SAME options, but in a DIFFERENT order.

中国新闻平台
Options: 澎湃新闻, 央视新闻, 新华社, 人民日报

Which option do you choose? Respond with the exact option text.",人民日报,人民日报,False
中国视频平台,"[""优酷"", ""爱奇艺"", ""腾讯视频"", ""B站""]","[""优酷"", ""腾讯视频"", ""B站"", ""爱奇艺""]","[""爱奇艺"", ""腾讯视频"", ""优酷"", ""B站""]","You are playing a coordination game with another agent.
If you both select the SAME option, you each get $1.
You cannot communicate - you must try to coordinate.
Note: The other agent sees the SAME options, but in a DIFFERENT order.

中国视频平台
Options: 优酷, 腾讯视频, B站, 爱奇艺

Which option do you choose? Respond with the exact option text.",B站,B站,"You are playing a coordination game with another agent.
If you both select the SAME option, you each get $1.
You cannot communicate - you must try to coordinate.
Note: The other agent sees the SAME options, but in a DIFFERENT order.

中国视频平台
Options: 爱奇艺, 腾讯视频, 优酷, B站

Which option do you choose? Respond with the exact option text.",B站,B站,True
中国音乐平台,"[""QQ音乐"", ""网易云音乐"", ""酷狗音乐"", ""虾米音乐""]","[""酷狗音乐"", ""网易云音乐"", ""QQ音乐"", ""虾米音乐""]","[""虾米音乐"", ""酷狗音乐"", ""QQ音乐"", ""网易云音乐""]","You are playing a coordination game with another agent.
If you both select the SAME option, you each get $1.
You cannot communicate - you must try to coordinate.
Note: The other agent sees the SAME options, but in a DIFFERENT order.

中国音乐平台
Options: 酷狗音乐, 网易云音乐, QQ音乐, 虾米音乐

Which option do you choose? Respond with the exact option text.","In this coordination game, the goal is to identify the same option as the other agent without communication, given that the order of options is shuffled. This requires finding a ""Schelling point"" – an option that is naturally distinct or salient.

Let's analyze the options:
1.  **酷狗音乐**: A major, active music platform.
2.  **网易云音乐**: A major, active music platform with a strong user base.
3.  **QQ音乐**: A major, active music platform, arguably the most prominent brand.

All three of the above are viable, popular choices, and their relative popularity can be debated (Kugou often leads in MAU, QQ Music in brand recognition, NetEase in community). Coordinating on ""the most popular"" is risky because the definition is subjective and data varies, leading to potential mis-coordination.

4.  **虾米音乐**: This platform was officially shut down in February 2021.

The shutdown status of **虾米音乐** is a unique, objective, and factual property that distinguishes it from all other options. In game theory, the ""odd one out"" serves as a powerful focal point because it eliminates the ambiguity of comparing similar items (like deciding which active platform is ""most popular""). A rational agent observing this list will identify the defunct platform as the most distinct option, making it the logical choice for successful coordination.

Therefore, the best strategy is to choose the option that stands out due to its unique status.

**虾米音乐**",网易云音乐,"You are playing a coordination game with another agent.
If you both select the SAME option, you each get $1.
You cannot communicate - you must try to coordinate.
Note: The other agent sees the SAME options, but in a DIFFERENT order.

中国音乐平台
Options: 虾米音乐, 酷狗音乐, QQ音乐, 网易云音乐

Which option do you choose? Respond with the exact option text.",QQ音乐,QQ音乐,False
中国游戏,"[""王者荣耀"", ""原神"", ""和平精英"", ""英雄联盟""]","[""和平精英"", ""原神"", ""英雄联盟"", ""王者荣耀""]","[""王者荣耀"", ""和平精英"", ""原神"", ""英雄联盟""]","You are playing a coordination game with another agent.
If you both select the SAME option, you each get $1.
You cannot communicate - you must try to coordinate.
Note: The other agent sees the SAME options, but in a DIFFERENT order.

中国游戏
Options: 和平精英, 原神, 英雄联盟, 王者荣耀

Which option do you choose? Respond with the exact option text.",王者荣耀,王者荣耀,"You are playing a coordination game with another agent.
If you both select the SAME option, you each get $1.
You cannot communicate - you must try to coordinate.
Note: The other agent sees the SAME options, but in a DIFFERENT order.

中国游戏
Options: 王者荣耀, 和平精英, 原神, 英雄联盟

Which option do you choose? Respond with the exact option text.",王者荣耀,王者荣耀,True
中国动漫,"[""喜羊羊"", ""熊出没"", ""大闹天宫"", ""哪吒闹海""]","[""熊出没"", ""哪吒闹海"", ""喜羊羊"", ""大闹天宫""]","[""哪吒闹海"", ""熊出没"", ""大闹天宫"", ""喜羊羊""]","You are playing a coordination game with another agent.
If you both select the SAME option, you each get $1.
You cannot communicate - you must try to coordinate.
Note: The other agent sees the SAME options, but in a DIFFERENT order.

中国动漫
Options: 熊出没, 哪吒闹海, 喜羊羊, 大闹天宫

Which option do you choose? Respond with the exact option text.",大闹天宫,大闹天宫,"You are playing a coordination game with another agent.
If you both select the SAME option, you each get $1.
You cannot communicate - you must try to coordinate.
Note: The other agent sees the SAME options, but in a DIFFERENT order.

中国动漫
Options: 哪吒闹海, 熊出没, 大闹天宫, 喜羊羊

Which option do you choose? Respond with the exact option text.",大闹天宫,大闹天宫,True
中国综艺节目,"[""跑男"", ""好声音"", ""脱口秀大会"", ""歌手""]","[""歌手"", ""跑男"", ""好声音"", ""脱口秀大会""]","[""歌手"", ""脱口秀大会"", ""跑男"", ""好声音""]","You are playing a coordination game with another agent.
If you both select the SAME option, you each get $1.
You cannot communicate - you must try to coordinate.
Note: The other agent sees the SAME options, but in a DIFFERENT order.

中国综艺节目
Options: 歌手, 跑男, 好声音, 脱口秀大会

Which option do you choose? Respond with the exact option text.",歌手,歌手,"You are playing a coordination game with another agent.
If you both select the SAME option, you each get $1.
You cannot communicate - you must try to coordinate.
Note: The other agent sees the SAME options, but in a DIFFERENT order.

中国综艺节目
Options: 歌手, 脱口秀大会, 跑男, 好声音

Which option do you choose? Respond with the exact option text.",歌手,歌手,True
中国短视频平台,"[""抖音"", ""快手"", ""B站"", ""小红书""]","[""快手"", ""B站"", ""小红书"", ""抖音""]","[""B站"", ""小红书"", ""抖音"", ""快手""]","You are playing a coordination game with another agent.
If you both select the SAME option, you each get $1.
You cannot communicate - you must try to coordinate.
Note: The other agent sees the SAME options, but in a DIFFERENT order.

中国短视频平台
Options: 快手, B站, 小红书, 抖音

Which option do you choose? Respond with the exact option text.",抖音,抖音,"You are playing a coordination game with another agent.
If you both select the SAME option, you each get $1.
You cannot communicate - you must try to coordinate.
Note: The other agent sees the SAME options, but in a DIFFERENT order.

中国短视频平台
Options: B站, 小红书, 抖音, 快手

Which option do you choose? Respond with the exact option text.",抖音,抖音,True
US Tech Brands,"[""Apple"", ""Google"", ""Microsoft"", ""Amazon""]","[""Amazon"", ""Microsoft"", ""Google"", ""Apple""]","[""Google"", ""Amazon"", ""Microsoft"", ""Apple""]","You are playing a coordination game with another agent.
If you both select the SAME option, you each get $1.
You cannot communicate - you must try to coordinate.
Note: The other agent sees the SAME options, but in a DIFFERENT order.

US Tech Brands
Options: Amazon, Microsoft, Google, Apple

Which option do you choose? Respond with the exact option text.",Amazon,Amazon,"You are playing a coordination game with another agent.
If you both select the SAME option, you each get $1.
You cannot communicate - you must try to coordinate.
Note: The other agent sees the SAME options, but in a DIFFERENT order.

US Tech Brands
Options: Google, Amazon, Microsoft, Apple

Which option do you choose? Respond with the exact option text.",Amazon,Amazon,True
US Car Brands,"[""Ford"", ""Tesla"", ""Chevrolet"", ""Jeep""]","[""Chevrolet"", ""Ford"", ""Tesla"", ""Jeep""]","[""Tesla"", ""Jeep"", ""Chevrolet"", ""Ford""]","You are playing a coordination game with another agent.
If you both select the SAME option, you each get $1.
You cannot communicate - you must try to coordinate.
Note: The other agent sees the SAME options, but in a DIFFERENT order.

US Car Brands
Options: Chevrolet, Ford, Tesla, Jeep

Which option do you choose? Respond with the exact option text.",Chevrolet,Chevrolet,"You are playing a coordination game with another agent.
If you both select the SAME option, you each get $1.
You cannot communicate - you must try to coordinate.
Note: The other agent sees the SAME options, but in a DIFFERENT order.

US Car Brands
Options: Tesla, Jeep, Chevrolet, Ford

Which option do you choose? Respond with the exact option text.",Ford,Ford,False
US Fast Food Brands,"[""McDonald's"", ""Burger King"", ""KFC"", ""Subway""]","[""KFC"", ""McDonald's"", ""Burger King"", ""Subway""]","[""McDonald's"", ""Subway"", ""KFC"", ""Burger King""]","You are playing a coordination game with another agent.
If you both select the SAME option, you each get $1.
You cannot communicate - you must try to coordinate.
Note: The other agent sees the SAME options, but in a DIFFERENT order.

US Fast Food Brands
Options: KFC, McDonald's, Burger King, Subway

Which option do you choose? Respond with the exact option text.",McDonald's,McDonald's,"You are playing a coordination game with another agent.
If you both select the SAME option, you each get $1.
You cannot communicate - you must try to coordinate.
Note: The other agent sees the SAME options, but in a DIFFERENT order.

US Fast Food Brands
Options: McDonald's, Subway, KFC, Burger King

Which option do you choose? Respond with the exact option text.",McDonald's,McDonald's,True
US Soda Brands,"[""Coca-Cola"", ""Pepsi"", ""Sprite"", ""Dr Pepper""]","[""Sprite"", ""Pepsi"", ""Dr Pepper"", ""Coca-Cola""]","[""Dr Pepper"", ""Sprite"", ""Coca-Cola"", ""Pepsi""]","You are playing a coordination game with another agent.
If you both select the SAME option, you each get $1.
You cannot communicate - you must try to coordinate.
Note: The other agent sees the SAME options, but in a DIFFERENT order.

US Soda Brands
Options: Sprite, Pepsi, Dr Pepper, Coca-Cola

Which option do you choose? Respond with the exact option text.",Coca-Cola,Coca-Cola,"You are playing a coordination game with another agent.
If you both select the SAME option, you each get $1.
You cannot communicate - you must try to coordinate.
Note: The other agent sees the SAME options, but in a DIFFERENT order.

US Soda Brands
Options: Dr Pepper, Sprite, Coca-Cola, Pepsi

Which option do you choose? Respond with the exact option text.",Coca-Cola,Coca-Cola,True
US Clothing Brands,"[""Nike"", ""Levi's"", ""Gap"", ""Adidas""]","[""Adidas"", ""Nike"", ""Levi's"", ""Gap""]","[""Nike"", ""Adidas"", ""Levi's"", ""Gap""]","You are playing a coordination game with another agent.
If you both select the SAME option, you each get $1.
You cannot communicate - you must try to coordinate.
Note: The other agent sees the SAME options, but in a DIFFERENT order.

US Clothing Brands
Options: Adidas, Nike, Levi's, Gap

Which option do you choose? Respond with the exact option text.",Nike,Nike,"You are playing a coordination game with another agent.
If you both select the SAME option, you each get $1.
You cannot communicate - you must try to coordinate.
Note: The other agent sees the SAME options, but in a DIFFERENT order.

US Clothing Brands
Options: Nike, Adidas, Levi's, Gap

Which option do you choose? Respond with the exact option text.",Nike,Nike,True
US Coffee Brands,"[""Starbucks"", ""Dunkin'"", ""Peet's"", ""Tim Hortons""]","[""Dunkin'"", ""Tim Hortons"", ""Peet's"", ""Starbucks""]","[""Tim Hortons"", ""Starbucks"", ""Dunkin'"", ""Peet's""]","You are playing a coordination game with another agent.
If you both select the SAME option, you each get $1.
You cannot communicate - you must try to coordinate.
Note: The other agent sees the SAME options, but in a DIFFERENT order.

US Coffee Brands
Options: Dunkin', Tim Hortons, Peet's, Starbucks

Which option do you choose? Respond with the exact option text.",Starbucks,Starbucks,"You are playing a coordination game with another agent.
If you both select the SAME option, you each get $1.
You cannot communicate - you must try to coordinate.
Note: The other agent sees the SAME options, but in a DIFFERENT order.

US Coffee Brands
Options: Tim Hortons, Starbucks, Dunkin', Peet's

Which option do you choose? Respond with the exact option text.",Starbucks,Starbucks,True
US Phone Brands,"[""Apple"", ""Samsung"", ""Google"", ""Motorola""]","[""Apple"", ""Google"", ""Samsung"", ""Motorola""]","[""Google"", ""Samsung"", ""Motorola"", ""Apple""]","You are playing a coordination game with another agent.
If you both select the SAME option, you each get $1.
You cannot communicate - you must try to coordinate.
Note: The other agent sees the SAME options, but in a DIFFERENT order.

US Phone Brands
Options: Apple, Google, Samsung, Motorola

Which option do you choose? Respond with the exact option text.",Apple,Apple,"You are playing a coordination game with another agent.
If you both select the SAME option, you each get $1.
You cannot communicate - you must try to coordinate.
Note: The other agent sees the SAME options, but in a DIFFERENT order.

US Phone Brands
Options: Google, Samsung, Motorola, Apple

Which option do you choose? Respond with the exact option text.",Apple,Apple,True
US Sports Brands,"[""Nike"", ""Under Armour"", ""Adidas"", ""Reebok""]","[""Adidas"", ""Nike"", ""Under Armour"", ""Reebok""]","[""Adidas"", ""Reebok"", ""Nike"", ""Under Armour""]","You are playing a coordination game with another agent.
If you both select the SAME option, you each get $1.
You cannot communicate - you must try to coordinate.
Note: The other agent sees the SAME options, but in a DIFFERENT order.

US Sports Brands
Options: Adidas, Nike, Under Armour, Reebok

Which option do you choose? Respond with the exact option text.",Nike,Nike,"You are playing a coordination game with another agent.
If you both select the SAME option, you each get $1.
You cannot communicate - you must try to coordinate.
Note: The other agent sees the SAME options, but in a DIFFERENT order.

US Sports Brands
Options: Adidas, Reebok, Nike, Under Armour

Which option do you choose? Respond with the exact option text.",Nike,Nike,True
US Retail Brands,"[""Walmart"", ""Target"", ""Costco"", ""Amazon""]","[""Walmart"", ""Amazon"", ""Costco"", ""Target""]","[""Amazon"", ""Target"", ""Walmart"", ""Costco""]","You are playing a coordination game with another agent.
If you both select the SAME option, you each get $1.
You cannot communicate - you must try to coordinate.
Note: The other agent sees the SAME options, but in a DIFFERENT order.

US Retail Brands
Options: Walmart, Amazon, Costco, Target

Which option do you choose? Respond with the exact option text.",Amazon,Amazon,"You are playing a coordination game with another agent.
If you both select the SAME option, you each get $1.
You cannot communicate - you must try to coordinate.
Note: The other agent sees the SAME options, but in a DIFFERENT order.

US Retail Brands
Options: Amazon, Target, Walmart, Costco

Which option do you choose? Respond with the exact option text.",Amazon,Amazon,True
US Snack Brands,"[""Lay's"", ""Doritos"", ""Oreo"", ""Pringles""]","[""Pringles"", ""Oreo"", ""Lay's"", ""Doritos""]","[""Pringles"", ""Lay's"", ""Doritos"", ""Oreo""]","You are playing a coordination game with another agent.
If you both select the SAME option, you each get $1.
You cannot communicate - you must try to coordinate.
Note: The other agent sees the SAME options, but in a DIFFERENT order.

US Snack Brands
Options: Pringles, Oreo, Lay's, Doritos

Which option do you choose? Respond with the exact option text.",Oreo,Oreo,"You are playing a coordination game with another agent.
If you both select the SAME option, you each get $1.
You cannot communicate - you must try to coordinate.
Note: The other agent sees the SAME options, but in a DIFFERENT order.

US Snack Brands
Options: Pringles, Lay's, Doritos, Oreo

Which option do you choose? Respond with the exact option text.",Oreo,Oreo,True
中国科技品牌,"[""华为"", ""小米"", ""OPPO"", ""vivo""]","[""OPPO"", ""华为"", ""小米"", ""vivo""]","[""小米"", ""华为"", ""OPPO"", ""vivo""]","You are playing a coordination game with another agent.
If you both select the SAME option, you each get $1.
You cannot communicate - you must try to coordinate.
Note: The other agent sees the SAME options, but in a DIFFERENT order.

中国科技品牌
Options: OPPO, 华为, 小米, vivo

Which option do you choose? Respond with the exact option text.",华为,华为,"You are playing a coordination game with another agent.
If you both select the SAME option, you each get $1.
You cannot communicate - you must try to coordinate.
Note: The other agent sees the SAME options, but in a DIFFERENT order.

中国科技品牌
Options: 小米, 华为, OPPO, vivo

Which option do you choose? Respond with the exact option text.",华为,华为,True
中国汽车品牌,"[""比亚迪"", ""吉利"", ""蔚来"", ""小鹏""]","[""比亚迪"", ""小鹏"", ""蔚来"", ""吉利""]","[""蔚来"", ""吉利"", ""小鹏"", ""比亚迪""]","You are playing a coordination game with another agent.
If you both select the SAME option, you each get $1.
You cannot communicate - you must try to coordinate.
Note: The other agent sees the SAME options, but in a DIFFERENT order.

中国汽车品牌
Options: 比亚迪, 小鹏, 蔚来, 吉利

Which option do you choose? Respond with the exact option text.",比亚迪,比亚迪,"You are playing a coordination game with another agent.
If you both select the SAME option, you each get $1.
You cannot communicate - you must try to coordinate.
Note: The other agent sees the SAME options, but in a DIFFERENT order.

中国汽车品牌
Options: 蔚来, 吉利, 小鹏, 比亚迪

Which option do you choose? Respond with the exact option text.",比亚迪,比亚迪,True
中国餐饮品牌,"[""海底捞"", ""全聚德"", ""沙县小吃"", ""兰州拉面""]","[""全聚德"", ""沙县小吃"", ""兰州拉面"", ""海底捞""]","[""兰州拉面"", ""海底捞"", ""沙县小吃"", ""全聚德""]","You are playing a coordination game with another agent.
If you both select the SAME option, you each get $1.
You cannot communicate - you must try to coordinate.
Note: The other agent sees the SAME options, but in a DIFFERENT order.

中国餐饮品牌
Options: 全聚德, 沙县小吃, 兰州拉面, 海底捞

Which option do you choose? Respond with the exact option text.",海底捞,海底捞,"You are playing a coordination game with another agent.
If you both select the SAME option, you each get $1.
You cannot communicate - you must try to coordinate.
Note: The other agent sees the SAME options, but in a DIFFERENT order.

中国餐饮品牌
Options: 兰州拉面, 海底捞, 沙县小吃, 全聚德

Which option do you choose? Respond with the exact option text.",海底捞,海底捞,True
中国饮料品牌,"[""王老吉"", ""加多宝"", ""农夫山泉"", ""康师傅""]","[""康师傅"", ""加多宝"", ""农夫山泉"", ""王老吉""]","[""王老吉"", ""加多宝"", ""农夫山泉"", ""康师傅""]","You are playing a coordination game with another agent.
If you both select the SAME option, you each get $1.
You cannot communicate - you must try to coordinate.
Note: The other agent sees the SAME options, but in a DIFFERENT order.

中国饮料品牌
Options: 康师傅, 加多宝, 农夫山泉, 王老吉

Which option do you choose? Respond with the exact option text.",农夫山泉,农夫山泉,"You are playing a coordination game with another agent.
If you both select the SAME option, you each get $1.
You cannot communicate - you must try to coordinate.
Note: The other agent sees the SAME options, but in a DIFFERENT order.

中国饮料品牌
Options: 王老吉, 加多宝, 农夫山泉, 康师傅

Which option do you choose? Respond with the exact option text.",农夫山泉,农夫山泉,True
中国服装品牌,"[""李宁"", ""安踏"", ""波司登"", ""海澜之家""]","[""李宁"", ""海澜之家"", ""波司登"", ""安踏""]","[""安踏"", ""波司登"", ""李宁"", ""海澜之家""]","You are playing a coordination game with another agent.
If you both select the SAME option, you each get $1.
You cannot communicate - you must try to coordinate.
Note: The other agent sees the SAME options, but in a DIFFERENT order.

中国服装品牌
Options: 李宁, 海澜之家, 波司登, 安踏

Which option do you choose? Respond with the exact option text.",安踏,安踏,"You are playing a coordination game with another agent.
If you both select the SAME option, you each get $1.
You cannot communicate - you must try to coordinate.
Note: The other agent sees the SAME options, but in a DIFFERENT order.

中国服装品牌
Options: 安踏, 波司登, 李宁, 海澜之家

Which option do you choose? Respond with the exact option text.",安踏,安踏,True
中国茶饮品牌,"[""喜茶"", ""奈雪的茶"", ""蜜雪冰城"", ""茶百道""]","[""喜茶"", ""蜜雪冰城"", ""茶百道"", ""奈雪的茶""]","[""奈雪的茶"", ""喜茶"", ""茶百道"", ""蜜雪冰城""]","You are playing a coordination game with another agent.
If you both select the SAME option, you each get $1.
You cannot communicate - you must try to coordinate.
Note: The other agent sees the SAME options, but in a DIFFERENT order.

中国茶饮品牌
Options: 喜茶, 蜜雪冰城, 茶百道, 奈雪的茶

Which option do you choose? Respond with the exact option text.",蜜雪冰城,蜜雪冰城,"You are playing a coordination game with another agent.
If you both select the SAME option, you each get $1.
You cannot communicate - you must try to coordinate.
Note: The other agent sees the SAME options, but in a DIFFERENT order.

中国茶饮品牌
Options: 奈雪的茶, 喜茶, 茶百道, 蜜雪冰城

Which option do you choose? Respond with the exact option text.",蜜雪冰城,蜜雪冰城,True
中国手机品牌,"[""华为"", ""小米"", ""OPPO"", ""vivo""]","[""OPPO"", ""vivo"", ""小米"", ""华为""]","[""华为"", ""小米"", ""vivo"", ""OPPO""]","You are playing a coordination game with another agent.
If you both select the SAME option, you each get $1.
You cannot communicate - you must try to coordinate.
Note: The other agent sees the SAME options, but in a DIFFERENT order.

中国手机品牌
Options: OPPO, vivo, 小米, 华为

Which option do you choose? Respond with the exact option text.",华为,华为,"You are playing a coordination game with another agent.
If you both select the SAME option, you each get $1.
You cannot communicate - you must try to coordinate.
Note: The other agent sees the SAME options, but in a DIFFERENT order.

中国手机品牌
Options: 华为, 小米, vivo, OPPO

Which option do you choose? Respond with the exact option text.",华为,华为,True
中国运动品牌,"[""李宁"", ""安踏"", ""特步"", ""361度""]","[""李宁"", ""361度"", ""安踏"", ""特步""]","[""李宁"", ""361度"", ""安踏"", ""特步""]","You are playing a coordination game with another agent.
If you both select the SAME option, you each get $1.
You cannot communicate - you must try to coordinate.
Note: The other agent sees the SAME options, but in a DIFFERENT order.

中国运动品牌
Options: 李宁, 361度, 安踏, 特步

Which option do you choose? Respond with the exact option text.",李宁,李宁,"You are playing a coordination game with another agent.
If you both select the SAME option, you each get $1.
You cannot communicate - you must try to coordinate.
Note: The other agent sees the SAME options, but in a DIFFERENT order.

中国运动品牌
Options: 李宁, 361度, 安踏, 特步

Which option do you choose? Respond with the exact option text.",李宁,李宁,True
中国电商平台,"[""淘宝"", ""京东"", ""拼多多"", ""抖音商城""]","[""拼多多"", ""抖音商城"", ""京东"", ""淘宝""]","[""抖音商城"", ""淘宝"", ""京东"", ""拼多多""]","You are playing a coordination game with another agent.
If you both select the SAME option, you each get $1.
You cannot communicate - you must try to coordinate.
Note: The other agent sees the SAME options, but in a DIFFERENT order.

中国电商平台
Options: 拼多多, 抖音商城, 京东, 淘宝

Which option do you choose? Respond with the exact option text.",淘宝,淘宝,"You are playing a coordination game with another agent.
If you both select the SAME option, you each get $1.
You cannot communicate - you must try to coordinate.
Note: The other agent sees the SAME options, but in a DIFFERENT order.

中国电商平台
Options: 抖音商城, 淘宝, 京东, 拼多多

Which option do you choose? Respond with the exact option text.",淘宝,淘宝,True
中国食品品牌,"[""卫龙"", ""三只松鼠"", ""良品铺子"", ""百草味""]","[""百草味"", ""卫龙"", ""三只松鼠"", ""良品铺子""]","[""卫龙"", ""三只松鼠"", ""良品铺子"", ""百草味""]","You are playing a coordination game with another agent.
If you both select the SAME option, you each get $1.
You cannot communicate - you must try to coordinate.
Note: The other agent sees the SAME options, but in a DIFFERENT order.

中国食品品牌
Options: 百草味, 卫龙, 三只松鼠, 良品铺子

Which option do you choose? Respond with the exact option text.",三只松鼠,三只松鼠,"You are playing a coordination game with another agent.
If you both select the SAME option, you each get $1.
You cannot communicate - you must try to coordinate.
Note: The other agent sees the SAME options, but in a DIFFERENT order.

中国食品品牌
Options: 卫龙, 三只松鼠, 良品铺子, 百草味

Which option do you choose? Respond with the exact option text.",百草味,百草味,False
US Search Engines,"[""Google"", ""Bing"", ""Yahoo"", ""DuckDuckGo""]","[""Google"", ""DuckDuckGo"", ""Bing"", ""Yahoo""]","[""Google"", ""Yahoo"", ""DuckDuckGo"", ""Bing""]","You are playing a coordination game with another agent.
If you both select the SAME option, you each get $1.
You cannot communicate - you must try to coordinate.
Note: The other agent sees the SAME options, but in a DIFFERENT order.

US Search Engines
Options: Google, DuckDuckGo, Bing, Yahoo

Which option do you choose? Respond with the exact option text.",Google,Google,"You are playing a coordination game with another agent.
If you both select the SAME option, you each get $1.
You cannot communicate - you must try to coordinate.
Note: The other agent sees the SAME options, but in a DIFFERENT order.

US Search Engines
Options: Google, Yahoo, DuckDuckGo, Bing

Which option do you choose? Respond with the exact option text.",Google,Google,True
US Email Providers,"[""Gmail"", ""Outlook"", ""Yahoo Mail"", ""AOL""]","[""Yahoo Mail"", ""AOL"", ""Gmail"", ""Outlook""]","[""Yahoo Mail"", ""Gmail"", ""AOL"", ""Outlook""]","You are playing a coordination game with another agent.
If you both select the SAME option, you each get $1.
You cannot communicate - you must try to coordinate.
Note: The other agent sees the SAME options, but in a DIFFERENT order.

US Email Providers
Options: Yahoo Mail, AOL, Gmail, Outlook

Which option do you choose? Respond with the exact option text.",Gmail,Gmail,"You are playing a coordination game with another agent.
If you both select the SAME option, you each get $1.
You cannot communicate - you must try to coordinate.
Note: The other agent sees the SAME options, but in a DIFFERENT order.

US Email Providers
Options: Yahoo Mail, Gmail, AOL, Outlook

Which option do you choose? Respond with the exact option text.",Gmail,Gmail,True
US Cloud Services,"[""AWS"", ""Google Cloud"", ""Azure"", ""Dropbox""]","[""Azure"", ""Dropbox"", ""AWS"", ""Google Cloud""]","[""Google Cloud"", ""Azure"", ""Dropbox"", ""AWS""]","You are playing a coordination game with another agent.
If you both select the SAME option, you each get $1.
You cannot communicate - you must try to coordinate.
Note: The other agent sees the SAME options, but in a DIFFERENT order.

US Cloud Services
Options: Azure, Dropbox, AWS, Google Cloud

Which option do you choose? Respond with the exact option text.",AWS,AWS,"You are playing a coordination game with another agent.
If you both select the SAME option, you each get $1.
You cannot communicate - you must try to coordinate.
Note: The other agent sees the SAME options, but in a DIFFERENT order.

US Cloud Services
Options: Google Cloud, Azure, Dropbox, AWS

Which option do you choose? Respond with the exact option text.",AWS,AWS,True
US Payment Platforms,"[""PayPal"", ""Venmo"", ""Cash App"", ""Zelle""]","[""Cash App"", ""Zelle"", ""PayPal"", ""Venmo""]","[""Cash App"", ""Venmo"", ""PayPal"", ""Zelle""]","You are playing a coordination game with another agent.
If you both select the SAME option, you each get $1.
You cannot communicate - you must try to coordinate.
Note: The other agent sees the SAME options, but in a DIFFERENT order.

US Payment Platforms
Options: Cash App, Zelle, PayPal, Venmo

Which option do you choose? Respond with the exact option text.",Cash App,Cash App,"You are playing a coordination game with another agent.
If you both select the SAME option, you each get $1.
You cannot communicate - you must try to coordinate.
Note: The other agent sees the SAME options, but in a DIFFERENT order.

US Payment Platforms
Options: Cash App, Venmo, PayPal, Zelle

Which option do you choose? Respond with the exact option text.",PayPal,PayPal,False
US E-commerce Platforms,"[""Amazon"", ""eBay"", ""Etsy"", ""Walmart Online""]","[""eBay"", ""Etsy"", ""Amazon"", ""Walmart Online""]","[""Etsy"", ""Amazon"", ""Walmart Online"", ""eBay""]","You are playing a coordination game with another agent.
If you both select the SAME option, you each get $1.
You cannot communicate - you must try to coordinate.
Note: The other agent sees the SAME options, but in a DIFFERENT order.

US E-commerce Platforms
Options: eBay, Etsy, Amazon, Walmart Online

Which option do you choose? Respond with the exact option text.",Amazon,Amazon,"You are playing a coordination game with another agent.
If you both select the SAME option, you each get $1.
You cannot communicate - you must try to coordinate.
Note: The other agent sees the SAME options, but in a DIFFERENT order.

US E-commerce Platforms
Options: Etsy, Amazon, Walmart Online, eBay

Which option do you choose? Respond with the exact option text.",Amazon,Amazon,True
US Ride-sharing Apps,"[""Uber"", ""Lyft"", ""Via"", ""Curb""]","[""Uber"", ""Via"", ""Lyft"", ""Curb""]","[""Curb"", ""Lyft"", ""Via"", ""Uber""]","You are playing a coordination game with another agent.
If you both select the SAME option, you each get $1.
You cannot communicate - you must try to coordinate.
Note: The other agent sees the SAME options, but in a DIFFERENT order.

US Ride-sharing Apps
Options: Uber, Via, Lyft, Curb

Which option do you choose? Respond with the exact option text.",Uber,Uber,"You are playing a coordination game with another agent.
If you both select the SAME option, you each get $1.
You cannot communicate - you must try to coordinate.
Note: The other agent sees the SAME options, but in a DIFFERENT order.

US Ride-sharing Apps
Options: Curb, Lyft, Via, Uber

Which option do you choose? Respond with the exact option text.",Uber,Uber,True
US Food Delivery,"[""DoorDash"", ""Uber Eats"", ""Grubhub"", ""Postmates""]","[""DoorDash"", ""Uber Eats"", ""Postmates"", ""Grubhub""]","[""Grubhub"", ""Uber Eats"", ""DoorDash"", ""Postmates""]","You are playing a coordination game with another agent.
If you both select the SAME option, you each get $1.
You cannot communicate - you must try to coordinate.
Note: The other agent sees the SAME options, but in a DIFFERENT order.

US Food Delivery
Options: DoorDash, Uber Eats, Postmates, Grubhub

Which option do you choose? Respond with the exact option text.",DoorDash,DoorDash,"You are playing a coordination game with another agent.
If you both select the SAME option, you each get $1.
You cannot communicate - you must try to coordinate.
Note: The other agent sees the SAME options, but in a DIFFERENT order.

US Food Delivery
Options: Grubhub, Uber Eats, DoorDash, Postmates

Which option do you choose? Respond with the exact option text.",DoorDash,DoorDash,True
US Messaging Apps,"[""WhatsApp"", ""iMessage"", ""Telegram"", ""Signal""]","[""Signal"", ""Telegram"", ""WhatsApp"", ""iMessage""]","[""Signal"", ""iMessage"", ""Telegram"", ""WhatsApp""]","You are playing a coordination game with another agent.
If you both select the SAME option, you each get $1.
You cannot communicate - you must try to coordinate.
Note: The other agent sees the SAME options, but in a DIFFERENT order.

US Messaging Apps
Options: Signal, Telegram, WhatsApp, iMessage

Which option do you choose? Respond with the exact option text.",iMessage,iMessage,"You are playing a coordination game with another agent.
If you both select the SAME option, you each get $1.
You cannot communicate - you must try to coordinate.
Note: The other agent sees the SAME options, but in a DIFFERENT order.

US Messaging Apps
Options: Signal, iMessage, Telegram, WhatsApp

Which option do you choose? Respond with the exact option text.",iMessage,iMessage,True
US Productivity Tools,"[""Google Docs"", ""Microsoft Office"", ""Notion"", ""Slack""]","[""Microsoft Office"", ""Notion"", ""Google Docs"", ""Slack""]","[""Microsoft Office"", ""Notion"", ""Slack"", ""Google Docs""]","You are playing a coordination game with another agent.
If you both select the SAME option, you each get $1.
You cannot communicate - you must try to coordinate.
Note: The other agent sees the SAME options, but in a DIFFERENT order.

US Productivity Tools
Options: Microsoft Office, Notion, Google Docs, Slack

Which option do you choose? Respond with the exact option text.",Google Docs,Google Docs,"You are playing a coordination game with another agent.
If you both select the SAME option, you each get $1.
You cannot communicate - you must try to coordinate.
Note: The other agent sees the SAME options, but in a DIFFERENT order.

US Productivity Tools
Options: Microsoft Office, Notion, Slack, Google Docs

Which option do you choose? Respond with the exact option text.",Microsoft Office,Microsoft Office,False
US Dating Apps,"[""Tinder"", ""Bumble"", ""Hinge"", ""OkCupid""]","[""Hinge"", ""OkCupid"", ""Tinder"", ""Bumble""]","[""Hinge"", ""Tinder"", ""OkCupid"", ""Bumble""]","You are playing a coordination game with another agent.
If you both select the SAME option, you each get $1.
You cannot communicate - you must try to coordinate.
Note: The other agent sees the SAME options, but in a DIFFERENT order.

US Dating Apps
Options: Hinge, OkCupid, Tinder, Bumble

Which option do you choose? Respond with the exact option text.",Tinder,Tinder,"You are playing a coordination game with another agent.
If you both select the SAME option, you each get $1.
You cannot communicate - you must try to coordinate.
Note: The other agent sees the SAME options, but in a DIFFERENT order.

US Dating Apps
Options: Hinge, Tinder, OkCupid, Bumble

Which option do you choose? Respond with the exact option text.",Bumble,Bumble,False
中国搜索引擎,"[""百度"", ""搜狗"", ""360搜索"", ""必应""]","[""360搜索"", ""百度"", ""必应"", ""搜狗""]","[""360搜索"", ""必应"", ""百度"", ""搜狗""]","You are playing a coordination game with another agent.
If you both select the SAME option, you each get $1.
You cannot communicate - you must try to coordinate.
Note: The other agent sees the SAME options, but in a DIFFERENT order.

中国搜索引擎
Options: 360搜索, 百度, 必应, 搜狗

Which option do you choose? Respond with the exact option text.",百度,百度,"You are playing a coordination game with another agent.
If you both select the SAME option, you each get $1.
You cannot communicate - you must try to coordinate.
Note: The other agent sees the SAME options, but in a DIFFERENT order.

中国搜索引擎
Options: 360搜索, 必应, 百度, 搜狗

Which option do you choose? Respond with the exact option text.",百度,百度,True
中国邮箱服务,"[""QQ邮箱"", ""网易邮箱"", ""139邮箱"", ""新浪邮箱""]","[""网易邮箱"", ""新浪邮箱"", ""QQ邮箱"", ""139邮箱""]","[""网易邮箱"", ""新浪邮箱"", ""139邮箱"", ""QQ邮箱""]","You are playing a coordination game with another agent.
If you both select the SAME option, you each get $1.
You cannot communicate - you must try to coordinate.
Note: The other agent sees the SAME options, but in a DIFFERENT order.

中国邮箱服务
Options: 网易邮箱, 新浪邮箱, QQ邮箱, 139邮箱

Which option do you choose? Respond with the exact option text.",QQ邮箱,QQ邮箱,"You are playing a coordination game with another agent.
If you both select the SAME option, you each get $1.
You cannot communicate - you must try to coordinate.
Note: The other agent sees the SAME options, but in a DIFFERENT order.

中国邮箱服务
Options: 网易邮箱, 新浪邮箱, 139邮箱, QQ邮箱

Which option do you choose? Respond with the exact option text.",QQ邮箱,QQ邮箱,True
中国云服务,"[""阿里云"", ""腾讯云"", ""华为云"", ""百度云""]","[""华为云"", ""腾讯云"", ""百度云"", ""阿里云""]","[""腾讯云"", ""百度云"", ""华为云"", ""阿里云""]","You are playing a coordination game with another agent.
If you both select the SAME option, you each get $1.
You cannot communicate - you must try to coordinate.
Note: The other agent sees the SAME options, but in a DIFFERENT order.

中国云服务
Options: 华为云, 腾讯云, 百度云, 阿里云

Which option do you choose? Respond with the exact option text.",阿里云,阿里云,"You are playing a coordination game with another agent.
If you both select the SAME option, you each get $1.
You cannot communicate - you must try to coordinate.
Note: The other agent sees the SAME options, but in a DIFFERENT order.

中国云服务
Options: 腾讯云, 百度云, 华为云, 阿里云

Which option do you choose? Respond with the exact option text.",阿里云,阿里云,True
中国支付平台,"[""支付宝"", ""微信支付"", ""银联"", ""云闪付""]","[""微信支付"", ""支付宝"", ""云闪付"", ""银联""]","[""微信支付"", ""云闪付"", ""银联"", ""支付宝""]","You are playing a coordination game with another agent.
If you both select the SAME option, you each get $1.
You cannot communicate - you must try to coordinate.
Note: The other agent sees the SAME options, but in a DIFFERENT order.

中国支付平台
Options: 微信支付, 支付宝, 云闪付, 银联

Which option do you choose? Respond with the exact option text.",支付宝,支付宝,"You are playing a coordination game with another agent.
If you both select the SAME option, you each get $1.
You cannot communicate - you must try to coordinate.
Note: The other agent sees the SAME options, but in a DIFFERENT order.

中国支付平台
Options: 微信支付, 云闪付, 银联, 支付宝

Which option do you choose? Respond with the exact option text.",支付宝,支付宝,True
中国电商平台,"[""淘宝"", ""京东"", ""拼多多"", ""唯品会""]","[""拼多多"", ""京东"", ""唯品会"", ""淘宝""]","[""淘宝"", ""京东"", ""唯品会"", ""拼多多""]","You are playing a coordination game with another agent.
If you both select the SAME option, you each get $1.
You cannot communicate - you must try to coordinate.
Note: The other agent sees the SAME options, but in a DIFFERENT order.

中国电商平台
Options: 拼多多, 京东, 唯品会, 淘宝

Which option do you choose? Respond with the exact option text.",淘宝,淘宝,"You are playing a coordination game with another agent.
If you both select the SAME option, you each get $1.
You cannot communicate - you must try to coordinate.
Note: The other agent sees the SAME options, but in a DIFFERENT order.

中国电商平台
Options: 淘宝, 京东, 唯品会, 拼多多

Which option do you choose? Respond with the exact option text.",淘宝,淘宝,True
中国出行平台,"[""滴滴"", ""高德打车"", ""曹操出行"", ""美团打车""]","[""美团打车"", ""曹操出行"", ""滴滴"", ""高德打车""]","[""美团打车"", ""高德打车"", ""曹操出行"", ""滴滴""]","You are playing a coordination game with another agent.
If you both select the SAME option, you each get $1.
You cannot communicate - you must try to coordinate.
Note: The other agent sees the SAME options, but in a DIFFERENT order.

中国出行平台
Options: 美团打车, 曹操出行, 滴滴, 高德打车

Which option do you choose? Respond with the exact option text.",滴滴,滴滴,"You are playing a coordination game with another agent.
If you both select the SAME option, you each get $1.
You cannot communicate - you must try to coordinate.
Note: The other agent sees the SAME options, but in a DIFFERENT order.

中国出行平台
Options: 美团打车, 高德打车, 曹操出行, 滴滴

Which option do you choose? Respond with the exact option text.",滴滴,滴滴,True
中国外卖平台,"[""美团"", ""饿了么"", ""百度外卖"", ""大众点评""]","[""百度外卖"", ""饿了么"", ""大众点评"", ""美团""]","[""美团"", ""大众点评"", ""饿了么"", ""百度外卖""]","You are playing a coordination game with another agent.
If you both select the SAME option, you each get $1.
You cannot communicate - you must try to coordinate.
Note: The other agent sees the SAME options, but in a DIFFERENT order.

中国外卖平台
Options: 百度外卖, 饿了么, 大众点评, 美团

Which option do you choose? Respond with the exact option text.",美团,美团,"You are playing a coordination game with another agent.
If you both select the SAME option, you each get $1.
You cannot communicate - you must try to coordinate.
Note: The other agent sees the SAME options, but in a DIFFERENT order.

中国外卖平台
Options: 美团, 大众点评, 饿了么, 百度外卖

Which option do you choose? Respond with the exact option text.",美团,美团,True
中国聊天工具,"[""微信"", ""QQ"", ""钉钉"", ""飞书""]","[""飞书"", ""QQ"", ""微信"", ""钉钉""]","[""钉钉"", ""微信"", ""飞书"", ""QQ""]","You are playing a coordination game with another agent.
If you both select the SAME option, you each get $1.
You cannot communicate - you must try to coordinate.
Note: The other agent sees the SAME options, but in a DIFFERENT order.

中国聊天工具
Options: 飞书, QQ, 微信, 钉钉

Which option do you choose? Respond with the exact option text.",微信,微信,"You are playing a coordination game with another agent.
If you both select the SAME option, you each get $1.
You cannot communicate - you must try to coordinate.
Note: The other agent sees the SAME options, but in a DIFFERENT order.

中国聊天工具
Options: 钉钉, 微信, 飞书, QQ

Which option do you choose? Respond with the exact option text.",微信,微信,True
中国办公工具,"[""钉钉"", ""飞书"", ""企业微信"", ""WPS""]","[""企业微信"", ""WPS"", ""飞书"", ""钉钉""]","[""飞书"", ""WPS"", ""企业微信"", ""钉钉""]","You are playing a coordination game with another agent.
If you both select the SAME option, you each get $1.
You cannot communicate - you must try to coordinate.
Note: The other agent sees the SAME options, but in a DIFFERENT order.

中国办公工具
Options: 企业微信, WPS, 飞书, 钉钉

Which option do you choose? Respond with the exact option text.",WPS,WPS,"You are playing a coordination game with another agent.
If you both select the SAME option, you each get $1.
You cannot communicate - you must try to coordinate.
Note: The other agent sees the SAME options, but in a DIFFERENT order.

中国办公工具
Options: 飞书, WPS, 企业微信, 钉钉

Which option do you choose? Respond with the exact option text.",WPS,WPS,True
中国社交平台,"[""微信"", ""微博"", ""小红书"", ""知乎""]","[""小红书"", ""知乎"", ""微博"", ""微信""]","[""知乎"", ""微博"", ""微信"", ""小红书""]","You are playing a coordination game with another agent.
If you both select the SAME option, you each get $1.
You cannot communicate - you must try to coordinate.
Note: The other agent sees the SAME options, but in a DIFFERENT order.

中国社交平台
Options: 小红书, 知乎, 微博, 微信

Which option do you choose? Respond with the exact option text.",微信,微信,"You are playing a coordination game with another agent.
If you both select the SAME option, you each get $1.
You cannot communicate - you must try to coordinate.
Note: The other agent sees the SAME options, but in a DIFFERENT order.

中国社交平台
Options: 知乎, 微博, 微信, 小红书

Which option do you choose? Respond with the exact option text.",微信,微信,True
US Meme Formats,"[""Distracted Boyfriend"", ""This Is Fine"", ""Drake Meme"", ""Woman Yelling at Cat""]","[""Distracted Boyfriend"", ""This Is Fine"", ""Drake Meme"", ""Woman Yelling at Cat""]","[""Drake Meme"", ""Woman Yelling at Cat"", ""Distracted Boyfriend"", ""This Is Fine""]","You are playing a coordination game with another agent.
If you both select the SAME option, you each get $1.
You cannot communicate - you must try to coordinate.
Note: The other agent sees the SAME options, but in a DIFFERENT order.

US Meme Formats
Options: Distracted Boyfriend, This Is Fine, Drake Meme, Woman Yelling at Cat

Which option do you choose? Respond with the exact option text.",Distracted Boyfriend,Distracted Boyfriend,"You are playing a coordination game with another agent.
If you both select the SAME option, you each get $1.
You cannot communicate - you must try to coordinate.
Note: The other agent sees the SAME options, but in a DIFFERENT order.

US Meme Formats
Options: Drake Meme, Woman Yelling at Cat, Distracted Boyfriend, This Is Fine

Which option do you choose? Respond with the exact option text.",Drake Meme,Drake Meme,False
US Online Slang,"[""LOL"", ""BRB"", ""TL;DR"", ""FOMO""]","[""TL;DR"", ""LOL"", ""BRB"", ""FOMO""]","[""LOL"", ""TL;DR"", ""BRB"", ""FOMO""]","You are playing a coordination game with another agent.
If you both select the SAME option, you each get $1.
You cannot communicate - you must try to coordinate.
Note: The other agent sees the SAME options, but in a DIFFERENT order.

US Online Slang
Options: TL;DR, LOL, BRB, FOMO

Which option do you choose? Respond with the exact option text.",LOL,LOL,"You are playing a coordination game with another agent.
If you both select the SAME option, you each get $1.
You cannot communicate - you must try to coordinate.
Note: The other agent sees the SAME options, but in a DIFFERENT order.

US Online Slang
Options: LOL, TL;DR, BRB, FOMO

Which option do you choose? Respond with the exact option text.",LOL,LOL,True
US Viral Challenges,"[""Ice Bucket Challenge"", ""Mannequin Challenge"", ""Harlem Shake"", ""Tide Pod""]","[""Mannequin Challenge"", ""Tide Pod"", ""Harlem Shake"", ""Ice Bucket Challenge""]","[""Ice Bucket Challenge"", ""Mannequin Challenge"", ""Harlem Shake"", ""Tide Pod""]","You are playing a coordination game with another agent.
If you both select the SAME option, you each get $1.
You cannot communicate - you must try to coordinate.
Note: The other agent sees the SAME options, but in a DIFFERENT order.

US Viral Challenges
Options: Mannequin Challenge, Tide Pod, Harlem Shake, Ice Bucket Challenge

Which option do you choose? Respond with the exact option text.",Ice Bucket Challenge,Ice Bucket Challenge,"You are playing a coordination game with another agent.
If you both select the SAME option, you each get $1.
You cannot communicate - you must try to coordinate.
Note: The other agent sees the SAME options, but in a DIFFERENT order.

US Viral Challenges
Options: Ice Bucket Challenge, Mannequin Challenge, Harlem Shake, Tide Pod

Which option do you choose? Respond with the exact option text.",Ice Bucket Challenge,Ice Bucket Challenge,True
US Online Communities,"[""Reddit"", ""4chan"", ""Discord"", ""Tumblr""]","[""Discord"", ""4chan"", ""Tumblr"", ""Reddit""]","[""Reddit"", ""Tumblr"", ""4chan"", ""Discord""]","You are playing a coordination game with another agent.
If you both select the SAME option, you each get $1.
You cannot communicate - you must try to coordinate.
Note: The other agent sees the SAME options, but in a DIFFERENT order.

US Online Communities
Options: Discord, 4chan, Tumblr, Reddit

Which option do you choose? Respond with the exact option text.",Reddit,Reddit,"You are playing a coordination game with another agent.
If you both select the SAME option, you each get $1.
You cannot communicate - you must try to coordinate.
Note: The other agent sees the SAME options, but in a DIFFERENT order.

US Online Communities
Options: Reddit, Tumblr, 4chan, Discord

Which option do you choose? Respond with the exact option text.",Reddit,Reddit,True
US Streaming Culture,"[""Twitch"", ""YouTube Live"", ""Kick"", ""Facebook Live""]","[""Facebook Live"", ""Kick"", ""Twitch"", ""YouTube Live""]","[""YouTube Live"", ""Twitch"", ""Facebook Live"", ""Kick""]","You are playing a coordination game with another agent.
If you both select the SAME option, you each get $1.
You cannot communicate - you must try to coordinate.
Note: The other agent sees the SAME options, but in a DIFFERENT order.

US Streaming Culture
Options: Facebook Live, Kick, Twitch, YouTube Live

Which option do you choose? Respond with the exact option text.",Twitch,Twitch,"You are playing a coordination game with another agent.
If you both select the SAME option, you each get $1.
You cannot communicate - you must try to coordinate.
Note: The other agent sees the SAME options, but in a DIFFERENT order.

US Streaming Culture
Options: YouTube Live, Twitch, Facebook Live, Kick

Which option do you choose? Respond with the exact option text.",Twitch,Twitch,True
US Hashtag Trends,"[""#TBT"", ""#OOTD"", ""#Goals"", ""#Viral""]","[""#OOTD"", ""#TBT"", ""#Viral"", ""#Goals""]","[""#OOTD"", ""#TBT"", ""#Viral"", ""#Goals""]","You are playing a coordination game with another agent.
If you both select the SAME option, you each get $1.
You cannot communicate - you must try to coordinate.
Note: The other agent sees the SAME options, but in a DIFFERENT order.

US Hashtag Trends
Options: #OOTD, #TBT, #Viral, #Goals

Which option do you choose? Respond with the exact option text.",#Viral,#Viral,"You are playing a coordination game with another agent.
If you both select the SAME option, you each get $1.
You cannot communicate - you must try to coordinate.
Note: The other agent sees the SAME options, but in a DIFFERENT order.

US Hashtag Trends
Options: #OOTD, #TBT, #Viral, #Goals

Which option do you choose? Respond with the exact option text.",#TBT,#TBT,False
US Online Gaming Terms,"[""GG"", ""NPC"", ""AFK"", ""Noob""]","[""AFK"", ""Noob"", ""GG"", ""NPC""]","[""AFK"", ""GG"", ""NPC"", ""Noob""]","You are playing a coordination game with another agent.
If you both select the SAME option, you each get $1.
You cannot communicate - you must try to coordinate.
Note: The other agent sees the SAME options, but in a DIFFERENT order.

US Online Gaming Terms
Options: AFK, Noob, GG, NPC

Which option do you choose? Respond with the exact option text.",GG,GG,"You are playing a coordination game with another agent.
If you both select the SAME option, you each get $1.
You cannot communicate - you must try to coordinate.
Note: The other agent sees the SAME options, but in a DIFFERENT order.

US Online Gaming Terms
Options: AFK, GG, NPC, Noob

Which option do you choose? Respond with the exact option text.",GG,GG,True
US Tech Buzzwords,"[""AI"", ""Blockchain"", ""Cloud"", ""Metaverse""]","[""Cloud"", ""Metaverse"", ""Blockchain"", ""AI""]","[""Metaverse"", ""Blockchain"", ""AI"", ""Cloud""]","You are playing a coordination game with another agent.
If you both select the SAME option, you each get $1.
You cannot communicate - you must try to coordinate.
Note: The other agent sees the SAME options, but in a DIFFERENT order.

US Tech Buzzwords
Options: Cloud, Metaverse, Blockchain, AI

Which option do you choose? Respond with the exact option text.",AI,AI,"You are playing a coordination game with another agent.
If you both select the SAME option, you each get $1.
You cannot communicate - you must try to coordinate.
Note: The other agent sees the SAME options, but in a DIFFERENT order.

US Tech Buzzwords
Options: Metaverse, Blockchain, AI, Cloud

Which option do you choose? Respond with the exact option text.",AI,AI,True
US Emoji Usage,"[""😂"", ""❤️"", ""🔥"", ""👍""]","[""❤️"", ""🔥"", ""👍"", ""😂""]","[""👍"", ""🔥"", ""❤️"", ""😂""]","You are playing a coordination game with another agent.
If you both select the SAME option, you each get $1.
You cannot communicate - you must try to coordinate.
Note: The other agent sees the SAME options, but in a DIFFERENT order.

US Emoji Usage
Options: ❤️, 🔥, 👍, 😂

Which option do you choose? Respond with the exact option text.",❤️,❤️,"You are playing a coordination game with another agent.
If you both select the SAME option, you each get $1.
You cannot communicate - you must try to coordinate.
Note: The other agent sees the SAME options, but in a DIFFERENT order.

US Emoji Usage
Options: 👍, 🔥, ❤️, 😂

Which option do you choose? Respond with the exact option text.",😂,😂,False
US Online Habits,"[""Scrolling"", ""Binge-watching"", ""Doom-scrolling"", ""Lurking""]","[""Scrolling"", ""Doom-scrolling"", ""Binge-watching"", ""Lurking""]","[""Doom-scrolling"", ""Scrolling"", ""Binge-watching"", ""Lurking""]","You are playing a coordination game with another agent.
If you both select the SAME option, you each get $1.
You cannot communicate - you must try to coordinate.
Note: The other agent sees the SAME options, but in a DIFFERENT order.

US Online Habits
Options: Scrolling, Doom-scrolling, Binge-watching, Lurking

Which option do you choose? Respond with the exact option text.",Binge-watching,Binge-watching,"You are playing a coordination game with another agent.
If you both select the SAME option, you each get $1.
You cannot communicate - you must try to coordinate.
Note: The other agent sees the SAME options, but in a DIFFERENT order.

US Online Habits
Options: Doom-scrolling, Scrolling, Binge-watching, Lurking

Which option do you choose? Respond with the exact option text.",Doom-scrolling,Doom-scrolling,False
中国网络梗,"[""社会性死亡"", ""凡尔赛"", ""内卷"", ""躺平""]","[""躺平"", ""内卷"", ""凡尔赛"", ""社会性死亡""]","[""内卷"", ""凡尔赛"", ""躺平"", ""社会性死亡""]","You are playing a coordination game with another agent.
If you both select the SAME option, you each get $1.
You cannot communicate - you must try to coordinate.
Note: The other agent sees the SAME options, but in a DIFFERENT order.

中国网络梗
Options: 躺平, 内卷, 凡尔赛, 社会性死亡

Which option do you choose? Respond with the exact option text.",内卷,内卷,"You are playing a coordination game with another agent.
If you both select the SAME option, you each get $1.
You cannot communicate - you must try to coordinate.
Note: The other agent sees the SAME options, but in a DIFFERENT order.

中国网络梗
Options: 内卷, 凡尔赛, 躺平, 社会性死亡

Which option do you choose? Respond with the exact option text.",躺平,躺平,False
中国网络用语,"[""666"", ""yyds"", ""绝绝子"", ""emo""]","[""yyds"", ""emo"", ""666"", ""绝绝子""]","[""666"", ""yyds"", ""绝绝子"", ""emo""]","You are playing a coordination game with another agent.
If you both select the SAME option, you each get $1.
You cannot communicate - you must try to coordinate.
Note: The other agent sees the SAME options, but in a DIFFERENT order.

中国网络用语
Options: yyds, emo, 666, 绝绝子

Which option do you choose? Respond with the exact option text.",666,666,"You are playing a coordination game with another agent.
If you both select the SAME option, you each get $1.
You cannot communicate - you must try to coordinate.
Note: The other agent sees the SAME options, but in a DIFFERENT order.

中国网络用语
Options: 666, yyds, 绝绝子, emo

Which option do you choose? Respond with the exact option text.",666,666,True
中国网络挑战,"[""冰桶挑战"", ""A4腰"", ""反手摸肚脐"", ""手指舞""]","[""反手摸肚脐"", ""A4腰"", ""冰桶挑战"", ""手指舞""]","[""手指舞"", ""冰桶挑战"", ""A4腰"", ""反手摸肚脐""]","You are playing a coordination game with another agent.
If you both select the SAME option, you each get $1.
You cannot communicate - you must try to coordinate.
Note: The other agent sees the SAME options, but in a DIFFERENT order.

中国网络挑战
Options: 反手摸肚脐, A4腰, 冰桶挑战, 手指舞

Which option do you choose? Respond with the exact option text.",冰桶挑战,冰桶挑战,"You are playing a coordination game with another agent.
If you both select the SAME option, you each get $1.
You cannot communicate - you must try to coordinate.
Note: The other agent sees the SAME options, but in a DIFFERENT order.

中国网络挑战
Options: 手指舞, 冰桶挑战, A4腰, 反手摸肚脐

Which option do you choose? Respond with the exact option text.",冰桶挑战,冰桶挑战,True
中国网络社区,"[""贴吧"", ""知乎"", ""豆瓣"", ""B站""]","[""B站"", ""贴吧"", ""知乎"", ""豆瓣""]","[""豆瓣"", ""知乎"", ""B站"", ""贴吧""]","You are playing a coordination game with another agent.
If you both select the SAME option, you each get $1.
You cannot communicate - you must try to coordinate.
Note: The other agent sees the SAME options, but in a DIFFERENT order.

中国网络社区
Options: B站, 贴吧, 知乎, 豆瓣

Which option do you choose? Respond with the exact option text.",B站,B站,"You are playing a coordination game with another agent.
If you both select the SAME option, you each get $1.
You cannot communicate - you must try to coordinate.
Note: The other agent sees the SAME options, but in a DIFFERENT order.

中国网络社区
Options: 豆瓣, 知乎, B站, 贴吧

Which option do you choose? Respond with the exact option text.",B站,B站,True
中国直播文化,"[""直播带货"", ""弹幕"", ""刷礼物"", ""打赏""]","[""刷礼物"", ""直播带货"", ""弹幕"", ""打赏""]","[""打赏"", ""弹幕"", ""直播带货"", ""刷礼物""]","You are playing a coordination game with another agent.
If you both select the SAME option, you each get $1.
You cannot communicate - you must try to coordinate.
Note: The other agent sees the SAME options, but in a DIFFERENT order.

中国直播文化
Options: 刷礼物, 直播带货, 弹幕, 打赏

Which option do you choose? Respond with the exact option text.",打赏,打赏,"You are playing a coordination game with another agent.
If you both select the SAME option, you each get $1.
You cannot communicate - you must try to coordinate.
Note: The other agent sees the SAME options, but in a DIFFERENT order.

中国直播文化
Options: 打赏, 弹幕, 直播带货, 刷礼物

Which option do you choose? Respond with the exact option text.",直播带货,直播带货,False
中国热搜话题,"[""热搜"", ""话题"", ""超话"", ""榜单""]","[""话题"", ""超话"", ""榜单"", ""热搜""]","[""超话"", ""热搜"", ""榜单"", ""话题""]","You are playing a coordination game with another agent.
If you both select the SAME option, you each get $1.
You cannot communicate - you must try to coordinate.
Note: The other agent sees the SAME options, but in a DIFFERENT order.

中国热搜话题
Options: 话题, 超话, 榜单, 热搜

Which option do you choose? Respond with the exact option text.",热搜,热搜,"You are playing a coordination game with another agent.
If you both select the SAME option, you each get $1.
You cannot communicate - you must try to coordinate.
Note: The other agent sees the SAME options, but in a DIFFERENT order.

中国热搜话题
Options: 超话, 热搜, 榜单, 话题

Which option do you choose? Respond with the exact option text.",热搜,热搜,True
中国游戏用语,"[""GG"", ""菜鸡"", ""带飞"", ""躺赢""]","[""菜鸡"", ""躺赢"", ""带飞"", ""GG""]","[""菜鸡"", ""带飞"", ""躺赢"", ""GG""]","You are playing a coordination game with another agent.
If you both select the SAME option, you each get $1.
You cannot communicate - you must try to coordinate.
Note: The other agent sees the SAME options, but in a DIFFERENT order.

中国游戏用语
Options: 菜鸡, 躺赢, 带飞, GG

Which option do you choose? Respond with the exact option text.",GG,GG,"You are playing a coordination game with another agent.
If you both select the SAME option, you each get $1.
You cannot communicate - you must try to coordinate.
Note: The other agent sees the SAME options, but in a DIFFERENT order.

中国游戏用语
Options: 菜鸡, 带飞, 躺赢, GG

Which option do you choose? Respond with the exact option text.",GG,GG,True
中国科技热词,"[""人工智能"", ""大数据"", ""云计算"", ""元宇宙""]","[""大数据"", ""元宇宙"", ""云计算"", ""人工智能""]","[""大数据"", ""人工智能"", ""云计算"", ""元宇宙""]","You are playing a coordination game with another agent.
If you both select the SAME option, you each get $1.
You cannot communicate - you must try to coordinate.
Note: The other agent sees the SAME options, but in a DIFFERENT order.

中国科技热词
Options: 大数据, 元宇宙, 云计算, 人工智能

Which option do you choose? Respond with the exact option text.",人工智能,人工智能,"You are playing a coordination game with another agent.
If you both select the SAME option, you each get $1.
You cannot communicate - you must try to coordinate.
Note: The other agent sees the SAME options, but in a DIFFERENT order.

中国科技热词
Options: 大数据, 人工智能, 云计算, 元宇宙

Which option do you choose? Respond with the exact option text.",人工智能,人工智能,True
中国表情包,"[""狗头"", ""微笑"", ""捂脸"", ""滑稽""]","[""狗头"", ""微笑"", ""滑稽"", ""捂脸""]","[""狗头"", ""滑稽"", ""微笑"", ""捂脸""]","You are playing a coordination game with another agent.
If you both select the SAME option, you each get $1.
You cannot communicate - you must try to coordinate.
Note: The other agent sees the SAME options, but in a DIFFERENT order.

中国表情包
Options: 狗头, 微笑, 滑稽, 捂脸

Which option do you choose? Respond with the exact option text.",狗头,狗头,"You are playing a coordination game with another agent.
If you both select the SAME option, you each get $1.
You cannot communicate - you must try to coordinate.
Note: The other agent sees the SAME options, but in a DIFFERENT order.

中国表情包
Options: 狗头, 滑稽, 微笑, 捂脸

Which option do you choose? Respond with the exact option text.",狗头,狗头,True
中国网络习惯,"[""刷手机"", ""追剧"", ""网购"", ""打卡""]","[""网购"", ""刷手机"", ""打卡"", ""追剧""]","[""网购"", ""追剧"", ""刷手机"", ""打卡""]","You are playing a coordination game with another agent.
If you both select the SAME option, you each get $1.
You cannot communicate - you must try to coordinate.
Note: The other agent sees the SAME options, but in a DIFFERENT order.

中国网络习惯
Options: 网购, 刷手机, 打卡, 追剧

Which option do you choose? Respond with the exact option text.",网购,网购,"You are playing a coordination game with another agent.
If you both select the SAME option, you each get $1.
You cannot communicate - you must try to coordinate.
Note: The other agent sees the SAME options, but in a DIFFERENT order.

中国网络习惯
Options: 网购, 追剧, 刷手机, 打卡

Which option do you choose? Respond with the exact option text.",刷手机,刷手机,False
