category,options,order_a,order_b,prompt_a,response_a,choice_a,prompt_b,response_b,choice_b,success
Primary Colors,"[""Red"", ""Blue"", ""Green"", ""Yellow""]","[""Green"", ""Red"", ""Yellow"", ""Blue""]","[""Blue"", ""Red"", ""Green"", ""Yellow""]","You are playing a coordination game with another agent.
If you both select the SAME option, you each get $1.
You cannot communicate - you must try to coordinate.
Note: The other agent sees the SAME options, but in a DIFFERENT order.

Primary Colors
Options: Green, Red, Yellow, Blue

Which option do you choose? Respond with the exact option text.",Blue,Blue,"You are playing a coordination game with another agent.
If you both select the SAME option, you each get $1.
You cannot communicate - you must try to coordinate.
Note: The other agent sees the SAME options, but in a DIFFERENT order.

Primary Colors
Options: Blue, Red, Green, Yellow

Which option do you choose? Respond with the exact option text.",Yellow,Yellow,False
Warm Colors,"[""Red"", ""Orange"", ""Yellow"", ""Pink""]","[""Red"", ""Orange"", ""Yellow"", ""Pink""]","[""Pink"", ""Red"", ""Yellow"", ""Orange""]","You are playing a coordination game with another agent.
If you both select the SAME option, you each get $1.
You cannot communicate - you must try to coordinate.
Note: The other agent sees the SAME options, but in a DIFFERENT order.

Warm Colors
Options: Red, Orange, Yellow, Pink

Which option do you choose? Respond with the exact option text.","Since we cannot communicate and the other agent sees the same options in a different order, the safest choice is the one most likely to be chosen by both parties in a coordination game.  

""Red"" is the most commonly associated warm color and tends to be listed first in many cultural contexts (though order is scrambled for the other player). Choosing ""Red"" maximizes the chance that the other agent will also pick it as the natural focal point.  

So I choose: **Red**",Red,"You are playing a coordination game with another agent.
If you both select the SAME option, you each get $1.
You cannot communicate - you must try to coordinate.
Note: The other agent sees the SAME options, but in a DIFFERENT order.

Warm Colors
Options: Pink, Red, Yellow, Orange

Which option do you choose? Respond with the exact option text.",Yellow,Yellow,False
Cool Colors,"[""Blue"", ""Green"", ""Purple"", ""Teal""]","[""Green"", ""Blue"", ""Teal"", ""Purple""]","[""Blue"", ""Purple"", ""Green"", ""Teal""]","You are playing a coordination game with another agent.
If you both select the SAME option, you each get $1.
You cannot communicate - you must try to coordinate.
Note: The other agent sees the SAME options, but in a DIFFERENT order.

Cool Colors
Options: Green, Blue, Teal, Purple

Which option do you choose? Respond with the exact option text.",Teal,Teal,"You are playing a coordination game with another agent.
If you both select the SAME option, you each get $1.
You cannot communicate - you must try to coordinate.
Note: The other agent sees the SAME options, but in a DIFFERENT order.

Cool Colors
Options: Blue, Purple, Green, Teal

Which option do you choose? Respond with the exact option text.",Teal,Teal,True
Basic Shapes,"[""Circle"", ""Square"", ""Triangle"", ""Rectangle""]","[""Rectangle"", ""Triangle"", ""Circle"", ""Square""]","[""Square"", ""Triangle"", ""Rectangle"", ""Circle""]","You are playing a coordination game with another agent.
If you both select the SAME option, you each get $1.
You cannot communicate - you must try to coordinate.
Note: The other agent sees the SAME options, but in a DIFFERENT order.

Basic Shapes
Options: Rectangle, Triangle, Circle, Square

Which option do you choose? Respond with the exact option text.","Given that both agents see the options in a different order, the key is to pick the option that is *most uniquely defined* regardless of ordering.  

The basic shapes list is: **Rectangle, Triangle, Circle, Square**.  

Among these:  
- “Square” is a specific type of rectangle (so Rectangle might be ambiguous).  
- “Circle” is the only one with no straight edges and perfectly round.  
- “Triangle” is the only one with exactly three sides.  

But because the order differs for each agent, we need a **salient** choice that stands out in *semantics*, not position.  
A common human coordination strategy is to pick the **first** in alphabetical order when order is unknown—  
Alphabetically: Circle, Rectangle, Square, Triangle → “Circle” is first.  

Alternatively, if not alphabetical, sometimes the most *distinct* (Circle) or the *simplest/most basic* (Circle) is chosen.  
In many experiments, “Circle” wins for distinctness.

I’ll go with **Circle**.  

**Circle**",Rectangle,"You are playing a coordination game with another agent.
If you both select the SAME option, you each get $1.
You cannot communicate - you must try to coordinate.
Note: The other agent sees the SAME options, but in a DIFFERENT order.

Basic Shapes
Options: Square, Triangle, Rectangle, Circle

Which option do you choose? Respond with the exact option text.",Square,Square,False
Geometric Shapes,"[""Triangle"", ""Square"", ""Pentagon"", ""Hexagon""]","[""Square"", ""Hexagon"", ""Pentagon"", ""Triangle""]","[""Triangle"", ""Pentagon"", ""Hexagon"", ""Square""]","You are playing a coordination game with another agent.
If you both select the SAME option, you each get $1.
You cannot communicate - you must try to coordinate.
Note: The other agent sees the SAME options, but in a DIFFERENT order.

Geometric Shapes
Options: Square, Hexagon, Pentagon, Triangle

Which option do you choose? Respond with the exact option text.",Triangle,Triangle,"You are playing a coordination game with another agent.
If you both select the SAME option, you each get $1.
You cannot communicate - you must try to coordinate.
Note: The other agent sees the SAME options, but in a DIFFERENT order.

Geometric Shapes
Options: Triangle, Pentagon, Hexagon, Square

Which option do you choose? Respond with the exact option text.",Square,Square,False
基本颜色,"[""红色"", ""蓝色"", ""绿色"", ""黄色""]","[""绿色"", ""红色"", ""黄色"", ""蓝色""]","[""黄色"", ""红色"", ""绿色"", ""蓝色""]","You are playing a coordination game with another agent.
If you both select the SAME option, you each get $1.
You cannot communicate - you must try to coordinate.
Note: The other agent sees the SAME options, but in a DIFFERENT order.

基本颜色
Options: 绿色, 红色, 黄色, 蓝色

Which option do you choose? Respond with the exact option text.",蓝色,蓝色,"You are playing a coordination game with another agent.
If you both select the SAME option, you each get $1.
You cannot communicate - you must try to coordinate.
Note: The other agent sees the SAME options, but in a DIFFERENT order.

基本颜色
Options: 黄色, 红色, 绿色, 蓝色

Which option do you choose? Respond with the exact option text.","蓝色  
(Blue is a basic color that stands out and may be a common focal point for coordination without communication, especially if it appears in both lists but in different positions.)",蓝色,True
暖色,"[""红色"", ""橙色"", ""黄色"", ""粉色""]","[""红色"", ""橙色"", ""黄色"", ""粉色""]","[""粉色"", ""黄色"", ""红色"", ""橙色""]","You are playing a coordination game with another agent.
If you both select the SAME option, you each get $1.
You cannot communicate - you must try to coordinate.
Note: The other agent sees the SAME options, but in a DIFFERENT order.

暖色
Options: 红色, 橙色, 黄色, 粉色

Which option do you choose? Respond with the exact option text.",红色,红色,"You are playing a coordination game with another agent.
If you both select the SAME option, you each get $1.
You cannot communicate - you must try to coordinate.
Note: The other agent sees the SAME options, but in a DIFFERENT order.

暖色
Options: 粉色, 黄色, 红色, 橙色

Which option do you choose? Respond with the exact option text.",红色,红色,True
冷色,"[""蓝色"", ""绿色"", ""紫色"", ""青色""]","[""蓝色"", ""绿色"", ""青色"", ""紫色""]","[""绿色"", ""紫色"", ""青色"", ""蓝色""]","You are playing a coordination game with another agent.
If you both select the SAME option, you each get $1.
You cannot communicate - you must try to coordinate.
Note: The other agent sees the SAME options, but in a DIFFERENT order.

冷色
Options: 蓝色, 绿色, 青色, 紫色

Which option do you choose? Respond with the exact option text.",蓝色,蓝色,"You are playing a coordination game with another agent.
If you both select the SAME option, you each get $1.
You cannot communicate - you must try to coordinate.
Note: The other agent sees the SAME options, but in a DIFFERENT order.

冷色
Options: 绿色, 紫色, 青色, 蓝色

Which option do you choose? Respond with the exact option text.","蓝色

The reason: ""冷色"" means ""cold colors."" Among the options, 蓝色 (blue) is typically the most universally associated with coldness. Even though colors appear in a different order for the other agent, picking the most stereotypical cold color gives the best chance of coordination.",蓝色,True
基本形状,"[""圆形"", ""方形"", ""三角形"", ""矩形""]","[""圆形"", ""三角形"", ""方形"", ""矩形""]","[""圆形"", ""方形"", ""三角形"", ""矩形""]","You are playing a coordination game with another agent.
If you both select the SAME option, you each get $1.
You cannot communicate - you must try to coordinate.
Note: The other agent sees the SAME options, but in a DIFFERENT order.

基本形状
Options: 圆形, 三角形, 方形, 矩形

Which option do you choose? Respond with the exact option text.",圆形,圆形,"You are playing a coordination game with another agent.
If you both select the SAME option, you each get $1.
You cannot communicate - you must try to coordinate.
Note: The other agent sees the SAME options, but in a DIFFERENT order.

基本形状
Options: 圆形, 方形, 三角形, 矩形

Which option do you choose? Respond with the exact option text.",圆形,圆形,True
几何图形,"[""三角形"", ""正方形"", ""五边形"", ""六边形""]","[""正方形"", ""三角形"", ""五边形"", ""六边形""]","[""正方形"", ""六边形"", ""五边形"", ""三角形""]","You are playing a coordination game with another agent.
If you both select the SAME option, you each get $1.
You cannot communicate - you must try to coordinate.
Note: The other agent sees the SAME options, but in a DIFFERENT order.

几何图形
Options: 正方形, 三角形, 五边形, 六边形

Which option do you choose? Respond with the exact option text.",三角形,三角形,"You are playing a coordination game with another agent.
If you both select the SAME option, you each get $1.
You cannot communicate - you must try to coordinate.
Note: The other agent sees the SAME options, but in a DIFFERENT order.

几何图形
Options: 正方形, 六边形, 五边形, 三角形

Which option do you choose? Respond with the exact option text.",正方形,正方形,False
Compass Directions,"[""North"", ""South"", ""East"", ""West""]","[""North"", ""West"", ""South"", ""East""]","[""East"", ""South"", ""West"", ""North""]","You are playing a coordination game with another agent.
If you both select the SAME option, you each get $1.
You cannot communicate - you must try to coordinate.
Note: The other agent sees the SAME options, but in a DIFFERENT order.

Compass Directions
Options: North, West, South, East

Which option do you choose? Respond with the exact option text.",North,North,"You are playing a coordination game with another agent.
If you both select the SAME option, you each get $1.
You cannot communicate - you must try to coordinate.
Note: The other agent sees the SAME options, but in a DIFFERENT order.

Compass Directions
Options: East, South, West, North

Which option do you choose? Respond with the exact option text.",East,East,False
Vertical Directions,"[""Up"", ""Down"", ""Left"", ""Right""]","[""Up"", ""Down"", ""Right"", ""Left""]","[""Down"", ""Right"", ""Left"", ""Up""]","You are playing a coordination game with another agent.
If you both select the SAME option, you each get $1.
You cannot communicate - you must try to coordinate.
Note: The other agent sees the SAME options, but in a DIFFERENT order.

Vertical Directions
Options: Up, Down, Right, Left

Which option do you choose? Respond with the exact option text.","Given that the other agent sees the same options but in a different order, the best way to coordinate without communication is to pick the option that is **most distinctive** regardless of order.

In a set like {Up, Down, Right, Left}, ""Right"" often stands out because it’s the only one that is not strictly vertical when considering typical directional layouts — especially since the list is labeled **""Vertical Directions""** but includes ""Right"" and ""Left"" as well. This mismatch might make ""Right"" or ""Left"" salient.

However, because the other agent sees a different arrangement, picking the **first** in your own list is not reliable unless we know the other agent will also pick first in their list.

A common solution in such coordination games is to choose the option that is **lexicographically first** or **most commonly chosen** in such experiments.  
In experiments, ""Up"" is often chosen because it’s first in many lists and is a natural starting point. But here, the list order for you is:  
Up, Down, Right, Left.

But if the other agent’s order is different, maybe alphabetical order could be a symmetric reasoning anchor for both:  
Alphabetically: Down, Left, Right, Up → first is Down.  
But alphabetical ordering is independent of visual order, so both could realize that.

Another angle: the label says ""Vertical Directions"" — that could signal to exclude Right and Left, then among Up and Down, Up is more common in ""top of mind"" choices.

Given this reasoning, many players would settle on **Up** as the most natural focal point in a vertical context.

So I will choose:  
**Up**",Right,"You are playing a coordination game with another agent.
If you both select the SAME option, you each get $1.
You cannot communicate - you must try to coordinate.
Note: The other agent sees the SAME options, but in a DIFFERENT order.

Vertical Directions
Options: Down, Right, Left, Up

Which option do you choose? Respond with the exact option text.",Down,Down,False
Spatial Relations,"[""Above"", ""Below"", ""Left"", ""Right""]","[""Right"", ""Above"", ""Below"", ""Left""]","[""Below"", ""Above"", ""Right"", ""Left""]","You are playing a coordination game with another agent.
If you both select the SAME option, you each get $1.
You cannot communicate - you must try to coordinate.
Note: The other agent sees the SAME options, but in a DIFFERENT order.

Spatial Relations
Options: Right, Above, Below, Left

Which option do you choose? Respond with the exact option text.",Right,Right,"You are playing a coordination game with another agent.
If you both select the SAME option, you each get $1.
You cannot communicate - you must try to coordinate.
Note: The other agent sees the SAME options, but in a DIFFERENT order.

Spatial Relations
Options: Below, Above, Right, Left

Which option do you choose? Respond with the exact option text.",Above,Above,False
Extremes of Size,"[""Tiny"", ""Small"", ""Large"", ""Huge""]","[""Small"", ""Large"", ""Huge"", ""Tiny""]","[""Large"", ""Huge"", ""Tiny"", ""Small""]","You are playing a coordination game with another agent.
If you both select the SAME option, you each get $1.
You cannot communicate - you must try to coordinate.
Note: The other agent sees the SAME options, but in a DIFFERENT order.

Extremes of Size
Options: Small, Large, Huge, Tiny

Which option do you choose? Respond with the exact option text.",Tiny,Tiny,"You are playing a coordination game with another agent.
If you both select the SAME option, you each get $1.
You cannot communicate - you must try to coordinate.
Note: The other agent sees the SAME options, but in a DIFFERENT order.

Extremes of Size
Options: Large, Huge, Tiny, Small

Which option do you choose? Respond with the exact option text.",Small,Small,False
Extremes of Temperature,"[""Freezing"", ""Cold"", ""Hot"", ""Boiling""]","[""Boiling"", ""Cold"", ""Hot"", ""Freezing""]","[""Hot"", ""Boiling"", ""Freezing"", ""Cold""]","You are playing a coordination game with another agent.
If you both select the SAME option, you each get $1.
You cannot communicate - you must try to coordinate.
Note: The other agent sees the SAME options, but in a DIFFERENT order.

Extremes of Temperature
Options: Boiling, Cold, Hot, Freezing

Which option do you choose? Respond with the exact option text.","Given that we cannot communicate, I must consider what the other agent is likely to choose when seeing the same options but in a different order.  

A natural focal point in such coordination games is to pick the **first** option in your own list — but I know the other agent sees a different order, so their ""first"" is different.  

To maximize the chance we pick the same, a common approach is to pick the **lexicographically first** option (by alphabetical order) in the **set**, because alphabetical order is fixed and independent of how the options are presented to each of us.  

The options are:  
Boiling, Cold, Hot, Freezing  

Sorted alphabetically:  
Boiling, Cold, Freezing, Hot  

The first alphabetical option is **Boiling**.  

So I’ll choose Boiling.  

**Answer:** Boiling",Freezing,"You are playing a coordination game with another agent.
If you both select the SAME option, you each get $1.
You cannot communicate - you must try to coordinate.
Note: The other agent sees the SAME options, but in a DIFFERENT order.

Extremes of Temperature
Options: Hot, Boiling, Freezing, Cold

Which option do you choose? Respond with the exact option text.",Cold,Cold,False
方向,"[""东"", ""南"", ""西"", ""北""]","[""南"", ""北"", ""东"", ""西""]","[""西"", ""北"", ""东"", ""南""]","You are playing a coordination game with another agent.
If you both select the SAME option, you each get $1.
You cannot communicate - you must try to coordinate.
Note: The other agent sees the SAME options, but in a DIFFERENT order.

方向
Options: 南, 北, 东, 西

Which option do you choose? Respond with the exact option text.",东,东,"You are playing a coordination game with another agent.
If you both select the SAME option, you each get $1.
You cannot communicate - you must try to coordinate.
Note: The other agent sees the SAME options, but in a DIFFERENT order.

方向
Options: 西, 北, 东, 南

Which option do you choose? Respond with the exact option text.",西,西,False
空间方位,"[""上"", ""下"", ""左"", ""右""]","[""上"", ""右"", ""左"", ""下""]","[""上"", ""下"", ""右"", ""左""]","You are playing a coordination game with another agent.
If you both select the SAME option, you each get $1.
You cannot communicate - you must try to coordinate.
Note: The other agent sees the SAME options, but in a DIFFERENT order.

空间方位
Options: 上, 右, 左, 下

Which option do you choose? Respond with the exact option text.",下,下,"You are playing a coordination game with another agent.
If you both select the SAME option, you each get $1.
You cannot communicate - you must try to coordinate.
Note: The other agent sees the SAME options, but in a DIFFERENT order.

空间方位
Options: 上, 下, 右, 左

Which option do you choose? Respond with the exact option text.",上,上,False
大小极端,"[""极小"", ""小"", ""大"", ""极大""]","[""极大"", ""小"", ""极小"", ""大""]","[""小"", ""极大"", ""极小"", ""大""]","You are playing a coordination game with another agent.
If you both select the SAME option, you each get $1.
You cannot communicate - you must try to coordinate.
Note: The other agent sees the SAME options, but in a DIFFERENT order.

大小极端
Options: 极大, 小, 极小, 大

Which option do you choose? Respond with the exact option text.","Let’s break this down.

We need to coordinate by choosing the same option as the other agent, but the options are shown in different orders to each of us.  
The options are: **极大**, **小**, **极小**, **大**  
Translation: ""extremely large"", ""small"", ""extremely small"", ""large"".

The name of the game is **""大小极端""** (""Big Small Extremes"").

When the other player sees the same options but in a different order, the only way to coordinate without communication is to pick an option that stands out logically or linguistically.  

A common strategy in such coordination games is to pick the **first** in the list you see — but here, both players see different orders, so ""first"" for me might not be first for them.

However, the game title “大小极端” puts emphasis on “big” (大) and “small” (小), and the extremes (极大, 极小).  
Sometimes in such games, picking the **first unique or symmetric** option helps.

But if orders differ, the most robust is to pick the **option that is most salient** independent of order.  
""极大"" (""extremely large"") is linguistically prominent here — it’s the most extreme in one direction and has ""极"" (extreme) in it, matching the title’s “极端”.

Also, in some coordination experiments, people tend toward ""extremely large"" when it's an option, because it feels like a focal point.

Given no other info, I’ll choose:

**极大**",极小,"You are playing a coordination game with another agent.
If you both select the SAME option, you each get $1.
You cannot communicate - you must try to coordinate.
Note: The other agent sees the SAME options, but in a DIFFERENT order.

大小极端
Options: 小, 极大, 极小, 大

Which option do you choose? Respond with the exact option text.",小,小,False
温度极端,"[""冰冷"", ""冷"", ""热"", ""滚烫""]","[""冷"", ""冰冷"", ""热"", ""滚烫""]","[""冷"", ""热"", ""滚烫"", ""冰冷""]","You are playing a coordination game with another agent.
If you both select the SAME option, you each get $1.
You cannot communicate - you must try to coordinate.
Note: The other agent sees the SAME options, but in a DIFFERENT order.

温度极端
Options: 冷, 冰冷, 热, 滚烫

Which option do you choose? Respond with the exact option text.",冰冷,冰冷,"You are playing a coordination game with another agent.
If you both select the SAME option, you each get $1.
You cannot communicate - you must try to coordinate.
Note: The other agent sees the SAME options, but in a DIFFERENT order.

温度极端
Options: 冷, 热, 滚烫, 冰冷

Which option do you choose? Respond with the exact option text.",冰冷,冰冷,True
速度,"[""缓慢"", ""快"", ""迅速"", ""飞速""]","[""缓慢"", ""迅速"", ""飞速"", ""快""]","[""快"", ""迅速"", ""飞速"", ""缓慢""]","You are playing a coordination game with another agent.
If you both select the SAME option, you each get $1.
You cannot communicate - you must try to coordinate.
Note: The other agent sees the SAME options, but in a DIFFERENT order.

速度
Options: 缓慢, 迅速, 飞速, 快

Which option do you choose? Respond with the exact option text.",迅速,迅速,"You are playing a coordination game with another agent.
If you both select the SAME option, you each get $1.
You cannot communicate - you must try to coordinate.
Note: The other agent sees the SAME options, but in a DIFFERENT order.

速度
Options: 快, 迅速, 飞速, 缓慢

Which option do you choose? Respond with the exact option text.",快,快,False
Extremes of Speed,"[""Slow"", ""Fast"", ""Quick"", ""Rapid""]","[""Rapid"", ""Slow"", ""Fast"", ""Quick""]","[""Quick"", ""Rapid"", ""Slow"", ""Fast""]","You are playing a coordination game with another agent.
If you both select the SAME option, you each get $1.
You cannot communicate - you must try to coordinate.
Note: The other agent sees the SAME options, but in a DIFFERENT order.

Extremes of Speed
Options: Rapid, Slow, Fast, Quick

Which option do you choose? Respond with the exact option text.",Quick,Quick,"You are playing a coordination game with another agent.
If you both select the SAME option, you each get $1.
You cannot communicate - you must try to coordinate.
Note: The other agent sees the SAME options, but in a DIFFERENT order.

Extremes of Speed
Options: Quick, Rapid, Slow, Fast

Which option do you choose? Respond with the exact option text.",Fast,Fast,False
Extremes of Weight,"[""Feather"", ""Stone"", ""Boulder"", ""Mountain""]","[""Feather"", ""Boulder"", ""Mountain"", ""Stone""]","[""Mountain"", ""Feather"", ""Stone"", ""Boulder""]","You are playing a coordination game with another agent.
If you both select the SAME option, you each get $1.
You cannot communicate - you must try to coordinate.
Note: The other agent sees the SAME options, but in a DIFFERENT order.

Extremes of Weight
Options: Feather, Boulder, Mountain, Stone

Which option do you choose? Respond with the exact option text.",Stone,Stone,"You are playing a coordination game with another agent.
If you both select the SAME option, you each get $1.
You cannot communicate - you must try to coordinate.
Note: The other agent sees the SAME options, but in a DIFFERENT order.

Extremes of Weight
Options: Mountain, Feather, Stone, Boulder

Which option do you choose? Respond with the exact option text.",Stone,Stone,True
Light and Dark,"[""Dawn"", ""Dusk"", ""Midnight"", ""Noon""]","[""Midnight"", ""Dawn"", ""Noon"", ""Dusk""]","[""Midnight"", ""Dusk"", ""Dawn"", ""Noon""]","You are playing a coordination game with another agent.
If you both select the SAME option, you each get $1.
You cannot communicate - you must try to coordinate.
Note: The other agent sees the SAME options, but in a DIFFERENT order.

Light and Dark
Options: Midnight, Dawn, Noon, Dusk

Which option do you choose? Respond with the exact option text.","Let’s break this down.

We both see the same options, but in a different order.  
I have to pick the exact same option as the other agent, without communication.

A common coordination strategy in such games is to pick something **salient in meaning** rather than position, since we can’t rely on the order being the same for both of us.

---

Given the theme **Light and Dark** and the options **Midnight, Dawn, Noon, Dusk**:

- **Midnight** is the darkest.  
- **Noon** is the brightest.  
- Dawn and Dusk are intermediate/twilight.

Among these, **Noon** stands out as the “most light” choice, which is symmetric in concept (doesn’t depend on ordering) and clearly corresponds to one end of the light–dark spectrum.  
Midnight would be the opposite end, but noon might be slightly more commonly chosen as “default” in coordination games due to positivity and clear association with “light.”

Also, if we’re to coordinate without communicating, picking the extreme on the “light” side may be natural because the category is listed as **“Light and Dark”** with Light first — possibly signaling a slight nudge toward Light-associated choice.

---

I think the best choice is:

**Noon**",Midnight,"You are playing a coordination game with another agent.
If you both select the SAME option, you each get $1.
You cannot communicate - you must try to coordinate.
Note: The other agent sees the SAME options, but in a DIFFERENT order.

Light and Dark
Options: Midnight, Dusk, Dawn, Noon

Which option do you choose? Respond with the exact option text.","I’ll choose **Noon**.

It’s a natural focal point because it’s the most clearly defined “light” option among the four, and common in coordination games as the default choice.",Noon,False
Sound Levels,"[""Whisper"", ""Murmur"", ""Shout"", ""Scream""]","[""Murmur"", ""Shout"", ""Scream"", ""Whisper""]","[""Scream"", ""Shout"", ""Whisper"", ""Murmur""]","You are playing a coordination game with another agent.
If you both select the SAME option, you each get $1.
You cannot communicate - you must try to coordinate.
Note: The other agent sees the SAME options, but in a DIFFERENT order.

Sound Levels
Options: Murmur, Shout, Scream, Whisper

Which option do you choose? Respond with the exact option text.",Whisper,Whisper,"You are playing a coordination game with another agent.
If you both select the SAME option, you each get $1.
You cannot communicate - you must try to coordinate.
Note: The other agent sees the SAME options, but in a DIFFERENT order.

Sound Levels
Options: Scream, Shout, Whisper, Murmur

Which option do you choose? Respond with the exact option text.",Whisper,Whisper,True
Texture Words,"[""Smooth"", ""Rough"", ""Soft"", ""Hard""]","[""Smooth"", ""Rough"", ""Soft"", ""Hard""]","[""Hard"", ""Soft"", ""Rough"", ""Smooth""]","You are playing a coordination game with another agent.
If you both select the SAME option, you each get $1.
You cannot communicate - you must try to coordinate.
Note: The other agent sees the SAME options, but in a DIFFERENT order.

Texture Words
Options: Smooth, Rough, Soft, Hard

Which option do you choose? Respond with the exact option text.",Smooth,Smooth,"You are playing a coordination game with another agent.
If you both select the SAME option, you each get $1.
You cannot communicate - you must try to coordinate.
Note: The other agent sees the SAME options, but in a DIFFERENT order.

Texture Words
Options: Hard, Soft, Rough, Smooth

Which option do you choose? Respond with the exact option text.","Given that we cannot communicate, the best strategy is to pick the most **salient** option — the one most likely to be chosen by the other person independently.

Here, the other agent sees the options in a different order, so alphabetical order or position-based reasoning won’t work.  
We need a universally recognizable common choice among *Hard, Soft, Rough, Smooth*.

“Hard” and “Soft” are more common and are often paired opposites. Among those, “Soft” might be less expected than “Hard” in many contexts, but the most *obvious* coordinating choice is often the **first in alphabetical order** if both reason the same way — but alphabetical changes if order changes.  

However, if both players realize alphabetical order is unstable, they might instead pick the **first in the original list they see** — but lists differ.  

The safest is to choose the most **distinctive or conceptually central** word.  
In texture words, “Soft” is pleasant and common, but “Hard” is also common.  
Given no other clues, many coordination games like this converge on the **first word in the list** from one’s own perspective, but here they know order is scrambled, so they might instead choose the word that’s **first alphabetically overall** (Hard) because both can deduce that regardless of visual order.

Checking alphabetically: Hard, Rough, Smooth, Soft → “Hard” is first.

I’ll go with **Hard**.

**Answer:** Hard",Smooth,True
明暗程度,"[""昏暗"", ""微光"", ""明亮"", ""刺眼""]","[""微光"", ""昏暗"", ""明亮"", ""刺眼""]","[""微光"", ""刺眼"", ""昏暗"", ""明亮""]","You are playing a coordination game with another agent.
If you both select the SAME option, you each get $1.
You cannot communicate - you must try to coordinate.
Note: The other agent sees the SAME options, but in a DIFFERENT order.

明暗程度
Options: 微光, 昏暗, 明亮, 刺眼

Which option do you choose? Respond with the exact option text.",明亮,明亮,"You are playing a coordination game with another agent.
If you both select the SAME option, you each get $1.
You cannot communicate - you must try to coordinate.
Note: The other agent sees the SAME options, but in a DIFFERENT order.

明暗程度
Options: 微光, 刺眼, 昏暗, 明亮

Which option do you choose? Respond with the exact option text.",明亮,明亮,True
声音大小,"[""耳语"", ""低语"", ""喊叫"", ""尖叫""]","[""尖叫"", ""低语"", ""喊叫"", ""耳语""]","[""低语"", ""喊叫"", ""尖叫"", ""耳语""]","You are playing a coordination game with another agent.
If you both select the SAME option, you each get $1.
You cannot communicate - you must try to coordinate.
Note: The other agent sees the SAME options, but in a DIFFERENT order.

声音大小
Options: 尖叫, 低语, 喊叫, 耳语

Which option do you choose? Respond with the exact option text.",耳语,耳语,"You are playing a coordination game with another agent.
If you both select the SAME option, you each get $1.
You cannot communicate - you must try to coordinate.
Note: The other agent sees the SAME options, but in a DIFFERENT order.

声音大小
Options: 低语, 喊叫, 尖叫, 耳语

Which option do you choose? Respond with the exact option text.",耳语,耳语,True
质感,"[""光滑"", ""粗糙"", ""柔软"", ""坚硬""]","[""光滑"", ""粗糙"", ""柔软"", ""坚硬""]","[""坚硬"", ""柔软"", ""光滑"", ""粗糙""]","You are playing a coordination game with another agent.
If you both select the SAME option, you each get $1.
You cannot communicate - you must try to coordinate.
Note: The other agent sees the SAME options, but in a DIFFERENT order.

质感
Options: 光滑, 粗糙, 柔软, 坚硬

Which option do you choose? Respond with the exact option text.",坚硬,坚硬,"You are playing a coordination game with another agent.
If you both select the SAME option, you each get $1.
You cannot communicate - you must try to coordinate.
Note: The other agent sees the SAME options, but in a DIFFERENT order.

质感
Options: 坚硬, 柔软, 光滑, 粗糙

Which option do you choose? Respond with the exact option text.",光滑,光滑,False
线条类型,"[""直线"", ""曲线"", ""折线"", ""螺旋""]","[""螺旋"", ""曲线"", ""直线"", ""折线""]","[""螺旋"", ""直线"", ""曲线"", ""折线""]","You are playing a coordination game with another agent.
If you both select the SAME option, you each get $1.
You cannot communicate - you must try to coordinate.
Note: The other agent sees the SAME options, but in a DIFFERENT order.

线条类型
Options: 螺旋, 曲线, 直线, 折线

Which option do you choose? Respond with the exact option text.",螺旋,螺旋,"You are playing a coordination game with another agent.
If you both select the SAME option, you each get $1.
You cannot communicate - you must try to coordinate.
Note: The other agent sees the SAME options, but in a DIFFERENT order.

线条类型
Options: 螺旋, 直线, 曲线, 折线

Which option do you choose? Respond with the exact option text.",曲线,曲线,False
亮度级别,"[""暗淡"", ""微亮"", ""明亮"", ""耀眼""]","[""明亮"", ""暗淡"", ""耀眼"", ""微亮""]","[""微亮"", ""明亮"", ""暗淡"", ""耀眼""]","You are playing a coordination game with another agent.
If you both select the SAME option, you each get $1.
You cannot communicate - you must try to coordinate.
Note: The other agent sees the SAME options, but in a DIFFERENT order.

亮度级别
Options: 明亮, 暗淡, 耀眼, 微亮

Which option do you choose? Respond with the exact option text.",微亮,微亮,"You are playing a coordination game with another agent.
If you both select the SAME option, you each get $1.
You cannot communicate - you must try to coordinate.
Note: The other agent sees the SAME options, but in a DIFFERENT order.

亮度级别
Options: 微亮, 明亮, 暗淡, 耀眼

Which option do you choose? Respond with the exact option text.","耀眼

I choose the most distinctive and salient term from the list: ""耀眼"" (dazzling/bright/glaring). In a coordination game with no communication and scrambled order, people often try to select the most unique, extreme, or memorable option to increase the chance the other picks the same one. ""耀眼"" stands out as the most intense descriptor in the list.",耀眼,False
Basic Patterns,"[""Stripe"", ""Dot"", ""Check"", ""Wave""]","[""Wave"", ""Stripe"", ""Dot"", ""Check""]","[""Stripe"", ""Check"", ""Dot"", ""Wave""]","You are playing a coordination game with another agent.
If you both select the SAME option, you each get $1.
You cannot communicate - you must try to coordinate.
Note: The other agent sees the SAME options, but in a DIFFERENT order.

Basic Patterns
Options: Wave, Stripe, Dot, Check

Which option do you choose? Respond with the exact option text.",Wave,Wave,"You are playing a coordination game with another agent.
If you both select the SAME option, you each get $1.
You cannot communicate - you must try to coordinate.
Note: The other agent sees the SAME options, but in a DIFFERENT order.

Basic Patterns
Options: Stripe, Check, Dot, Wave

Which option do you choose? Respond with the exact option text.",Stripe,Stripe,False
Line Types,"[""Straight"", ""Curved"", ""Zigzag"", ""Spiral""]","[""Zigzag"", ""Spiral"", ""Curved"", ""Straight""]","[""Zigzag"", ""Spiral"", ""Straight"", ""Curved""]","You are playing a coordination game with another agent.
If you both select the SAME option, you each get $1.
You cannot communicate - you must try to coordinate.
Note: The other agent sees the SAME options, but in a DIFFERENT order.

Line Types
Options: Zigzag, Spiral, Curved, Straight

Which option do you choose? Respond with the exact option text.",Straight,Straight,"You are playing a coordination game with another agent.
If you both select the SAME option, you each get $1.
You cannot communicate - you must try to coordinate.
Note: The other agent sees the SAME options, but in a DIFFERENT order.

Line Types
Options: Zigzag, Spiral, Straight, Curved

Which option do you choose? Respond with the exact option text.",Straight,Straight,True
Depth Levels,"[""Surface"", ""Shallow"", ""Deep"", ""Bottomless""]","[""Deep"", ""Bottomless"", ""Shallow"", ""Surface""]","[""Bottomless"", ""Surface"", ""Shallow"", ""Deep""]","You are playing a coordination game with another agent.
If you both select the SAME option, you each get $1.
You cannot communicate - you must try to coordinate.
Note: The other agent sees the SAME options, but in a DIFFERENT order.

Depth Levels
Options: Deep, Bottomless, Shallow, Surface

Which option do you choose? Respond with the exact option text.","Given the setup, I need to pick the option most likely to be chosen by both of us, even though the other agent sees the options in a different order.  

The key is to find a focal point — something that stands out as a natural default for coordination without communication.  

Among “Deep, Bottomless, Shallow, Surface,” the most natural focal point is **Surface** because:  

1. It contrasts with the others as the topmost or simplest in the “depth” theme.  
2. It’s the only one that means “top” while the others mean various levels of depth.  
3. Alphabetically, it’s last, but the other agent sees a different order — so alphabetical won’t help. However, conceptually it stands out as the opposite of the depth theme.  

Choosing “Surface” feels like the most likely common choice when people try to coordinate without communication.  

**Surface**",Bottomless,"You are playing a coordination game with another agent.
If you both select the SAME option, you each get $1.
You cannot communicate - you must try to coordinate.
Note: The other agent sees the SAME options, but in a DIFFERENT order.

Depth Levels
Options: Bottomless, Surface, Shallow, Deep

Which option do you choose? Respond with the exact option text.",Surface,Surface,False
Brightness Levels,"[""Dim"", ""Glow"", ""Bright"", ""Blinding""]","[""Bright"", ""Glow"", ""Blinding"", ""Dim""]","[""Bright"", ""Blinding"", ""Dim"", ""Glow""]","You are playing a coordination game with another agent.
If you both select the SAME option, you each get $1.
You cannot communicate - you must try to coordinate.
Note: The other agent sees the SAME options, but in a DIFFERENT order.

Brightness Levels
Options: Bright, Glow, Blinding, Dim

Which option do you choose? Respond with the exact option text.","Given the constraints and lack of communication, I need to pick the option that is most likely to be chosen by the other agent when seeing the same set but in a different random order.  
A common coordination heuristic in such games is to pick the **first** or **most distinctive** option in my own list and hope the other agent does the same in their list — but since the order is scrambled, we need a rule both would likely follow.  

The options are: Bright, Glow, Blinding, Dim.

""Bright"" and ""Dim"" are opposites and might stand out as natural focal points. ""Blinding"" is more intense than ""Bright,"" but ""Bright"" is more common in everyday language.  

Many coordination games with symmetric but reordered options favor picking **alphabetical first** in your own list — but that fails because order differs.  
Alternatively, the most **salient** or **common** term could work.

In my list, order is: Bright, Glow, Blinding, Dim.

Since the other agent sees them scrambled, the only thing both see identically is the set itself, not the order.  
We must find a property that is order-independent but likely to be chosen by both.  

Often in these setups, people pick the **alphabetically first item overall** (e.g., ""Blinding"" comes before ""Bright""? Let’s check:  
Alphabetical order of the four:  
1. Blinding  
2. Bright  
3. Dim  
4. Glow  

So ""Blinding"" is first alphabetically. If both of us independently decide to pick the alphabetically first item from the set, we coordinate regardless of list order.

That seems the most reliable symmetric reasoning in this case.

Therefore, I’ll choose:

**Blinding**",Blinding,"You are playing a coordination game with another agent.
If you both select the SAME option, you each get $1.
You cannot communicate - you must try to coordinate.
Note: The other agent sees the SAME options, but in a DIFFERENT order.

Brightness Levels
Options: Bright, Blinding, Dim, Glow

Which option do you choose? Respond with the exact option text.","Given that we need to coordinate without communication and the other agent sees the same options but in a different order, the best strategy is to pick the one that seems most ""focal"" or likely to be chosen independently by both.  

Often in such coordination games, picking the first option in your own list can work, but if the other person sees a different order, they might not pick the same first option. Instead, picking the most salient or commonly expected choice helps.  

Among “Bright, Blinding, Dim, Glow,” the most neutral and central term is **Bright**, because it’s the default or middle concept in brightness levels, not extreme like “Blinding” or “Dim.” “Glow” is less standard as a brightness level.  

I’ll go with: **Bright**.  

**Bright**",Blinding,True
Color Families,"[""Red"", ""Blue"", ""Green"", ""Black""]","[""Green"", ""Red"", ""Black"", ""Blue""]","[""Green"", ""Blue"", ""Black"", ""Red""]","You are playing a coordination game with another agent.
If you both select the SAME option, you each get $1.
You cannot communicate - you must try to coordinate.
Note: The other agent sees the SAME options, but in a DIFFERENT order.

Color Families
Options: Green, Red, Black, Blue

Which option do you choose? Respond with the exact option text.",Green,Green,"You are playing a coordination game with another agent.
If you both select the SAME option, you each get $1.
You cannot communicate - you must try to coordinate.
Note: The other agent sees the SAME options, but in a DIFFERENT order.

Color Families
Options: Green, Blue, Black, Red

Which option do you choose? Respond with the exact option text.",Blue,Blue,False
深浅程度,"[""表面"", ""浅"", ""深"", ""极深""]","[""表面"", ""浅"", ""极深"", ""深""]","[""极深"", ""深"", ""表面"", ""浅""]","You are playing a coordination game with another agent.
If you both select the SAME option, you each get $1.
You cannot communicate - you must try to coordinate.
Note: The other agent sees the SAME options, but in a DIFFERENT order.

深浅程度
Options: 表面, 浅, 极深, 深

Which option do you choose? Respond with the exact option text.",深,深,"You are playing a coordination game with another agent.
If you both select the SAME option, you each get $1.
You cannot communicate - you must try to coordinate.
Note: The other agent sees the SAME options, but in a DIFFERENT order.

深浅程度
Options: 极深, 深, 表面, 浅

Which option do you choose? Respond with the exact option text.",浅,浅,False
图案,"[""条纹"", ""圆点"", ""格子"", ""波浪""]","[""格子"", ""波浪"", ""条纹"", ""圆点""]","[""波浪"", ""格子"", ""条纹"", ""圆点""]","You are playing a coordination game with another agent.
If you both select the SAME option, you each get $1.
You cannot communicate - you must try to coordinate.
Note: The other agent sees the SAME options, but in a DIFFERENT order.

图案
Options: 格子, 波浪, 条纹, 圆点

Which option do you choose? Respond with the exact option text.","Given that the other agent sees the same options in a different order, the key to coordination is to pick an option that can be uniquely identified regardless of order.  
The only reliable anchor is the option’s name, not its position in a list.

Since all options are distinct names (格子, 波浪, 条纹, 圆点), I should choose one that is either:
- First in alphabetical order in Chinese, or
- Commonly salient in similar coordination games.

In Chinese, if we sort by pinyin:  
格子 (gé zi)  
波浪 (bō làng)  
条纹 (tiáo wén)  
圆点 (yuán diǎn)  

The first alphabetically by pinyin is **波浪** (bō làng, B comes before G, T, Y in pinyin order).  
This is a common focal point in “no communication, different order” games — pick the first in alphabetical order in the local language, since both players can deduce that rule.

Therefore, I choose:

波浪",条纹,"You are playing a coordination game with another agent.
If you both select the SAME option, you each get $1.
You cannot communicate - you must try to coordinate.
Note: The other agent sees the SAME options, but in a DIFFERENT order.

图案
Options: 波浪, 格子, 条纹, 圆点

Which option do you choose? Respond with the exact option text.",圆点,圆点,False
颜色系列,"[""红色"", ""蓝色"", ""绿色"", ""黑色""]","[""黑色"", ""红色"", ""蓝色"", ""绿色""]","[""黑色"", ""绿色"", ""红色"", ""蓝色""]","You are playing a coordination game with another agent.
If you both select the SAME option, you each get $1.
You cannot communicate - you must try to coordinate.
Note: The other agent sees the SAME options, but in a DIFFERENT order.

颜色系列
Options: 黑色, 红色, 蓝色, 绿色

Which option do you choose? Respond with the exact option text.",黑色,黑色,"You are playing a coordination game with another agent.
If you both select the SAME option, you each get $1.
You cannot communicate - you must try to coordinate.
Note: The other agent sees the SAME options, but in a DIFFERENT order.

颜色系列
Options: 黑色, 绿色, 红色, 蓝色

Which option do you choose? Respond with the exact option text.","Given the coordination game context and the fact that both of us see the same options but in a different order, the key is to pick the one most likely to be chosen by the other agent without communication.  

A common approach in such problems is to choose the option that stands out in some invariant way, regardless of order—for example, the first in alphabetical order in one consistent language, or sometimes picking the most ""salient"" or commonly favored color in coordination experiments.  

Here, the colors in Chinese are: 黑色 (black), 绿色 (green), 红色 (red), 蓝色 (blue).  
A reasonable focal point in many studies is **红色 (red)** because red is often considered a salient or primary color that people default to when asked to pick a color quickly without communication.  

So I’ll choose:

红色",红色,False
光线,"[""晨光"", ""暮光"", ""正午"", ""午夜""]","[""晨光"", ""正午"", ""暮光"", ""午夜""]","[""正午"", ""暮光"", ""午夜"", ""晨光""]","You are playing a coordination game with another agent.
If you both select the SAME option, you each get $1.
You cannot communicate - you must try to coordinate.
Note: The other agent sees the SAME options, but in a DIFFERENT order.

光线
Options: 晨光, 正午, 暮光, 午夜

Which option do you choose? Respond with the exact option text.",晨光,晨光,"You are playing a coordination game with another agent.
If you both select the SAME option, you each get $1.
You cannot communicate - you must try to coordinate.
Note: The other agent sees the SAME options, but in a DIFFERENT order.

光线
Options: 正午, 暮光, 午夜, 晨光

Which option do you choose? Respond with the exact option text.","晨光  

Since we both see the options in a different order, choosing the most salient or natural option from a fixed perspective might not coordinate us.  
But “光线” means “light” or “ray of light,” so perhaps the most logical association with “光线” in a sequence of time-related options is **晨光** (“morning light”), as it’s a direct and common reference to light in daily terms.  

I’ll pick **晨光** and hope the other agent reasons similarly.",晨光,True
声音频率,"[""低沉"", ""柔和"", ""响亮"", ""尖锐""]","[""响亮"", ""尖锐"", ""柔和"", ""低沉""]","[""低沉"", ""柔和"", ""尖锐"", ""响亮""]","You are playing a coordination game with another agent.
If you both select the SAME option, you each get $1.
You cannot communicate - you must try to coordinate.
Note: The other agent sees the SAME options, but in a DIFFERENT order.

声音频率
Options: 响亮, 尖锐, 柔和, 低沉

Which option do you choose? Respond with the exact option text.",尖锐,尖锐,"You are playing a coordination game with another agent.
If you both select the SAME option, you each get $1.
You cannot communicate - you must try to coordinate.
Note: The other agent sees the SAME options, but in a DIFFERENT order.

声音频率
Options: 低沉, 柔和, 尖锐, 响亮

Which option do you choose? Respond with the exact option text.",低沉,低沉,False
Single Digit Numbers,"[""7"", ""3"", ""5"", ""9""]","[""9"", ""3"", ""5"", ""7""]","[""7"", ""5"", ""9"", ""3""]","You are playing a coordination game with another agent.
If you both select the SAME option, you each get $1.
You cannot communicate - you must try to coordinate.
Note: The other agent sees the SAME options, but in a DIFFERENT order.

Single Digit Numbers
Options: 9, 3, 5, 7

Which option do you choose? Respond with the exact option text.","In a coordination game with identical options but different orders, the goal is to pick the one most likely to be chosen by the other agent.  

Given the set **{9, 3, 5, 7}**, all single-digit odd numbers, I’d think about **salience**.  
- 9 is the largest.  
- 3 is the smallest.  
- 7 and 5 are in the middle.  

If I assume the other person is thinking the same way, **largest** is often a natural focal point.  
Also, 9 is unique as the only single-digit number ending the sequence of odd digits, which could make it more memorable.  

Between “largest” vs “smallest,” largest (9) is a common Schelling point in such games.  

My choice: **9**  

**Answer: 9**",7,"You are playing a coordination game with another agent.
If you both select the SAME option, you each get $1.
You cannot communicate - you must try to coordinate.
Note: The other agent sees the SAME options, but in a DIFFERENT order.

Single Digit Numbers
Options: 7, 5, 9, 3

Which option do you choose? Respond with the exact option text.",7,7,True
Round Numbers,"[""10"", ""50"", ""100"", ""1000""]","[""100"", ""10"", ""50"", ""1000""]","[""1000"", ""100"", ""50"", ""10""]","You are playing a coordination game with another agent.
If you both select the SAME option, you each get $1.
You cannot communicate - you must try to coordinate.
Note: The other agent sees the SAME options, but in a DIFFERENT order.

Round Numbers
Options: 100, 10, 50, 1000

Which option do you choose? Respond with the exact option text.",I’ll pick **1000** because it’s the most visually distinctive number in the list and likely to stand out to the other agent despite the reordering — assuming they also recognize the largest/most unique value as a natural focal point for coordination.,1000,"You are playing a coordination game with another agent.
If you both select the SAME option, you each get $1.
You cannot communicate - you must try to coordinate.
Note: The other agent sees the SAME options, but in a DIFFERENT order.

Round Numbers
Options: 1000, 100, 50, 10

Which option do you choose? Respond with the exact option text.","Let’s reason through this.

Since the options are shown to both players in a different order, I can’t rely on “first” or “last” in the list as a common focal point for coordination.  
However, the problem says the **options themselves** are identical — just the order they appear in differs per player.

Common focal points in coordination games without communication are often:  
- **Extremes** (largest number or smallest number)  
- **Round numbers** (note: here they are all round numbers in some sense)  
- **Salience in human thinking** (people often pick the biggest number when the task is to match without talking)

Since the biggest number stands out in magnitude regardless of order, and humans in such coordination experiments frequently choose the largest value to maximize payoff and match likelihood, the best choice is:  
**1000**

Therefore, I will choose:  
1000",1000,True
Lucky Numbers,"[""7"", ""8"", ""3"", ""11""]","[""7"", ""3"", ""11"", ""8""]","[""7"", ""11"", ""3"", ""8""]","You are playing a coordination game with another agent.
If you both select the SAME option, you each get $1.
You cannot communicate - you must try to coordinate.
Note: The other agent sees the SAME options, but in a DIFFERENT order.

Lucky Numbers
Options: 7, 3, 11, 8

Which option do you choose? Respond with the exact option text.","Given that the other agent sees the same options but in a different order, the key to coordinating is to pick something both players will choose independently even when the order differs.

Common heuristics in such games are:

1. Pick the **first** item in your own list, hoping the other picks the first in theirs — but since orders differ, this won't work.
2. Pick an option that stands out due to a special property (like being the only odd number, the largest, a prime number, etc.), but here several numbers have distinctive traits.

Among 7, 3, 11, 8:

- 8 is the only even number.
- 7 and 11 are prime, but so is 3.
- 3 is the smallest.
- 11 is the largest.
- 7 might be considered a “lucky” number culturally.

“Lucky Numbers” in the game's title might hint at 7 being culturally “lucky,” but 3 and 8 are also considered lucky in some cultures.

The strongest standout is **8** because it's the only even number in the list — making it uniquely different in parity from the others. If the other agent is thinking of picking the unique even number, regardless of order, they will still identify it as the only even one. This gives the best chance for coordination.

So I choose: **8**",11,"You are playing a coordination game with another agent.
If you both select the SAME option, you each get $1.
You cannot communicate - you must try to coordinate.
Note: The other agent sees the SAME options, but in a DIFFERENT order.

Lucky Numbers
Options: 7, 11, 3, 8

Which option do you choose? Respond with the exact option text.","The other agent sees the same options in a different order, so the actual numbers matter, but their positions don’t.  

Given the set {7, 11, 3, 8}:  
- 3 is too low and may not stand out.  
- 7 and 8 are consecutive, so could be ambiguous.  
- 11 is a prime number and culturally a “lucky” number in some contexts (like lucky 7 and lucky 11). But 7 is traditionally the most common lucky number.  

Between 7 and 11, I’d pick **7** as it’s the most stereotypical “lucky number” in the list and likely the most salient to coordinate on.  

**Answer: 7**",11,True
Even Numbers,"[""2"", ""4"", ""6"", ""8""]","[""4"", ""6"", ""2"", ""8""]","[""2"", ""8"", ""6"", ""4""]","You are playing a coordination game with another agent.
If you both select the SAME option, you each get $1.
You cannot communicate - you must try to coordinate.
Note: The other agent sees the SAME options, but in a DIFFERENT order.

Even Numbers
Options: 4, 6, 2, 8

Which option do you choose? Respond with the exact option text.","Since we both have the same set of even numbers but in a different order,  
the safest choice is the number that’s most likely to be chosen regardless of order.  
Looking at the set {4, 6, 2, 8}, the most “central” or “natural” choice is the smallest even number in the set, which is 2, or the middle one if thinking of ascending order.  
In coordination games without communication, people often choose the first in numerical order, which is **2**, or the first listed, but since order differs, numerical order is symmetric.  
Numerical order is the only consistent frame both can apply, so **2** is the smallest and likely the focal point.  

I choose **2**.",2,"You are playing a coordination game with another agent.
If you both select the SAME option, you each get $1.
You cannot communicate - you must try to coordinate.
Note: The other agent sees the SAME options, but in a DIFFERENT order.

Even Numbers
Options: 2, 8, 6, 4

Which option do you choose? Respond with the exact option text.","Looking at the list: 2, 8, 6, 4.

They are all even numbers, but if we need to coordinate without communication and the other agent sees them in a different order, we should pick the one that stands out the most for being ""standard"" or ""commonly chosen.""  

Often in coordination games with numbers, people pick the smallest or the most central.  
Since they are all even, 2 is the smallest even positive number besides 0 (which isn't an option), and often people default to the smallest or first in a list when trying to match.  
But here, the other person sees a shuffled order, so ""smallest"" is a consistent property regardless of order.

I’ll choose: **2**",2,True
Odd Numbers,"[""3"", ""5"", ""7"", ""9""]","[""9"", ""7"", ""5"", ""3""]","[""7"", ""9"", ""3"", ""5""]","You are playing a coordination game with another agent.
If you both select the SAME option, you each get $1.
You cannot communicate - you must try to coordinate.
Note: The other agent sees the SAME options, but in a DIFFERENT order.

Odd Numbers
Options: 9, 7, 5, 3

Which option do you choose? Respond with the exact option text.","We both see the same options, but in a different order.  
We want to pick the same one without communicating.

When given odd numbers like this, a common coordination tactic is to choose the middle one, or a standout number.  
The options here are: 9, 7, 5, 3.  
Many people might pick the middle one in sorted order — but the order is scrambled for each of us, so we need a rule that works regardless of order.

A common focal point is to choose the number that stands out, like the largest or smallest.  
Among these, **9** is the largest odd number here, making it salient for coordination.  

I’ll go with **9**.  

**9**",3,"You are playing a coordination game with another agent.
If you both select the SAME option, you each get $1.
You cannot communicate - you must try to coordinate.
Note: The other agent sees the SAME options, but in a DIFFERENT order.

Odd Numbers
Options: 7, 9, 3, 5

Which option do you choose? Respond with the exact option text.","Let's break this down.  

We both want to pick the **same** option.  
The options are **7, 9, 3, 5** (odd numbers in what looks like a scrambled order).  
The other agent sees the **same** options but in a **different order**.

This means:  
- The set {7, 9, 3, 5} is the same for both.  
- The presentation order is different for each of us.  

If we both try to pick, say, the **first** in our own list, we’ll pick different numbers because the orders differ.  

So we must pick based on something **independent of order**.  

Common coordination strategies:  
- Pick the **largest** number (9)  
- Pick the **smallest** number (3)  
- Pick the **middle** number (if sorted: 3, 5, 7, 9, middle could be 5 or 7)  

But there is no universally defined ""middle"" if lists differ — but sorted order is the same for both because sorting is independent of displayed order.  

Sorted ascending: 3, 5, 7, 9.  

**Focal points** in coordination games without communication often rely on:  
- Salience of **middle value** in sorted set (but with even length, there are two middles: 5 and 7)  
- Salience of smallest or largest.  

Often, ""pick the first in sorted order"" (3) or ""pick the last in sorted order"" (9) works if both sort mentally and choose the same rule.  

Many such puzzles use **pick the smallest odd number when given only odds** as the solution.  
Smallest = 3.  
This is salient because:  
- It’s unique (only one smallest)  
- It works regardless of display order.  

Therefore, the safest bet is:  

**3**  

My final answer:  
3",3,True
个位数字,"[""7"", ""3"", ""5"", ""9""]","[""5"", ""3"", ""9"", ""7""]","[""9"", ""3"", ""7"", ""5""]","You are playing a coordination game with another agent.
If you both select the SAME option, you each get $1.
You cannot communicate - you must try to coordinate.
Note: The other agent sees the SAME options, but in a DIFFERENT order.

个位数字
Options: 5, 3, 9, 7

Which option do you choose? Respond with the exact option text.",5,5,"You are playing a coordination game with another agent.
If you both select the SAME option, you each get $1.
You cannot communicate - you must try to coordinate.
Note: The other agent sees the SAME options, but in a DIFFERENT order.

个位数字
Options: 9, 3, 7, 5

Which option do you choose? Respond with the exact option text.","Given the options are single-digit numbers, the most standard focal point is often the smallest, the largest, or the one that stands out in common knowledge.  

Since we cannot communicate and the other agent sees the options in a different order, we must pick the most “unique” or “salient” number that the other person is likely to also choose regardless of order.  

In coordination games like this,  
- **9** is the largest single digit.  
- **7** might be considered “lucky” in some cultures.  
- **3** is small but not smallest here (3 vs 5 vs 7 vs 9 — smallest is 3).  
- **5** is the middle in a normal ordering (1–9), but here we only have four numbers.  

However, when order is scrambled for the other person, they are likely thinking the same way: pick the most obvious focal point.  
The **largest number** is often the most common Schelling point in symmetric number-choice games when there’s no other clue.  

So I choose: **9**.  

**Answer:** 9",7,False
整数,"[""10"", ""50"", ""100"", ""1000""]","[""1000"", ""100"", ""10"", ""50""]","[""100"", ""1000"", ""10"", ""50""]","You are playing a coordination game with another agent.
If you both select the SAME option, you each get $1.
You cannot communicate - you must try to coordinate.
Note: The other agent sees the SAME options, but in a DIFFERENT order.

整数
Options: 1000, 100, 10, 50

Which option do you choose? Respond with the exact option text.","We both see the same set of numbers but in different orders.  
The options are: 1000, 100, 10, 50.

A good coordination strategy is to pick the **most unique or memorable** number — here 1000 stands out as the largest.  
If the other player is also thinking this way, we’ll both pick 1000 and coordinate.

So I choose:  
**1000**",1000,"You are playing a coordination game with another agent.
If you both select the SAME option, you each get $1.
You cannot communicate - you must try to coordinate.
Note: The other agent sees the SAME options, but in a DIFFERENT order.

整数
Options: 100, 1000, 10, 50

Which option do you choose? Respond with the exact option text.",100,100,False
幸运数字,"[""8"", ""6"", ""9"", ""3""]","[""3"", ""8"", ""6"", ""9""]","[""8"", ""9"", ""6"", ""3""]","You are playing a coordination game with another agent.
If you both select the SAME option, you each get $1.
You cannot communicate - you must try to coordinate.
Note: The other agent sees the SAME options, but in a DIFFERENT order.

幸运数字
Options: 3, 8, 6, 9

Which option do you choose? Respond with the exact option text.","I’ll look for the most obvious or culturally common “lucky number” among the options.

In Chinese culture (where ""幸运数字"" means lucky number), the luckiest number is 8 (because it sounds like “prosperity” or “wealth” in Chinese).  
Since both players see the same set but in different order, the most salient coordinate-on number here is likely **8**, because of the prompt hint (“幸运数字”) and common cultural association.  

Thus, I choose: **8**",8,"You are playing a coordination game with another agent.
If you both select the SAME option, you each get $1.
You cannot communicate - you must try to coordinate.
Note: The other agent sees the SAME options, but in a DIFFERENT order.

幸运数字
Options: 8, 9, 6, 3

Which option do you choose? Respond with the exact option text.","I think the most likely thing for both to choose is ""lucky number"" in Chinese culture — which is often 8 (because it sounds like ""wealth"" or ""prosper"").  
Since the options are in different orders for each agent, picking the most culturally salient number should maximize the chance of matching.

So I choose: **8**",8,True
偶数,"[""2"", ""4"", ""6"", ""8""]","[""4"", ""2"", ""8"", ""6""]","[""2"", ""8"", ""4"", ""6""]","You are playing a coordination game with another agent.
If you both select the SAME option, you each get $1.
You cannot communicate - you must try to coordinate.
Note: The other agent sees the SAME options, but in a DIFFERENT order.

偶数
Options: 4, 2, 8, 6

Which option do you choose? Respond with the exact option text.","The goal is to coordinate without communication, with both seeing the same options in different orders.  
Since the other agent sees the same options but in a different order, the key is to pick something that stands out as a focal point regardless of order.

All options are even numbers: 4, 2, 8, 6.  
A common coordination strategy is to pick the **largest** or the **smallest** number.

But since the order differs between us, the arrangement doesn’t matter for choosing an extreme value.

The largest even number here is 8.  
The smallest even number is 2.  
Which one is more ""salient""? Often people choose the largest as the obvious pick.

However, the title says ""偶数"" which means ""even numbers,"" and among these even numbers, perhaps the most ""default"" or commonly chosen in coordination games without communication is often the **middle** value — but here there is no single middle.

Alternatively, sometimes people pick the number that appears first in their list — but since order differs, that fails.

Given the set {2, 4, 6, 8}, the number 6 is not special here compared to others. 2 is smallest, 8 is largest.  
In many coordination games, the largest number is often chosen because it stands out.

So I’ll pick the largest: **8**.  

**Answer:** 8",2,"You are playing a coordination game with another agent.
If you both select the SAME option, you each get $1.
You cannot communicate - you must try to coordinate.
Note: The other agent sees the SAME options, but in a DIFFERENT order.

偶数
Options: 2, 8, 4, 6

Which option do you choose? Respond with the exact option text.","Both options are even numbers, and since the other agent sees them in a different order, we need a selection rule that doesn’t depend on ordering.  
A common rule is to choose the smallest number when all options are the same type (here all even).  
That way, if the other agent reasons the same way, we coordinate.  

Smallest number: **2**.  

So I’ll choose **2**.",2,True
奇数,"[""3"", ""5"", ""7"", ""9""]","[""7"", ""9"", ""5"", ""3""]","[""5"", ""7"", ""3"", ""9""]","You are playing a coordination game with another agent.
If you both select the SAME option, you each get $1.
You cannot communicate - you must try to coordinate.
Note: The other agent sees the SAME options, but in a DIFFERENT order.

奇数
Options: 7, 9, 5, 3

Which option do you choose? Respond with the exact option text.","Since we both see the options in a different order, we need to pick the one that is most likely to be chosen by both of us without communication.  

The most natural coordination point is often the **smallest** or **largest** number, but “smallest” or “largest” depends on order.  
But since the set is {7, 9, 5, 3}, one idea: pick the middle number in sorted order.  

Sorted: 3, 5, 7, 9 → middles are 5 and 7 (even length set → two middle numbers). That’s ambiguous.  

Alternatively, sometimes people pick the one that seems most “distinct” or “memorable”. Here, 3 is the smallest, 9 is the largest, 7 is the only one that’s not prime? Wait, all are odd (given in “奇数” which means odd numbers), but 9 is not prime, 7 is prime, 5 prime, 3 prime. So 9 is the only composite odd here.  

But maybe better: The numbers are all odd integers. The only one that is numerically central in value range (3 to 9) is 5 or 7.  

A common rule in these puzzles is: pick the option that would be in the same relative position in both orders if each person sorted the list and chose the first (or last) item. If we both pick the smallest number in our own list, we might pick different ones. But if we both pick the smallest number in *numerical value* regardless of displayed order, we both pick 3.  

Since we can’t know the other’s order, but we know the set is the same, we can coordinate on the numerically smallest (3) or largest (9).  

However, “smallest” is a more standard focal point.  

So, I’ll choose the smallest number numerically: **3**.

**3**",3,"You are playing a coordination game with another agent.
If you both select the SAME option, you each get $1.
You cannot communicate - you must try to coordinate.
Note: The other agent sees the SAME options, but in a DIFFERENT order.

奇数
Options: 5, 7, 3, 9

Which option do you choose? Respond with the exact option text.","Looking at this coordination game, the key is that we both see the same options but in a different order.  
Since the options are all odd numbers and the only apparent common label is ""奇数"" (which means ""odd numbers"" in Japanese), the most distinctive choice among them is likely **9**, because it's the largest single-digit odd number in the list.  

However, there’s also ""3"" as the smallest, but often in these reasoning problems, choosing the most salient (like largest, smallest, or unique in some way) helps coordination. Given the options, ""9"" stands out as the largest.

My choice: **9**.",3,True
Times of Day,"[""Morning"", ""Afternoon"", ""Evening"", ""Night""]","[""Morning"", ""Afternoon"", ""Evening"", ""Night""]","[""Afternoon"", ""Morning"", ""Night"", ""Evening""]","You are playing a coordination game with another agent.
If you both select the SAME option, you each get $1.
You cannot communicate - you must try to coordinate.
Note: The other agent sees the SAME options, but in a DIFFERENT order.

Times of Day
Options: Morning, Afternoon, Evening, Night

Which option do you choose? Respond with the exact option text.",Evening,Evening,"You are playing a coordination game with another agent.
If you both select the SAME option, you each get $1.
You cannot communicate - you must try to coordinate.
Note: The other agent sees the SAME options, but in a DIFFERENT order.

Times of Day
Options: Afternoon, Morning, Night, Evening

Which option do you choose? Respond with the exact option text.",Morning,Morning,False
Days of the Week,"[""Monday"", ""Wednesday"", ""Friday"", ""Sunday""]","[""Monday"", ""Wednesday"", ""Friday"", ""Sunday""]","[""Sunday"", ""Monday"", ""Wednesday"", ""Friday""]","You are playing a coordination game with another agent.
If you both select the SAME option, you each get $1.
You cannot communicate - you must try to coordinate.
Note: The other agent sees the SAME options, but in a DIFFERENT order.

Days of the Week
Options: Monday, Wednesday, Friday, Sunday

Which option do you choose? Respond with the exact option text.",Wednesday,Wednesday,"You are playing a coordination game with another agent.
If you both select the SAME option, you each get $1.
You cannot communicate - you must try to coordinate.
Note: The other agent sees the SAME options, but in a DIFFERENT order.

Days of the Week
Options: Sunday, Monday, Wednesday, Friday

Which option do you choose? Respond with the exact option text.","Given that the options appear in a different order to the other agent, the best chance to coordinate is to pick the option that stands out uniquely in terms of a common focal point.

From the list — Sunday, Monday, Wednesday, Friday — the most distinct is **Sunday**, because:

1. It’s the first day of the week in many calendars.
2. It’s often culturally prominent as a weekend day.
3. In lists like this, it’s often the first item alphabetically if sorted.
4. In coordination games with symmetric but permuted lists, picking the first item in your own list is risky, but picking the most “salient” day name (like Sunday, since it’s the start of the week and different from the others in cultural salience) is a common Schelling point.

So I choose:

**Sunday**",Wednesday,True
Seasons,"[""Spring"", ""Summer"", ""Autumn"", ""Winter""]","[""Spring"", ""Summer"", ""Winter"", ""Autumn""]","[""Winter"", ""Spring"", ""Summer"", ""Autumn""]","You are playing a coordination game with another agent.
If you both select the SAME option, you each get $1.
You cannot communicate - you must try to coordinate.
Note: The other agent sees the SAME options, but in a DIFFERENT order.

Seasons
Options: Spring, Summer, Winter, Autumn

Which option do you choose? Respond with the exact option text.",Spring,Spring,"You are playing a coordination game with another agent.
If you both select the SAME option, you each get $1.
You cannot communicate - you must try to coordinate.
Note: The other agent sees the SAME options, but in a DIFFERENT order.

Seasons
Options: Winter, Spring, Summer, Autumn

Which option do you choose? Respond with the exact option text.",Autumn,Autumn,False
Months,"[""January"", ""June"", ""September"", ""December""]","[""June"", ""January"", ""December"", ""September""]","[""December"", ""September"", ""January"", ""June""]","You are playing a coordination game with another agent.
If you both select the SAME option, you each get $1.
You cannot communicate - you must try to coordinate.
Note: The other agent sees the SAME options, but in a DIFFERENT order.

Months
Options: June, January, December, September

Which option do you choose? Respond with the exact option text.",September,September,"You are playing a coordination game with another agent.
If you both select the SAME option, you each get $1.
You cannot communicate - you must try to coordinate.
Note: The other agent sees the SAME options, but in a DIFFERENT order.

Months
Options: December, September, January, June

Which option do you choose? Respond with the exact option text.",June,June,False
Basic Emotions,"[""Happy"", ""Sad"", ""Angry"", ""Afraid""]","[""Happy"", ""Angry"", ""Sad"", ""Afraid""]","[""Sad"", ""Happy"", ""Afraid"", ""Angry""]","You are playing a coordination game with another agent.
If you both select the SAME option, you each get $1.
You cannot communicate - you must try to coordinate.
Note: The other agent sees the SAME options, but in a DIFFERENT order.

Basic Emotions
Options: Happy, Angry, Sad, Afraid

Which option do you choose? Respond with the exact option text.",Happy,Happy,"You are playing a coordination game with another agent.
If you both select the SAME option, you each get $1.
You cannot communicate - you must try to coordinate.
Note: The other agent sees the SAME options, but in a DIFFERENT order.

Basic Emotions
Options: Sad, Happy, Afraid, Angry

Which option do you choose? Respond with the exact option text.",Happy,Happy,True
一天中的时间,"[""早上"", ""下午"", ""傍晚"", ""深夜""]","[""下午"", ""深夜"", ""早上"", ""傍晚""]","[""下午"", ""早上"", ""傍晚"", ""深夜""]","You are playing a coordination game with another agent.
If you both select the SAME option, you each get $1.
You cannot communicate - you must try to coordinate.
Note: The other agent sees the SAME options, but in a DIFFERENT order.

一天中的时间
Options: 下午, 深夜, 早上, 傍晚

Which option do you choose? Respond with the exact option text.",早上,早上,"You are playing a coordination game with another agent.
If you both select the SAME option, you each get $1.
You cannot communicate - you must try to coordinate.
Note: The other agent sees the SAME options, but in a DIFFERENT order.

一天中的时间
Options: 下午, 早上, 傍晚, 深夜

Which option do you choose? Respond with the exact option text.",早上,早上,True
一周的日子,"[""周一"", ""周三"", ""周五"", ""周日""]","[""周五"", ""周日"", ""周一"", ""周三""]","[""周日"", ""周五"", ""周三"", ""周一""]","You are playing a coordination game with another agent.
If you both select the SAME option, you each get $1.
You cannot communicate - you must try to coordinate.
Note: The other agent sees the SAME options, but in a DIFFERENT order.

一周的日子
Options: 周五, 周日, 周一, 周三

Which option do you choose? Respond with the exact option text.","In coordination games with the same options in different orders, the classic solution is to pick the first option in your own list, assuming the other agent might also pick the first in their list.  

But since the problem mentions that the other agent sees the same options in a **different order**, the best general rule is to pick something **salient** in both lists. Days of the week have a natural order (Monday–Sunday), but the given list is:  
周五, 周日, 周一, 周三  
That’s: Friday, Sunday, Monday, Wednesday.  

In a standard week, **Monday** is often the salient “first day of the week” in many contexts, and it’s in the list as 周一. If both players think “pick the day that is most standard starting point,” they might converge on Monday (周一).

Given that the other agent sees the same options but shuffled, Monday might be a common focal point regardless of order.  

So I’ll choose:

**周一**",周一,"You are playing a coordination game with another agent.
If you both select the SAME option, you each get $1.
You cannot communicate - you must try to coordinate.
Note: The other agent sees the SAME options, but in a DIFFERENT order.

一周的日子
Options: 周日, 周五, 周三, 周一

Which option do you choose? Respond with the exact option text.",周一,周一,True
季节,"[""春天"", ""夏天"", ""秋天"", ""冬天""]","[""秋天"", ""冬天"", ""夏天"", ""春天""]","[""春天"", ""夏天"", ""冬天"", ""秋天""]","You are playing a coordination game with another agent.
If you both select the SAME option, you each get $1.
You cannot communicate - you must try to coordinate.
Note: The other agent sees the SAME options, but in a DIFFERENT order.

季节
Options: 秋天, 冬天, 夏天, 春天

Which option do you choose? Respond with the exact option text.",春天,春天,"You are playing a coordination game with another agent.
If you both select the SAME option, you each get $1.
You cannot communicate - you must try to coordinate.
Note: The other agent sees the SAME options, but in a DIFFERENT order.

季节
Options: 春天, 夏天, 冬天, 秋天

Which option do you choose? Respond with the exact option text.",春天,春天,True
月份,"[""一月"", ""六月"", ""九月"", ""十二月""]","[""一月"", ""六月"", ""十二月"", ""九月""]","[""一月"", ""六月"", ""九月"", ""十二月""]","You are playing a coordination game with another agent.
If you both select the SAME option, you each get $1.
You cannot communicate - you must try to coordinate.
Note: The other agent sees the SAME options, but in a DIFFERENT order.

月份
Options: 一月, 六月, 十二月, 九月

Which option do you choose? Respond with the exact option text.",十二月,十二月,"You are playing a coordination game with another agent.
If you both select the SAME option, you each get $1.
You cannot communicate - you must try to coordinate.
Note: The other agent sees the SAME options, but in a DIFFERENT order.

月份
Options: 一月, 六月, 九月, 十二月

Which option do you choose? Respond with the exact option text.","九月  
(It's a common focal point like a ""mid-point"" choice in the list, often picked in coordination games.)",九月,False
基本情绪,"[""开心"", ""难过"", ""生气"", ""害怕""]","[""害怕"", ""开心"", ""生气"", ""难过""]","[""害怕"", ""开心"", ""生气"", ""难过""]","You are playing a coordination game with another agent.
If you both select the SAME option, you each get $1.
You cannot communicate - you must try to coordinate.
Note: The other agent sees the SAME options, but in a DIFFERENT order.

基本情绪
Options: 害怕, 开心, 生气, 难过

Which option do you choose? Respond with the exact option text.",开心,开心,"You are playing a coordination game with another agent.
If you both select the SAME option, you each get $1.
You cannot communicate - you must try to coordinate.
Note: The other agent sees the SAME options, but in a DIFFERENT order.

基本情绪
Options: 害怕, 开心, 生气, 难过

Which option do you choose? Respond with the exact option text.",开心,开心,True
Positive Feelings,"[""Joy"", ""Love"", ""Hope"", ""Gratitude""]","[""Joy"", ""Love"", ""Gratitude"", ""Hope""]","[""Hope"", ""Joy"", ""Love"", ""Gratitude""]","You are playing a coordination game with another agent.
If you both select the SAME option, you each get $1.
You cannot communicate - you must try to coordinate.
Note: The other agent sees the SAME options, but in a DIFFERENT order.

Positive Feelings
Options: Joy, Love, Gratitude, Hope

Which option do you choose? Respond with the exact option text.",Gratitude,Gratitude,"You are playing a coordination game with another agent.
If you both select the SAME option, you each get $1.
You cannot communicate - you must try to coordinate.
Note: The other agent sees the SAME options, but in a DIFFERENT order.

Positive Feelings
Options: Hope, Joy, Love, Gratitude

Which option do you choose? Respond with the exact option text.",Hope,Hope,False
Negative Feelings,"[""Anger"", ""Sadness"", ""Fear"", ""Disgust""]","[""Anger"", ""Disgust"", ""Fear"", ""Sadness""]","[""Fear"", ""Disgust"", ""Anger"", ""Sadness""]","You are playing a coordination game with another agent.
If you both select the SAME option, you each get $1.
You cannot communicate - you must try to coordinate.
Note: The other agent sees the SAME options, but in a DIFFERENT order.

Negative Feelings
Options: Anger, Disgust, Fear, Sadness

Which option do you choose? Respond with the exact option text.",Sadness,Sadness,"You are playing a coordination game with another agent.
If you both select the SAME option, you each get $1.
You cannot communicate - you must try to coordinate.
Note: The other agent sees the SAME options, but in a DIFFERENT order.

Negative Feelings
Options: Fear, Disgust, Anger, Sadness

Which option do you choose? Respond with the exact option text.",Disgust,Disgust,False
Social Emotions,"[""Pride"", ""Shame"", ""Guilt"", ""Envy""]","[""Shame"", ""Guilt"", ""Pride"", ""Envy""]","[""Shame"", ""Envy"", ""Guilt"", ""Pride""]","You are playing a coordination game with another agent.
If you both select the SAME option, you each get $1.
You cannot communicate - you must try to coordinate.
Note: The other agent sees the SAME options, but in a DIFFERENT order.

Social Emotions
Options: Shame, Guilt, Pride, Envy

Which option do you choose? Respond with the exact option text.",Pride,Pride,"You are playing a coordination game with another agent.
If you both select the SAME option, you each get $1.
You cannot communicate - you must try to coordinate.
Note: The other agent sees the SAME options, but in a DIFFERENT order.

Social Emotions
Options: Shame, Envy, Guilt, Pride

Which option do you choose? Respond with the exact option text.",Guilt,Guilt,False
Calm Emotions,"[""Peace"", ""Contentment"", ""Serenity"", ""Relief""]","[""Relief"", ""Contentment"", ""Serenity"", ""Peace""]","[""Contentment"", ""Serenity"", ""Peace"", ""Relief""]","You are playing a coordination game with another agent.
If you both select the SAME option, you each get $1.
You cannot communicate - you must try to coordinate.
Note: The other agent sees the SAME options, but in a DIFFERENT order.

Calm Emotions
Options: Relief, Contentment, Serenity, Peace

Which option do you choose? Respond with the exact option text.",Peace,Peace,"You are playing a coordination game with another agent.
If you both select the SAME option, you each get $1.
You cannot communicate - you must try to coordinate.
Note: The other agent sees the SAME options, but in a DIFFERENT order.

Calm Emotions
Options: Contentment, Serenity, Peace, Relief

Which option do you choose? Respond with the exact option text.",Contentment,Contentment,False
Intense Emotions,"[""Rage"", ""Euphoria"", ""Terror"", ""Ecstasy""]","[""Euphoria"", ""Rage"", ""Ecstasy"", ""Terror""]","[""Euphoria"", ""Rage"", ""Terror"", ""Ecstasy""]","You are playing a coordination game with another agent.
If you both select the SAME option, you each get $1.
You cannot communicate - you must try to coordinate.
Note: The other agent sees the SAME options, but in a DIFFERENT order.

Intense Emotions
Options: Euphoria, Rage, Ecstasy, Terror

Which option do you choose? Respond with the exact option text.",Euphoria,Euphoria,"You are playing a coordination game with another agent.
If you both select the SAME option, you each get $1.
You cannot communicate - you must try to coordinate.
Note: The other agent sees the SAME options, but in a DIFFERENT order.

Intense Emotions
Options: Euphoria, Rage, Terror, Ecstasy

Which option do you choose? Respond with the exact option text.",Rage,Rage,False
积极情绪,"[""喜悦"", ""爱"", ""希望"", ""感恩""]","[""喜悦"", ""爱"", ""希望"", ""感恩""]","[""感恩"", ""希望"", ""喜悦"", ""爱""]","You are playing a coordination game with another agent.
If you both select the SAME option, you each get $1.
You cannot communicate - you must try to coordinate.
Note: The other agent sees the SAME options, but in a DIFFERENT order.

积极情绪
Options: 喜悦, 爱, 希望, 感恩

Which option do you choose? Respond with the exact option text.",喜悦,喜悦,"You are playing a coordination game with another agent.
If you both select the SAME option, you each get $1.
You cannot communicate - you must try to coordinate.
Note: The other agent sees the SAME options, but in a DIFFERENT order.

积极情绪
Options: 感恩, 希望, 喜悦, 爱

Which option do you choose? Respond with the exact option text.",喜悦,喜悦,True
消极情绪,"[""愤怒"", ""悲伤"", ""恐惧"", ""厌恶""]","[""恐惧"", ""悲伤"", ""厌恶"", ""愤怒""]","[""愤怒"", ""恐惧"", ""悲伤"", ""厌恶""]","You are playing a coordination game with another agent.
If you both select the SAME option, you each get $1.
You cannot communicate - you must try to coordinate.
Note: The other agent sees the SAME options, but in a DIFFERENT order.

消极情绪
Options: 恐惧, 悲伤, 厌恶, 愤怒

Which option do you choose? Respond with the exact option text.",悲伤,悲伤,"You are playing a coordination game with another agent.
If you both select the SAME option, you each get $1.
You cannot communicate - you must try to coordinate.
Note: The other agent sees the SAME options, but in a DIFFERENT order.

消极情绪
Options: 愤怒, 恐惧, 悲伤, 厌恶

Which option do you choose? Respond with the exact option text.",悲伤,悲伤,True
社会情绪,"[""骄傲"", ""羞耻"", ""内疚"", ""嫉妒""]","[""嫉妒"", ""内疚"", ""骄傲"", ""羞耻""]","[""内疚"", ""羞耻"", ""骄傲"", ""嫉妒""]","You are playing a coordination game with another agent.
If you both select the SAME option, you each get $1.
You cannot communicate - you must try to coordinate.
Note: The other agent sees the SAME options, but in a DIFFERENT order.

社会情绪
Options: 嫉妒, 内疚, 骄傲, 羞耻

Which option do you choose? Respond with the exact option text.",骄傲,骄傲,"You are playing a coordination game with another agent.
If you both select the SAME option, you each get $1.
You cannot communicate - you must try to coordinate.
Note: The other agent sees the SAME options, but in a DIFFERENT order.

社会情绪
Options: 内疚, 羞耻, 骄傲, 嫉妒

Which option do you choose? Respond with the exact option text.",骄傲,骄傲,True
平静情绪,"[""平和"", ""满足"", ""安宁"", ""释然""]","[""释然"", ""平和"", ""满足"", ""安宁""]","[""安宁"", ""平和"", ""满足"", ""释然""]","You are playing a coordination game with another agent.
If you both select the SAME option, you each get $1.
You cannot communicate - you must try to coordinate.
Note: The other agent sees the SAME options, but in a DIFFERENT order.

平静情绪
Options: 释然, 平和, 满足, 安宁

Which option do you choose? Respond with the exact option text.",安宁,安宁,"You are playing a coordination game with another agent.
If you both select the SAME option, you each get $1.
You cannot communicate - you must try to coordinate.
Note: The other agent sees the SAME options, but in a DIFFERENT order.

平静情绪
Options: 安宁, 平和, 满足, 释然

Which option do you choose? Respond with the exact option text.",平和,平和,False
强烈情绪,"[""暴怒"", ""狂喜"", ""恐惧"", ""兴奋""]","[""恐惧"", ""兴奋"", ""暴怒"", ""狂喜""]","[""兴奋"", ""恐惧"", ""暴怒"", ""狂喜""]","You are playing a coordination game with another agent.
If you both select the SAME option, you each get $1.
You cannot communicate - you must try to coordinate.
Note: The other agent sees the SAME options, but in a DIFFERENT order.

强烈情绪
Options: 恐惧, 兴奋, 暴怒, 狂喜

Which option do you choose? Respond with the exact option text.",狂喜,狂喜,"You are playing a coordination game with another agent.
If you both select the SAME option, you each get $1.
You cannot communicate - you must try to coordinate.
Note: The other agent sees the SAME options, but in a DIFFERENT order.

强烈情绪
Options: 兴奋, 恐惧, 暴怒, 狂喜

Which option do you choose? Respond with the exact option text.",狂喜,狂喜,True
Morning Hours,"[""6 AM"", ""7 AM"", ""8 AM"", ""9 AM""]","[""8 AM"", ""6 AM"", ""9 AM"", ""7 AM""]","[""8 AM"", ""9 AM"", ""7 AM"", ""6 AM""]","You are playing a coordination game with another agent.
If you both select the SAME option, you each get $1.
You cannot communicate - you must try to coordinate.
Note: The other agent sees the SAME options, but in a DIFFERENT order.

Morning Hours
Options: 8 AM, 6 AM, 9 AM, 7 AM

Which option do you choose? Respond with the exact option text.",9 AM,9 AM,"You are playing a coordination game with another agent.
If you both select the SAME option, you each get $1.
You cannot communicate - you must try to coordinate.
Note: The other agent sees the SAME options, but in a DIFFERENT order.

Morning Hours
Options: 8 AM, 9 AM, 7 AM, 6 AM

Which option do you choose? Respond with the exact option text.","Since the other agent sees the same options in a different order, the safest way to coordinate is to pick the option that is most ""standard"" or likely to be selected regardless of order.  

Here, the **earliest time (6 AM)** could be a natural focal point if we assume both players might think to pick the earliest.  
Alternatively, **8 AM** is a common default morning meeting time, but with the scrambled order, the safest might be to choose the one that stands out logically.  

I’ll go with the earliest time listed:  

**6 AM**",6 AM,False
Time Periods,"[""Hour"", ""Day"", ""Week"", ""Month""]","[""Week"", ""Day"", ""Hour"", ""Month""]","[""Hour"", ""Month"", ""Day"", ""Week""]","You are playing a coordination game with another agent.
If you both select the SAME option, you each get $1.
You cannot communicate - you must try to coordinate.
Note: The other agent sees the SAME options, but in a DIFFERENT order.

Time Periods
Options: Week, Day, Hour, Month

Which option do you choose? Respond with the exact option text.",Hour,Hour,"You are playing a coordination game with another agent.
If you both select the SAME option, you each get $1.
You cannot communicate - you must try to coordinate.
Note: The other agent sees the SAME options, but in a DIFFERENT order.

Time Periods
Options: Hour, Month, Day, Week

Which option do you choose? Respond with the exact option text.",Day,Day,False
Clock Times,"[""12:00"", ""3:00"", ""6:00"", ""9:00""]","[""9:00"", ""3:00"", ""12:00"", ""6:00""]","[""12:00"", ""6:00"", ""9:00"", ""3:00""]","You are playing a coordination game with another agent.
If you both select the SAME option, you each get $1.
You cannot communicate - you must try to coordinate.
Note: The other agent sees the SAME options, but in a DIFFERENT order.

Clock Times
Options: 9:00, 3:00, 12:00, 6:00

Which option do you choose? Respond with the exact option text.","12:00

Reasoning:  
12:00 is a salient focal point because it’s often the default or “top” position on a clock, and symmetry is broken if the other agent sees them in a different order—choosing the one that’s conceptually “12” regardless of visual order maximizes chances of matching.",12:00,"You are playing a coordination game with another agent.
If you both select the SAME option, you each get $1.
You cannot communicate - you must try to coordinate.
Note: The other agent sees the SAME options, but in a DIFFERENT order.

Clock Times
Options: 12:00, 6:00, 9:00, 3:00

Which option do you choose? Respond with the exact option text.","12:00

This is a classic focal point in coordination games: ""12:00"" is the most natural default or starting point when presented with a list of clock times, even when the order differs for the other agent. Since both see the same set, choosing the most salient option maximizes the chance of matching.",12:00,True
Holiday Seasons,"[""Christmas"", ""New Year"", ""Halloween"", ""Easter""]","[""New Year"", ""Halloween"", ""Christmas"", ""Easter""]","[""Easter"", ""Halloween"", ""Christmas"", ""New Year""]","You are playing a coordination game with another agent.
If you both select the SAME option, you each get $1.
You cannot communicate - you must try to coordinate.
Note: The other agent sees the SAME options, but in a DIFFERENT order.

Holiday Seasons
Options: New Year, Halloween, Christmas, Easter

Which option do you choose? Respond with the exact option text.",Christmas,Christmas,"You are playing a coordination game with another agent.
If you both select the SAME option, you each get $1.
You cannot communicate - you must try to coordinate.
Note: The other agent sees the SAME options, but in a DIFFERENT order.

Holiday Seasons
Options: Easter, Halloween, Christmas, New Year

Which option do you choose? Respond with the exact option text.",Christmas,Christmas,True
Year Divisions,"[""January"", ""April"", ""July"", ""October""]","[""July"", ""April"", ""January"", ""October""]","[""January"", ""October"", ""July"", ""April""]","You are playing a coordination game with another agent.
If you both select the SAME option, you each get $1.
You cannot communicate - you must try to coordinate.
Note: The other agent sees the SAME options, but in a DIFFERENT order.

Year Divisions
Options: July, April, January, October

Which option do you choose? Respond with the exact option text.","Given the nature of a coordination game with reordered options, the best approach is to pick the option that seems most ""focal"" or ""natural"" in a list when you can’t communicate but know the other person sees a different order.

Here, the options are months but not in chronological or alphabetical order.  
A common focal point could be:
- The only month that starts with ""J"" (January, July — but there are two J months).
- The first month of the year (January) is often a natural choice if it appears in the list.
- Or, if the other person is thinking the same way, they might also pick January as it’s the start of the year.

Since both players see the same options but in different unknown orders, picking **January** seems a strong candidate for mutual coordination.

My choice: **January**",January,"You are playing a coordination game with another agent.
If you both select the SAME option, you each get $1.
You cannot communicate - you must try to coordinate.
Note: The other agent sees the SAME options, but in a DIFFERENT order.

Year Divisions
Options: January, October, July, April

Which option do you choose? Respond with the exact option text.",April,April,False
时段,"[""清晨"", ""上午"", ""下午"", ""傍晚""]","[""清晨"", ""傍晚"", ""上午"", ""下午""]","[""上午"", ""下午"", ""清晨"", ""傍晚""]","You are playing a coordination game with another agent.
If you both select the SAME option, you each get $1.
You cannot communicate - you must try to coordinate.
Note: The other agent sees the SAME options, but in a DIFFERENT order.

时段
Options: 清晨, 傍晚, 上午, 下午

Which option do you choose? Respond with the exact option text.",上午,上午,"You are playing a coordination game with another agent.
If you both select the SAME option, you each get $1.
You cannot communicate - you must try to coordinate.
Note: The other agent sees the SAME options, but in a DIFFERENT order.

时段
Options: 上午, 下午, 清晨, 傍晚

Which option do you choose? Respond with the exact option text.",清晨,清晨,False
时间单位,"[""小时"", ""天"", ""周"", ""月""]","[""月"", ""天"", ""小时"", ""周""]","[""天"", ""小时"", ""月"", ""周""]","You are playing a coordination game with another agent.
If you both select the SAME option, you each get $1.
You cannot communicate - you must try to coordinate.
Note: The other agent sees the SAME options, but in a DIFFERENT order.

时间单位
Options: 月, 天, 小时, 周

Which option do you choose? Respond with the exact option text.",周,周,"You are playing a coordination game with another agent.
If you both select the SAME option, you each get $1.
You cannot communicate - you must try to coordinate.
Note: The other agent sees the SAME options, but in a DIFFERENT order.

时间单位
Options: 天, 小时, 月, 周

Which option do you choose? Respond with the exact option text.","I choose **小时**.

Reasoning: In coordination games with symmetric but permuted options, a common heuristic is to pick the item that seems most ""distinct"" or culturally focal. Here, ""小时"" (hour) is the smallest standard time unit among the options, and time units are often thought of in a hierarchy (hour, day, week, month). Also, in many contexts, ""hour"" is a basic, neutral unit, and might stand out as not being a calendar unit like day/week/month.  
If the other agent is thinking similarly — perhaps also looking for the smallest, most standard unit, or one that isn’t tied to calendar cycles — they may also choose ""小时"".",小时,False
钟点,"[""12点"", ""3点"", ""6点"", ""9点""]","[""3点"", ""12点"", ""6点"", ""9点""]","[""9点"", ""6点"", ""12点"", ""3点""]","You are playing a coordination game with another agent.
If you both select the SAME option, you each get $1.
You cannot communicate - you must try to coordinate.
Note: The other agent sees the SAME options, but in a DIFFERENT order.

钟点
Options: 3点, 12点, 6点, 9点

Which option do you choose? Respond with the exact option text.",3点,3点,"You are playing a coordination game with another agent.
If you both select the SAME option, you each get $1.
You cannot communicate - you must try to coordinate.
Note: The other agent sees the SAME options, but in a DIFFERENT order.

钟点
Options: 9点, 6点, 12点, 3点

Which option do you choose? Respond with the exact option text.","I'll think through this carefully.  

The scenario:  
- We both see the same four options but in different orders.  
- Options are times on a clock: 9点, 6点, 12点, 3点.  
- Need to pick the same one without communication.  

The most natural clock position people often default to is **12 o'clock** because:  
1. In many cultures, ""12"" is the top/default/reference on a clock face.  
2. If options are scrambled for each of us, we might each try to pick the one most ""salient"" or ""standard"" regardless of order.  
3. ""12点"" is the noon/midnight reference.  

The Chinese characters for the times might not change the salience — 12点 still stands out.  

So my choice:  

**12点**",12点,False
节气,"[""立春"", ""清明"", ""立秋"", ""冬至""]","[""立秋"", ""立春"", ""冬至"", ""清明""]","[""冬至"", ""立秋"", ""立春"", ""清明""]","You are playing a coordination game with another agent.
If you both select the SAME option, you each get $1.
You cannot communicate - you must try to coordinate.
Note: The other agent sees the SAME options, but in a DIFFERENT order.

节气
Options: 立秋, 立春, 冬至, 清明

Which option do you choose? Respond with the exact option text.",清明,清明,"You are playing a coordination game with another agent.
If you both select the SAME option, you each get $1.
You cannot communicate - you must try to coordinate.
Note: The other agent sees the SAME options, but in a DIFFERENT order.

节气
Options: 冬至, 立秋, 立春, 清明

Which option do you choose? Respond with the exact option text.",冬至,冬至,False
年份划分,"[""正月"", ""四月"", ""七月"", ""十月""]","[""四月"", ""正月"", ""十月"", ""七月""]","[""十月"", ""七月"", ""正月"", ""四月""]","You are playing a coordination game with another agent.
If you both select the SAME option, you each get $1.
You cannot communicate - you must try to coordinate.
Note: The other agent sees the SAME options, but in a DIFFERENT order.

年份划分
Options: 四月, 正月, 十月, 七月

Which option do you choose? Respond with the exact option text.",十月,十月,"You are playing a coordination game with another agent.
If you both select the SAME option, you each get $1.
You cannot communicate - you must try to coordinate.
Note: The other agent sees the SAME options, but in a DIFFERENT order.

年份划分
Options: 十月, 七月, 正月, 四月

Which option do you choose? Respond with the exact option text.","Since we both see the same options but in a different order, I need to pick the one most likely to be chosen by the other person in a coordination game.

Without communication, I should look for the most culturally salient or “focal” choice among the four month names (in Chinese: October, July, January, April).  

The most obvious focal point might be **正月** (Zhēngyuè) — because it means “first month” (Lunar New Year month, i.e., Chinese New Year), which is prominent and might be mentally considered “first” in a list.  

In the absence of further info, the other agent might also reason the same way — pick the item most culturally “default” in the set.  

So I choose **正月**.  

**Answer: 正月**",正月,False
Farm Animals,"[""Cow"", ""Pig"", ""Sheep"", ""Chicken""]","[""Cow"", ""Pig"", ""Chicken"", ""Sheep""]","[""Pig"", ""Sheep"", ""Chicken"", ""Cow""]","You are playing a coordination game with another agent.
If you both select the SAME option, you each get $1.
You cannot communicate - you must try to coordinate.
Note: The other agent sees the SAME options, but in a DIFFERENT order.

Farm Animals
Options: Cow, Pig, Chicken, Sheep

Which option do you choose? Respond with the exact option text.",Sheep,Sheep,"You are playing a coordination game with another agent.
If you both select the SAME option, you each get $1.
You cannot communicate - you must try to coordinate.
Note: The other agent sees the SAME options, but in a DIFFERENT order.

Farm Animals
Options: Pig, Sheep, Chicken, Cow

Which option do you choose? Respond with the exact option text.",Sheep,Sheep,True
Wild Animals,"[""Lion"", ""Elephant"", ""Tiger"", ""Bear""]","[""Lion"", ""Tiger"", ""Bear"", ""Elephant""]","[""Lion"", ""Bear"", ""Elephant"", ""Tiger""]","You are playing a coordination game with another agent.
If you both select the SAME option, you each get $1.
You cannot communicate - you must try to coordinate.
Note: The other agent sees the SAME options, but in a DIFFERENT order.

Wild Animals
Options: Lion, Tiger, Bear, Elephant

Which option do you choose? Respond with the exact option text.",Elephant,Elephant,"You are playing a coordination game with another agent.
If you both select the SAME option, you each get $1.
You cannot communicate - you must try to coordinate.
Note: The other agent sees the SAME options, but in a DIFFERENT order.

Wild Animals
Options: Lion, Bear, Elephant, Tiger

Which option do you choose? Respond with the exact option text.",Elephant,Elephant,True
Pet Animals,"[""Dog"", ""Cat"", ""Fish"", ""Hamster""]","[""Cat"", ""Hamster"", ""Fish"", ""Dog""]","[""Dog"", ""Hamster"", ""Cat"", ""Fish""]","You are playing a coordination game with another agent.
If you both select the SAME option, you each get $1.
You cannot communicate - you must try to coordinate.
Note: The other agent sees the SAME options, but in a DIFFERENT order.

Pet Animals
Options: Cat, Hamster, Fish, Dog

Which option do you choose? Respond with the exact option text.",Cat,Cat,"You are playing a coordination game with another agent.
If you both select the SAME option, you each get $1.
You cannot communicate - you must try to coordinate.
Note: The other agent sees the SAME options, but in a DIFFERENT order.

Pet Animals
Options: Dog, Hamster, Cat, Fish

Which option do you choose? Respond with the exact option text.",Dog,Dog,False
Sea Animals,"[""Dolphin"", ""Shark"", ""Whale"", ""Octopus""]","[""Whale"", ""Shark"", ""Dolphin"", ""Octopus""]","[""Octopus"", ""Dolphin"", ""Shark"", ""Whale""]","You are playing a coordination game with another agent.
If you both select the SAME option, you each get $1.
You cannot communicate - you must try to coordinate.
Note: The other agent sees the SAME options, but in a DIFFERENT order.

Sea Animals
Options: Whale, Shark, Dolphin, Octopus

Which option do you choose? Respond with the exact option text.",Whale,Whale,"You are playing a coordination game with another agent.
If you both select the SAME option, you each get $1.
You cannot communicate - you must try to coordinate.
Note: The other agent sees the SAME options, but in a DIFFERENT order.

Sea Animals
Options: Octopus, Dolphin, Shark, Whale

Which option do you choose? Respond with the exact option text.",Shark,Shark,False
Flying Animals,"[""Eagle"", ""Owl"", ""Parrot"", ""Sparrow""]","[""Parrot"", ""Sparrow"", ""Owl"", ""Eagle""]","[""Owl"", ""Eagle"", ""Sparrow"", ""Parrot""]","You are playing a coordination game with another agent.
If you both select the SAME option, you each get $1.
You cannot communicate - you must try to coordinate.
Note: The other agent sees the SAME options, but in a DIFFERENT order.

Flying Animals
Options: Parrot, Sparrow, Owl, Eagle

Which option do you choose? Respond with the exact option text.",Owl,Owl,"You are playing a coordination game with another agent.
If you both select the SAME option, you each get $1.
You cannot communicate - you must try to coordinate.
Note: The other agent sees the SAME options, but in a DIFFERENT order.

Flying Animals
Options: Owl, Eagle, Sparrow, Parrot

Which option do you choose? Respond with the exact option text.",Owl,Owl,True
农场动物,"[""牛"", ""猪"", ""羊"", ""鸡""]","[""羊"", ""牛"", ""鸡"", ""猪""]","[""猪"", ""牛"", ""鸡"", ""羊""]","You are playing a coordination game with another agent.
If you both select the SAME option, you each get $1.
You cannot communicate - you must try to coordinate.
Note: The other agent sees the SAME options, but in a DIFFERENT order.

农场动物
Options: 羊, 牛, 鸡, 猪

Which option do you choose? Respond with the exact option text.",羊,羊,"You are playing a coordination game with another agent.
If you both select the SAME option, you each get $1.
You cannot communicate - you must try to coordinate.
Note: The other agent sees the SAME options, but in a DIFFERENT order.

农场动物
Options: 猪, 牛, 鸡, 羊

Which option do you choose? Respond with the exact option text.",牛,牛,False
野生动物,"[""狮子"", ""大象"", ""老虎"", ""熊""]","[""老虎"", ""熊"", ""狮子"", ""大象""]","[""大象"", ""老虎"", ""狮子"", ""熊""]","You are playing a coordination game with another agent.
If you both select the SAME option, you each get $1.
You cannot communicate - you must try to coordinate.
Note: The other agent sees the SAME options, but in a DIFFERENT order.

野生动物
Options: 老虎, 熊, 狮子, 大象

Which option do you choose? Respond with the exact option text.",狮子,狮子,"You are playing a coordination game with another agent.
If you both select the SAME option, you each get $1.
You cannot communicate - you must try to coordinate.
Note: The other agent sees the SAME options, but in a DIFFERENT order.

野生动物
Options: 大象, 老虎, 狮子, 熊

Which option do you choose? Respond with the exact option text.",大象,大象,False
宠物,"[""狗"", ""猫"", ""鱼"", ""仓鼠""]","[""鱼"", ""猫"", ""仓鼠"", ""狗""]","[""猫"", ""仓鼠"", ""鱼"", ""狗""]","You are playing a coordination game with another agent.
If you both select the SAME option, you each get $1.
You cannot communicate - you must try to coordinate.
Note: The other agent sees the SAME options, but in a DIFFERENT order.

宠物
Options: 鱼, 猫, 仓鼠, 狗

Which option do you choose? Respond with the exact option text.",猫,猫,"You are playing a coordination game with another agent.
If you both select the SAME option, you each get $1.
You cannot communicate - you must try to coordinate.
Note: The other agent sees the SAME options, but in a DIFFERENT order.

宠物
Options: 猫, 仓鼠, 鱼, 狗

Which option do you choose? Respond with the exact option text.",猫,猫,True
海洋动物,"[""海豚"", ""鲨鱼"", ""鲸鱼"", ""章鱼""]","[""海豚"", ""鲸鱼"", ""鲨鱼"", ""章鱼""]","[""鲸鱼"", ""鲨鱼"", ""章鱼"", ""海豚""]","You are playing a coordination game with another agent.
If you both select the SAME option, you each get $1.
You cannot communicate - you must try to coordinate.
Note: The other agent sees the SAME options, but in a DIFFERENT order.

海洋动物
Options: 海豚, 鲸鱼, 鲨鱼, 章鱼

Which option do you choose? Respond with the exact option text.",海豚,海豚,"You are playing a coordination game with another agent.
If you both select the SAME option, you each get $1.
You cannot communicate - you must try to coordinate.
Note: The other agent sees the SAME options, but in a DIFFERENT order.

海洋动物
Options: 鲸鱼, 鲨鱼, 章鱼, 海豚

Which option do you choose? Respond with the exact option text.",鲸鱼,鲸鱼,False
飞行动物,"[""鹰"", ""猫头鹰"", ""鹦鹉"", ""麻雀""]","[""麻雀"", ""猫头鹰"", ""鹦鹉"", ""鹰""]","[""鹰"", ""麻雀"", ""鹦鹉"", ""猫头鹰""]","You are playing a coordination game with another agent.
If you both select the SAME option, you each get $1.
You cannot communicate - you must try to coordinate.
Note: The other agent sees the SAME options, but in a DIFFERENT order.

飞行动物
Options: 麻雀, 猫头鹰, 鹦鹉, 鹰

Which option do you choose? Respond with the exact option text.",麻雀,麻雀,"You are playing a coordination game with another agent.
If you both select the SAME option, you each get $1.
You cannot communicate - you must try to coordinate.
Note: The other agent sees the SAME options, but in a DIFFERENT order.

飞行动物
Options: 鹰, 麻雀, 鹦鹉, 猫头鹰

Which option do you choose? Respond with the exact option text.",鹰,鹰,False
Garden Flowers,"[""Rose"", ""Tulip"", ""Daisy"", ""Lily""]","[""Daisy"", ""Lily"", ""Rose"", ""Tulip""]","[""Lily"", ""Rose"", ""Daisy"", ""Tulip""]","You are playing a coordination game with another agent.
If you both select the SAME option, you each get $1.
You cannot communicate - you must try to coordinate.
Note: The other agent sees the SAME options, but in a DIFFERENT order.

Garden Flowers
Options: Daisy, Lily, Rose, Tulip

Which option do you choose? Respond with the exact option text.",Lily,Lily,"You are playing a coordination game with another agent.
If you both select the SAME option, you each get $1.
You cannot communicate - you must try to coordinate.
Note: The other agent sees the SAME options, but in a DIFFERENT order.

Garden Flowers
Options: Lily, Rose, Daisy, Tulip

Which option do you choose? Respond with the exact option text.",Tulip,Tulip,False
Trees,"[""Oak"", ""Pine"", ""Maple"", ""Birch""]","[""Birch"", ""Oak"", ""Maple"", ""Pine""]","[""Pine"", ""Maple"", ""Oak"", ""Birch""]","You are playing a coordination game with another agent.
If you both select the SAME option, you each get $1.
You cannot communicate - you must try to coordinate.
Note: The other agent sees the SAME options, but in a DIFFERENT order.

Trees
Options: Birch, Oak, Maple, Pine

Which option do you choose? Respond with the exact option text.",Maple,Maple,"You are playing a coordination game with another agent.
If you both select the SAME option, you each get $1.
You cannot communicate - you must try to coordinate.
Note: The other agent sees the SAME options, but in a DIFFERENT order.

Trees
Options: Pine, Maple, Oak, Birch

Which option do you choose? Respond with the exact option text.",Birch,Birch,False
Indoor Plants,"[""Cactus"", ""Fern"", ""Orchid"", ""Aloe""]","[""Cactus"", ""Aloe"", ""Fern"", ""Orchid""]","[""Orchid"", ""Cactus"", ""Aloe"", ""Fern""]","You are playing a coordination game with another agent.
If you both select the SAME option, you each get $1.
You cannot communicate - you must try to coordinate.
Note: The other agent sees the SAME options, but in a DIFFERENT order.

Indoor Plants
Options: Cactus, Aloe, Fern, Orchid

Which option do you choose? Respond with the exact option text.",Fern,Fern,"You are playing a coordination game with another agent.
If you both select the SAME option, you each get $1.
You cannot communicate - you must try to coordinate.
Note: The other agent sees the SAME options, but in a DIFFERENT order.

Indoor Plants
Options: Orchid, Cactus, Aloe, Fern

Which option do you choose? Respond with the exact option text.",Cactus,Cactus,False
Wildflowers,"[""Dandelion"", ""Sunflower"", ""Lavender"", ""Poppy""]","[""Lavender"", ""Poppy"", ""Sunflower"", ""Dandelion""]","[""Sunflower"", ""Lavender"", ""Poppy"", ""Dandelion""]","You are playing a coordination game with another agent.
If you both select the SAME option, you each get $1.
You cannot communicate - you must try to coordinate.
Note: The other agent sees the SAME options, but in a DIFFERENT order.

Wildflowers
Options: Lavender, Poppy, Sunflower, Dandelion

Which option do you choose? Respond with the exact option text.",Sunflower,Sunflower,"You are playing a coordination game with another agent.
If you both select the SAME option, you each get $1.
You cannot communicate - you must try to coordinate.
Note: The other agent sees the SAME options, but in a DIFFERENT order.

Wildflowers
Options: Sunflower, Lavender, Poppy, Dandelion

Which option do you choose? Respond with the exact option text.",Sunflower,Sunflower,True
Shrubs,"[""Hedge"", ""Azalea"", ""Hydrangea"", ""Bamboo""]","[""Bamboo"", ""Hydrangea"", ""Hedge"", ""Azalea""]","[""Hedge"", ""Hydrangea"", ""Azalea"", ""Bamboo""]","You are playing a coordination game with another agent.
If you both select the SAME option, you each get $1.
You cannot communicate - you must try to coordinate.
Note: The other agent sees the SAME options, but in a DIFFERENT order.

Shrubs
Options: Bamboo, Hydrangea, Hedge, Azalea

Which option do you choose? Respond with the exact option text.",Bamboo,Bamboo,"You are playing a coordination game with another agent.
If you both select the SAME option, you each get $1.
You cannot communicate - you must try to coordinate.
Note: The other agent sees the SAME options, but in a DIFFERENT order.

Shrubs
Options: Hedge, Hydrangea, Azalea, Bamboo

Which option do you choose? Respond with the exact option text.",Hedge,Hedge,False
花园花卉,"[""玫瑰"", ""郁金香"", ""雏菊"", ""百合""]","[""郁金香"", ""百合"", ""雏菊"", ""玫瑰""]","[""郁金香"", ""玫瑰"", ""百合"", ""雏菊""]","You are playing a coordination game with another agent.
If you both select the SAME option, you each get $1.
You cannot communicate - you must try to coordinate.
Note: The other agent sees the SAME options, but in a DIFFERENT order.

花园花卉
Options: 郁金香, 百合, 雏菊, 玫瑰

Which option do you choose? Respond with the exact option text.",玫瑰,玫瑰,"You are playing a coordination game with another agent.
If you both select the SAME option, you each get $1.
You cannot communicate - you must try to coordinate.
Note: The other agent sees the SAME options, but in a DIFFERENT order.

花园花卉
Options: 郁金香, 玫瑰, 百合, 雏菊

Which option do you choose? Respond with the exact option text.",雏菊,雏菊,False
树木,"[""橡树"", ""松树"", ""枫树"", ""白桦""]","[""枫树"", ""橡树"", ""松树"", ""白桦""]","[""橡树"", ""松树"", ""枫树"", ""白桦""]","You are playing a coordination game with another agent.
If you both select the SAME option, you each get $1.
You cannot communicate - you must try to coordinate.
Note: The other agent sees the SAME options, but in a DIFFERENT order.

树木
Options: 枫树, 橡树, 松树, 白桦

Which option do you choose? Respond with the exact option text.",橡树,橡树,"You are playing a coordination game with another agent.
If you both select the SAME option, you each get $1.
You cannot communicate - you must try to coordinate.
Note: The other agent sees the SAME options, but in a DIFFERENT order.

树木
Options: 橡树, 松树, 枫树, 白桦

Which option do you choose? Respond with the exact option text.",橡树,橡树,True
室内植物,"[""仙人掌"", ""蕨类"", ""兰花"", ""芦荟""]","[""芦荟"", ""兰花"", ""蕨类"", ""仙人掌""]","[""芦荟"", ""蕨类"", ""仙人掌"", ""兰花""]","You are playing a coordination game with another agent.
If you both select the SAME option, you each get $1.
You cannot communicate - you must try to coordinate.
Note: The other agent sees the SAME options, but in a DIFFERENT order.

室内植物
Options: 芦荟, 兰花, 蕨类, 仙人掌

Which option do you choose? Respond with the exact option text.",仙人掌,仙人掌,"You are playing a coordination game with another agent.
If you both select the SAME option, you each get $1.
You cannot communicate - you must try to coordinate.
Note: The other agent sees the SAME options, but in a DIFFERENT order.

室内植物
Options: 芦荟, 蕨类, 仙人掌, 兰花

Which option do you choose? Respond with the exact option text.",芦荟,芦荟,False
野花,"[""蒲公英"", ""向日葵"", ""薰衣草"", ""罂粟花""]","[""蒲公英"", ""薰衣草"", ""向日葵"", ""罂粟花""]","[""蒲公英"", ""罂粟花"", ""向日葵"", ""薰衣草""]","You are playing a coordination game with another agent.
If you both select the SAME option, you each get $1.
You cannot communicate - you must try to coordinate.
Note: The other agent sees the SAME options, but in a DIFFERENT order.

野花
Options: 蒲公英, 薰衣草, 向日葵, 罂粟花

Which option do you choose? Respond with the exact option text.",罂粟花,罂粟花,"You are playing a coordination game with another agent.
If you both select the SAME option, you each get $1.
You cannot communicate - you must try to coordinate.
Note: The other agent sees the SAME options, but in a DIFFERENT order.

野花
Options: 蒲公英, 罂粟花, 向日葵, 薰衣草

Which option do you choose? Respond with the exact option text.",薰衣草,薰衣草,False
灌木,"[""灌木"", ""杜鹃"", ""绣球"", ""竹子""]","[""杜鹃"", ""灌木"", ""绣球"", ""竹子""]","[""竹子"", ""灌木"", ""绣球"", ""杜鹃""]","You are playing a coordination game with another agent.
If you both select the SAME option, you each get $1.
You cannot communicate - you must try to coordinate.
Note: The other agent sees the SAME options, but in a DIFFERENT order.

灌木
Options: 杜鹃, 灌木, 绣球, 竹子

Which option do you choose? Respond with the exact option text.","To coordinate with another agent when we see the same options in different orders, we need a consistent rule for choosing without communication.

One common strategy is to pick the **first option in the list as you see it**, assuming the other agent is reasoning similarly.  
However, the problem says the other agent sees them **in a different order**, so picking simply by position (like ""first on my list"") might fail.

Another possible rule is to pick the **alphabetically first** option based on some shared language or consistent ordering. Here the options are in Chinese characters; we can order them by Pinyin:

1. 杜鹃 (dù juān)  
2. 灌木 (guàn mù)  
3. 绣球 (xiù qiú)  
4. 竹子 (zhú zi)

The **alphabetically first by Pinyin** would be **杜鹃**.

But if the other agent is also using the same principle, they'll pick 杜鹃 as well, even if their displayed order is different.

Since the safest common ground is to choose an invariant rule like alphabetical order (assuming both agents think alike), I will choose:

**杜鹃**",灌木,"You are playing a coordination game with another agent.
If you both select the SAME option, you each get $1.
You cannot communicate - you must try to coordinate.
Note: The other agent sees the SAME options, but in a DIFFERENT order.

灌木
Options: 竹子, 灌木, 绣球, 杜鹃

Which option do you choose? Respond with the exact option text.",灌木,灌木,True
Common Fruits,"[""Apple"", ""Banana"", ""Orange"", ""Grape""]","[""Grape"", ""Banana"", ""Apple"", ""Orange""]","[""Grape"", ""Orange"", ""Apple"", ""Banana""]","You are playing a coordination game with another agent.
If you both select the SAME option, you each get $1.
You cannot communicate - you must try to coordinate.
Note: The other agent sees the SAME options, but in a DIFFERENT order.

Common Fruits
Options: Grape, Banana, Apple, Orange

Which option do you choose? Respond with the exact option text.",Apple,Apple,"You are playing a coordination game with another agent.
If you both select the SAME option, you each get $1.
You cannot communicate - you must try to coordinate.
Note: The other agent sees the SAME options, but in a DIFFERENT order.

Common Fruits
Options: Grape, Orange, Apple, Banana

Which option do you choose? Respond with the exact option text.",Banana,Banana,False
Berries,"[""Strawberry"", ""Blueberry"", ""Raspberry"", ""Blackberry""]","[""Strawberry"", ""Blackberry"", ""Blueberry"", ""Raspberry""]","[""Blueberry"", ""Blackberry"", ""Strawberry"", ""Raspberry""]","You are playing a coordination game with another agent.
If you both select the SAME option, you each get $1.
You cannot communicate - you must try to coordinate.
Note: The other agent sees the SAME options, but in a DIFFERENT order.

Berries
Options: Strawberry, Blackberry, Blueberry, Raspberry

Which option do you choose? Respond with the exact option text.",Strawberry,Strawberry,"You are playing a coordination game with another agent.
If you both select the SAME option, you each get $1.
You cannot communicate - you must try to coordinate.
Note: The other agent sees the SAME options, but in a DIFFERENT order.

Berries
Options: Blueberry, Blackberry, Strawberry, Raspberry

Which option do you choose? Respond with the exact option text.",Blueberry,Blueberry,False
Tropical Fruits,"[""Mango"", ""Pineapple"", ""Papaya"", ""Coconut""]","[""Mango"", ""Pineapple"", ""Coconut"", ""Papaya""]","[""Coconut"", ""Pineapple"", ""Papaya"", ""Mango""]","You are playing a coordination game with another agent.
If you both select the SAME option, you each get $1.
You cannot communicate - you must try to coordinate.
Note: The other agent sees the SAME options, but in a DIFFERENT order.

Tropical Fruits
Options: Mango, Pineapple, Coconut, Papaya

Which option do you choose? Respond with the exact option text.",Pineapple,Pineapple,"You are playing a coordination game with another agent.
If you both select the SAME option, you each get $1.
You cannot communicate - you must try to coordinate.
Note: The other agent sees the SAME options, but in a DIFFERENT order.

Tropical Fruits
Options: Coconut, Pineapple, Papaya, Mango

Which option do you choose? Respond with the exact option text.",Mango,Mango,False
Stone Fruits,"[""Peach"", ""Plum"", ""Cherry"", ""Apricot""]","[""Apricot"", ""Cherry"", ""Plum"", ""Peach""]","[""Plum"", ""Apricot"", ""Peach"", ""Cherry""]","You are playing a coordination game with another agent.
If you both select the SAME option, you each get $1.
You cannot communicate - you must try to coordinate.
Note: The other agent sees the SAME options, but in a DIFFERENT order.

Stone Fruits
Options: Apricot, Cherry, Plum, Peach

Which option do you choose? Respond with the exact option text.",Apricot,Apricot,"You are playing a coordination game with another agent.
If you both select the SAME option, you each get $1.
You cannot communicate - you must try to coordinate.
Note: The other agent sees the SAME options, but in a DIFFERENT order.

Stone Fruits
Options: Plum, Apricot, Peach, Cherry

Which option do you choose? Respond with the exact option text.",Plum,Plum,False
Citrus Fruits,"[""Orange"", ""Lemon"", ""Lime"", ""Grapefruit""]","[""Lime"", ""Lemon"", ""Grapefruit"", ""Orange""]","[""Lime"", ""Grapefruit"", ""Orange"", ""Lemon""]","You are playing a coordination game with another agent.
If you both select the SAME option, you each get $1.
You cannot communicate - you must try to coordinate.
Note: The other agent sees the SAME options, but in a DIFFERENT order.

Citrus Fruits
Options: Lime, Lemon, Grapefruit, Orange

Which option do you choose? Respond with the exact option text.",Orange,Orange,"You are playing a coordination game with another agent.
If you both select the SAME option, you each get $1.
You cannot communicate - you must try to coordinate.
Note: The other agent sees the SAME options, but in a DIFFERENT order.

Citrus Fruits
Options: Lime, Grapefruit, Orange, Lemon

Which option do you choose? Respond with the exact option text.",Orange,Orange,True
常见水果,"[""苹果"", ""香蕉"", ""橙子"", ""葡萄""]","[""橙子"", ""葡萄"", ""苹果"", ""香蕉""]","[""香蕉"", ""橙子"", ""苹果"", ""葡萄""]","You are playing a coordination game with another agent.
If you both select the SAME option, you each get $1.
You cannot communicate - you must try to coordinate.
Note: The other agent sees the SAME options, but in a DIFFERENT order.

常见水果
Options: 橙子, 葡萄, 苹果, 香蕉

Which option do you choose? Respond with the exact option text.",香蕉,香蕉,"You are playing a coordination game with another agent.
If you both select the SAME option, you each get $1.
You cannot communicate - you must try to coordinate.
Note: The other agent sees the SAME options, but in a DIFFERENT order.

常见水果
Options: 香蕉, 橙子, 苹果, 葡萄

Which option do you choose? Respond with the exact option text.",苹果,苹果,False
浆果,"[""草莓"", ""蓝莓"", ""树莓"", ""黑莓""]","[""黑莓"", ""蓝莓"", ""草莓"", ""树莓""]","[""草莓"", ""树莓"", ""蓝莓"", ""黑莓""]","You are playing a coordination game with another agent.
If you both select the SAME option, you each get $1.
You cannot communicate - you must try to coordinate.
Note: The other agent sees the SAME options, but in a DIFFERENT order.

浆果
Options: 黑莓, 蓝莓, 草莓, 树莓

Which option do you choose? Respond with the exact option text.",黑莓,黑莓,"You are playing a coordination game with another agent.
If you both select the SAME option, you each get $1.
You cannot communicate - you must try to coordinate.
Note: The other agent sees the SAME options, but in a DIFFERENT order.

浆果
Options: 草莓, 树莓, 蓝莓, 黑莓

Which option do you choose? Respond with the exact option text.",草莓,草莓,False
热带水果,"[""芒果"", ""菠萝"", ""木瓜"", ""椰子""]","[""木瓜"", ""菠萝"", ""椰子"", ""芒果""]","[""木瓜"", ""椰子"", ""菠萝"", ""芒果""]","You are playing a coordination game with another agent.
If you both select the SAME option, you each get $1.
You cannot communicate - you must try to coordinate.
Note: The other agent sees the SAME options, but in a DIFFERENT order.

热带水果
Options: 木瓜, 菠萝, 椰子, 芒果

Which option do you choose? Respond with the exact option text.",芒果,芒果,"You are playing a coordination game with another agent.
If you both select the SAME option, you each get $1.
You cannot communicate - you must try to coordinate.
Note: The other agent sees the SAME options, but in a DIFFERENT order.

热带水果
Options: 木瓜, 椰子, 菠萝, 芒果

Which option do you choose? Respond with the exact option text.",椰子,椰子,False
核果,"[""桃子"", ""李子"", ""樱桃"", ""杏""]","[""桃子"", ""樱桃"", ""杏"", ""李子""]","[""李子"", ""桃子"", ""杏"", ""樱桃""]","You are playing a coordination game with another agent.
If you both select the SAME option, you each get $1.
You cannot communicate - you must try to coordinate.
Note: The other agent sees the SAME options, but in a DIFFERENT order.

核果
Options: 桃子, 樱桃, 杏, 李子

Which option do you choose? Respond with the exact option text.",桃子,桃子,"You are playing a coordination game with another agent.
If you both select the SAME option, you each get $1.
You cannot communicate - you must try to coordinate.
Note: The other agent sees the SAME options, but in a DIFFERENT order.

核果
Options: 李子, 桃子, 杏, 樱桃

Which option do you choose? Respond with the exact option text.",杏,杏,False
柑橘类,"[""橙子"", ""柠檬"", ""青柠"", ""柚子""]","[""青柠"", ""橙子"", ""柠檬"", ""柚子""]","[""柠檬"", ""青柠"", ""柚子"", ""橙子""]","You are playing a coordination game with another agent.
If you both select the SAME option, you each get $1.
You cannot communicate - you must try to coordinate.
Note: The other agent sees the SAME options, but in a DIFFERENT order.

柑橘类
Options: 青柠, 橙子, 柠檬, 柚子

Which option do you choose? Respond with the exact option text.",橙子,橙子,"You are playing a coordination game with another agent.
If you both select the SAME option, you each get $1.
You cannot communicate - you must try to coordinate.
Note: The other agent sees the SAME options, but in a DIFFERENT order.

柑橘类
Options: 柠檬, 青柠, 柚子, 橙子

Which option do you choose? Respond with the exact option text.",橙子,橙子,True
Head Parts,"[""Eye"", ""Nose"", ""Mouth"", ""Ear""]","[""Eye"", ""Nose"", ""Ear"", ""Mouth""]","[""Eye"", ""Ear"", ""Mouth"", ""Nose""]","You are playing a coordination game with another agent.
If you both select the SAME option, you each get $1.
You cannot communicate - you must try to coordinate.
Note: The other agent sees the SAME options, but in a DIFFERENT order.

Head Parts
Options: Eye, Nose, Ear, Mouth

Which option do you choose? Respond with the exact option text.",Eye,Eye,"You are playing a coordination game with another agent.
If you both select the SAME option, you each get $1.
You cannot communicate - you must try to coordinate.
Note: The other agent sees the SAME options, but in a DIFFERENT order.

Head Parts
Options: Eye, Ear, Mouth, Nose

Which option do you choose? Respond with the exact option text.",Mouth,Mouth,False
Hand Parts,"[""Finger"", ""Thumb"", ""Palm"", ""Wrist""]","[""Wrist"", ""Finger"", ""Palm"", ""Thumb""]","[""Thumb"", ""Finger"", ""Wrist"", ""Palm""]","You are playing a coordination game with another agent.
If you both select the SAME option, you each get $1.
You cannot communicate - you must try to coordinate.
Note: The other agent sees the SAME options, but in a DIFFERENT order.

Hand Parts
Options: Wrist, Finger, Palm, Thumb

Which option do you choose? Respond with the exact option text.",Palm,Palm,"You are playing a coordination game with another agent.
If you both select the SAME option, you each get $1.
You cannot communicate - you must try to coordinate.
Note: The other agent sees the SAME options, but in a DIFFERENT order.

Hand Parts
Options: Thumb, Finger, Wrist, Palm

Which option do you choose? Respond with the exact option text.",Palm,Palm,True
Body Systems,"[""Heart"", ""Brain"", ""Lung"", ""Stomach""]","[""Stomach"", ""Lung"", ""Heart"", ""Brain""]","[""Heart"", ""Lung"", ""Brain"", ""Stomach""]","You are playing a coordination game with another agent.
If you both select the SAME option, you each get $1.
You cannot communicate - you must try to coordinate.
Note: The other agent sees the SAME options, but in a DIFFERENT order.

Body Systems
Options: Stomach, Lung, Heart, Brain

Which option do you choose? Respond with the exact option text.",Brain,Brain,"You are playing a coordination game with another agent.
If you both select the SAME option, you each get $1.
You cannot communicate - you must try to coordinate.
Note: The other agent sees the SAME options, but in a DIFFERENT order.

Body Systems
Options: Heart, Lung, Brain, Stomach

Which option do you choose? Respond with the exact option text.",Brain,Brain,True
Limbs,"[""Arm"", ""Leg"", ""Hand"", ""Foot""]","[""Arm"", ""Hand"", ""Leg"", ""Foot""]","[""Leg"", ""Foot"", ""Arm"", ""Hand""]","You are playing a coordination game with another agent.
If you both select the SAME option, you each get $1.
You cannot communicate - you must try to coordinate.
Note: The other agent sees the SAME options, but in a DIFFERENT order.

Limbs
Options: Arm, Hand, Leg, Foot

Which option do you choose? Respond with the exact option text.","Given that the other agent sees the same options in a different order, we need to choose the one most likely to be chosen by the other person without communication.  
Typically, in such coordination games, people tend to pick the first option they see in their own list—but since the orders differ, we should pick the option that is most ""salient"" or likely to be chosen regardless of order.

If I see: Arm, Hand, Leg, Foot,  
I don’t know the other’s order, but **“Arm”** is often associated with limbs generally (as in ""limbs"" including arms and legs) and is first in my list.  
However, studies suggest people often choose the first option in their own list when trying to coordinate without communication.  
But the twist here: if the other person’s list is different, my first may not match theirs.  
Thus, instead of choosing based on my own order, I should choose the most ""focal"" or commonly selected in common knowledge—perhaps **“Hand”** because hands are distinctive, or **“Arm”** because it's often the first example of a limb.  

In practice, experiments show that in symmetric payoff coordination games with reordered options, participants converge on picking the option that is alphabetically first or conceptually simplest. Alphabetically: Arm comes before Foot, Hand, Leg.  
Also, in English, when listing limbs, “arms and legs” is a common phrase, with “Arm” before “Leg”.  

Given all this, the most likely common choice is **Arm**.

**Arm**",Hand,"You are playing a coordination game with another agent.
If you both select the SAME option, you each get $1.
You cannot communicate - you must try to coordinate.
Note: The other agent sees the SAME options, but in a DIFFERENT order.

Limbs
Options: Leg, Foot, Arm, Hand

Which option do you choose? Respond with the exact option text.",Hand,Hand,True
External Features,"[""Hair"", ""Skin"", ""Nail"", ""Teeth""]","[""Hair"", ""Nail"", ""Skin"", ""Teeth""]","[""Skin"", ""Nail"", ""Hair"", ""Teeth""]","You are playing a coordination game with another agent.
If you both select the SAME option, you each get $1.
You cannot communicate - you must try to coordinate.
Note: The other agent sees the SAME options, but in a DIFFERENT order.

External Features
Options: Hair, Nail, Skin, Teeth

Which option do you choose? Respond with the exact option text.",Hair,Hair,"You are playing a coordination game with another agent.
If you both select the SAME option, you each get $1.
You cannot communicate - you must try to coordinate.
Note: The other agent sees the SAME options, but in a DIFFERENT order.

External Features
Options: Skin, Nail, Hair, Teeth

Which option do you choose? Respond with the exact option text.",Hair,Hair,True
头部器官,"[""眼睛"", ""鼻子"", ""嘴巴"", ""耳朵""]","[""耳朵"", ""鼻子"", ""嘴巴"", ""眼睛""]","[""眼睛"", ""鼻子"", ""嘴巴"", ""耳朵""]","You are playing a coordination game with another agent.
If you both select the SAME option, you each get $1.
You cannot communicate - you must try to coordinate.
Note: The other agent sees the SAME options, but in a DIFFERENT order.

头部器官
Options: 耳朵, 鼻子, 嘴巴, 眼睛

Which option do you choose? Respond with the exact option text.",眼睛,眼睛,"You are playing a coordination game with another agent.
If you both select the SAME option, you each get $1.
You cannot communicate - you must try to coordinate.
Note: The other agent sees the SAME options, but in a DIFFERENT order.

头部器官
Options: 眼睛, 鼻子, 嘴巴, 耳朵

Which option do you choose? Respond with the exact option text.",眼睛,眼睛,True
手部,"[""手指"", ""拇指"", ""手掌"", ""手腕""]","[""拇指"", ""手掌"", ""手腕"", ""手指""]","[""手腕"", ""拇指"", ""手掌"", ""手指""]","You are playing a coordination game with another agent.
If you both select the SAME option, you each get $1.
You cannot communicate - you must try to coordinate.
Note: The other agent sees the SAME options, but in a DIFFERENT order.

手部
Options: 拇指, 手掌, 手腕, 手指

Which option do you choose? Respond with the exact option text.",手掌,手掌,"You are playing a coordination game with another agent.
If you both select the SAME option, you each get $1.
You cannot communicate - you must try to coordinate.
Note: The other agent sees the SAME options, but in a DIFFERENT order.

手部
Options: 手腕, 拇指, 手掌, 手指

Which option do you choose? Respond with the exact option text.","手掌

Reasoning: Among the options related to ""hand"" (手部), ""palm"" (手掌) seems the most central or commonly referenced part in a neutral context. The other agent might also think of choosing the most typical or central part to coordinate.",手掌,True
内部器官,"[""心脏"", ""大脑"", ""肺"", ""胃""]","[""胃"", ""心脏"", ""肺"", ""大脑""]","[""胃"", ""心脏"", ""大脑"", ""肺""]","You are playing a coordination game with another agent.
If you both select the SAME option, you each get $1.
You cannot communicate - you must try to coordinate.
Note: The other agent sees the SAME options, but in a DIFFERENT order.

内部器官
Options: 胃, 心脏, 肺, 大脑

Which option do you choose? Respond with the exact option text.",胃,胃,"You are playing a coordination game with another agent.
If you both select the SAME option, you each get $1.
You cannot communicate - you must try to coordinate.
Note: The other agent sees the SAME options, but in a DIFFERENT order.

内部器官
Options: 胃, 心脏, 大脑, 肺

Which option do you choose? Respond with the exact option text.",大脑,大脑,False
四肢,"[""手臂"", ""腿"", ""手"", ""脚""]","[""手"", ""脚"", ""手臂"", ""腿""]","[""手臂"", ""手"", ""脚"", ""腿""]","You are playing a coordination game with another agent.
If you both select the SAME option, you each get $1.
You cannot communicate - you must try to coordinate.
Note: The other agent sees the SAME options, but in a DIFFERENT order.

四肢
Options: 手, 脚, 手臂, 腿

Which option do you choose? Respond with the exact option text.",腿,腿,"You are playing a coordination game with another agent.
If you both select the SAME option, you each get $1.
You cannot communicate - you must try to coordinate.
Note: The other agent sees the SAME options, but in a DIFFERENT order.

四肢
Options: 手臂, 手, 脚, 腿

Which option do you choose? Respond with the exact option text.",脚,脚,False
外部特征,"[""头发"", ""皮肤"", ""指甲"", ""牙齿""]","[""皮肤"", ""牙齿"", ""头发"", ""指甲""]","[""牙齿"", ""指甲"", ""皮肤"", ""头发""]","You are playing a coordination game with another agent.
If you both select the SAME option, you each get $1.
You cannot communicate - you must try to coordinate.
Note: The other agent sees the SAME options, but in a DIFFERENT order.

外部特征
Options: 皮肤, 牙齿, 头发, 指甲

Which option do you choose? Respond with the exact option text.",指甲,指甲,"You are playing a coordination game with another agent.
If you both select the SAME option, you each get $1.
You cannot communicate - you must try to coordinate.
Note: The other agent sees the SAME options, but in a DIFFERENT order.

外部特征
Options: 牙齿, 指甲, 皮肤, 头发

Which option do you choose? Respond with the exact option text.",头发,头发,False
Five Senses,"[""Sight"", ""Hearing"", ""Touch"", ""Smell""]","[""Hearing"", ""Sight"", ""Smell"", ""Touch""]","[""Smell"", ""Hearing"", ""Sight"", ""Touch""]","You are playing a coordination game with another agent.
If you both select the SAME option, you each get $1.
You cannot communicate - you must try to coordinate.
Note: The other agent sees the SAME options, but in a DIFFERENT order.

Five Senses
Options: Hearing, Sight, Smell, Touch

Which option do you choose? Respond with the exact option text.",Sight,Sight,"You are playing a coordination game with another agent.
If you both select the SAME option, you each get $1.
You cannot communicate - you must try to coordinate.
Note: The other agent sees the SAME options, but in a DIFFERENT order.

Five Senses
Options: Smell, Hearing, Sight, Touch

Which option do you choose? Respond with the exact option text.",Sight,Sight,True
Taste Types,"[""Sweet"", ""Sour"", ""Salty"", ""Bitter""]","[""Sweet"", ""Salty"", ""Bitter"", ""Sour""]","[""Bitter"", ""Sour"", ""Salty"", ""Sweet""]","You are playing a coordination game with another agent.
If you both select the SAME option, you each get $1.
You cannot communicate - you must try to coordinate.
Note: The other agent sees the SAME options, but in a DIFFERENT order.

Taste Types
Options: Sweet, Salty, Bitter, Sour

Which option do you choose? Respond with the exact option text.",Sweet,Sweet,"You are playing a coordination game with another agent.
If you both select the SAME option, you each get $1.
You cannot communicate - you must try to coordinate.
Note: The other agent sees the SAME options, but in a DIFFERENT order.

Taste Types
Options: Bitter, Sour, Salty, Sweet

Which option do you choose? Respond with the exact option text.",Salty,Salty,False
Touch Sensations,"[""Hot"", ""Cold"", ""Rough"", ""Smooth""]","[""Cold"", ""Rough"", ""Hot"", ""Smooth""]","[""Rough"", ""Hot"", ""Smooth"", ""Cold""]","You are playing a coordination game with another agent.
If you both select the SAME option, you each get $1.
You cannot communicate - you must try to coordinate.
Note: The other agent sees the SAME options, but in a DIFFERENT order.

Touch Sensations
Options: Cold, Rough, Hot, Smooth

Which option do you choose? Respond with the exact option text.",Smooth,Smooth,"You are playing a coordination game with another agent.
If you both select the SAME option, you each get $1.
You cannot communicate - you must try to coordinate.
Note: The other agent sees the SAME options, but in a DIFFERENT order.

Touch Sensations
Options: Rough, Hot, Smooth, Cold

Which option do you choose? Respond with the exact option text.",Smooth,Smooth,True
Visual Qualities,"[""Bright"", ""Dark"", ""Colorful"", ""Plain""]","[""Bright"", ""Colorful"", ""Plain"", ""Dark""]","[""Colorful"", ""Bright"", ""Plain"", ""Dark""]","You are playing a coordination game with another agent.
If you both select the SAME option, you each get $1.
You cannot communicate - you must try to coordinate.
Note: The other agent sees the SAME options, but in a DIFFERENT order.

Visual Qualities
Options: Bright, Colorful, Plain, Dark

Which option do you choose? Respond with the exact option text.",Plain,Plain,"You are playing a coordination game with another agent.
If you both select the SAME option, you each get $1.
You cannot communicate - you must try to coordinate.
Note: The other agent sees the SAME options, but in a DIFFERENT order.

Visual Qualities
Options: Colorful, Bright, Plain, Dark

Which option do you choose? Respond with the exact option text.","Since we can’t communicate and the other agent sees the options in a different order, the best strategy is to pick the one that stands out the most in meaning or likely visual distinctness.  
“Colorful” feels the most distinctive and likely to be chosen by the other agent as well, regardless of order.  

So I choose: **Colorful**",Colorful,False
Sound Qualities,"[""Loud"", ""Soft"", ""High"", ""Low""]","[""Soft"", ""Loud"", ""High"", ""Low""]","[""Low"", ""Soft"", ""Loud"", ""High""]","You are playing a coordination game with another agent.
If you both select the SAME option, you each get $1.
You cannot communicate - you must try to coordinate.
Note: The other agent sees the SAME options, but in a DIFFERENT order.

Sound Qualities
Options: Soft, Loud, High, Low

Which option do you choose? Respond with the exact option text.",High,High,"You are playing a coordination game with another agent.
If you both select the SAME option, you each get $1.
You cannot communicate - you must try to coordinate.
Note: The other agent sees the SAME options, but in a DIFFERENT order.

Sound Qualities
Options: Low, Soft, Loud, High

Which option do you choose? Respond with the exact option text.",Soft,Soft,False
五种感官,"[""视觉"", ""听觉"", ""触觉"", ""嗅觉""]","[""听觉"", ""嗅觉"", ""触觉"", ""视觉""]","[""听觉"", ""嗅觉"", ""视觉"", ""触觉""]","You are playing a coordination game with another agent.
If you both select the SAME option, you each get $1.
You cannot communicate - you must try to coordinate.
Note: The other agent sees the SAME options, but in a DIFFERENT order.

五种感官
Options: 听觉, 嗅觉, 触觉, 视觉

Which option do you choose? Respond with the exact option text.",视觉,视觉,"You are playing a coordination game with another agent.
If you both select the SAME option, you each get $1.
You cannot communicate - you must try to coordinate.
Note: The other agent sees the SAME options, but in a DIFFERENT order.

五种感官
Options: 听觉, 嗅觉, 视觉, 触觉

Which option do you choose? Respond with the exact option text.",视觉,视觉,True
味觉类型,"[""甜"", ""酸"", ""咸"", ""苦""]","[""酸"", ""甜"", ""苦"", ""咸""]","[""酸"", ""苦"", ""甜"", ""咸""]","You are playing a coordination game with another agent.
If you both select the SAME option, you each get $1.
You cannot communicate - you must try to coordinate.
Note: The other agent sees the SAME options, but in a DIFFERENT order.

味觉类型
Options: 酸, 甜, 苦, 咸

Which option do you choose? Respond with the exact option text.",甜,甜,"You are playing a coordination game with another agent.
If you both select the SAME option, you each get $1.
You cannot communicate - you must try to coordinate.
Note: The other agent sees the SAME options, but in a DIFFERENT order.

味觉类型
Options: 酸, 苦, 甜, 咸

Which option do you choose? Respond with the exact option text.",咸,咸,False
触感,"[""热"", ""冷"", ""粗糙"", ""光滑""]","[""光滑"", ""热"", ""粗糙"", ""冷""]","[""粗糙"", ""热"", ""光滑"", ""冷""]","You are playing a coordination game with another agent.
If you both select the SAME option, you each get $1.
You cannot communicate - you must try to coordinate.
Note: The other agent sees the SAME options, but in a DIFFERENT order.

触感
Options: 光滑, 热, 粗糙, 冷

Which option do you choose? Respond with the exact option text.",光滑,光滑,"You are playing a coordination game with another agent.
If you both select the SAME option, you each get $1.
You cannot communicate - you must try to coordinate.
Note: The other agent sees the SAME options, but in a DIFFERENT order.

触感
Options: 粗糙, 热, 光滑, 冷

Which option do you choose? Respond with the exact option text.","光滑

The other agent sees the options in a different order, so I should pick the most distinctive or likely-to-be-chosen option.  
“光滑” (smooth) seems like a natural focal point because it’s a clear contrast to “粗糙” (rough) and stands out among touch-related adjectives.  
Both players want to pick the same, and “光滑” feels like a salient choice.",粗糙,False
视觉特征,"[""明亮"", ""黑暗"", ""多彩"", ""朴素""]","[""明亮"", ""黑暗"", ""朴素"", ""多彩""]","[""黑暗"", ""多彩"", ""明亮"", ""朴素""]","You are playing a coordination game with another agent.
If you both select the SAME option, you each get $1.
You cannot communicate - you must try to coordinate.
Note: The other agent sees the SAME options, but in a DIFFERENT order.

视觉特征
Options: 明亮, 黑暗, 朴素, 多彩

Which option do you choose? Respond with the exact option text.",明亮,明亮,"You are playing a coordination game with another agent.
If you both select the SAME option, you each get $1.
You cannot communicate - you must try to coordinate.
Note: The other agent sees the SAME options, but in a DIFFERENT order.

视觉特征
Options: 黑暗, 多彩, 明亮, 朴素

Which option do you choose? Respond with the exact option text.",朴素,朴素,False
声音特征,"[""响亮"", ""柔和"", ""高音"", ""低音""]","[""高音"", ""柔和"", ""响亮"", ""低音""]","[""响亮"", ""柔和"", ""高音"", ""低音""]","You are playing a coordination game with another agent.
If you both select the SAME option, you each get $1.
You cannot communicate - you must try to coordinate.
Note: The other agent sees the SAME options, but in a DIFFERENT order.

声音特征
Options: 高音, 柔和, 响亮, 低音

Which option do you choose? Respond with the exact option text.",高音,高音,"You are playing a coordination game with another agent.
If you both select the SAME option, you each get $1.
You cannot communicate - you must try to coordinate.
Note: The other agent sees the SAME options, but in a DIFFERENT order.

声音特征
Options: 响亮, 柔和, 高音, 低音

Which option do you choose? Respond with the exact option text.",响亮,响亮,False
Hand Tools,"[""Hammer"", ""Screwdriver"", ""Wrench"", ""Pliers""]","[""Wrench"", ""Pliers"", ""Hammer"", ""Screwdriver""]","[""Hammer"", ""Screwdriver"", ""Wrench"", ""Pliers""]","You are playing a coordination game with another agent.
If you both select the SAME option, you each get $1.
You cannot communicate - you must try to coordinate.
Note: The other agent sees the SAME options, but in a DIFFERENT order.

Hand Tools
Options: Wrench, Pliers, Hammer, Screwdriver

Which option do you choose? Respond with the exact option text.",Hammer,Hammer,"You are playing a coordination game with another agent.
If you both select the SAME option, you each get $1.
You cannot communicate - you must try to coordinate.
Note: The other agent sees the SAME options, but in a DIFFERENT order.

Hand Tools
Options: Hammer, Screwdriver, Wrench, Pliers

Which option do you choose? Respond with the exact option text.",Hammer,Hammer,True
Cutting Tools,"[""Knife"", ""Scissors"", ""Axe"", ""Saw""]","[""Saw"", ""Axe"", ""Scissors"", ""Knife""]","[""Axe"", ""Scissors"", ""Saw"", ""Knife""]","You are playing a coordination game with another agent.
If you both select the SAME option, you each get $1.
You cannot communicate - you must try to coordinate.
Note: The other agent sees the SAME options, but in a DIFFERENT order.

Cutting Tools
Options: Saw, Axe, Scissors, Knife

Which option do you choose? Respond with the exact option text.",Scissors,Scissors,"You are playing a coordination game with another agent.
If you both select the SAME option, you each get $1.
You cannot communicate - you must try to coordinate.
Note: The other agent sees the SAME options, but in a DIFFERENT order.

Cutting Tools
Options: Axe, Scissors, Saw, Knife

Which option do you choose? Respond with the exact option text.",Knife,Knife,False
Measuring Tools,"[""Ruler"", ""Scale"", ""Compass"", ""Thermometer""]","[""Ruler"", ""Thermometer"", ""Compass"", ""Scale""]","[""Thermometer"", ""Ruler"", ""Scale"", ""Compass""]","You are playing a coordination game with another agent.
If you both select the SAME option, you each get $1.
You cannot communicate - you must try to coordinate.
Note: The other agent sees the SAME options, but in a DIFFERENT order.

Measuring Tools
Options: Ruler, Thermometer, Compass, Scale

Which option do you choose? Respond with the exact option text.",Ruler,Ruler,"You are playing a coordination game with another agent.
If you both select the SAME option, you each get $1.
You cannot communicate - you must try to coordinate.
Note: The other agent sees the SAME options, but in a DIFFERENT order.

Measuring Tools
Options: Thermometer, Ruler, Scale, Compass

Which option do you choose? Respond with the exact option text.",Thermometer,Thermometer,False
Writing Tools,"[""Pen"", ""Pencil"", ""Marker"", ""Chalk""]","[""Pen"", ""Pencil"", ""Marker"", ""Chalk""]","[""Chalk"", ""Pencil"", ""Marker"", ""Pen""]","You are playing a coordination game with another agent.
If you both select the SAME option, you each get $1.
You cannot communicate - you must try to coordinate.
Note: The other agent sees the SAME options, but in a DIFFERENT order.

Writing Tools
Options: Pen, Pencil, Marker, Chalk

Which option do you choose? Respond with the exact option text.",Pen,Pen,"You are playing a coordination game with another agent.
If you both select the SAME option, you each get $1.
You cannot communicate - you must try to coordinate.
Note: The other agent sees the SAME options, but in a DIFFERENT order.

Writing Tools
Options: Chalk, Pencil, Marker, Pen

Which option do you choose? Respond with the exact option text.",Pencil,Pencil,False
Garden Tools,"[""Shovel"", ""Rake"", ""Hoe"", ""Trowel""]","[""Rake"", ""Trowel"", ""Hoe"", ""Shovel""]","[""Rake"", ""Shovel"", ""Hoe"", ""Trowel""]","You are playing a coordination game with another agent.
If you both select the SAME option, you each get $1.
You cannot communicate - you must try to coordinate.
Note: The other agent sees the SAME options, but in a DIFFERENT order.

Garden Tools
Options: Rake, Trowel, Hoe, Shovel

Which option do you choose? Respond with the exact option text.",Shovel,Shovel,"You are playing a coordination game with another agent.
If you both select the SAME option, you each get $1.
You cannot communicate - you must try to coordinate.
Note: The other agent sees the SAME options, but in a DIFFERENT order.

Garden Tools
Options: Rake, Shovel, Hoe, Trowel

Which option do you choose? Respond with the exact option text.",Rake,Rake,False
手动工具,"[""锤子"", ""螺丝刀"", ""扳手"", ""钳子""]","[""螺丝刀"", ""锤子"", ""扳手"", ""钳子""]","[""螺丝刀"", ""钳子"", ""锤子"", ""扳手""]","You are playing a coordination game with another agent.
If you both select the SAME option, you each get $1.
You cannot communicate - you must try to coordinate.
Note: The other agent sees the SAME options, but in a DIFFERENT order.

手动工具
Options: 螺丝刀, 锤子, 扳手, 钳子

Which option do you choose? Respond with the exact option text.",扳手,扳手,"You are playing a coordination game with another agent.
If you both select the SAME option, you each get $1.
You cannot communicate - you must try to coordinate.
Note: The other agent sees the SAME options, but in a DIFFERENT order.

手动工具
Options: 螺丝刀, 钳子, 锤子, 扳手

Which option do you choose? Respond with the exact option text.",钳子,钳子,False
切割工具,"[""刀"", ""剪刀"", ""斧头"", ""锯子""]","[""剪刀"", ""刀"", ""斧头"", ""锯子""]","[""刀"", ""剪刀"", ""斧头"", ""锯子""]","You are playing a coordination game with another agent.
If you both select the SAME option, you each get $1.
You cannot communicate - you must try to coordinate.
Note: The other agent sees the SAME options, but in a DIFFERENT order.

切割工具
Options: 剪刀, 刀, 斧头, 锯子

Which option do you choose? Respond with the exact option text.",锯子,锯子,"You are playing a coordination game with another agent.
If you both select the SAME option, you each get $1.
You cannot communicate - you must try to coordinate.
Note: The other agent sees the SAME options, but in a DIFFERENT order.

切割工具
Options: 刀, 剪刀, 斧头, 锯子

Which option do you choose? Respond with the exact option text.",锯子,锯子,True
测量工具,"[""尺子"", ""秤"", ""指南针"", ""温度计""]","[""秤"", ""温度计"", ""尺子"", ""指南针""]","[""指南针"", ""秤"", ""尺子"", ""温度计""]","You are playing a coordination game with another agent.
If you both select the SAME option, you each get $1.
You cannot communicate - you must try to coordinate.
Note: The other agent sees the SAME options, but in a DIFFERENT order.

测量工具
Options: 秤, 温度计, 尺子, 指南针

Which option do you choose? Respond with the exact option text.",尺子,尺子,"You are playing a coordination game with another agent.
If you both select the SAME option, you each get $1.
You cannot communicate - you must try to coordinate.
Note: The other agent sees the SAME options, but in a DIFFERENT order.

测量工具
Options: 指南针, 秤, 尺子, 温度计

Which option do you choose? Respond with the exact option text.",尺子,尺子,True
书写工具,"[""钢笔"", ""铅笔"", ""记号笔"", ""粉笔""]","[""钢笔"", ""铅笔"", ""粉笔"", ""记号笔""]","[""铅笔"", ""钢笔"", ""记号笔"", ""粉笔""]","You are playing a coordination game with another agent.
If you both select the SAME option, you each get $1.
You cannot communicate - you must try to coordinate.
Note: The other agent sees the SAME options, but in a DIFFERENT order.

书写工具
Options: 钢笔, 铅笔, 粉笔, 记号笔

Which option do you choose? Respond with the exact option text.",钢笔,钢笔,"You are playing a coordination game with another agent.
If you both select the SAME option, you each get $1.
You cannot communicate - you must try to coordinate.
Note: The other agent sees the SAME options, but in a DIFFERENT order.

书写工具
Options: 铅笔, 钢笔, 记号笔, 粉笔

Which option do you choose? Respond with the exact option text.",铅笔,铅笔,False
园艺工具,"[""铲子"", ""耙子"", ""锄头"", ""小铲""]","[""耙子"", ""铲子"", ""小铲"", ""锄头""]","[""锄头"", ""铲子"", ""小铲"", ""耙子""]","You are playing a coordination game with another agent.
If you both select the SAME option, you each get $1.
You cannot communicate - you must try to coordinate.
Note: The other agent sees the SAME options, but in a DIFFERENT order.

园艺工具
Options: 耙子, 铲子, 小铲, 锄头

Which option do you choose? Respond with the exact option text.",耙子,耙子,"You are playing a coordination game with another agent.
If you both select the SAME option, you each get $1.
You cannot communicate - you must try to coordinate.
Note: The other agent sees the SAME options, but in a DIFFERENT order.

园艺工具
Options: 锄头, 铲子, 小铲, 耙子

Which option do you choose? Respond with the exact option text.",耙子,耙子,True
Upper Body Clothing,"[""Shirt"", ""Jacket"", ""Sweater"", ""Coat""]","[""Sweater"", ""Coat"", ""Jacket"", ""Shirt""]","[""Sweater"", ""Shirt"", ""Jacket"", ""Coat""]","You are playing a coordination game with another agent.
If you both select the SAME option, you each get $1.
You cannot communicate - you must try to coordinate.
Note: The other agent sees the SAME options, but in a DIFFERENT order.

Upper Body Clothing
Options: Sweater, Coat, Jacket, Shirt

Which option do you choose? Respond with the exact option text.",Sweater,Sweater,"You are playing a coordination game with another agent.
If you both select the SAME option, you each get $1.
You cannot communicate - you must try to coordinate.
Note: The other agent sees the SAME options, but in a DIFFERENT order.

Upper Body Clothing
Options: Sweater, Shirt, Jacket, Coat

Which option do you choose? Respond with the exact option text.",Shirt,Shirt,False
Lower Body Clothing,"[""Pants"", ""Jeans"", ""Shorts"", ""Skirt""]","[""Jeans"", ""Shorts"", ""Skirt"", ""Pants""]","[""Pants"", ""Shorts"", ""Jeans"", ""Skirt""]","You are playing a coordination game with another agent.
If you both select the SAME option, you each get $1.
You cannot communicate - you must try to coordinate.
Note: The other agent sees the SAME options, but in a DIFFERENT order.

Lower Body Clothing
Options: Jeans, Shorts, Skirt, Pants

Which option do you choose? Respond with the exact option text.",Pants,Pants,"You are playing a coordination game with another agent.
If you both select the SAME option, you each get $1.
You cannot communicate - you must try to coordinate.
Note: The other agent sees the SAME options, but in a DIFFERENT order.

Lower Body Clothing
Options: Pants, Shorts, Jeans, Skirt

Which option do you choose? Respond with the exact option text.",Jeans,Jeans,False
Footwear,"[""Sneakers"", ""Boots"", ""Sandals"", ""Dress Shoes""]","[""Boots"", ""Sandals"", ""Dress Shoes"", ""Sneakers""]","[""Sandals"", ""Sneakers"", ""Dress Shoes"", ""Boots""]","You are playing a coordination game with another agent.
If you both select the SAME option, you each get $1.
You cannot communicate - you must try to coordinate.
Note: The other agent sees the SAME options, but in a DIFFERENT order.

Footwear
Options: Boots, Sandals, Dress Shoes, Sneakers

Which option do you choose? Respond with the exact option text.",Sneakers,Sneakers,"You are playing a coordination game with another agent.
If you both select the SAME option, you each get $1.
You cannot communicate - you must try to coordinate.
Note: The other agent sees the SAME options, but in a DIFFERENT order.

Footwear
Options: Sandals, Sneakers, Dress Shoes, Boots

Which option do you choose? Respond with the exact option text.",Sneakers,Sneakers,True
Headwear,"[""Cap"", ""Hat"", ""Beanie"", ""Helmet""]","[""Cap"", ""Beanie"", ""Hat"", ""Helmet""]","[""Hat"", ""Cap"", ""Helmet"", ""Beanie""]","You are playing a coordination game with another agent.
If you both select the SAME option, you each get $1.
You cannot communicate - you must try to coordinate.
Note: The other agent sees the SAME options, but in a DIFFERENT order.

Headwear
Options: Cap, Beanie, Hat, Helmet

Which option do you choose? Respond with the exact option text.",Hat,Hat,"You are playing a coordination game with another agent.
If you both select the SAME option, you each get $1.
You cannot communicate - you must try to coordinate.
Note: The other agent sees the SAME options, but in a DIFFERENT order.

Headwear
Options: Hat, Cap, Helmet, Beanie

Which option do you choose? Respond with the exact option text.",Beanie,Beanie,False
Formal Wear,"[""Suit"", ""Dress"", ""Tuxedo"", ""Gown""]","[""Gown"", ""Tuxedo"", ""Suit"", ""Dress""]","[""Suit"", ""Tuxedo"", ""Gown"", ""Dress""]","You are playing a coordination game with another agent.
If you both select the SAME option, you each get $1.
You cannot communicate - you must try to coordinate.
Note: The other agent sees the SAME options, but in a DIFFERENT order.

Formal Wear
Options: Gown, Tuxedo, Suit, Dress

Which option do you choose? Respond with the exact option text.","Given the setup, there’s no communication and the other agent sees the same options in a different order.  
To maximize the chance of picking the same thing without communication, a common heuristic is to pick the **first** option in your own list, assuming the other agent might do the same in their own list.  

Here, my list is:  
1. Gown  
2. Tuxedo  
3. Suit  
4. Dress  

I’ll choose the first one: **Gown**.

So my choice is:  

Gown",Gown,"You are playing a coordination game with another agent.
If you both select the SAME option, you each get $1.
You cannot communicate - you must try to coordinate.
Note: The other agent sees the SAME options, but in a DIFFERENT order.

Formal Wear
Options: Suit, Tuxedo, Gown, Dress

Which option do you choose? Respond with the exact option text.",Suit,Suit,False
上装,"[""衬衫"", ""夹克"", ""毛衣"", ""外套""]","[""夹克"", ""毛衣"", ""外套"", ""衬衫""]","[""夹克"", ""衬衫"", ""毛衣"", ""外套""]","You are playing a coordination game with another agent.
If you both select the SAME option, you each get $1.
You cannot communicate - you must try to coordinate.
Note: The other agent sees the SAME options, but in a DIFFERENT order.

上装
Options: 夹克, 毛衣, 外套, 衬衫

Which option do you choose? Respond with the exact option text.",衬衫,衬衫,"You are playing a coordination game with another agent.
If you both select the SAME option, you each get $1.
You cannot communicate - you must try to coordinate.
Note: The other agent sees the SAME options, but in a DIFFERENT order.

上装
Options: 夹克, 衬衫, 毛衣, 外套

Which option do you choose? Respond with the exact option text.",衬衫,衬衫,True
下装,"[""裤子"", ""牛仔裤"", ""短裤"", ""裙子""]","[""裤子"", ""牛仔裤"", ""裙子"", ""短裤""]","[""裙子"", ""牛仔裤"", ""裤子"", ""短裤""]","You are playing a coordination game with another agent.
If you both select the SAME option, you each get $1.
You cannot communicate - you must try to coordinate.
Note: The other agent sees the SAME options, but in a DIFFERENT order.

下装
Options: 裤子, 牛仔裤, 裙子, 短裤

Which option do you choose? Respond with the exact option text.",裙子,裙子,"You are playing a coordination game with another agent.
If you both select the SAME option, you each get $1.
You cannot communicate - you must try to coordinate.
Note: The other agent sees the SAME options, but in a DIFFERENT order.

下装
Options: 裙子, 牛仔裤, 裤子, 短裤

Which option do you choose? Respond with the exact option text.",裤子,裤子,False
鞋类,"[""运动鞋"", ""靴子"", ""凉鞋"", ""皮鞋""]","[""运动鞋"", ""皮鞋"", ""凉鞋"", ""靴子""]","[""运动鞋"", ""皮鞋"", ""靴子"", ""凉鞋""]","You are playing a coordination game with another agent.
If you both select the SAME option, you each get $1.
You cannot communicate - you must try to coordinate.
Note: The other agent sees the SAME options, but in a DIFFERENT order.

鞋类
Options: 运动鞋, 皮鞋, 凉鞋, 靴子

Which option do you choose? Respond with the exact option text.",运动鞋,运动鞋,"You are playing a coordination game with another agent.
If you both select the SAME option, you each get $1.
You cannot communicate - you must try to coordinate.
Note: The other agent sees the SAME options, but in a DIFFERENT order.

鞋类
Options: 运动鞋, 皮鞋, 靴子, 凉鞋

Which option do you choose? Respond with the exact option text.",运动鞋,运动鞋,True
帽子,"[""鸭舌帽"", ""礼帽"", ""毛线帽"", ""头盔""]","[""鸭舌帽"", ""礼帽"", ""头盔"", ""毛线帽""]","[""毛线帽"", ""礼帽"", ""头盔"", ""鸭舌帽""]","You are playing a coordination game with another agent.
If you both select the SAME option, you each get $1.
You cannot communicate - you must try to coordinate.
Note: The other agent sees the SAME options, but in a DIFFERENT order.

帽子
Options: 鸭舌帽, 礼帽, 头盔, 毛线帽

Which option do you choose? Respond with the exact option text.",鸭舌帽,鸭舌帽,"You are playing a coordination game with another agent.
If you both select the SAME option, you each get $1.
You cannot communicate - you must try to coordinate.
Note: The other agent sees the SAME options, but in a DIFFERENT order.

帽子
Options: 毛线帽, 礼帽, 头盔, 鸭舌帽

Which option do you choose? Respond with the exact option text.",毛线帽,毛线帽,False
正装,"[""西装"", ""连衣裙"", ""燕尾服"", ""礼服""]","[""西装"", ""连衣裙"", ""礼服"", ""燕尾服""]","[""连衣裙"", ""西装"", ""燕尾服"", ""礼服""]","You are playing a coordination game with another agent.
If you both select the SAME option, you each get $1.
You cannot communicate - you must try to coordinate.
Note: The other agent sees the SAME options, but in a DIFFERENT order.

正装
Options: 西装, 连衣裙, 礼服, 燕尾服

Which option do you choose? Respond with the exact option text.",西装,西装,"You are playing a coordination game with another agent.
If you both select the SAME option, you each get $1.
You cannot communicate - you must try to coordinate.
Note: The other agent sees the SAME options, but in a DIFFERENT order.

正装
Options: 连衣裙, 西装, 燕尾服, 礼服

Which option do you choose? Respond with the exact option text.",西装,西装,True
Road Vehicles,"[""Car"", ""Bus"", ""Truck"", ""Motorcycle""]","[""Truck"", ""Motorcycle"", ""Bus"", ""Car""]","[""Bus"", ""Car"", ""Motorcycle"", ""Truck""]","You are playing a coordination game with another agent.
If you both select the SAME option, you each get $1.
You cannot communicate - you must try to coordinate.
Note: The other agent sees the SAME options, but in a DIFFERENT order.

Road Vehicles
Options: Truck, Motorcycle, Bus, Car

Which option do you choose? Respond with the exact option text.",Bus,Bus,"You are playing a coordination game with another agent.
If you both select the SAME option, you each get $1.
You cannot communicate - you must try to coordinate.
Note: The other agent sees the SAME options, but in a DIFFERENT order.

Road Vehicles
Options: Bus, Car, Motorcycle, Truck

Which option do you choose? Respond with the exact option text.",Car,Car,False
Two-Wheel Vehicles,"[""Bicycle"", ""Motorcycle"", ""Scooter"", ""Skateboard""]","[""Bicycle"", ""Skateboard"", ""Scooter"", ""Motorcycle""]","[""Scooter"", ""Motorcycle"", ""Bicycle"", ""Skateboard""]","You are playing a coordination game with another agent.
If you both select the SAME option, you each get $1.
You cannot communicate - you must try to coordinate.
Note: The other agent sees the SAME options, but in a DIFFERENT order.

Two-Wheel Vehicles
Options: Bicycle, Skateboard, Scooter, Motorcycle

Which option do you choose? Respond with the exact option text.",Bicycle,Bicycle,"You are playing a coordination game with another agent.
If you both select the SAME option, you each get $1.
You cannot communicate - you must try to coordinate.
Note: The other agent sees the SAME options, but in a DIFFERENT order.

Two-Wheel Vehicles
Options: Scooter, Motorcycle, Bicycle, Skateboard

Which option do you choose? Respond with the exact option text.",Bicycle,Bicycle,True
Water Vehicles,"[""Boat"", ""Ship"", ""Canoe"", ""Yacht""]","[""Yacht"", ""Boat"", ""Canoe"", ""Ship""]","[""Yacht"", ""Boat"", ""Canoe"", ""Ship""]","You are playing a coordination game with another agent.
If you both select the SAME option, you each get $1.
You cannot communicate - you must try to coordinate.
Note: The other agent sees the SAME options, but in a DIFFERENT order.

Water Vehicles
Options: Yacht, Boat, Canoe, Ship

Which option do you choose? Respond with the exact option text.",Boat,Boat,"You are playing a coordination game with another agent.
If you both select the SAME option, you each get $1.
You cannot communicate - you must try to coordinate.
Note: The other agent sees the SAME options, but in a DIFFERENT order.

Water Vehicles
Options: Yacht, Boat, Canoe, Ship

Which option do you choose? Respond with the exact option text.",Boat,Boat,True
Air Vehicles,"[""Airplane"", ""Helicopter"", ""Balloon"", ""Glider""]","[""Airplane"", ""Glider"", ""Balloon"", ""Helicopter""]","[""Glider"", ""Balloon"", ""Helicopter"", ""Airplane""]","You are playing a coordination game with another agent.
If you both select the SAME option, you each get $1.
You cannot communicate - you must try to coordinate.
Note: The other agent sees the SAME options, but in a DIFFERENT order.

Air Vehicles
Options: Airplane, Glider, Balloon, Helicopter

Which option do you choose? Respond with the exact option text.","Given the setup, since both agents see the same options in a different order, the best strategy is to choose the option that is most “focal” or likely to be picked regardless of ordering.  

Among “Airplane, Glider, Balloon, Helicopter,” the most common or obvious choice for coordination is often **Airplane**, because it’s the most familiar and typical air vehicle people think of first.

I choose: **Airplane**",Helicopter,"You are playing a coordination game with another agent.
If you both select the SAME option, you each get $1.
You cannot communicate - you must try to coordinate.
Note: The other agent sees the SAME options, but in a DIFFERENT order.

Air Vehicles
Options: Glider, Balloon, Helicopter, Airplane

Which option do you choose? Respond with the exact option text.",Glider,Glider,False
Public Transport,"[""Bus"", ""Subway"", ""Taxi"", ""Train""]","[""Taxi"", ""Bus"", ""Subway"", ""Train""]","[""Taxi"", ""Subway"", ""Train"", ""Bus""]","You are playing a coordination game with another agent.
If you both select the SAME option, you each get $1.
You cannot communicate - you must try to coordinate.
Note: The other agent sees the SAME options, but in a DIFFERENT order.

Public Transport
Options: Taxi, Bus, Subway, Train

Which option do you choose? Respond with the exact option text.",Taxi,Taxi,"You are playing a coordination game with another agent.
If you both select the SAME option, you each get $1.
You cannot communicate - you must try to coordinate.
Note: The other agent sees the SAME options, but in a DIFFERENT order.

Public Transport
Options: Taxi, Subway, Train, Bus

Which option do you choose? Respond with the exact option text.",Bus,Bus,False
道路车辆,"[""汽车"", ""公交车"", ""卡车"", ""摩托车""]","[""公交车"", ""摩托车"", ""汽车"", ""卡车""]","[""卡车"", ""公交车"", ""汽车"", ""摩托车""]","You are playing a coordination game with another agent.
If you both select the SAME option, you each get $1.
You cannot communicate - you must try to coordinate.
Note: The other agent sees the SAME options, but in a DIFFERENT order.

道路车辆
Options: 公交车, 摩托车, 汽车, 卡车

Which option do you choose? Respond with the exact option text.","Given that the other agent sees the same options but in a different order, the goal is to pick something that stands out as a natural focal point.

""道路车辆"" means ""road vehicles"" in Chinese.  
Among the options — 公交车 (bus), 摩托车 (motorcycle), 汽车 (car), 卡车 (truck) — the most common or central vehicle is probably **汽车** (car), since it’s the most frequently used in daily life.

If both agents reason that way, they’ll coordinate.

So I choose: **汽车**",公交车,"You are playing a coordination game with another agent.
If you both select the SAME option, you each get $1.
You cannot communicate - you must try to coordinate.
Note: The other agent sees the SAME options, but in a DIFFERENT order.

道路车辆
Options: 卡车, 公交车, 汽车, 摩托车

Which option do you choose? Respond with the exact option text.",卡车,卡车,False
两轮车,"[""自行车"", ""摩托车"", ""滑板车"", ""滑板""]","[""摩托车"", ""滑板车"", ""自行车"", ""滑板""]","[""摩托车"", ""滑板车"", ""滑板"", ""自行车""]","You are playing a coordination game with another agent.
If you both select the SAME option, you each get $1.
You cannot communicate - you must try to coordinate.
Note: The other agent sees the SAME options, but in a DIFFERENT order.

两轮车
Options: 摩托车, 滑板车, 自行车, 滑板

Which option do you choose? Respond with the exact option text.",自行车,自行车,"You are playing a coordination game with another agent.
If you both select the SAME option, you each get $1.
You cannot communicate - you must try to coordinate.
Note: The other agent sees the SAME options, but in a DIFFERENT order.

两轮车
Options: 摩托车, 滑板车, 滑板, 自行车

Which option do you choose? Respond with the exact option text.",自行车,自行车,True
水上交通,"[""船"", ""轮船"", ""独木舟"", ""游艇""]","[""轮船"", ""船"", ""独木舟"", ""游艇""]","[""独木舟"", ""船"", ""游艇"", ""轮船""]","You are playing a coordination game with another agent.
If you both select the SAME option, you each get $1.
You cannot communicate - you must try to coordinate.
Note: The other agent sees the SAME options, but in a DIFFERENT order.

水上交通
Options: 轮船, 船, 独木舟, 游艇

Which option do you choose? Respond with the exact option text.",船,船,"You are playing a coordination game with another agent.
If you both select the SAME option, you each get $1.
You cannot communicate - you must try to coordinate.
Note: The other agent sees the SAME options, but in a DIFFERENT order.

水上交通
Options: 独木舟, 船, 游艇, 轮船

Which option do you choose? Respond with the exact option text.",轮船,轮船,False
空中交通,"[""飞机"", ""直升机"", ""热气球"", ""滑翔机""]","[""滑翔机"", ""热气球"", ""飞机"", ""直升机""]","[""滑翔机"", ""飞机"", ""直升机"", ""热气球""]","You are playing a coordination game with another agent.
If you both select the SAME option, you each get $1.
You cannot communicate - you must try to coordinate.
Note: The other agent sees the SAME options, but in a DIFFERENT order.

空中交通
Options: 滑翔机, 热气球, 飞机, 直升机

Which option do you choose? Respond with the exact option text.",热气球,热气球,"You are playing a coordination game with another agent.
If you both select the SAME option, you each get $1.
You cannot communicate - you must try to coordinate.
Note: The other agent sees the SAME options, but in a DIFFERENT order.

空中交通
Options: 滑翔机, 飞机, 直升机, 热气球

Which option do you choose? Respond with the exact option text.",热气球,热气球,True
公共交通,"[""公交车"", ""地铁"", ""出租车"", ""火车""]","[""公交车"", ""火车"", ""出租车"", ""地铁""]","[""地铁"", ""火车"", ""公交车"", ""出租车""]","You are playing a coordination game with another agent.
If you both select the SAME option, you each get $1.
You cannot communicate - you must try to coordinate.
Note: The other agent sees the SAME options, but in a DIFFERENT order.

公共交通
Options: 公交车, 火车, 出租车, 地铁

Which option do you choose? Respond with the exact option text.",地铁,地铁,"You are playing a coordination game with another agent.
If you both select the SAME option, you each get $1.
You cannot communicate - you must try to coordinate.
Note: The other agent sees the SAME options, but in a DIFFERENT order.

公共交通
Options: 地铁, 火车, 公交车, 出租车

Which option do you choose? Respond with the exact option text.",地铁,地铁,True
Living Room Furniture,"[""Sofa"", ""Table"", ""Chair"", ""Shelf""]","[""Shelf"", ""Sofa"", ""Table"", ""Chair""]","[""Chair"", ""Shelf"", ""Table"", ""Sofa""]","You are playing a coordination game with another agent.
If you both select the SAME option, you each get $1.
You cannot communicate - you must try to coordinate.
Note: The other agent sees the SAME options, but in a DIFFERENT order.

Living Room Furniture
Options: Shelf, Sofa, Table, Chair

Which option do you choose? Respond with the exact option text.",Sofa,Sofa,"You are playing a coordination game with another agent.
If you both select the SAME option, you each get $1.
You cannot communicate - you must try to coordinate.
Note: The other agent sees the SAME options, but in a DIFFERENT order.

Living Room Furniture
Options: Chair, Shelf, Table, Sofa

Which option do you choose? Respond with the exact option text.",Table,Table,False
Bedroom Furniture,"[""Bed"", ""Wardrobe"", ""Dresser"", ""Nightstand""]","[""Nightstand"", ""Wardrobe"", ""Dresser"", ""Bed""]","[""Nightstand"", ""Wardrobe"", ""Dresser"", ""Bed""]","You are playing a coordination game with another agent.
If you both select the SAME option, you each get $1.
You cannot communicate - you must try to coordinate.
Note: The other agent sees the SAME options, but in a DIFFERENT order.

Bedroom Furniture
Options: Nightstand, Wardrobe, Dresser, Bed

Which option do you choose? Respond with the exact option text.",Bed,Bed,"You are playing a coordination game with another agent.
If you both select the SAME option, you each get $1.
You cannot communicate - you must try to coordinate.
Note: The other agent sees the SAME options, but in a DIFFERENT order.

Bedroom Furniture
Options: Nightstand, Wardrobe, Dresser, Bed

Which option do you choose? Respond with the exact option text.",Bed,Bed,True
Office Furniture,"[""Desk"", ""Chair"", ""Filing Cabinet"", ""Bookshelf""]","[""Bookshelf"", ""Filing Cabinet"", ""Desk"", ""Chair""]","[""Chair"", ""Desk"", ""Filing Cabinet"", ""Bookshelf""]","You are playing a coordination game with another agent.
If you both select the SAME option, you each get $1.
You cannot communicate - you must try to coordinate.
Note: The other agent sees the SAME options, but in a DIFFERENT order.

Office Furniture
Options: Bookshelf, Filing Cabinet, Desk, Chair

Which option do you choose? Respond with the exact option text.",Desk,Desk,"You are playing a coordination game with another agent.
If you both select the SAME option, you each get $1.
You cannot communicate - you must try to coordinate.
Note: The other agent sees the SAME options, but in a DIFFERENT order.

Office Furniture
Options: Chair, Desk, Filing Cabinet, Bookshelf

Which option do you choose? Respond with the exact option text.",Bookshelf,Bookshelf,False
Dining Furniture,"[""Dining Table"", ""Chair"", ""Cabinet"", ""Sideboard""]","[""Cabinet"", ""Sideboard"", ""Dining Table"", ""Chair""]","[""Sideboard"", ""Chair"", ""Dining Table"", ""Cabinet""]","You are playing a coordination game with another agent.
If you both select the SAME option, you each get $1.
You cannot communicate - you must try to coordinate.
Note: The other agent sees the SAME options, but in a DIFFERENT order.

Dining Furniture
Options: Cabinet, Sideboard, Dining Table, Chair

Which option do you choose? Respond with the exact option text.",Dining Table,Dining Table,"You are playing a coordination game with another agent.
If you both select the SAME option, you each get $1.
You cannot communicate - you must try to coordinate.
Note: The other agent sees the SAME options, but in a DIFFERENT order.

Dining Furniture
Options: Sideboard, Chair, Dining Table, Cabinet

Which option do you choose? Respond with the exact option text.",Dining Table,Dining Table,True
Storage Furniture,"[""Cabinet"", ""Shelf"", ""Drawer"", ""Closet""]","[""Drawer"", ""Closet"", ""Shelf"", ""Cabinet""]","[""Cabinet"", ""Shelf"", ""Closet"", ""Drawer""]","You are playing a coordination game with another agent.
If you both select the SAME option, you each get $1.
You cannot communicate - you must try to coordinate.
Note: The other agent sees the SAME options, but in a DIFFERENT order.

Storage Furniture
Options: Drawer, Closet, Shelf, Cabinet

Which option do you choose? Respond with the exact option text.",Cabinet,Cabinet,"You are playing a coordination game with another agent.
If you both select the SAME option, you each get $1.
You cannot communicate - you must try to coordinate.
Note: The other agent sees the SAME options, but in a DIFFERENT order.

Storage Furniture
Options: Cabinet, Shelf, Closet, Drawer

Which option do you choose? Respond with the exact option text.",Cabinet,Cabinet,True
客厅家具,"[""沙发"", ""桌子"", ""椅子"", ""书架""]","[""桌子"", ""沙发"", ""书架"", ""椅子""]","[""椅子"", ""沙发"", ""书架"", ""桌子""]","You are playing a coordination game with another agent.
If you both select the SAME option, you each get $1.
You cannot communicate - you must try to coordinate.
Note: The other agent sees the SAME options, but in a DIFFERENT order.

客厅家具
Options: 桌子, 沙发, 书架, 椅子

Which option do you choose? Respond with the exact option text.",沙发,沙发,"You are playing a coordination game with another agent.
If you both select the SAME option, you each get $1.
You cannot communicate - you must try to coordinate.
Note: The other agent sees the SAME options, but in a DIFFERENT order.

客厅家具
Options: 椅子, 沙发, 书架, 桌子

Which option do you choose? Respond with the exact option text.",椅子,椅子,False
卧室家具,"[""床"", ""衣柜"", ""梳妆台"", ""床头柜""]","[""床头柜"", ""梳妆台"", ""衣柜"", ""床""]","[""衣柜"", ""床头柜"", ""梳妆台"", ""床""]","You are playing a coordination game with another agent.
If you both select the SAME option, you each get $1.
You cannot communicate - you must try to coordinate.
Note: The other agent sees the SAME options, but in a DIFFERENT order.

卧室家具
Options: 床头柜, 梳妆台, 衣柜, 床

Which option do you choose? Respond with the exact option text.",床,床,"You are playing a coordination game with another agent.
If you both select the SAME option, you each get $1.
You cannot communicate - you must try to coordinate.
Note: The other agent sees the SAME options, but in a DIFFERENT order.

卧室家具
Options: 衣柜, 床头柜, 梳妆台, 床

Which option do you choose? Respond with the exact option text.",床,床,True
办公家具,"[""书桌"", ""椅子"", ""文件柜"", ""书架""]","[""椅子"", ""书桌"", ""文件柜"", ""书架""]","[""书桌"", ""椅子"", ""文件柜"", ""书架""]","You are playing a coordination game with another agent.
If you both select the SAME option, you each get $1.
You cannot communicate - you must try to coordinate.
Note: The other agent sees the SAME options, but in a DIFFERENT order.

办公家具
Options: 椅子, 书桌, 文件柜, 书架

Which option do you choose? Respond with the exact option text.",书桌,书桌,"You are playing a coordination game with another agent.
If you both select the SAME option, you each get $1.
You cannot communicate - you must try to coordinate.
Note: The other agent sees the SAME options, but in a DIFFERENT order.

办公家具
Options: 书桌, 椅子, 文件柜, 书架

Which option do you choose? Respond with the exact option text.",书架,书架,False
餐厅家具,"[""餐桌"", ""餐椅"", ""餐柜"", ""边柜""]","[""边柜"", ""餐椅"", ""餐桌"", ""餐柜""]","[""餐桌"", ""餐柜"", ""餐椅"", ""边柜""]","You are playing a coordination game with another agent.
If you both select the SAME option, you each get $1.
You cannot communicate - you must try to coordinate.
Note: The other agent sees the SAME options, but in a DIFFERENT order.

餐厅家具
Options: 边柜, 餐椅, 餐桌, 餐柜

Which option do you choose? Respond with the exact option text.",餐桌,餐桌,"You are playing a coordination game with another agent.
If you both select the SAME option, you each get $1.
You cannot communicate - you must try to coordinate.
Note: The other agent sees the SAME options, but in a DIFFERENT order.

餐厅家具
Options: 餐桌, 餐柜, 餐椅, 边柜

Which option do you choose? Respond with the exact option text.",餐桌,餐桌,True
收纳家具,"[""柜子"", ""架子"", ""抽屉"", ""衣橱""]","[""柜子"", ""架子"", ""衣橱"", ""抽屉""]","[""柜子"", ""衣橱"", ""架子"", ""抽屉""]","You are playing a coordination game with another agent.
If you both select the SAME option, you each get $1.
You cannot communicate - you must try to coordinate.
Note: The other agent sees the SAME options, but in a DIFFERENT order.

收纳家具
Options: 柜子, 架子, 衣橱, 抽屉

Which option do you choose? Respond with the exact option text.",柜子,柜子,"You are playing a coordination game with another agent.
If you both select the SAME option, you each get $1.
You cannot communicate - you must try to coordinate.
Note: The other agent sees the SAME options, but in a DIFFERENT order.

收纳家具
Options: 柜子, 衣橱, 架子, 抽屉

Which option do you choose? Respond with the exact option text.",柜子,柜子,True
Home Rooms,"[""Bedroom"", ""Kitchen"", ""Bathroom"", ""Living Room""]","[""Kitchen"", ""Bedroom"", ""Bathroom"", ""Living Room""]","[""Living Room"", ""Kitchen"", ""Bathroom"", ""Bedroom""]","You are playing a coordination game with another agent.
If you both select the SAME option, you each get $1.
You cannot communicate - you must try to coordinate.
Note: The other agent sees the SAME options, but in a DIFFERENT order.

Home Rooms
Options: Kitchen, Bedroom, Bathroom, Living Room

Which option do you choose? Respond with the exact option text.",Kitchen,Kitchen,"You are playing a coordination game with another agent.
If you both select the SAME option, you each get $1.
You cannot communicate - you must try to coordinate.
Note: The other agent sees the SAME options, but in a DIFFERENT order.

Home Rooms
Options: Living Room, Kitchen, Bathroom, Bedroom

Which option do you choose? Respond with the exact option text.",Living Room,Living Room,False
Kitchen Areas,"[""Counter"", ""Stove"", ""Sink"", ""Refrigerator""]","[""Refrigerator"", ""Counter"", ""Stove"", ""Sink""]","[""Sink"", ""Stove"", ""Counter"", ""Refrigerator""]","You are playing a coordination game with another agent.
If you both select the SAME option, you each get $1.
You cannot communicate - you must try to coordinate.
Note: The other agent sees the SAME options, but in a DIFFERENT order.

Kitchen Areas
Options: Refrigerator, Counter, Stove, Sink

Which option do you choose? Respond with the exact option text.",Sink,Sink,"You are playing a coordination game with another agent.
If you both select the SAME option, you each get $1.
You cannot communicate - you must try to coordinate.
Note: The other agent sees the SAME options, but in a DIFFERENT order.

Kitchen Areas
Options: Sink, Stove, Counter, Refrigerator

Which option do you choose? Respond with the exact option text.",Counter,Counter,False
Bathroom Features,"[""Shower"", ""Toilet"", ""Sink"", ""Bathtub""]","[""Sink"", ""Bathtub"", ""Toilet"", ""Shower""]","[""Bathtub"", ""Sink"", ""Toilet"", ""Shower""]","You are playing a coordination game with another agent.
If you both select the SAME option, you each get $1.
You cannot communicate - you must try to coordinate.
Note: The other agent sees the SAME options, but in a DIFFERENT order.

Bathroom Features
Options: Sink, Bathtub, Toilet, Shower

Which option do you choose? Respond with the exact option text.",Sink,Sink,"You are playing a coordination game with another agent.
If you both select the SAME option, you each get $1.
You cannot communicate - you must try to coordinate.
Note: The other agent sees the SAME options, but in a DIFFERENT order.

Bathroom Features
Options: Bathtub, Sink, Toilet, Shower

Which option do you choose? Respond with the exact option text.",Shower,Shower,False
Living Room Items,"[""Sofa"", ""TV"", ""Carpet"", ""Window""]","[""Window"", ""Carpet"", ""Sofa"", ""TV""]","[""Window"", ""TV"", ""Sofa"", ""Carpet""]","You are playing a coordination game with another agent.
If you both select the SAME option, you each get $1.
You cannot communicate - you must try to coordinate.
Note: The other agent sees the SAME options, but in a DIFFERENT order.

Living Room Items
Options: Window, Carpet, Sofa, TV

Which option do you choose? Respond with the exact option text.",Sofa,Sofa,"You are playing a coordination game with another agent.
If you both select the SAME option, you each get $1.
You cannot communicate - you must try to coordinate.
Note: The other agent sees the SAME options, but in a DIFFERENT order.

Living Room Items
Options: Window, TV, Sofa, Carpet

Which option do you choose? Respond with the exact option text.",Carpet,Carpet,False
Bedroom Furniture,"[""Bed"", ""Closet"", ""Desk"", ""Mirror""]","[""Bed"", ""Desk"", ""Mirror"", ""Closet""]","[""Bed"", ""Desk"", ""Mirror"", ""Closet""]","You are playing a coordination game with another agent.
If you both select the SAME option, you each get $1.
You cannot communicate - you must try to coordinate.
Note: The other agent sees the SAME options, but in a DIFFERENT order.

Bedroom Furniture
Options: Bed, Desk, Mirror, Closet

Which option do you choose? Respond with the exact option text.",Desk,Desk,"You are playing a coordination game with another agent.
If you both select the SAME option, you each get $1.
You cannot communicate - you must try to coordinate.
Note: The other agent sees the SAME options, but in a DIFFERENT order.

Bedroom Furniture
Options: Bed, Desk, Mirror, Closet

Which option do you choose? Respond with the exact option text.",Desk,Desk,True
家庭房间,"[""卧室"", ""厨房"", ""浴室"", ""客厅""]","[""厨房"", ""浴室"", ""客厅"", ""卧室""]","[""厨房"", ""浴室"", ""客厅"", ""卧室""]","You are playing a coordination game with another agent.
If you both select the SAME option, you each get $1.
You cannot communicate - you must try to coordinate.
Note: The other agent sees the SAME options, but in a DIFFERENT order.

家庭房间
Options: 厨房, 浴室, 客厅, 卧室

Which option do you choose? Respond with the exact option text.",客厅,客厅,"You are playing a coordination game with another agent.
If you both select the SAME option, you each get $1.
You cannot communicate - you must try to coordinate.
Note: The other agent sees the SAME options, but in a DIFFERENT order.

家庭房间
Options: 厨房, 浴室, 客厅, 卧室

Which option do you choose? Respond with the exact option text.",客厅,客厅,True
厨房区域,"[""台面"", ""炉灶"", ""水槽"", ""冰箱""]","[""台面"", ""水槽"", ""炉灶"", ""冰箱""]","[""水槽"", ""台面"", ""冰箱"", ""炉灶""]","You are playing a coordination game with another agent.
If you both select the SAME option, you each get $1.
You cannot communicate - you must try to coordinate.
Note: The other agent sees the SAME options, but in a DIFFERENT order.

厨房区域
Options: 台面, 水槽, 炉灶, 冰箱

Which option do you choose? Respond with the exact option text.",台面,台面,"You are playing a coordination game with another agent.
If you both select the SAME option, you each get $1.
You cannot communicate - you must try to coordinate.
Note: The other agent sees the SAME options, but in a DIFFERENT order.

厨房区域
Options: 水槽, 台面, 冰箱, 炉灶

Which option do you choose? Respond with the exact option text.",水槽,水槽,False
浴室设施,"[""淋浴"", ""马桶"", ""洗手台"", ""浴缸""]","[""马桶"", ""淋浴"", ""洗手台"", ""浴缸""]","[""马桶"", ""洗手台"", ""浴缸"", ""淋浴""]","You are playing a coordination game with another agent.
If you both select the SAME option, you each get $1.
You cannot communicate - you must try to coordinate.
Note: The other agent sees the SAME options, but in a DIFFERENT order.

浴室设施
Options: 马桶, 淋浴, 洗手台, 浴缸

Which option do you choose? Respond with the exact option text.",浴缸,浴缸,"You are playing a coordination game with another agent.
If you both select the SAME option, you each get $1.
You cannot communicate - you must try to coordinate.
Note: The other agent sees the SAME options, but in a DIFFERENT order.

浴室设施
Options: 马桶, 洗手台, 浴缸, 淋浴

Which option do you choose? Respond with the exact option text.",浴缸,浴缸,True
客厅陈设,"[""沙发"", ""电视"", ""地毯"", ""窗户""]","[""沙发"", ""窗户"", ""地毯"", ""电视""]","[""窗户"", ""电视"", ""沙发"", ""地毯""]","You are playing a coordination game with another agent.
If you both select the SAME option, you each get $1.
You cannot communicate - you must try to coordinate.
Note: The other agent sees the SAME options, but in a DIFFERENT order.

客厅陈设
Options: 沙发, 窗户, 地毯, 电视

Which option do you choose? Respond with the exact option text.",地毯,地毯,"You are playing a coordination game with another agent.
If you both select the SAME option, you each get $1.
You cannot communicate - you must try to coordinate.
Note: The other agent sees the SAME options, but in a DIFFERENT order.

客厅陈设
Options: 窗户, 电视, 沙发, 地毯

Which option do you choose? Respond with the exact option text.",地毯,地毯,True
卧室家具,"[""床"", ""衣柜"", ""书桌"", ""镜子""]","[""书桌"", ""衣柜"", ""镜子"", ""床""]","[""镜子"", ""衣柜"", ""床"", ""书桌""]","You are playing a coordination game with another agent.
If you both select the SAME option, you each get $1.
You cannot communicate - you must try to coordinate.
Note: The other agent sees the SAME options, but in a DIFFERENT order.

卧室家具
Options: 书桌, 衣柜, 镜子, 床

Which option do you choose? Respond with the exact option text.",床,床,"You are playing a coordination game with another agent.
If you both select the SAME option, you each get $1.
You cannot communicate - you must try to coordinate.
Note: The other agent sees the SAME options, but in a DIFFERENT order.

卧室家具
Options: 镜子, 衣柜, 床, 书桌

Which option do you choose? Respond with the exact option text.",床,床,True
Educational Institutions,"[""School"", ""University"", ""College"", ""Academy""]","[""College"", ""Academy"", ""School"", ""University""]","[""School"", ""College"", ""Academy"", ""University""]","You are playing a coordination game with another agent.
If you both select the SAME option, you each get $1.
You cannot communicate - you must try to coordinate.
Note: The other agent sees the SAME options, but in a DIFFERENT order.

Educational Institutions
Options: College, Academy, School, University

Which option do you choose? Respond with the exact option text.",School,School,"You are playing a coordination game with another agent.
If you both select the SAME option, you each get $1.
You cannot communicate - you must try to coordinate.
Note: The other agent sees the SAME options, but in a DIFFERENT order.

Educational Institutions
Options: School, College, Academy, University

Which option do you choose? Respond with the exact option text.",University,University,False
Government Buildings,"[""City Hall"", ""Court"", ""Post Office"", ""Library""]","[""City Hall"", ""Post Office"", ""Court"", ""Library""]","[""City Hall"", ""Post Office"", ""Court"", ""Library""]","You are playing a coordination game with another agent.
If you both select the SAME option, you each get $1.
You cannot communicate - you must try to coordinate.
Note: The other agent sees the SAME options, but in a DIFFERENT order.

Government Buildings
Options: City Hall, Post Office, Court, Library

Which option do you choose? Respond with the exact option text.",City Hall,City Hall,"You are playing a coordination game with another agent.
If you both select the SAME option, you each get $1.
You cannot communicate - you must try to coordinate.
Note: The other agent sees the SAME options, but in a DIFFERENT order.

Government Buildings
Options: City Hall, Post Office, Court, Library

Which option do you choose? Respond with the exact option text.",Library,Library,False
Healthcare Facilities,"[""Hospital"", ""Clinic"", ""Pharmacy"", ""Lab""]","[""Hospital"", ""Lab"", ""Clinic"", ""Pharmacy""]","[""Pharmacy"", ""Hospital"", ""Lab"", ""Clinic""]","You are playing a coordination game with another agent.
If you both select the SAME option, you each get $1.
You cannot communicate - you must try to coordinate.
Note: The other agent sees the SAME options, but in a DIFFERENT order.

Healthcare Facilities
Options: Hospital, Lab, Clinic, Pharmacy

Which option do you choose? Respond with the exact option text.",Clinic,Clinic,"You are playing a coordination game with another agent.
If you both select the SAME option, you each get $1.
You cannot communicate - you must try to coordinate.
Note: The other agent sees the SAME options, but in a DIFFERENT order.

Healthcare Facilities
Options: Pharmacy, Hospital, Lab, Clinic

Which option do you choose? Respond with the exact option text.",Pharmacy,Pharmacy,False
Cultural Institutions,"[""Museum"", ""Theater"", ""Gallery"", ""Library""]","[""Museum"", ""Gallery"", ""Library"", ""Theater""]","[""Museum"", ""Gallery"", ""Library"", ""Theater""]","You are playing a coordination game with another agent.
If you both select the SAME option, you each get $1.
You cannot communicate - you must try to coordinate.
Note: The other agent sees the SAME options, but in a DIFFERENT order.

Cultural Institutions
Options: Museum, Gallery, Library, Theater

Which option do you choose? Respond with the exact option text.",Library,Library,"You are playing a coordination game with another agent.
If you both select the SAME option, you each get $1.
You cannot communicate - you must try to coordinate.
Note: The other agent sees the SAME options, but in a DIFFERENT order.

Cultural Institutions
Options: Museum, Gallery, Library, Theater

Which option do you choose? Respond with the exact option text.","I’ll choose **Library**.  

It’s a common and recognizable public institution that tends to be seen as a neutral and central choice in many contexts, which may help with coordination even when the order is scrambled for the other player.",Library,True
Financial Institutions,"[""Bank"", ""Insurance"", ""Stock Exchange"", ""Credit Union""]","[""Credit Union"", ""Bank"", ""Insurance"", ""Stock Exchange""]","[""Stock Exchange"", ""Credit Union"", ""Insurance"", ""Bank""]","You are playing a coordination game with another agent.
If you both select the SAME option, you each get $1.
You cannot communicate - you must try to coordinate.
Note: The other agent sees the SAME options, but in a DIFFERENT order.

Financial Institutions
Options: Credit Union, Bank, Insurance, Stock Exchange

Which option do you choose? Respond with the exact option text.",Credit Union,Credit Union,"You are playing a coordination game with another agent.
If you both select the SAME option, you each get $1.
You cannot communicate - you must try to coordinate.
Note: The other agent sees the SAME options, but in a DIFFERENT order.

Financial Institutions
Options: Stock Exchange, Credit Union, Insurance, Bank

Which option do you choose? Respond with the exact option text.",Bank,Bank,False
教育机构,"[""学校"", ""大学"", ""学院"", ""研究院""]","[""学校"", ""学院"", ""大学"", ""研究院""]","[""学校"", ""研究院"", ""学院"", ""大学""]","You are playing a coordination game with another agent.
If you both select the SAME option, you each get $1.
You cannot communicate - you must try to coordinate.
Note: The other agent sees the SAME options, but in a DIFFERENT order.

教育机构
Options: 学校, 学院, 大学, 研究院

Which option do you choose? Respond with the exact option text.",学校,学校,"You are playing a coordination game with another agent.
If you both select the SAME option, you each get $1.
You cannot communicate - you must try to coordinate.
Note: The other agent sees the SAME options, but in a DIFFERENT order.

教育机构
Options: 学校, 研究院, 学院, 大学

Which option do you choose? Respond with the exact option text.",大学,大学,False
政府建筑,"[""市政厅"", ""法院"", ""邮局"", ""图书馆""]","[""图书馆"", ""法院"", ""邮局"", ""市政厅""]","[""邮局"", ""市政厅"", ""法院"", ""图书馆""]","You are playing a coordination game with another agent.
If you both select the SAME option, you each get $1.
You cannot communicate - you must try to coordinate.
Note: The other agent sees the SAME options, but in a DIFFERENT order.

政府建筑
Options: 图书馆, 法院, 邮局, 市政厅

Which option do you choose? Respond with the exact option text.",市政厅,市政厅,"You are playing a coordination game with another agent.
If you both select the SAME option, you each get $1.
You cannot communicate - you must try to coordinate.
Note: The other agent sees the SAME options, but in a DIFFERENT order.

政府建筑
Options: 邮局, 市政厅, 法院, 图书馆

Which option do you choose? Respond with the exact option text.",邮局,邮局,False
医疗机构,"[""医院"", ""诊所"", ""药房"", ""实验室""]","[""诊所"", ""医院"", ""药房"", ""实验室""]","[""诊所"", ""药房"", ""实验室"", ""医院""]","You are playing a coordination game with another agent.
If you both select the SAME option, you each get $1.
You cannot communicate - you must try to coordinate.
Note: The other agent sees the SAME options, but in a DIFFERENT order.

医疗机构
Options: 诊所, 医院, 药房, 实验室

Which option do you choose? Respond with the exact option text.",医院,医院,"You are playing a coordination game with another agent.
If you both select the SAME option, you each get $1.
You cannot communicate - you must try to coordinate.
Note: The other agent sees the SAME options, but in a DIFFERENT order.

医疗机构
Options: 诊所, 药房, 实验室, 医院

Which option do you choose? Respond with the exact option text.",医院,医院,True
文化机构,"[""博物馆"", ""剧院"", ""画廊"", ""图书馆""]","[""剧院"", ""图书馆"", ""画廊"", ""博物馆""]","[""博物馆"", ""剧院"", ""图书馆"", ""画廊""]","You are playing a coordination game with another agent.
If you both select the SAME option, you each get $1.
You cannot communicate - you must try to coordinate.
Note: The other agent sees the SAME options, but in a DIFFERENT order.

文化机构
Options: 剧院, 图书馆, 画廊, 博物馆

Which option do you choose? Respond with the exact option text.",画廊,画廊,"You are playing a coordination game with another agent.
If you both select the SAME option, you each get $1.
You cannot communicate - you must try to coordinate.
Note: The other agent sees the SAME options, but in a DIFFERENT order.

文化机构
Options: 博物馆, 剧院, 图书馆, 画廊

Which option do you choose? Respond with the exact option text.",图书馆,图书馆,False
金融机构,"[""银行"", ""保险"", ""证券交易所"", ""信用社""]","[""信用社"", ""保险"", ""银行"", ""证券交易所""]","[""证券交易所"", ""信用社"", ""保险"", ""银行""]","You are playing a coordination game with another agent.
If you both select the SAME option, you each get $1.
You cannot communicate - you must try to coordinate.
Note: The other agent sees the SAME options, but in a DIFFERENT order.

金融机构
Options: 信用社, 保险, 银行, 证券交易所

Which option do you choose? Respond with the exact option text.",银行,银行,"You are playing a coordination game with another agent.
If you both select the SAME option, you each get $1.
You cannot communicate - you must try to coordinate.
Note: The other agent sees the SAME options, but in a DIFFERENT order.

金融机构
Options: 证券交易所, 信用社, 保险, 银行

Which option do you choose? Respond with the exact option text.",银行,银行,True
US Meeting Spots,"[""Starbucks"", ""McDonald's"", ""Library"", ""Park""]","[""Starbucks"", ""Library"", ""McDonald's"", ""Park""]","[""McDonald's"", ""Park"", ""Library"", ""Starbucks""]","You are playing a coordination game with another agent.
If you both select the SAME option, you each get $1.
You cannot communicate - you must try to coordinate.
Note: The other agent sees the SAME options, but in a DIFFERENT order.

US Meeting Spots
Options: Starbucks, Library, McDonald's, Park

Which option do you choose? Respond with the exact option text.",Library,Library,"You are playing a coordination game with another agent.
If you both select the SAME option, you each get $1.
You cannot communicate - you must try to coordinate.
Note: The other agent sees the SAME options, but in a DIFFERENT order.

US Meeting Spots
Options: McDonald's, Park, Library, Starbucks

Which option do you choose? Respond with the exact option text.",McDonald’s,,False
US Shopping Centers,"[""Walmart"", ""Target"", ""Mall"", ""Costco""]","[""Walmart"", ""Costco"", ""Target"", ""Mall""]","[""Mall"", ""Walmart"", ""Costco"", ""Target""]","You are playing a coordination game with another agent.
If you both select the SAME option, you each get $1.
You cannot communicate - you must try to coordinate.
Note: The other agent sees the SAME options, but in a DIFFERENT order.

US Shopping Centers
Options: Walmart, Costco, Target, Mall

Which option do you choose? Respond with the exact option text.",Mall,Mall,"You are playing a coordination game with another agent.
If you both select the SAME option, you each get $1.
You cannot communicate - you must try to coordinate.
Note: The other agent sees the SAME options, but in a DIFFERENT order.

US Shopping Centers
Options: Mall, Walmart, Costco, Target

Which option do you choose? Respond with the exact option text.",Target,Target,False
US Hangout Places,"[""Coffee Shop"", ""Bar"", ""Gym"", ""Beach""]","[""Gym"", ""Coffee Shop"", ""Beach"", ""Bar""]","[""Beach"", ""Gym"", ""Coffee Shop"", ""Bar""]","You are playing a coordination game with another agent.
If you both select the SAME option, you each get $1.
You cannot communicate - you must try to coordinate.
Note: The other agent sees the SAME options, but in a DIFFERENT order.

US Hangout Places
Options: Gym, Coffee Shop, Beach, Bar

Which option do you choose? Respond with the exact option text.",Gym,Gym,"You are playing a coordination game with another agent.
If you both select the SAME option, you each get $1.
You cannot communicate - you must try to coordinate.
Note: The other agent sees the SAME options, but in a DIFFERENT order.

US Hangout Places
Options: Beach, Gym, Coffee Shop, Bar

Which option do you choose? Respond with the exact option text.","Given that we cannot communicate and the other agent sees the same options in a different random order, the best strategy is to pick an option that is salient or ""focal"" regardless of order.

Among the four options, **""Coffee Shop""** is a common casual meetup spot, often used as a default coordination choice in such games.

So I choose:

Coffee Shop",Coffee Shop,False
US Public Squares,"[""Times Square"", ""National Mall"", ""Central Park"", ""Pier""]","[""National Mall"", ""Times Square"", ""Central Park"", ""Pier""]","[""National Mall"", ""Times Square"", ""Pier"", ""Central Park""]","You are playing a coordination game with another agent.
If you both select the SAME option, you each get $1.
You cannot communicate - you must try to coordinate.
Note: The other agent sees the SAME options, but in a DIFFERENT order.

US Public Squares
Options: National Mall, Times Square, Central Park, Pier

Which option do you choose? Respond with the exact option text.",Central Park,Central Park,"You are playing a coordination game with another agent.
If you both select the SAME option, you each get $1.
You cannot communicate - you must try to coordinate.
Note: The other agent sees the SAME options, but in a DIFFERENT order.

US Public Squares
Options: National Mall, Times Square, Pier, Central Park

Which option do you choose? Respond with the exact option text.",Times Square,Times Square,False
US Dining Venues,"[""Restaurant"", ""Diner"", ""Food Court"", ""Cafe""]","[""Diner"", ""Cafe"", ""Restaurant"", ""Food Court""]","[""Diner"", ""Cafe"", ""Restaurant"", ""Food Court""]","You are playing a coordination game with another agent.
If you both select the SAME option, you each get $1.
You cannot communicate - you must try to coordinate.
Note: The other agent sees the SAME options, but in a DIFFERENT order.

US Dining Venues
Options: Diner, Cafe, Restaurant, Food Court

Which option do you choose? Respond with the exact option text.",Food Court,Food Court,"You are playing a coordination game with another agent.
If you both select the SAME option, you each get $1.
You cannot communicate - you must try to coordinate.
Note: The other agent sees the SAME options, but in a DIFFERENT order.

US Dining Venues
Options: Diner, Cafe, Restaurant, Food Court

Which option do you choose? Respond with the exact option text.",Cafe,Cafe,False
US Entertainment Venues,"[""Movie Theater"", ""Stadium"", ""Concert Hall"", ""Arcade""]","[""Concert Hall"", ""Arcade"", ""Stadium"", ""Movie Theater""]","[""Arcade"", ""Stadium"", ""Concert Hall"", ""Movie Theater""]","You are playing a coordination game with another agent.
If you both select the SAME option, you each get $1.
You cannot communicate - you must try to coordinate.
Note: The other agent sees the SAME options, but in a DIFFERENT order.

US Entertainment Venues
Options: Concert Hall, Arcade, Stadium, Movie Theater

Which option do you choose? Respond with the exact option text.",Movie Theater,Movie Theater,"You are playing a coordination game with another agent.
If you both select the SAME option, you each get $1.
You cannot communicate - you must try to coordinate.
Note: The other agent sees the SAME options, but in a DIFFERENT order.

US Entertainment Venues
Options: Arcade, Stadium, Concert Hall, Movie Theater

Which option do you choose? Respond with the exact option text.",Movie Theater,Movie Theater,True
US Parks,"[""Central Park"", ""Golden Gate Park"", ""Millennium Park"", ""Griffith Park""]","[""Millennium Park"", ""Griffith Park"", ""Golden Gate Park"", ""Central Park""]","[""Millennium Park"", ""Golden Gate Park"", ""Central Park"", ""Griffith Park""]","You are playing a coordination game with another agent.
If you both select the SAME option, you each get $1.
You cannot communicate - you must try to coordinate.
Note: The other agent sees the SAME options, but in a DIFFERENT order.

US Parks
Options: Millennium Park, Griffith Park, Golden Gate Park, Central Park

Which option do you choose? Respond with the exact option text.",Central Park,Central Park,"You are playing a coordination game with another agent.
If you both select the SAME option, you each get $1.
You cannot communicate - you must try to coordinate.
Note: The other agent sees the SAME options, but in a DIFFERENT order.

US Parks
Options: Millennium Park, Golden Gate Park, Central Park, Griffith Park

Which option do you choose? Respond with the exact option text.",Central Park,Central Park,True
US Transport Hubs,"[""Airport"", ""Train Station"", ""Bus Terminal"", ""Subway Station""]","[""Subway Station"", ""Bus Terminal"", ""Train Station"", ""Airport""]","[""Bus Terminal"", ""Airport"", ""Subway Station"", ""Train Station""]","You are playing a coordination game with another agent.
If you both select the SAME option, you each get $1.
You cannot communicate - you must try to coordinate.
Note: The other agent sees the SAME options, but in a DIFFERENT order.

US Transport Hubs
Options: Subway Station, Bus Terminal, Train Station, Airport

Which option do you choose? Respond with the exact option text.",Airport,Airport,"You are playing a coordination game with another agent.
If you both select the SAME option, you each get $1.
You cannot communicate - you must try to coordinate.
Note: The other agent sees the SAME options, but in a DIFFERENT order.

US Transport Hubs
Options: Bus Terminal, Airport, Subway Station, Train Station

Which option do you choose? Respond with the exact option text.",Train Station,Train Station,False
US Recreational Places,"[""Beach"", ""Hiking Trail"", ""Playground"", ""Pool""]","[""Playground"", ""Beach"", ""Pool"", ""Hiking Trail""]","[""Pool"", ""Hiking Trail"", ""Playground"", ""Beach""]","You are playing a coordination game with another agent.
If you both select the SAME option, you each get $1.
You cannot communicate - you must try to coordinate.
Note: The other agent sees the SAME options, but in a DIFFERENT order.

US Recreational Places
Options: Playground, Beach, Pool, Hiking Trail

Which option do you choose? Respond with the exact option text.",Beach,Beach,"You are playing a coordination game with another agent.
If you both select the SAME option, you each get $1.
You cannot communicate - you must try to coordinate.
Note: The other agent sees the SAME options, but in a DIFFERENT order.

US Recreational Places
Options: Pool, Hiking Trail, Playground, Beach

Which option do you choose? Respond with the exact option text.",Beach,Beach,True
US Nightlife Spots,"[""Bar"", ""Club"", ""Lounge"", ""Karaoke""]","[""Bar"", ""Club"", ""Lounge"", ""Karaoke""]","[""Lounge"", ""Bar"", ""Karaoke"", ""Club""]","You are playing a coordination game with another agent.
If you both select the SAME option, you each get $1.
You cannot communicate - you must try to coordinate.
Note: The other agent sees the SAME options, but in a DIFFERENT order.

US Nightlife Spots
Options: Bar, Club, Lounge, Karaoke

Which option do you choose? Respond with the exact option text.",Lounge,Lounge,"You are playing a coordination game with another agent.
If you both select the SAME option, you each get $1.
You cannot communicate - you must try to coordinate.
Note: The other agent sees the SAME options, but in a DIFFERENT order.

US Nightlife Spots
Options: Lounge, Bar, Karaoke, Club

Which option do you choose? Respond with the exact option text.",Bar,Bar,False
中国聚会场所,"[""星巴克"", ""麦当劳"", ""图书馆"", ""公园""]","[""图书馆"", ""星巴克"", ""公园"", ""麦当劳""]","[""图书馆"", ""公园"", ""星巴克"", ""麦当劳""]","You are playing a coordination game with another agent.
If you both select the SAME option, you each get $1.
You cannot communicate - you must try to coordinate.
Note: The other agent sees the SAME options, but in a DIFFERENT order.

中国聚会场所
Options: 图书馆, 星巴克, 公园, 麦当劳

Which option do you choose? Respond with the exact option text.",公园,公园,"You are playing a coordination game with another agent.
If you both select the SAME option, you each get $1.
You cannot communicate - you must try to coordinate.
Note: The other agent sees the SAME options, but in a DIFFERENT order.

中国聚会场所
Options: 图书馆, 公园, 星巴克, 麦当劳

Which option do you choose? Respond with the exact option text.",图书馆,图书馆,False
中国购物场所,"[""淘宝"", ""京东"", ""万达广场"", ""超市""]","[""京东"", ""万达广场"", ""超市"", ""淘宝""]","[""淘宝"", ""京东"", ""超市"", ""万达广场""]","You are playing a coordination game with another agent.
If you both select the SAME option, you each get $1.
You cannot communicate - you must try to coordinate.
Note: The other agent sees the SAME options, but in a DIFFERENT order.

中国购物场所
Options: 京东, 万达广场, 超市, 淘宝

Which option do you choose? Respond with the exact option text.",淘宝,淘宝,"You are playing a coordination game with another agent.
If you both select the SAME option, you each get $1.
You cannot communicate - you must try to coordinate.
Note: The other agent sees the SAME options, but in a DIFFERENT order.

中国购物场所
Options: 淘宝, 京东, 超市, 万达广场

Which option do you choose? Respond with the exact option text.",淘宝,淘宝,True
中国休闲场所,"[""茶馆"", ""KTV"", ""健身房"", ""公园""]","[""健身房"", ""KTV"", ""公园"", ""茶馆""]","[""公园"", ""健身房"", ""茶馆"", ""KTV""]","You are playing a coordination game with another agent.
If you both select the SAME option, you each get $1.
You cannot communicate - you must try to coordinate.
Note: The other agent sees the SAME options, but in a DIFFERENT order.

中国休闲场所
Options: 健身房, KTV, 公园, 茶馆

Which option do you choose? Respond with the exact option text.",茶馆,茶馆,"You are playing a coordination game with another agent.
If you both select the SAME option, you each get $1.
You cannot communicate - you must try to coordinate.
Note: The other agent sees the SAME options, but in a DIFFERENT order.

中国休闲场所
Options: 公园, 健身房, 茶馆, KTV

Which option do you choose? Respond with the exact option text.",公园,公园,False
中国公共广场,"[""天安门广场"", ""人民广场"", ""中心广场"", ""步行街""]","[""天安门广场"", ""中心广场"", ""步行街"", ""人民广场""]","[""步行街"", ""天安门广场"", ""人民广场"", ""中心广场""]","You are playing a coordination game with another agent.
If you both select the SAME option, you each get $1.
You cannot communicate - you must try to coordinate.
Note: The other agent sees the SAME options, but in a DIFFERENT order.

中国公共广场
Options: 天安门广场, 中心广场, 步行街, 人民广场

Which option do you choose? Respond with the exact option text.",天安门广场,天安门广场,"You are playing a coordination game with another agent.
If you both select the SAME option, you each get $1.
You cannot communicate - you must try to coordinate.
Note: The other agent sees the SAME options, but in a DIFFERENT order.

中国公共广场
Options: 步行街, 天安门广场, 人民广场, 中心广场

Which option do you choose? Respond with the exact option text.",天安门广场,天安门广场,True
中国餐饮场所,"[""饭店"", ""小吃街"", ""食堂"", ""奶茶店""]","[""食堂"", ""奶茶店"", ""小吃街"", ""饭店""]","[""小吃街"", ""饭店"", ""奶茶店"", ""食堂""]","You are playing a coordination game with another agent.
If you both select the SAME option, you each get $1.
You cannot communicate - you must try to coordinate.
Note: The other agent sees the SAME options, but in a DIFFERENT order.

中国餐饮场所
Options: 食堂, 奶茶店, 小吃街, 饭店

Which option do you choose? Respond with the exact option text.",食堂,食堂,"You are playing a coordination game with another agent.
If you both select the SAME option, you each get $1.
You cannot communicate - you must try to coordinate.
Note: The other agent sees the SAME options, but in a DIFFERENT order.

中国餐饮场所
Options: 小吃街, 饭店, 奶茶店, 食堂

Which option do you choose? Respond with the exact option text.",食堂,食堂,True
中国娱乐场所,"[""电影院"", ""KTV"", ""网吧"", ""游乐场""]","[""游乐场"", ""KTV"", ""电影院"", ""网吧""]","[""电影院"", ""KTV"", ""游乐场"", ""网吧""]","You are playing a coordination game with another agent.
If you both select the SAME option, you each get $1.
You cannot communicate - you must try to coordinate.
Note: The other agent sees the SAME options, but in a DIFFERENT order.

中国娱乐场所
Options: 游乐场, KTV, 电影院, 网吧

Which option do you choose? Respond with the exact option text.",电影院,电影院,"You are playing a coordination game with another agent.
If you both select the SAME option, you each get $1.
You cannot communicate - you must try to coordinate.
Note: The other agent sees the SAME options, but in a DIFFERENT order.

中国娱乐场所
Options: 电影院, KTV, 游乐场, 网吧

Which option do you choose? Respond with the exact option text.",电影院,电影院,True
中国公园,"[""颐和园"", ""西湖"", ""人民公园"", ""植物园""]","[""西湖"", ""人民公园"", ""颐和园"", ""植物园""]","[""西湖"", ""植物园"", ""人民公园"", ""颐和园""]","You are playing a coordination game with another agent.
If you both select the SAME option, you each get $1.
You cannot communicate - you must try to coordinate.
Note: The other agent sees the SAME options, but in a DIFFERENT order.

中国公园
Options: 西湖, 人民公园, 颐和园, 植物园

Which option do you choose? Respond with the exact option text.",西湖,西湖,"You are playing a coordination game with another agent.
If you both select the SAME option, you each get $1.
You cannot communicate - you must try to coordinate.
Note: The other agent sees the SAME options, but in a DIFFERENT order.

中国公园
Options: 西湖, 植物园, 人民公园, 颐和园

Which option do you choose? Respond with the exact option text.",颐和园,颐和园,False
中国交通枢纽,"[""机场"", ""火车站"", ""地铁站"", ""汽车站""]","[""地铁站"", ""汽车站"", ""机场"", ""火车站""]","[""地铁站"", ""汽车站"", ""机场"", ""火车站""]","You are playing a coordination game with another agent.
If you both select the SAME option, you each get $1.
You cannot communicate - you must try to coordinate.
Note: The other agent sees the SAME options, but in a DIFFERENT order.

中国交通枢纽
Options: 地铁站, 汽车站, 机场, 火车站

Which option do you choose? Respond with the exact option text.",火车站,火车站,"You are playing a coordination game with another agent.
If you both select the SAME option, you each get $1.
You cannot communicate - you must try to coordinate.
Note: The other agent sees the SAME options, but in a DIFFERENT order.

中国交通枢纽
Options: 地铁站, 汽车站, 机场, 火车站

Which option do you choose? Respond with the exact option text.",火车站,火车站,True
中国休闲去处,"[""公园"", ""河边"", ""广场"", ""商场""]","[""河边"", ""广场"", ""公园"", ""商场""]","[""广场"", ""商场"", ""公园"", ""河边""]","You are playing a coordination game with another agent.
If you both select the SAME option, you each get $1.
You cannot communicate - you must try to coordinate.
Note: The other agent sees the SAME options, but in a DIFFERENT order.

中国休闲去处
Options: 河边, 广场, 公园, 商场

Which option do you choose? Respond with the exact option text.",河边,河边,"You are playing a coordination game with another agent.
If you both select the SAME option, you each get $1.
You cannot communicate - you must try to coordinate.
Note: The other agent sees the SAME options, but in a DIFFERENT order.

中国休闲去处
Options: 广场, 商场, 公园, 河边

Which option do you choose? Respond with the exact option text.",公园,公园,False
中国夜生活,"[""酒吧"", ""KTV"", ""夜市"", ""烧烤摊""]","[""夜市"", ""酒吧"", ""KTV"", ""烧烤摊""]","[""夜市"", ""酒吧"", ""烧烤摊"", ""KTV""]","You are playing a coordination game with another agent.
If you both select the SAME option, you each get $1.
You cannot communicate - you must try to coordinate.
Note: The other agent sees the SAME options, but in a DIFFERENT order.

中国夜生活
Options: 夜市, 酒吧, KTV, 烧烤摊

Which option do you choose? Respond with the exact option text.",夜市,夜市,"You are playing a coordination game with another agent.
If you both select the SAME option, you each get $1.
You cannot communicate - you must try to coordinate.
Note: The other agent sees the SAME options, but in a DIFFERENT order.

中国夜生活
Options: 夜市, 酒吧, 烧烤摊, KTV

Which option do you choose? Respond with the exact option text.",夜市,夜市,True
US Regions,"[""Northeast"", ""South"", ""Midwest"", ""West""]","[""South"", ""West"", ""Midwest"", ""Northeast""]","[""Northeast"", ""Midwest"", ""West"", ""South""]","You are playing a coordination game with another agent.
If you both select the SAME option, you each get $1.
You cannot communicate - you must try to coordinate.
Note: The other agent sees the SAME options, but in a DIFFERENT order.

US Regions
Options: South, West, Midwest, Northeast

Which option do you choose? Respond with the exact option text.",Midwest,Midwest,"You are playing a coordination game with another agent.
If you both select the SAME option, you each get $1.
You cannot communicate - you must try to coordinate.
Note: The other agent sees the SAME options, but in a DIFFERENT order.

US Regions
Options: Northeast, Midwest, West, South

Which option do you choose? Respond with the exact option text.",South,South,False
US Landmarks,"[""Grand Canyon"", ""Statue of Liberty"", ""Mount Rushmore"", ""Golden Gate Bridge""]","[""Mount Rushmore"", ""Golden Gate Bridge"", ""Grand Canyon"", ""Statue of Liberty""]","[""Grand Canyon"", ""Statue of Liberty"", ""Golden Gate Bridge"", ""Mount Rushmore""]","You are playing a coordination game with another agent.
If you both select the SAME option, you each get $1.
You cannot communicate - you must try to coordinate.
Note: The other agent sees the SAME options, but in a DIFFERENT order.

US Landmarks
Options: Mount Rushmore, Golden Gate Bridge, Grand Canyon, Statue of Liberty

Which option do you choose? Respond with the exact option text.",Statue of Liberty,Statue of Liberty,"You are playing a coordination game with another agent.
If you both select the SAME option, you each get $1.
You cannot communicate - you must try to coordinate.
Note: The other agent sees the SAME options, but in a DIFFERENT order.

US Landmarks
Options: Grand Canyon, Statue of Liberty, Golden Gate Bridge, Mount Rushmore

Which option do you choose? Respond with the exact option text.",Golden Gate Bridge,Golden Gate Bridge,False
US National Parks,"[""Yellowstone"", ""Yosemite"", ""Grand Canyon"", ""Zion""]","[""Yellowstone"", ""Yosemite"", ""Zion"", ""Grand Canyon""]","[""Yellowstone"", ""Zion"", ""Grand Canyon"", ""Yosemite""]","You are playing a coordination game with another agent.
If you both select the SAME option, you each get $1.
You cannot communicate - you must try to coordinate.
Note: The other agent sees the SAME options, but in a DIFFERENT order.

US National Parks
Options: Yellowstone, Yosemite, Zion, Grand Canyon

Which option do you choose? Respond with the exact option text.",Yellowstone,Yellowstone,"You are playing a coordination game with another agent.
If you both select the SAME option, you each get $1.
You cannot communicate - you must try to coordinate.
Note: The other agent sees the SAME options, but in a DIFFERENT order.

US National Parks
Options: Yellowstone, Zion, Grand Canyon, Yosemite

Which option do you choose? Respond with the exact option text.",Yellowstone,Yellowstone,True
US Rivers,"[""Mississippi"", ""Colorado"", ""Missouri"", ""Ohio""]","[""Colorado"", ""Ohio"", ""Mississippi"", ""Missouri""]","[""Missouri"", ""Colorado"", ""Ohio"", ""Mississippi""]","You are playing a coordination game with another agent.
If you both select the SAME option, you each get $1.
You cannot communicate - you must try to coordinate.
Note: The other agent sees the SAME options, but in a DIFFERENT order.

US Rivers
Options: Colorado, Ohio, Mississippi, Missouri

Which option do you choose? Respond with the exact option text.",Mississippi,Mississippi,"You are playing a coordination game with another agent.
If you both select the SAME option, you each get $1.
You cannot communicate - you must try to coordinate.
Note: The other agent sees the SAME options, but in a DIFFERENT order.

US Rivers
Options: Missouri, Colorado, Ohio, Mississippi

Which option do you choose? Respond with the exact option text.",Mississippi,Mississippi,True
US Mountain Ranges,"[""Rockies"", ""Appalachians"", ""Sierra Nevada"", ""Cascades""]","[""Cascades"", ""Sierra Nevada"", ""Appalachians"", ""Rockies""]","[""Rockies"", ""Sierra Nevada"", ""Cascades"", ""Appalachians""]","You are playing a coordination game with another agent.
If you both select the SAME option, you each get $1.
You cannot communicate - you must try to coordinate.
Note: The other agent sees the SAME options, but in a DIFFERENT order.

US Mountain Ranges
Options: Cascades, Sierra Nevada, Appalachians, Rockies

Which option do you choose? Respond with the exact option text.",Rockies,Rockies,"You are playing a coordination game with another agent.
If you both select the SAME option, you each get $1.
You cannot communicate - you must try to coordinate.
Note: The other agent sees the SAME options, but in a DIFFERENT order.

US Mountain Ranges
Options: Rockies, Sierra Nevada, Cascades, Appalachians

Which option do you choose? Respond with the exact option text.",Cascades,Cascades,False
US Coastlines,"[""East Coast"", ""West Coast"", ""Gulf Coast"", ""Great Lakes""]","[""Gulf Coast"", ""Great Lakes"", ""East Coast"", ""West Coast""]","[""Great Lakes"", ""East Coast"", ""Gulf Coast"", ""West Coast""]","You are playing a coordination game with another agent.
If you both select the SAME option, you each get $1.
You cannot communicate - you must try to coordinate.
Note: The other agent sees the SAME options, but in a DIFFERENT order.

US Coastlines
Options: Gulf Coast, Great Lakes, East Coast, West Coast

Which option do you choose? Respond with the exact option text.",Great Lakes,Great Lakes,"You are playing a coordination game with another agent.
If you both select the SAME option, you each get $1.
You cannot communicate - you must try to coordinate.
Note: The other agent sees the SAME options, but in a DIFFERENT order.

US Coastlines
Options: Great Lakes, East Coast, Gulf Coast, West Coast

Which option do you choose? Respond with the exact option text.",West Coast,West Coast,False
US Climate Zones,"[""Tropical"", ""Arid"", ""Temperate"", ""Continental""]","[""Arid"", ""Continental"", ""Temperate"", ""Tropical""]","[""Continental"", ""Temperate"", ""Tropical"", ""Arid""]","You are playing a coordination game with another agent.
If you both select the SAME option, you each get $1.
You cannot communicate - you must try to coordinate.
Note: The other agent sees the SAME options, but in a DIFFERENT order.

US Climate Zones
Options: Arid, Continental, Temperate, Tropical

Which option do you choose? Respond with the exact option text.",Temperate,Temperate,"You are playing a coordination game with another agent.
If you both select the SAME option, you each get $1.
You cannot communicate - you must try to coordinate.
Note: The other agent sees the SAME options, but in a DIFFERENT order.

US Climate Zones
Options: Continental, Temperate, Tropical, Arid

Which option do you choose? Respond with the exact option text.",Temperate,Temperate,True
US States by Size,"[""Alaska"", ""Texas"", ""California"", ""Montana""]","[""Texas"", ""Alaska"", ""California"", ""Montana""]","[""Texas"", ""California"", ""Montana"", ""Alaska""]","You are playing a coordination game with another agent.
If you both select the SAME option, you each get $1.
You cannot communicate - you must try to coordinate.
Note: The other agent sees the SAME options, but in a DIFFERENT order.

US States by Size
Options: Texas, Alaska, California, Montana

Which option do you choose? Respond with the exact option text.",Texas,Texas,"You are playing a coordination game with another agent.
If you both select the SAME option, you each get $1.
You cannot communicate - you must try to coordinate.
Note: The other agent sees the SAME options, but in a DIFFERENT order.

US States by Size
Options: Texas, California, Montana, Alaska

Which option do you choose? Respond with the exact option text.",Alaska,Alaska,False
US Islands,"[""Hawaii"", ""Manhattan"", ""Long Island"", ""Maui""]","[""Long Island"", ""Manhattan"", ""Maui"", ""Hawaii""]","[""Maui"", ""Hawaii"", ""Manhattan"", ""Long Island""]","You are playing a coordination game with another agent.
If you both select the SAME option, you each get $1.
You cannot communicate - you must try to coordinate.
Note: The other agent sees the SAME options, but in a DIFFERENT order.

US Islands
Options: Long Island, Manhattan, Maui, Hawaii

Which option do you choose? Respond with the exact option text.",Long Island,Long Island,"You are playing a coordination game with another agent.
If you both select the SAME option, you each get $1.
You cannot communicate - you must try to coordinate.
Note: The other agent sees the SAME options, but in a DIFFERENT order.

US Islands
Options: Maui, Hawaii, Manhattan, Long Island

Which option do you choose? Respond with the exact option text.",Long Island,Long Island,True
US Borders,"[""Canada"", ""Mexico"", ""Pacific Ocean"", ""Atlantic Ocean""]","[""Pacific Ocean"", ""Canada"", ""Mexico"", ""Atlantic Ocean""]","[""Canada"", ""Atlantic Ocean"", ""Pacific Ocean"", ""Mexico""]","You are playing a coordination game with another agent.
If you both select the SAME option, you each get $1.
You cannot communicate - you must try to coordinate.
Note: The other agent sees the SAME options, but in a DIFFERENT order.

US Borders
Options: Pacific Ocean, Canada, Mexico, Atlantic Ocean

Which option do you choose? Respond with the exact option text.",Pacific Ocean,Pacific Ocean,"You are playing a coordination game with another agent.
If you both select the SAME option, you each get $1.
You cannot communicate - you must try to coordinate.
Note: The other agent sees the SAME options, but in a DIFFERENT order.

US Borders
Options: Canada, Atlantic Ocean, Pacific Ocean, Mexico

Which option do you choose? Respond with the exact option text.",Pacific Ocean,Pacific Ocean,True
中国地区,"[""华东"", ""华南"", ""华北"", ""西南""]","[""西南"", ""华南"", ""华北"", ""华东""]","[""西南"", ""华北"", ""华东"", ""华南""]","You are playing a coordination game with another agent.
If you both select the SAME option, you each get $1.
You cannot communicate - you must try to coordinate.
Note: The other agent sees the SAME options, but in a DIFFERENT order.

中国地区
Options: 西南, 华南, 华北, 华东

Which option do you choose? Respond with the exact option text.",华东,华东,"You are playing a coordination game with another agent.
If you both select the SAME option, you each get $1.
You cannot communicate - you must try to coordinate.
Note: The other agent sees the SAME options, but in a DIFFERENT order.

中国地区
Options: 西南, 华北, 华东, 华南

Which option do you choose? Respond with the exact option text.",华南,华南,False
中国名胜,"[""长城"", ""故宫"", ""兵马俑"", ""黄山""]","[""兵马俑"", ""长城"", ""故宫"", ""黄山""]","[""长城"", ""兵马俑"", ""黄山"", ""故宫""]","You are playing a coordination game with another agent.
If you both select the SAME option, you each get $1.
You cannot communicate - you must try to coordinate.
Note: The other agent sees the SAME options, but in a DIFFERENT order.

中国名胜
Options: 兵马俑, 长城, 故宫, 黄山

Which option do you choose? Respond with the exact option text.",长城,长城,"You are playing a coordination game with another agent.
If you both select the SAME option, you each get $1.
You cannot communicate - you must try to coordinate.
Note: The other agent sees the SAME options, but in a DIFFERENT order.

中国名胜
Options: 长城, 兵马俑, 黄山, 故宫

Which option do you choose? Respond with the exact option text.",黄山,黄山,False
中国名山,"[""泰山"", ""黄山"", ""华山"", ""峨眉山""]","[""华山"", ""黄山"", ""峨眉山"", ""泰山""]","[""峨眉山"", ""泰山"", ""黄山"", ""华山""]","You are playing a coordination game with another agent.
If you both select the SAME option, you each get $1.
You cannot communicate - you must try to coordinate.
Note: The other agent sees the SAME options, but in a DIFFERENT order.

中国名山
Options: 华山, 黄山, 峨眉山, 泰山

Which option do you choose? Respond with the exact option text.",黄山,黄山,"You are playing a coordination game with another agent.
If you both select the SAME option, you each get $1.
You cannot communicate - you must try to coordinate.
Note: The other agent sees the SAME options, but in a DIFFERENT order.

中国名山
Options: 峨眉山, 泰山, 黄山, 华山

Which option do you choose? Respond with the exact option text.",黄山,黄山,True
中国河流,"[""长江"", ""黄河"", ""珠江"", ""淮河""]","[""长江"", ""淮河"", ""珠江"", ""黄河""]","[""珠江"", ""长江"", ""淮河"", ""黄河""]","You are playing a coordination game with another agent.
If you both select the SAME option, you each get $1.
You cannot communicate - you must try to coordinate.
Note: The other agent sees the SAME options, but in a DIFFERENT order.

中国河流
Options: 长江, 淮河, 珠江, 黄河

Which option do you choose? Respond with the exact option text.",长江,长江,"You are playing a coordination game with another agent.
If you both select the SAME option, you each get $1.
You cannot communicate - you must try to coordinate.
Note: The other agent sees the SAME options, but in a DIFFERENT order.

中国河流
Options: 珠江, 长江, 淮河, 黄河

Which option do you choose? Respond with the exact option text.",长江,长江,True
中国湖泊,"[""西湖"", ""太湖"", ""鄱阳湖"", ""洞庭湖""]","[""鄱阳湖"", ""西湖"", ""太湖"", ""洞庭湖""]","[""洞庭湖"", ""西湖"", ""鄱阳湖"", ""太湖""]","You are playing a coordination game with another agent.
If you both select the SAME option, you each get $1.
You cannot communicate - you must try to coordinate.
Note: The other agent sees the SAME options, but in a DIFFERENT order.

中国湖泊
Options: 鄱阳湖, 西湖, 太湖, 洞庭湖

Which option do you choose? Respond with the exact option text.",西湖,西湖,"You are playing a coordination game with another agent.
If you both select the SAME option, you each get $1.
You cannot communicate - you must try to coordinate.
Note: The other agent sees the SAME options, but in a DIFFERENT order.

中国湖泊
Options: 洞庭湖, 西湖, 鄱阳湖, 太湖

Which option do you choose? Respond with the exact option text.",西湖,西湖,True
中国气候带,"[""热带"", ""亚热带"", ""温带"", ""寒带""]","[""亚热带"", ""寒带"", ""热带"", ""温带""]","[""热带"", ""亚热带"", ""温带"", ""寒带""]","You are playing a coordination game with another agent.
If you both select the SAME option, you each get $1.
You cannot communicate - you must try to coordinate.
Note: The other agent sees the SAME options, but in a DIFFERENT order.

中国气候带
Options: 亚热带, 寒带, 热带, 温带

Which option do you choose? Respond with the exact option text.",温带,温带,"You are playing a coordination game with another agent.
If you both select the SAME option, you each get $1.
You cannot communicate - you must try to coordinate.
Note: The other agent sees the SAME options, but in a DIFFERENT order.

中国气候带
Options: 热带, 亚热带, 温带, 寒带

Which option do you choose? Respond with the exact option text.",温带,温带,True
中国省份,"[""广东"", ""江苏"", ""山东"", ""四川""]","[""四川"", ""江苏"", ""山东"", ""广东""]","[""广东"", ""四川"", ""江苏"", ""山东""]","You are playing a coordination game with another agent.
If you both select the SAME option, you each get $1.
You cannot communicate - you must try to coordinate.
Note: The other agent sees the SAME options, but in a DIFFERENT order.

中国省份
Options: 四川, 江苏, 山东, 广东

Which option do you choose? Respond with the exact option text.",江苏,江苏,"You are playing a coordination game with another agent.
If you both select the SAME option, you each get $1.
You cannot communicate - you must try to coordinate.
Note: The other agent sees the SAME options, but in a DIFFERENT order.

中国省份
Options: 广东, 四川, 江苏, 山东

Which option do you choose? Respond with the exact option text.",江苏,江苏,True
中国城市带,"[""长三角"", ""珠三角"", ""京津冀"", ""成渝""]","[""京津冀"", ""珠三角"", ""长三角"", ""成渝""]","[""京津冀"", ""成渝"", ""长三角"", ""珠三角""]","You are playing a coordination game with another agent.
If you both select the SAME option, you each get $1.
You cannot communicate - you must try to coordinate.
Note: The other agent sees the SAME options, but in a DIFFERENT order.

中国城市带
Options: 京津冀, 珠三角, 长三角, 成渝

Which option do you choose? Respond with the exact option text.","Given that the other agent sees the same options but in a different order, the goal is to choose the one that is most likely to be chosen by both regardless of ordering.  

Among the listed options, **长三角** (Yangtze River Delta) is the most prominent and economically significant city cluster in China, making it a natural focal point for coordination in a game without communication.  

I choose:  
长三角",长三角,"You are playing a coordination game with another agent.
If you both select the SAME option, you each get $1.
You cannot communicate - you must try to coordinate.
Note: The other agent sees the SAME options, but in a DIFFERENT order.

中国城市带
Options: 京津冀, 成渝, 长三角, 珠三角

Which option do you choose? Respond with the exact option text.",长三角,长三角,True
中国海,"[""南海"", ""东海"", ""黄海"", ""渤海""]","[""东海"", ""黄海"", ""渤海"", ""南海""]","[""东海"", ""渤海"", ""黄海"", ""南海""]","You are playing a coordination game with another agent.
If you both select the SAME option, you each get $1.
You cannot communicate - you must try to coordinate.
Note: The other agent sees the SAME options, but in a DIFFERENT order.

中国海
Options: 东海, 黄海, 渤海, 南海

Which option do you choose? Respond with the exact option text.",渤海,渤海,"You are playing a coordination game with another agent.
If you both select the SAME option, you each get $1.
You cannot communicate - you must try to coordinate.
Note: The other agent sees the SAME options, but in a DIFFERENT order.

中国海
Options: 东海, 渤海, 黄海, 南海

Which option do you choose? Respond with the exact option text.",南海,南海,False
中国边界,"[""俄罗斯"", ""蒙古"", ""印度"", ""越南""]","[""俄罗斯"", ""蒙古"", ""越南"", ""印度""]","[""俄罗斯"", ""印度"", ""越南"", ""蒙古""]","You are playing a coordination game with another agent.
If you both select the SAME option, you each get $1.
You cannot communicate - you must try to coordinate.
Note: The other agent sees the SAME options, but in a DIFFERENT order.

中国边界
Options: 俄罗斯, 蒙古, 越南, 印度

Which option do you choose? Respond with the exact option text.",印度,印度,"You are playing a coordination game with another agent.
If you both select the SAME option, you each get $1.
You cannot communicate - you must try to coordinate.
Note: The other agent sees the SAME options, but in a DIFFERENT order.

中国边界
Options: 俄罗斯, 印度, 越南, 蒙古

Which option do you choose? Respond with the exact option text.",俄罗斯,俄罗斯,False
Immediate Family,"[""Mother"", ""Father"", ""Sister"", ""Brother""]","[""Mother"", ""Brother"", ""Father"", ""Sister""]","[""Brother"", ""Father"", ""Mother"", ""Sister""]","You are playing a coordination game with another agent.
If you both select the SAME option, you each get $1.
You cannot communicate - you must try to coordinate.
Note: The other agent sees the SAME options, but in a DIFFERENT order.

Immediate Family
Options: Mother, Brother, Father, Sister

Which option do you choose? Respond with the exact option text.",Sister,Sister,"You are playing a coordination game with another agent.
If you both select the SAME option, you each get $1.
You cannot communicate - you must try to coordinate.
Note: The other agent sees the SAME options, but in a DIFFERENT order.

Immediate Family
Options: Brother, Father, Mother, Sister

Which option do you choose? Respond with the exact option text.",Mother,Mother,False
Extended Family,"[""Grandmother"", ""Grandfather"", ""Aunt"", ""Uncle""]","[""Grandmother"", ""Uncle"", ""Aunt"", ""Grandfather""]","[""Grandmother"", ""Uncle"", ""Grandfather"", ""Aunt""]","You are playing a coordination game with another agent.
If you both select the SAME option, you each get $1.
You cannot communicate - you must try to coordinate.
Note: The other agent sees the SAME options, but in a DIFFERENT order.

Extended Family
Options: Grandmother, Uncle, Aunt, Grandfather

Which option do you choose? Respond with the exact option text.",Aunt,Aunt,"You are playing a coordination game with another agent.
If you both select the SAME option, you each get $1.
You cannot communicate - you must try to coordinate.
Note: The other agent sees the SAME options, but in a DIFFERENT order.

Extended Family
Options: Grandmother, Uncle, Grandfather, Aunt

Which option do you choose? Respond with the exact option text.","I’ll choose **Aunt**.  

In coordination games with reordered options, picking the first option in *my* list isn’t reliable if the other agent sees a different order. A common focal point is often the option that is unique in some obvious way — here, ""Aunt"" is the only one that starts with a vowel and is the only one without ""grand"" in the title, which could make it stand out as different in both lists. That might help both players fix on the same choice despite the scrambled order.",Aunt,True
In-Law Relations,"[""Mother-in-law"", ""Father-in-law"", ""Sister-in-law"", ""Brother-in-law""]","[""Brother-in-law"", ""Father-in-law"", ""Sister-in-law"", ""Mother-in-law""]","[""Brother-in-law"", ""Sister-in-law"", ""Father-in-law"", ""Mother-in-law""]","You are playing a coordination game with another agent.
If you both select the SAME option, you each get $1.
You cannot communicate - you must try to coordinate.
Note: The other agent sees the SAME options, but in a DIFFERENT order.

In-Law Relations
Options: Brother-in-law, Father-in-law, Sister-in-law, Mother-in-law

Which option do you choose? Respond with the exact option text.",Brother-in-law,Brother-in-law,"You are playing a coordination game with another agent.
If you both select the SAME option, you each get $1.
You cannot communicate - you must try to coordinate.
Note: The other agent sees the SAME options, but in a DIFFERENT order.

In-Law Relations
Options: Brother-in-law, Sister-in-law, Father-in-law, Mother-in-law

Which option do you choose? Respond with the exact option text.",Mother-in-law,Mother-in-law,False
Parent-Child Roles,"[""Parent"", ""Child"", ""Sibling"", ""Cousin""]","[""Child"", ""Cousin"", ""Sibling"", ""Parent""]","[""Child"", ""Sibling"", ""Parent"", ""Cousin""]","You are playing a coordination game with another agent.
If you both select the SAME option, you each get $1.
You cannot communicate - you must try to coordinate.
Note: The other agent sees the SAME options, but in a DIFFERENT order.

Parent-Child Roles
Options: Child, Cousin, Sibling, Parent

Which option do you choose? Respond with the exact option text.",Parent,Parent,"You are playing a coordination game with another agent.
If you both select the SAME option, you each get $1.
You cannot communicate - you must try to coordinate.
Note: The other agent sees the SAME options, but in a DIFFERENT order.

Parent-Child Roles
Options: Child, Sibling, Parent, Cousin

Which option do you choose? Respond with the exact option text.",Sibling,Sibling,False
Generational Roles,"[""Grandparent"", ""Parent"", ""Child"", ""Grandchild""]","[""Child"", ""Grandchild"", ""Parent"", ""Grandparent""]","[""Child"", ""Parent"", ""Grandchild"", ""Grandparent""]","You are playing a coordination game with another agent.
If you both select the SAME option, you each get $1.
You cannot communicate - you must try to coordinate.
Note: The other agent sees the SAME options, but in a DIFFERENT order.

Generational Roles
Options: Child, Grandchild, Parent, Grandparent

Which option do you choose? Respond with the exact option text.",Parent,Parent,"You are playing a coordination game with another agent.
If you both select the SAME option, you each get $1.
You cannot communicate - you must try to coordinate.
Note: The other agent sees the SAME options, but in a DIFFERENT order.

Generational Roles
Options: Child, Parent, Grandchild, Grandparent

Which option do you choose? Respond with the exact option text.",Grandchild,Grandchild,False
直系亲属,"[""妈妈"", ""爸爸"", ""姐妹"", ""兄弟""]","[""兄弟"", ""姐妹"", ""爸爸"", ""妈妈""]","[""爸爸"", ""兄弟"", ""妈妈"", ""姐妹""]","You are playing a coordination game with another agent.
If you both select the SAME option, you each get $1.
You cannot communicate - you must try to coordinate.
Note: The other agent sees the SAME options, but in a DIFFERENT order.

直系亲属
Options: 兄弟, 姐妹, 爸爸, 妈妈

Which option do you choose? Respond with the exact option text.",妈妈,妈妈,"You are playing a coordination game with another agent.
If you both select the SAME option, you each get $1.
You cannot communicate - you must try to coordinate.
Note: The other agent sees the SAME options, but in a DIFFERENT order.

直系亲属
Options: 爸爸, 兄弟, 妈妈, 姐妹

Which option do you choose? Respond with the exact option text.",妈妈,妈妈,True
旁系亲属,"[""奶奶"", ""爷爷"", ""阿姨"", ""叔叔""]","[""爷爷"", ""阿姨"", ""叔叔"", ""奶奶""]","[""奶奶"", ""爷爷"", ""阿姨"", ""叔叔""]","You are playing a coordination game with another agent.
If you both select the SAME option, you each get $1.
You cannot communicate - you must try to coordinate.
Note: The other agent sees the SAME options, but in a DIFFERENT order.

旁系亲属
Options: 爷爷, 阿姨, 叔叔, 奶奶

Which option do you choose? Respond with the exact option text.",奶奶,奶奶,"You are playing a coordination game with another agent.
If you both select the SAME option, you each get $1.
You cannot communicate - you must try to coordinate.
Note: The other agent sees the SAME options, but in a DIFFERENT order.

旁系亲属
Options: 奶奶, 爷爷, 阿姨, 叔叔

Which option do you choose? Respond with the exact option text.",奶奶,奶奶,True
姻亲关系,"[""婆婆"", ""岳父"", ""嫂子"", ""姐夫""]","[""嫂子"", ""岳父"", ""姐夫"", ""婆婆""]","[""嫂子"", ""婆婆"", ""岳父"", ""姐夫""]","You are playing a coordination game with another agent.
If you both select the SAME option, you each get $1.
You cannot communicate - you must try to coordinate.
Note: The other agent sees the SAME options, but in a DIFFERENT order.

姻亲关系
Options: 嫂子, 岳父, 姐夫, 婆婆

Which option do you choose? Respond with the exact option text.",嫂子,嫂子,"You are playing a coordination game with another agent.
If you both select the SAME option, you each get $1.
You cannot communicate - you must try to coordinate.
Note: The other agent sees the SAME options, but in a DIFFERENT order.

姻亲关系
Options: 嫂子, 婆婆, 岳父, 姐夫

Which option do you choose? Respond with the exact option text.",岳父,岳父,False
亲子角色,"[""父母"", ""子女"", ""兄弟姐妹"", ""表亲""]","[""子女"", ""表亲"", ""兄弟姐妹"", ""父母""]","[""子女"", ""父母"", ""兄弟姐妹"", ""表亲""]","You are playing a coordination game with another agent.
If you both select the SAME option, you each get $1.
You cannot communicate - you must try to coordinate.
Note: The other agent sees the SAME options, but in a DIFFERENT order.

亲子角色
Options: 子女, 表亲, 兄弟姐妹, 父母

Which option do you choose? Respond with the exact option text.",子女,子女,"You are playing a coordination game with another agent.
If you both select the SAME option, you each get $1.
You cannot communicate - you must try to coordinate.
Note: The other agent sees the SAME options, but in a DIFFERENT order.

亲子角色
Options: 子女, 父母, 兄弟姐妹, 表亲

Which option do you choose? Respond with the exact option text.",兄弟姐妹,兄弟姐妹,False
世代角色,"[""祖辈"", ""父辈"", ""子女"", ""孙辈""]","[""祖辈"", ""父辈"", ""孙辈"", ""子女""]","[""孙辈"", ""父辈"", ""祖辈"", ""子女""]","You are playing a coordination game with another agent.
If you both select the SAME option, you each get $1.
You cannot communicate - you must try to coordinate.
Note: The other agent sees the SAME options, but in a DIFFERENT order.

世代角色
Options: 祖辈, 父辈, 孙辈, 子女

Which option do you choose? Respond with the exact option text.",祖辈,祖辈,"You are playing a coordination game with another agent.
If you both select the SAME option, you each get $1.
You cannot communicate - you must try to coordinate.
Note: The other agent sees the SAME options, but in a DIFFERENT order.

世代角色
Options: 孙辈, 父辈, 祖辈, 子女

Which option do you choose? Respond with the exact option text.",孙辈,孙辈,False
Medical Professions,"[""Doctor"", ""Nurse"", ""Surgeon"", ""Pharmacist""]","[""Doctor"", ""Pharmacist"", ""Surgeon"", ""Nurse""]","[""Surgeon"", ""Doctor"", ""Nurse"", ""Pharmacist""]","You are playing a coordination game with another agent.
If you both select the SAME option, you each get $1.
You cannot communicate - you must try to coordinate.
Note: The other agent sees the SAME options, but in a DIFFERENT order.

Medical Professions
Options: Doctor, Pharmacist, Surgeon, Nurse

Which option do you choose? Respond with the exact option text.",Doctor,Doctor,"You are playing a coordination game with another agent.
If you both select the SAME option, you each get $1.
You cannot communicate - you must try to coordinate.
Note: The other agent sees the SAME options, but in a DIFFERENT order.

Medical Professions
Options: Surgeon, Doctor, Nurse, Pharmacist

Which option do you choose? Respond with the exact option text.",Doctor,Doctor,True
Education Professions,"[""Teacher"", ""Professor"", ""Principal"", ""Tutor""]","[""Principal"", ""Tutor"", ""Teacher"", ""Professor""]","[""Teacher"", ""Tutor"", ""Professor"", ""Principal""]","You are playing a coordination game with another agent.
If you both select the SAME option, you each get $1.
You cannot communicate - you must try to coordinate.
Note: The other agent sees the SAME options, but in a DIFFERENT order.

Education Professions
Options: Principal, Tutor, Teacher, Professor

Which option do you choose? Respond with the exact option text.","Given that we cannot communicate and the other agent sees the same options in a different order, the safest approach is to pick the most **central or common** option that seems likely to be chosen independently by both.  

From the list **Principal, Tutor, Teacher, Professor**:

- **""Teacher""** is the most universal and commonly recognized education profession among these four, often serving as the default reference in everyday language.  
- In many coordination game contexts with symmetric but reordered choices, picking the most ""typical"" or frequently occurring category tends to align best.

Therefore, I choose:  

**Teacher**",Professor,"You are playing a coordination game with another agent.
If you both select the SAME option, you each get $1.
You cannot communicate - you must try to coordinate.
Note: The other agent sees the SAME options, but in a DIFFERENT order.

Education Professions
Options: Teacher, Tutor, Professor, Principal

Which option do you choose? Respond with the exact option text.",Teacher,Teacher,False
Tech Professions,"[""Programmer"", ""Designer"", ""Engineer"", ""Analyst""]","[""Designer"", ""Programmer"", ""Engineer"", ""Analyst""]","[""Designer"", ""Analyst"", ""Engineer"", ""Programmer""]","You are playing a coordination game with another agent.
If you both select the SAME option, you each get $1.
You cannot communicate - you must try to coordinate.
Note: The other agent sees the SAME options, but in a DIFFERENT order.

Tech Professions
Options: Designer, Programmer, Engineer, Analyst

Which option do you choose? Respond with the exact option text.",Analyst,Analyst,"You are playing a coordination game with another agent.
If you both select the SAME option, you each get $1.
You cannot communicate - you must try to coordinate.
Note: The other agent sees the SAME options, but in a DIFFERENT order.

Tech Professions
Options: Designer, Analyst, Engineer, Programmer

Which option do you choose? Respond with the exact option text.",Engineer,Engineer,False
Service Professions,"[""Waiter"", ""Cashier"", ""Receptionist"", ""Driver""]","[""Waiter"", ""Driver"", ""Cashier"", ""Receptionist""]","[""Cashier"", ""Receptionist"", ""Driver"", ""Waiter""]","You are playing a coordination game with another agent.
If you both select the SAME option, you each get $1.
You cannot communicate - you must try to coordinate.
Note: The other agent sees the SAME options, but in a DIFFERENT order.

Service Professions
Options: Waiter, Driver, Cashier, Receptionist

Which option do you choose? Respond with the exact option text.",Cashier,Cashier,"You are playing a coordination game with another agent.
If you both select the SAME option, you each get $1.
You cannot communicate - you must try to coordinate.
Note: The other agent sees the SAME options, but in a DIFFERENT order.

Service Professions
Options: Cashier, Receptionist, Driver, Waiter

Which option do you choose? Respond with the exact option text.",Receptionist,Receptionist,False
Creative Professions,"[""Artist"", ""Writer"", ""Musician"", ""Actor""]","[""Writer"", ""Actor"", ""Artist"", ""Musician""]","[""Musician"", ""Actor"", ""Writer"", ""Artist""]","You are playing a coordination game with another agent.
If you both select the SAME option, you each get $1.
You cannot communicate - you must try to coordinate.
Note: The other agent sees the SAME options, but in a DIFFERENT order.

Creative Professions
Options: Writer, Actor, Artist, Musician

Which option do you choose? Respond with the exact option text.",Musician,Musician,"You are playing a coordination game with another agent.
If you both select the SAME option, you each get $1.
You cannot communicate - you must try to coordinate.
Note: The other agent sees the SAME options, but in a DIFFERENT order.

Creative Professions
Options: Musician, Actor, Writer, Artist

Which option do you choose? Respond with the exact option text.",Artist,Artist,False
医疗职业,"[""医生"", ""护士"", ""外科医生"", ""药剂师""]","[""护士"", ""外科医生"", ""医生"", ""药剂师""]","[""医生"", ""护士"", ""药剂师"", ""外科医生""]","You are playing a coordination game with another agent.
If you both select the SAME option, you each get $1.
You cannot communicate - you must try to coordinate.
Note: The other agent sees the SAME options, but in a DIFFERENT order.

医疗职业
Options: 护士, 外科医生, 医生, 药剂师

Which option do you choose? Respond with the exact option text.",医生,医生,"You are playing a coordination game with another agent.
If you both select the SAME option, you each get $1.
You cannot communicate - you must try to coordinate.
Note: The other agent sees the SAME options, but in a DIFFERENT order.

医疗职业
Options: 医生, 护士, 药剂师, 外科医生

Which option do you choose? Respond with the exact option text.",医生,医生,True
教育职业,"[""教师"", ""教授"", ""校长"", ""辅导员""]","[""教授"", ""教师"", ""辅导员"", ""校长""]","[""辅导员"", ""教授"", ""校长"", ""教师""]","You are playing a coordination game with another agent.
If you both select the SAME option, you each get $1.
You cannot communicate - you must try to coordinate.
Note: The other agent sees the SAME options, but in a DIFFERENT order.

教育职业
Options: 教授, 教师, 辅导员, 校长

Which option do you choose? Respond with the exact option text.",教授,教授,"You are playing a coordination game with another agent.
If you both select the SAME option, you each get $1.
You cannot communicate - you must try to coordinate.
Note: The other agent sees the SAME options, but in a DIFFERENT order.

教育职业
Options: 辅导员, 教授, 校长, 教师

Which option do you choose? Respond with the exact option text.",教师,教师,False
科技职业,"[""程序员"", ""设计师"", ""工程师"", ""分析师""]","[""设计师"", ""分析师"", ""工程师"", ""程序员""]","[""工程师"", ""程序员"", ""分析师"", ""设计师""]","You are playing a coordination game with another agent.
If you both select the SAME option, you each get $1.
You cannot communicate - you must try to coordinate.
Note: The other agent sees the SAME options, but in a DIFFERENT order.

科技职业
Options: 设计师, 分析师, 工程师, 程序员

Which option do you choose? Respond with the exact option text.",工程师,工程师,"You are playing a coordination game with another agent.
If you both select the SAME option, you each get $1.
You cannot communicate - you must try to coordinate.
Note: The other agent sees the SAME options, but in a DIFFERENT order.

科技职业
Options: 工程师, 程序员, 分析师, 设计师

Which option do you choose? Respond with the exact option text.",程序员,程序员,False
服务职业,"[""服务员"", ""收银员"", ""前台"", ""司机""]","[""前台"", ""司机"", ""服务员"", ""收银员""]","[""服务员"", ""前台"", ""司机"", ""收银员""]","You are playing a coordination game with another agent.
If you both select the SAME option, you each get $1.
You cannot communicate - you must try to coordinate.
Note: The other agent sees the SAME options, but in a DIFFERENT order.

服务职业
Options: 前台, 司机, 服务员, 收银员

Which option do you choose? Respond with the exact option text.",收银员,收银员,"You are playing a coordination game with another agent.
If you both select the SAME option, you each get $1.
You cannot communicate - you must try to coordinate.
Note: The other agent sees the SAME options, but in a DIFFERENT order.

服务职业
Options: 服务员, 前台, 司机, 收银员

Which option do you choose? Respond with the exact option text.",服务员,服务员,False
创意职业,"[""画家"", ""作家"", ""音乐家"", ""演员""]","[""作家"", ""音乐家"", ""演员"", ""画家""]","[""音乐家"", ""画家"", ""演员"", ""作家""]","You are playing a coordination game with another agent.
If you both select the SAME option, you each get $1.
You cannot communicate - you must try to coordinate.
Note: The other agent sees the SAME options, but in a DIFFERENT order.

创意职业
Options: 作家, 音乐家, 演员, 画家

Which option do you choose? Respond with the exact option text.",画家,画家,"You are playing a coordination game with another agent.
If you both select the SAME option, you each get $1.
You cannot communicate - you must try to coordinate.
Note: The other agent sees the SAME options, but in a DIFFERENT order.

创意职业
Options: 音乐家, 画家, 演员, 作家

Which option do you choose? Respond with the exact option text.",画家,画家,True
US Table Manners,"[""Don't talk with mouth full"", ""Elbows off table"", ""Use napkin"", ""Chew quietly""]","[""Chew quietly"", ""Use napkin"", ""Don't talk with mouth full"", ""Elbows off table""]","[""Don't talk with mouth full"", ""Chew quietly"", ""Elbows off table"", ""Use napkin""]","You are playing a coordination game with another agent.
If you both select the SAME option, you each get $1.
You cannot communicate - you must try to coordinate.
Note: The other agent sees the SAME options, but in a DIFFERENT order.

US Table Manners
Options: Chew quietly, Use napkin, Don't talk with mouth full, Elbows off table

Which option do you choose? Respond with the exact option text.",**Elbows off table**,Elbows off table,"You are playing a coordination game with another agent.
If you both select the SAME option, you each get $1.
You cannot communicate - you must try to coordinate.
Note: The other agent sees the SAME options, but in a DIFFERENT order.

US Table Manners
Options: Don't talk with mouth full, Chew quietly, Elbows off table, Use napkin

Which option do you choose? Respond with the exact option text.",Elbows off table,Elbows off table,True
US Greetings,"[""Handshake"", ""Wave"", ""Hug"", ""Nod""]","[""Wave"", ""Hug"", ""Nod"", ""Handshake""]","[""Hug"", ""Wave"", ""Nod"", ""Handshake""]","You are playing a coordination game with another agent.
If you both select the SAME option, you each get $1.
You cannot communicate - you must try to coordinate.
Note: The other agent sees the SAME options, but in a DIFFERENT order.

US Greetings
Options: Wave, Hug, Nod, Handshake

Which option do you choose? Respond with the exact option text.",Handshake,Handshake,"You are playing a coordination game with another agent.
If you both select the SAME option, you each get $1.
You cannot communicate - you must try to coordinate.
Note: The other agent sees the SAME options, but in a DIFFERENT order.

US Greetings
Options: Hug, Wave, Nod, Handshake

Which option do you choose? Respond with the exact option text.",Handshake,Handshake,True
US Dining Etiquette,"[""Wait for everyone"", ""No phones at table"", ""Tip 20%"", ""Say please/thank you""]","[""No phones at table"", ""Wait for everyone"", ""Say please/thank you"", ""Tip 20%""]","[""Say please/thank you"", ""Tip 20%"", ""Wait for everyone"", ""No phones at table""]","You are playing a coordination game with another agent.
If you both select the SAME option, you each get $1.
You cannot communicate - you must try to coordinate.
Note: The other agent sees the SAME options, but in a DIFFERENT order.

US Dining Etiquette
Options: No phones at table, Wait for everyone, Say please/thank you, Tip 20%

Which option do you choose? Respond with the exact option text.",Wait for everyone,Wait for everyone,"You are playing a coordination game with another agent.
If you both select the SAME option, you each get $1.
You cannot communicate - you must try to coordinate.
Note: The other agent sees the SAME options, but in a DIFFERENT order.

US Dining Etiquette
Options: Say please/thank you, Tip 20%, Wait for everyone, No phones at table

Which option do you choose? Respond with the exact option text.",Wait for everyone,Wait for everyone,True
US Public Behavior,"[""Queue in line"", ""Hold door open"", ""Say excuse me"", ""Don't litter""]","[""Queue in line"", ""Don't litter"", ""Hold door open"", ""Say excuse me""]","[""Queue in line"", ""Say excuse me"", ""Hold door open"", ""Don't litter""]","You are playing a coordination game with another agent.
If you both select the SAME option, you each get $1.
You cannot communicate - you must try to coordinate.
Note: The other agent sees the SAME options, but in a DIFFERENT order.

US Public Behavior
Options: Queue in line, Don't litter, Hold door open, Say excuse me

Which option do you choose? Respond with the exact option text.",Hold door open,Hold door open,"You are playing a coordination game with another agent.
If you both select the SAME option, you each get $1.
You cannot communicate - you must try to coordinate.
Note: The other agent sees the SAME options, but in a DIFFERENT order.

US Public Behavior
Options: Queue in line, Say excuse me, Hold door open, Don't litter

Which option do you choose? Respond with the exact option text.",Hold door open,Hold door open,True
US Gift Customs,"[""Birthday gifts"", ""Christmas gifts"", ""Wedding gifts"", ""Thank you notes""]","[""Thank you notes"", ""Birthday gifts"", ""Wedding gifts"", ""Christmas gifts""]","[""Birthday gifts"", ""Thank you notes"", ""Wedding gifts"", ""Christmas gifts""]","You are playing a coordination game with another agent.
If you both select the SAME option, you each get $1.
You cannot communicate - you must try to coordinate.
Note: The other agent sees the SAME options, but in a DIFFERENT order.

US Gift Customs
Options: Thank you notes, Birthday gifts, Wedding gifts, Christmas gifts

Which option do you choose? Respond with the exact option text.",Christmas gifts,Christmas gifts,"You are playing a coordination game with another agent.
If you both select the SAME option, you each get $1.
You cannot communicate - you must try to coordinate.
Note: The other agent sees the SAME options, but in a DIFFERENT order.

US Gift Customs
Options: Birthday gifts, Thank you notes, Wedding gifts, Christmas gifts

Which option do you choose? Respond with the exact option text.",Wedding gifts,Wedding gifts,False
US Meeting Norms,"[""Arrive on time"", ""Make eye contact"", ""Business cards"", ""Firm handshake""]","[""Firm handshake"", ""Make eye contact"", ""Arrive on time"", ""Business cards""]","[""Business cards"", ""Firm handshake"", ""Arrive on time"", ""Make eye contact""]","You are playing a coordination game with another agent.
If you both select the SAME option, you each get $1.
You cannot communicate - you must try to coordinate.
Note: The other agent sees the SAME options, but in a DIFFERENT order.

US Meeting Norms
Options: Firm handshake, Make eye contact, Arrive on time, Business cards

Which option do you choose? Respond with the exact option text.",Arrive on time,Arrive on time,"You are playing a coordination game with another agent.
If you both select the SAME option, you each get $1.
You cannot communicate - you must try to coordinate.
Note: The other agent sees the SAME options, but in a DIFFERENT order.

US Meeting Norms
Options: Business cards, Firm handshake, Arrive on time, Make eye contact

Which option do you choose? Respond with the exact option text.",Arrive on time,Arrive on time,True
US Dress Codes,"[""Business suit"", ""Smart casual"", ""Casual"", ""Formal""]","[""Smart casual"", ""Casual"", ""Business suit"", ""Formal""]","[""Smart casual"", ""Formal"", ""Business suit"", ""Casual""]","You are playing a coordination game with another agent.
If you both select the SAME option, you each get $1.
You cannot communicate - you must try to coordinate.
Note: The other agent sees the SAME options, but in a DIFFERENT order.

US Dress Codes
Options: Smart casual, Casual, Business suit, Formal

Which option do you choose? Respond with the exact option text.",Business suit,Business suit,"You are playing a coordination game with another agent.
If you both select the SAME option, you each get $1.
You cannot communicate - you must try to coordinate.
Note: The other agent sees the SAME options, but in a DIFFERENT order.

US Dress Codes
Options: Smart casual, Formal, Business suit, Casual

Which option do you choose? Respond with the exact option text.",Smart casual,Smart casual,False
US Conversation Norms,"[""Small talk"", ""Eye contact"", ""Personal space"", ""No interrupting""]","[""Eye contact"", ""Personal space"", ""Small talk"", ""No interrupting""]","[""Personal space"", ""No interrupting"", ""Eye contact"", ""Small talk""]","You are playing a coordination game with another agent.
If you both select the SAME option, you each get $1.
You cannot communicate - you must try to coordinate.
Note: The other agent sees the SAME options, but in a DIFFERENT order.

US Conversation Norms
Options: Eye contact, Personal space, Small talk, No interrupting

Which option do you choose? Respond with the exact option text.",Small talk,Small talk,"You are playing a coordination game with another agent.
If you both select the SAME option, you each get $1.
You cannot communicate - you must try to coordinate.
Note: The other agent sees the SAME options, but in a DIFFERENT order.

US Conversation Norms
Options: Personal space, No interrupting, Eye contact, Small talk

Which option do you choose? Respond with the exact option text.",Small talk,Small talk,True
US Holiday Customs,"[""Turkey on Thanksgiving"", ""Fireworks on July 4th"", ""Trick-or-treat"", ""Easter eggs""]","[""Trick-or-treat"", ""Fireworks on July 4th"", ""Turkey on Thanksgiving"", ""Easter eggs""]","[""Fireworks on July 4th"", ""Easter eggs"", ""Trick-or-treat"", ""Turkey on Thanksgiving""]","You are playing a coordination game with another agent.
If you both select the SAME option, you each get $1.
You cannot communicate - you must try to coordinate.
Note: The other agent sees the SAME options, but in a DIFFERENT order.

US Holiday Customs
Options: Trick-or-treat, Fireworks on July 4th, Turkey on Thanksgiving, Easter eggs

Which option do you choose? Respond with the exact option text.",Turkey on Thanksgiving,Turkey on Thanksgiving,"You are playing a coordination game with another agent.
If you both select the SAME option, you each get $1.
You cannot communicate - you must try to coordinate.
Note: The other agent sees the SAME options, but in a DIFFERENT order.

US Holiday Customs
Options: Fireworks on July 4th, Easter eggs, Trick-or-treat, Turkey on Thanksgiving

Which option do you choose? Respond with the exact option text.",Turkey on Thanksgiving,Turkey on Thanksgiving,True
US Wedding Customs,"[""White dress"", ""Best man"", ""Wedding cake"", ""First dance""]","[""White dress"", ""Best man"", ""Wedding cake"", ""First dance""]","[""Best man"", ""White dress"", ""Wedding cake"", ""First dance""]","You are playing a coordination game with another agent.
If you both select the SAME option, you each get $1.
You cannot communicate - you must try to coordinate.
Note: The other agent sees the SAME options, but in a DIFFERENT order.

US Wedding Customs
Options: White dress, Best man, Wedding cake, First dance

Which option do you choose? Respond with the exact option text.",Wedding cake,Wedding cake,"You are playing a coordination game with another agent.
If you both select the SAME option, you each get $1.
You cannot communicate - you must try to coordinate.
Note: The other agent sees the SAME options, but in a DIFFERENT order.

US Wedding Customs
Options: Best man, White dress, Wedding cake, First dance

Which option do you choose? Respond with the exact option text.",Wedding cake,Wedding cake,True
中国餐桌礼仪,"[""不吧唧嘴"", ""长辈先动筷"", ""筷子不插饭"", ""不翻菜""]","[""长辈先动筷"", ""不吧唧嘴"", ""不翻菜"", ""筷子不插饭""]","[""筷子不插饭"", ""长辈先动筷"", ""不翻菜"", ""不吧唧嘴""]","You are playing a coordination game with another agent.
If you both select the SAME option, you each get $1.
You cannot communicate - you must try to coordinate.
Note: The other agent sees the SAME options, but in a DIFFERENT order.

中国餐桌礼仪
Options: 长辈先动筷, 不吧唧嘴, 不翻菜, 筷子不插饭

Which option do you choose? Respond with the exact option text.",长辈先动筷,长辈先动筷,"You are playing a coordination game with another agent.
If you both select the SAME option, you each get $1.
You cannot communicate - you must try to coordinate.
Note: The other agent sees the SAME options, but in a DIFFERENT order.

中国餐桌礼仪
Options: 筷子不插饭, 长辈先动筷, 不翻菜, 不吧唧嘴

Which option do you choose? Respond with the exact option text.",长辈先动筷,长辈先动筷,True
中国问候方式,"[""握手"", ""点头"", ""鞠躬"", ""拱手""]","[""握手"", ""点头"", ""鞠躬"", ""拱手""]","[""点头"", ""鞠躬"", ""拱手"", ""握手""]","You are playing a coordination game with another agent.
If you both select the SAME option, you each get $1.
You cannot communicate - you must try to coordinate.
Note: The other agent sees the SAME options, but in a DIFFERENT order.

中国问候方式
Options: 握手, 点头, 鞠躬, 拱手

Which option do you choose? Respond with the exact option text.",鞠躬,鞠躬,"You are playing a coordination game with another agent.
If you both select the SAME option, you each get $1.
You cannot communicate - you must try to coordinate.
Note: The other agent sees the SAME options, but in a DIFFERENT order.

中国问候方式
Options: 点头, 鞠躬, 拱手, 握手

Which option do you choose? Respond with the exact option text.",拱手,拱手,False
中国用餐礼仪,"[""等人齐了再吃"", ""敬酒"", ""长辈坐主位"", ""使用公筷""]","[""长辈坐主位"", ""等人齐了再吃"", ""敬酒"", ""使用公筷""]","[""敬酒"", ""使用公筷"", ""长辈坐主位"", ""等人齐了再吃""]","You are playing a coordination game with another agent.
If you both select the SAME option, you each get $1.
You cannot communicate - you must try to coordinate.
Note: The other agent sees the SAME options, but in a DIFFERENT order.

中国用餐礼仪
Options: 长辈坐主位, 等人齐了再吃, 敬酒, 使用公筷

Which option do you choose? Respond with the exact option text.",等人齐了再吃,等人齐了再吃,"You are playing a coordination game with another agent.
If you both select the SAME option, you each get $1.
You cannot communicate - you must try to coordinate.
Note: The other agent sees the SAME options, but in a DIFFERENT order.

中国用餐礼仪
Options: 敬酒, 使用公筷, 长辈坐主位, 等人齐了再吃

Which option do you choose? Respond with the exact option text.",等人齐了再吃,等人齐了再吃,True
中国公共行为,"[""排队"", ""不让座不礼貌"", ""不大声喧哗"", ""不乱丢垃圾""]","[""不让座不礼貌"", ""不大声喧哗"", ""排队"", ""不乱丢垃圾""]","[""不大声喧哗"", ""不让座不礼貌"", ""不乱丢垃圾"", ""排队""]","You are playing a coordination game with another agent.
If you both select the SAME option, you each get $1.
You cannot communicate - you must try to coordinate.
Note: The other agent sees the SAME options, but in a DIFFERENT order.

中国公共行为
Options: 不让座不礼貌, 不大声喧哗, 排队, 不乱丢垃圾

Which option do you choose? Respond with the exact option text.",排队,排队,"You are playing a coordination game with another agent.
If you both select the SAME option, you each get $1.
You cannot communicate - you must try to coordinate.
Note: The other agent sees the SAME options, but in a DIFFERENT order.

中国公共行为
Options: 不大声喧哗, 不让座不礼貌, 不乱丢垃圾, 排队

Which option do you choose? Respond with the exact option text.",排队,排队,True
中国送礼习俗,"[""红包"", ""生日礼物"", ""过年礼物"", ""双数吉利""]","[""红包"", ""双数吉利"", ""生日礼物"", ""过年礼物""]","[""生日礼物"", ""双数吉利"", ""红包"", ""过年礼物""]","You are playing a coordination game with another agent.
If you both select the SAME option, you each get $1.
You cannot communicate - you must try to coordinate.
Note: The other agent sees the SAME options, but in a DIFFERENT order.

中国送礼习俗
Options: 红包, 双数吉利, 生日礼物, 过年礼物

Which option do you choose? Respond with the exact option text.",双数吉利,双数吉利,"You are playing a coordination game with another agent.
If you both select the SAME option, you each get $1.
You cannot communicate - you must try to coordinate.
Note: The other agent sees the SAME options, but in a DIFFERENT order.

中国送礼习俗
Options: 生日礼物, 双数吉利, 红包, 过年礼物

Which option do you choose? Respond with the exact option text.",红包,红包,False
中国见面礼仪,"[""握手"", ""称呼对方"", ""交换名片"", ""双手递物""]","[""握手"", ""称呼对方"", ""交换名片"", ""双手递物""]","[""双手递物"", ""称呼对方"", ""交换名片"", ""握手""]","You are playing a coordination game with another agent.
If you both select the SAME option, you each get $1.
You cannot communicate - you must try to coordinate.
Note: The other agent sees the SAME options, but in a DIFFERENT order.

中国见面礼仪
Options: 握手, 称呼对方, 交换名片, 双手递物

Which option do you choose? Respond with the exact option text.",交换名片,交换名片,"You are playing a coordination game with another agent.
If you both select the SAME option, you each get $1.
You cannot communicate - you must try to coordinate.
Note: The other agent sees the SAME options, but in a DIFFERENT order.

中国见面礼仪
Options: 双手递物, 称呼对方, 交换名片, 握手

Which option do you choose? Respond with the exact option text.",双手递物,双手递物,False
中国着装规范,"[""正装"", ""休闲装"", ""商务装"", ""运动装""]","[""正装"", ""商务装"", ""休闲装"", ""运动装""]","[""正装"", ""休闲装"", ""商务装"", ""运动装""]","You are playing a coordination game with another agent.
If you both select the SAME option, you each get $1.
You cannot communicate - you must try to coordinate.
Note: The other agent sees the SAME options, but in a DIFFERENT order.

中国着装规范
Options: 正装, 商务装, 休闲装, 运动装

Which option do you choose? Respond with the exact option text.",商务装,商务装,"You are playing a coordination game with another agent.
If you both select the SAME option, you each get $1.
You cannot communicate - you must try to coordinate.
Note: The other agent sees the SAME options, but in a DIFFERENT order.

中国着装规范
Options: 正装, 休闲装, 商务装, 运动装

Which option do you choose? Respond with the exact option text.",正装,正装,False
中国社交规范,"[""寒暄"", ""敬语"", ""让座"", ""不直接拒绝""]","[""寒暄"", ""让座"", ""不直接拒绝"", ""敬语""]","[""寒暄"", ""敬语"", ""让座"", ""不直接拒绝""]","You are playing a coordination game with another agent.
If you both select the SAME option, you each get $1.
You cannot communicate - you must try to coordinate.
Note: The other agent sees the SAME options, but in a DIFFERENT order.

中国社交规范
Options: 寒暄, 让座, 不直接拒绝, 敬语

Which option do you choose? Respond with the exact option text.",敬语,敬语,"You are playing a coordination game with another agent.
If you both select the SAME option, you each get $1.
You cannot communicate - you must try to coordinate.
Note: The other agent sees the SAME options, but in a DIFFERENT order.

中国社交规范
Options: 寒暄, 敬语, 让座, 不直接拒绝

Which option do you choose? Respond with the exact option text.",寒暄,寒暄,False
中国节日习俗,"[""过年放鞭炮"", ""中秋节吃月饼"", ""端午节吃粽子"", ""清明扫墓""]","[""过年放鞭炮"", ""端午节吃粽子"", ""中秋节吃月饼"", ""清明扫墓""]","[""中秋节吃月饼"", ""过年放鞭炮"", ""端午节吃粽子"", ""清明扫墓""]","You are playing a coordination game with another agent.
If you both select the SAME option, you each get $1.
You cannot communicate - you must try to coordinate.
Note: The other agent sees the SAME options, but in a DIFFERENT order.

中国节日习俗
Options: 过年放鞭炮, 端午节吃粽子, 中秋节吃月饼, 清明扫墓

Which option do you choose? Respond with the exact option text.",中秋节吃月饼,中秋节吃月饼,"You are playing a coordination game with another agent.
If you both select the SAME option, you each get $1.
You cannot communicate - you must try to coordinate.
Note: The other agent sees the SAME options, but in a DIFFERENT order.

中国节日习俗
Options: 中秋节吃月饼, 过年放鞭炮, 端午节吃粽子, 清明扫墓

Which option do you choose? Respond with the exact option text.",端午节吃粽子,端午节吃粽子,False
中国婚嫁习俗,"[""红色嫁衣"", ""敬茶"", ""闹洞房"", ""份子钱""]","[""红色嫁衣"", ""敬茶"", ""闹洞房"", ""份子钱""]","[""红色嫁衣"", ""敬茶"", ""份子钱"", ""闹洞房""]","You are playing a coordination game with another agent.
If you both select the SAME option, you each get $1.
You cannot communicate - you must try to coordinate.
Note: The other agent sees the SAME options, but in a DIFFERENT order.

中国婚嫁习俗
Options: 红色嫁衣, 敬茶, 闹洞房, 份子钱

Which option do you choose? Respond with the exact option text.",敬茶,敬茶,"You are playing a coordination game with another agent.
If you both select the SAME option, you each get $1.
You cannot communicate - you must try to coordinate.
Note: The other agent sees the SAME options, but in a DIFFERENT order.

中国婚嫁习俗
Options: 红色嫁衣, 敬茶, 份子钱, 闹洞房

Which option do you choose? Respond with the exact option text.",红色嫁衣,红色嫁衣,False
US Federal Holidays,"[""Christmas"", ""Thanksgiving"", ""Independence Day"", ""New Year's Day""]","[""Thanksgiving"", ""Christmas"", ""New Year's Day"", ""Independence Day""]","[""Christmas"", ""Thanksgiving"", ""Independence Day"", ""New Year's Day""]","You are playing a coordination game with another agent.
If you both select the SAME option, you each get $1.
You cannot communicate - you must try to coordinate.
Note: The other agent sees the SAME options, but in a DIFFERENT order.

US Federal Holidays
Options: Thanksgiving, Christmas, New Year's Day, Independence Day

Which option do you choose? Respond with the exact option text.",New Year’s Day,,"You are playing a coordination game with another agent.
If you both select the SAME option, you each get $1.
You cannot communicate - you must try to coordinate.
Note: The other agent sees the SAME options, but in a DIFFERENT order.

US Federal Holidays
Options: Christmas, Thanksgiving, Independence Day, New Year's Day

Which option do you choose? Respond with the exact option text.",New Year's Day,New Year's Day,False
US Celebrations,"[""Halloween"", ""Valentine's Day"", ""Easter"", ""St. Patrick's Day""]","[""Easter"", ""St. Patrick's Day"", ""Halloween"", ""Valentine's Day""]","[""Valentine's Day"", ""St. Patrick's Day"", ""Halloween"", ""Easter""]","You are playing a coordination game with another agent.
If you both select the SAME option, you each get $1.
You cannot communicate - you must try to coordinate.
Note: The other agent sees the SAME options, but in a DIFFERENT order.

US Celebrations
Options: Easter, St. Patrick's Day, Halloween, Valentine's Day

Which option do you choose? Respond with the exact option text.","Given that we both see the same options but in a different order, the safest coordination strategy is to pick the option most likely to be chosen independent of order.  
Among the choices, **Easter** is widely observed in the US, not tied to a specific narrow group (like St. Patrick's Day), and is more central/universal than Halloween or Valentine's Day in terms of being a major holiday.  

Also, if both of us follow the heuristic “choose the first option in alphabetical order,” Easter comes first alphabetically in the original list provided to me. But since the other agent sees a different order, alphabetical order relative to a fixed canonical list could still work if we both assume it.  

**Easter** is first alphabetically in the original list:  
Easter, St. Patrick's Day, Halloween, Valentine's Day → ""Easter"" beats ""Halloween"", ""St. Patrick's Day"", ""Valentine's Day"".  

Therefore, I choose: **Easter**.",St. Patrick's Day,"You are playing a coordination game with another agent.
If you both select the SAME option, you each get $1.
You cannot communicate - you must try to coordinate.
Note: The other agent sees the SAME options, but in a DIFFERENT order.

US Celebrations
Options: Valentine's Day, St. Patrick's Day, Halloween, Easter

Which option do you choose? Respond with the exact option text.",Halloween,Halloween,False
US Family Holidays,"[""Thanksgiving"", ""Christmas"", ""Mother's Day"", ""Father's Day""]","[""Mother's Day"", ""Father's Day"", ""Thanksgiving"", ""Christmas""]","[""Christmas"", ""Mother's Day"", ""Father's Day"", ""Thanksgiving""]","You are playing a coordination game with another agent.
If you both select the SAME option, you each get $1.
You cannot communicate - you must try to coordinate.
Note: The other agent sees the SAME options, but in a DIFFERENT order.

US Family Holidays
Options: Mother's Day, Father's Day, Thanksgiving, Christmas

Which option do you choose? Respond with the exact option text.",Christmas,Christmas,"You are playing a coordination game with another agent.
If you both select the SAME option, you each get $1.
You cannot communicate - you must try to coordinate.
Note: The other agent sees the SAME options, but in a DIFFERENT order.

US Family Holidays
Options: Christmas, Mother's Day, Father's Day, Thanksgiving

Which option do you choose? Respond with the exact option text.",Thanksgiving,Thanksgiving,False
US Summer Holidays,"[""July 4th"", ""Memorial Day"", ""Labor Day"", ""Flag Day""]","[""Flag Day"", ""July 4th"", ""Memorial Day"", ""Labor Day""]","[""Labor Day"", ""Memorial Day"", ""July 4th"", ""Flag Day""]","You are playing a coordination game with another agent.
If you both select the SAME option, you each get $1.
You cannot communicate - you must try to coordinate.
Note: The other agent sees the SAME options, but in a DIFFERENT order.

US Summer Holidays
Options: Flag Day, July 4th, Memorial Day, Labor Day

Which option do you choose? Respond with the exact option text.",July 4th,July 4th,"You are playing a coordination game with another agent.
If you both select the SAME option, you each get $1.
You cannot communicate - you must try to coordinate.
Note: The other agent sees the SAME options, but in a DIFFERENT order.

US Summer Holidays
Options: Labor Day, Memorial Day, July 4th, Flag Day

Which option do you choose? Respond with the exact option text.",Memorial Day,Memorial Day,False
US Winter Holidays,"[""Christmas"", ""New Year's"", ""Hanukkah"", ""Kwanzaa""]","[""New Year's"", ""Hanukkah"", ""Kwanzaa"", ""Christmas""]","[""Kwanzaa"", ""Hanukkah"", ""Christmas"", ""New Year's""]","You are playing a coordination game with another agent.
If you both select the SAME option, you each get $1.
You cannot communicate - you must try to coordinate.
Note: The other agent sees the SAME options, but in a DIFFERENT order.

US Winter Holidays
Options: New Year's, Hanukkah, Kwanzaa, Christmas

Which option do you choose? Respond with the exact option text.",Christmas,Christmas,"You are playing a coordination game with another agent.
If you both select the SAME option, you each get $1.
You cannot communicate - you must try to coordinate.
Note: The other agent sees the SAME options, but in a DIFFERENT order.

US Winter Holidays
Options: Kwanzaa, Hanukkah, Christmas, New Year's

Which option do you choose? Respond with the exact option text.",Christmas,Christmas,True
中国法定假日,"[""春节"", ""国庆节"", ""中秋节"", ""端午节""]","[""端午节"", ""春节"", ""中秋节"", ""国庆节""]","[""中秋节"", ""端午节"", ""春节"", ""国庆节""]","You are playing a coordination game with another agent.
If you both select the SAME option, you each get $1.
You cannot communicate - you must try to coordinate.
Note: The other agent sees the SAME options, but in a DIFFERENT order.

中国法定假日
Options: 端午节, 春节, 中秋节, 国庆节

Which option do you choose? Respond with the exact option text.",春节,春节,"You are playing a coordination game with another agent.
If you both select the SAME option, you each get $1.
You cannot communicate - you must try to coordinate.
Note: The other agent sees the SAME options, but in a DIFFERENT order.

中国法定假日
Options: 中秋节, 端午节, 春节, 国庆节

Which option do you choose? Respond with the exact option text.",春节,春节,True
中国传统节日,"[""元宵节"", ""七夕"", ""重阳节"", ""腊八节""]","[""腊八节"", ""元宵节"", ""重阳节"", ""七夕""]","[""腊八节"", ""七夕"", ""重阳节"", ""元宵节""]","You are playing a coordination game with another agent.
If you both select the SAME option, you each get $1.
You cannot communicate - you must try to coordinate.
Note: The other agent sees the SAME options, but in a DIFFERENT order.

中国传统节日
Options: 腊八节, 元宵节, 重阳节, 七夕

Which option do you choose? Respond with the exact option text.",重阳节,重阳节,"You are playing a coordination game with another agent.
If you both select the SAME option, you each get $1.
You cannot communicate - you must try to coordinate.
Note: The other agent sees the SAME options, but in a DIFFERENT order.

中国传统节日
Options: 腊八节, 七夕, 重阳节, 元宵节

Which option do you choose? Respond with the exact option text.",元宵节,元宵节,False
中国家庭节日,"[""春节"", ""中秋节"", ""端午节"", ""清明节""]","[""端午节"", ""春节"", ""清明节"", ""中秋节""]","[""清明节"", ""中秋节"", ""端午节"", ""春节""]","You are playing a coordination game with another agent.
If you both select the SAME option, you each get $1.
You cannot communicate - you must try to coordinate.
Note: The other agent sees the SAME options, but in a DIFFERENT order.

中国家庭节日
Options: 端午节, 春节, 清明节, 中秋节

Which option do you choose? Respond with the exact option text.",春节,春节,"You are playing a coordination game with another agent.
If you both select the SAME option, you each get $1.
You cannot communicate - you must try to coordinate.
Note: The other agent sees the SAME options, but in a DIFFERENT order.

中国家庭节日
Options: 清明节, 中秋节, 端午节, 春节

Which option do you choose? Respond with the exact option text.",春节,春节,True
中国现代节日,"[""五一劳动节"", ""国庆节"", ""元旦"", ""三八妇女节""]","[""三八妇女节"", ""元旦"", ""国庆节"", ""五一劳动节""]","[""国庆节"", ""三八妇女节"", ""元旦"", ""五一劳动节""]","You are playing a coordination game with another agent.
If you both select the SAME option, you each get $1.
You cannot communicate - you must try to coordinate.
Note: The other agent sees the SAME options, but in a DIFFERENT order.

中国现代节日
Options: 三八妇女节, 元旦, 国庆节, 五一劳动节

Which option do you choose? Respond with the exact option text.",国庆节,国庆节,"You are playing a coordination game with another agent.
If you both select the SAME option, you each get $1.
You cannot communicate - you must try to coordinate.
Note: The other agent sees the SAME options, but in a DIFFERENT order.

中国现代节日
Options: 国庆节, 三八妇女节, 元旦, 五一劳动节

Which option do you choose? Respond with the exact option text.",五一劳动节,五一劳动节,False
中国节气节日,"[""立春"", ""清明"", ""冬至"", ""中秋""]","[""立春"", ""清明"", ""冬至"", ""中秋""]","[""清明"", ""冬至"", ""立春"", ""中秋""]","You are playing a coordination game with another agent.
If you both select the SAME option, you each get $1.
You cannot communicate - you must try to coordinate.
Note: The other agent sees the SAME options, but in a DIFFERENT order.

中国节气节日
Options: 立春, 清明, 冬至, 中秋

Which option do you choose? Respond with the exact option text.",中秋,中秋,"You are playing a coordination game with another agent.
If you both select the SAME option, you each get $1.
You cannot communicate - you must try to coordinate.
Note: The other agent sees the SAME options, but in a DIFFERENT order.

中国节气节日
Options: 清明, 冬至, 立春, 中秋

Which option do you choose? Respond with the exact option text.",中秋,中秋,True
American Breakfast,"[""Pancakes"", ""Eggs"", ""Bacon"", ""Cereal""]","[""Bacon"", ""Pancakes"", ""Eggs"", ""Cereal""]","[""Bacon"", ""Eggs"", ""Pancakes"", ""Cereal""]","You are playing a coordination game with another agent.
If you both select the SAME option, you each get $1.
You cannot communicate - you must try to coordinate.
Note: The other agent sees the SAME options, but in a DIFFERENT order.

American Breakfast
Options: Bacon, Pancakes, Eggs, Cereal

Which option do you choose? Respond with the exact option text.",Bacon,Bacon,"You are playing a coordination game with another agent.
If you both select the SAME option, you each get $1.
You cannot communicate - you must try to coordinate.
Note: The other agent sees the SAME options, but in a DIFFERENT order.

American Breakfast
Options: Bacon, Eggs, Pancakes, Cereal

Which option do you choose? Respond with the exact option text.",Eggs,Eggs,False
American Fast Food,"[""Burger"", ""Pizza"", ""Hot Dog"", ""Fries""]","[""Pizza"", ""Hot Dog"", ""Burger"", ""Fries""]","[""Fries"", ""Hot Dog"", ""Pizza"", ""Burger""]","You are playing a coordination game with another agent.
If you both select the SAME option, you each get $1.
You cannot communicate - you must try to coordinate.
Note: The other agent sees the SAME options, but in a DIFFERENT order.

American Fast Food
Options: Pizza, Hot Dog, Burger, Fries

Which option do you choose? Respond with the exact option text.",Burger,Burger,"You are playing a coordination game with another agent.
If you both select the SAME option, you each get $1.
You cannot communicate - you must try to coordinate.
Note: The other agent sees the SAME options, but in a DIFFERENT order.

American Fast Food
Options: Fries, Hot Dog, Pizza, Burger

Which option do you choose? Respond with the exact option text.",Burger,Burger,True
American Dinner,"[""Steak"", ""Roast Chicken"", ""Pasta"", ""Salad""]","[""Salad"", ""Roast Chicken"", ""Steak"", ""Pasta""]","[""Steak"", ""Roast Chicken"", ""Salad"", ""Pasta""]","You are playing a coordination game with another agent.
If you both select the SAME option, you each get $1.
You cannot communicate - you must try to coordinate.
Note: The other agent sees the SAME options, but in a DIFFERENT order.

American Dinner
Options: Salad, Roast Chicken, Steak, Pasta

Which option do you choose? Respond with the exact option text.",Roast Chicken,Roast Chicken,"You are playing a coordination game with another agent.
If you both select the SAME option, you each get $1.
You cannot communicate - you must try to coordinate.
Note: The other agent sees the SAME options, but in a DIFFERENT order.

American Dinner
Options: Steak, Roast Chicken, Salad, Pasta

Which option do you choose? Respond with the exact option text.",Salad,Salad,False
American Snacks,"[""Chips"", ""Popcorn"", ""Cookies"", ""Candy""]","[""Cookies"", ""Candy"", ""Popcorn"", ""Chips""]","[""Popcorn"", ""Candy"", ""Chips"", ""Cookies""]","You are playing a coordination game with another agent.
If you both select the SAME option, you each get $1.
You cannot communicate - you must try to coordinate.
Note: The other agent sees the SAME options, but in a DIFFERENT order.

American Snacks
Options: Cookies, Candy, Popcorn, Chips

Which option do you choose? Respond with the exact option text.",Popcorn,Popcorn,"You are playing a coordination game with another agent.
If you both select the SAME option, you each get $1.
You cannot communicate - you must try to coordinate.
Note: The other agent sees the SAME options, but in a DIFFERENT order.

American Snacks
Options: Popcorn, Candy, Chips, Cookies

Which option do you choose? Respond with the exact option text.",Chips,Chips,False
American Desserts,"[""Apple Pie"", ""Brownie"", ""Ice Cream"", ""Cheesecake""]","[""Cheesecake"", ""Ice Cream"", ""Apple Pie"", ""Brownie""]","[""Apple Pie"", ""Cheesecake"", ""Brownie"", ""Ice Cream""]","You are playing a coordination game with another agent.
If you both select the SAME option, you each get $1.
You cannot communicate - you must try to coordinate.
Note: The other agent sees the SAME options, but in a DIFFERENT order.

American Desserts
Options: Cheesecake, Ice Cream, Apple Pie, Brownie

Which option do you choose? Respond with the exact option text.",Cheesecake,Cheesecake,"You are playing a coordination game with another agent.
If you both select the SAME option, you each get $1.
You cannot communicate - you must try to coordinate.
Note: The other agent sees the SAME options, but in a DIFFERENT order.

American Desserts
Options: Apple Pie, Cheesecake, Brownie, Ice Cream

Which option do you choose? Respond with the exact option text.",Apple Pie,Apple Pie,False
American Comfort Food,"[""Mac and Cheese"", ""Grilled Cheese"", ""Meatloaf"", ""Mashed Potatoes""]","[""Grilled Cheese"", ""Mashed Potatoes"", ""Mac and Cheese"", ""Meatloaf""]","[""Grilled Cheese"", ""Mac and Cheese"", ""Meatloaf"", ""Mashed Potatoes""]","You are playing a coordination game with another agent.
If you both select the SAME option, you each get $1.
You cannot communicate - you must try to coordinate.
Note: The other agent sees the SAME options, but in a DIFFERENT order.

American Comfort Food
Options: Grilled Cheese, Mashed Potatoes, Mac and Cheese, Meatloaf

Which option do you choose? Respond with the exact option text.",Mac and Cheese,Mac and Cheese,"You are playing a coordination game with another agent.
If you both select the SAME option, you each get $1.
You cannot communicate - you must try to coordinate.
Note: The other agent sees the SAME options, but in a DIFFERENT order.

American Comfort Food
Options: Grilled Cheese, Mac and Cheese, Meatloaf, Mashed Potatoes

Which option do you choose? Respond with the exact option text.",Mac and Cheese,Mac and Cheese,True
American Side Dishes,"[""French Fries"", ""Coleslaw"", ""Corn"", ""Baked Beans""]","[""French Fries"", ""Coleslaw"", ""Baked Beans"", ""Corn""]","[""Baked Beans"", ""Coleslaw"", ""Corn"", ""French Fries""]","You are playing a coordination game with another agent.
If you both select the SAME option, you each get $1.
You cannot communicate - you must try to coordinate.
Note: The other agent sees the SAME options, but in a DIFFERENT order.

American Side Dishes
Options: French Fries, Coleslaw, Baked Beans, Corn

Which option do you choose? Respond with the exact option text.",French Fries,French Fries,"You are playing a coordination game with another agent.
If you both select the SAME option, you each get $1.
You cannot communicate - you must try to coordinate.
Note: The other agent sees the SAME options, but in a DIFFERENT order.

American Side Dishes
Options: Baked Beans, Coleslaw, Corn, French Fries

Which option do you choose? Respond with the exact option text.",Coleslaw,Coleslaw,False
American BBQ,"[""Ribs"", ""Brisket"", ""Pulled Pork"", ""Grilled Chicken""]","[""Brisket"", ""Grilled Chicken"", ""Ribs"", ""Pulled Pork""]","[""Grilled Chicken"", ""Pulled Pork"", ""Brisket"", ""Ribs""]","You are playing a coordination game with another agent.
If you both select the SAME option, you each get $1.
You cannot communicate - you must try to coordinate.
Note: The other agent sees the SAME options, but in a DIFFERENT order.

American BBQ
Options: Brisket, Grilled Chicken, Ribs, Pulled Pork

Which option do you choose? Respond with the exact option text.",Pulled Pork,Pulled Pork,"You are playing a coordination game with another agent.
If you both select the SAME option, you each get $1.
You cannot communicate - you must try to coordinate.
Note: The other agent sees the SAME options, but in a DIFFERENT order.

American BBQ
Options: Grilled Chicken, Pulled Pork, Brisket, Ribs

Which option do you choose? Respond with the exact option text.",Brisket,Brisket,False
American Sandwiches,"[""BLT"", ""PB&J"", ""Club Sandwich"", ""Grilled Cheese""]","[""BLT"", ""Club Sandwich"", ""PB&J"", ""Grilled Cheese""]","[""BLT"", ""Club Sandwich"", ""PB&J"", ""Grilled Cheese""]","You are playing a coordination game with another agent.
If you both select the SAME option, you each get $1.
You cannot communicate - you must try to coordinate.
Note: The other agent sees the SAME options, but in a DIFFERENT order.

American Sandwiches
Options: BLT, Club Sandwich, PB&J, Grilled Cheese

Which option do you choose? Respond with the exact option text.",Grilled Cheese,Grilled Cheese,"You are playing a coordination game with another agent.
If you both select the SAME option, you each get $1.
You cannot communicate - you must try to coordinate.
Note: The other agent sees the SAME options, but in a DIFFERENT order.

American Sandwiches
Options: BLT, Club Sandwich, PB&J, Grilled Cheese

Which option do you choose? Respond with the exact option text.",Grilled Cheese,Grilled Cheese,True
American Holiday Food,"[""Turkey"", ""Ham"", ""Pumpkin Pie"", ""Stuffing""]","[""Turkey"", ""Ham"", ""Stuffing"", ""Pumpkin Pie""]","[""Pumpkin Pie"", ""Stuffing"", ""Ham"", ""Turkey""]","You are playing a coordination game with another agent.
If you both select the SAME option, you each get $1.
You cannot communicate - you must try to coordinate.
Note: The other agent sees the SAME options, but in a DIFFERENT order.

American Holiday Food
Options: Turkey, Ham, Stuffing, Pumpkin Pie

Which option do you choose? Respond with the exact option text.",Pumpkin Pie,Pumpkin Pie,"You are playing a coordination game with another agent.
If you both select the SAME option, you each get $1.
You cannot communicate - you must try to coordinate.
Note: The other agent sees the SAME options, but in a DIFFERENT order.

American Holiday Food
Options: Pumpkin Pie, Stuffing, Ham, Turkey

Which option do you choose? Respond with the exact option text.",Turkey,Turkey,False
中国早餐,"[""包子"", ""油条"", ""豆浆"", ""煎饼""]","[""包子"", ""豆浆"", ""煎饼"", ""油条""]","[""煎饼"", ""豆浆"", ""包子"", ""油条""]","You are playing a coordination game with another agent.
If you both select the SAME option, you each get $1.
You cannot communicate - you must try to coordinate.
Note: The other agent sees the SAME options, but in a DIFFERENT order.

中国早餐
Options: 包子, 豆浆, 煎饼, 油条

Which option do you choose? Respond with the exact option text.",油条,油条,"You are playing a coordination game with another agent.
If you both select the SAME option, you each get $1.
You cannot communicate - you must try to coordinate.
Note: The other agent sees the SAME options, but in a DIFFERENT order.

中国早餐
Options: 煎饼, 豆浆, 包子, 油条

Which option do you choose? Respond with the exact option text.",油条,油条,True
中国快餐,"[""炒饭"", ""面条"", ""饺子"", ""盒饭""]","[""盒饭"", ""饺子"", ""炒饭"", ""面条""]","[""盒饭"", ""面条"", ""炒饭"", ""饺子""]","You are playing a coordination game with another agent.
If you both select the SAME option, you each get $1.
You cannot communicate - you must try to coordinate.
Note: The other agent sees the SAME options, but in a DIFFERENT order.

中国快餐
Options: 盒饭, 饺子, 炒饭, 面条

Which option do you choose? Respond with the exact option text.",盒饭,盒饭,"You are playing a coordination game with another agent.
If you both select the SAME option, you each get $1.
You cannot communicate - you must try to coordinate.
Note: The other agent sees the SAME options, but in a DIFFERENT order.

中国快餐
Options: 盒饭, 面条, 炒饭, 饺子

Which option do you choose? Respond with the exact option text.",盒饭,盒饭,True
中国家常菜,"[""红烧肉"", ""宫保鸡丁"", ""麻婆豆腐"", ""西红柿炒鸡蛋""]","[""西红柿炒鸡蛋"", ""宫保鸡丁"", ""红烧肉"", ""麻婆豆腐""]","[""麻婆豆腐"", ""西红柿炒鸡蛋"", ""红烧肉"", ""宫保鸡丁""]","You are playing a coordination game with another agent.
If you both select the SAME option, you each get $1.
You cannot communicate - you must try to coordinate.
Note: The other agent sees the SAME options, but in a DIFFERENT order.

中国家常菜
Options: 西红柿炒鸡蛋, 宫保鸡丁, 红烧肉, 麻婆豆腐

Which option do you choose? Respond with the exact option text.",西红柿炒鸡蛋,西红柿炒鸡蛋,"You are playing a coordination game with another agent.
If you both select the SAME option, you each get $1.
You cannot communicate - you must try to coordinate.
Note: The other agent sees the SAME options, but in a DIFFERENT order.

中国家常菜
Options: 麻婆豆腐, 西红柿炒鸡蛋, 红烧肉, 宫保鸡丁

Which option do you choose? Respond with the exact option text.",西红柿炒鸡蛋,西红柿炒鸡蛋,True
中国小吃,"[""煎饼果子"", ""烤串"", ""臭豆腐"", ""糖葫芦""]","[""糖葫芦"", ""臭豆腐"", ""烤串"", ""煎饼果子""]","[""烤串"", ""糖葫芦"", ""臭豆腐"", ""煎饼果子""]","You are playing a coordination game with another agent.
If you both select the SAME option, you each get $1.
You cannot communicate - you must try to coordinate.
Note: The other agent sees the SAME options, but in a DIFFERENT order.

中国小吃
Options: 糖葫芦, 臭豆腐, 烤串, 煎饼果子

Which option do you choose? Respond with the exact option text.",煎饼果子,煎饼果子,"You are playing a coordination game with another agent.
If you both select the SAME option, you each get $1.
You cannot communicate - you must try to coordinate.
Note: The other agent sees the SAME options, but in a DIFFERENT order.

中国小吃
Options: 烤串, 糖葫芦, 臭豆腐, 煎饼果子

Which option do you choose? Respond with the exact option text.",煎饼果子,煎饼果子,True
中国甜点,"[""汤圆"", ""月饼"", ""粽子"", ""豆沙包""]","[""月饼"", ""汤圆"", ""豆沙包"", ""粽子""]","[""粽子"", ""月饼"", ""汤圆"", ""豆沙包""]","You are playing a coordination game with another agent.
If you both select the SAME option, you each get $1.
You cannot communicate - you must try to coordinate.
Note: The other agent sees the SAME options, but in a DIFFERENT order.

中国甜点
Options: 月饼, 汤圆, 豆沙包, 粽子

Which option do you choose? Respond with the exact option text.",汤圆,汤圆,"You are playing a coordination game with another agent.
If you both select the SAME option, you each get $1.
You cannot communicate - you must try to coordinate.
Note: The other agent sees the SAME options, but in a DIFFERENT order.

中国甜点
Options: 粽子, 月饼, 汤圆, 豆沙包

Which option do you choose? Respond with the exact option text.",月饼,月饼,False
中国主食,"[""米饭"", ""面条"", ""馒头"", ""饺子""]","[""米饭"", ""面条"", ""馒头"", ""饺子""]","[""米饭"", ""馒头"", ""面条"", ""饺子""]","You are playing a coordination game with another agent.
If you both select the SAME option, you each get $1.
You cannot communicate - you must try to coordinate.
Note: The other agent sees the SAME options, but in a DIFFERENT order.

中国主食
Options: 米饭, 面条, 馒头, 饺子

Which option do you choose? Respond with the exact option text.",米饭,米饭,"You are playing a coordination game with another agent.
If you both select the SAME option, you each get $1.
You cannot communicate - you must try to coordinate.
Note: The other agent sees the SAME options, but in a DIFFERENT order.

中国主食
Options: 米饭, 馒头, 面条, 饺子

Which option do you choose? Respond with the exact option text.",米饭,米饭,True
中国汤类,"[""鸡汤"", ""排骨汤"", ""紫菜蛋花汤"", ""酸辣汤""]","[""排骨汤"", ""紫菜蛋花汤"", ""酸辣汤"", ""鸡汤""]","[""排骨汤"", ""紫菜蛋花汤"", ""鸡汤"", ""酸辣汤""]","You are playing a coordination game with another agent.
If you both select the SAME option, you each get $1.
You cannot communicate - you must try to coordinate.
Note: The other agent sees the SAME options, but in a DIFFERENT order.

中国汤类
Options: 排骨汤, 紫菜蛋花汤, 酸辣汤, 鸡汤

Which option do you choose? Respond with the exact option text.",排骨汤,排骨汤,"You are playing a coordination game with another agent.
If you both select the SAME option, you each get $1.
You cannot communicate - you must try to coordinate.
Note: The other agent sees the SAME options, but in a DIFFERENT order.

中国汤类
Options: 排骨汤, 紫菜蛋花汤, 鸡汤, 酸辣汤

Which option do you choose? Respond with the exact option text.",酸辣汤,酸辣汤,False
中国火锅食材,"[""牛肉"", ""羊肉"", ""豆腐"", ""白菜""]","[""豆腐"", ""白菜"", ""牛肉"", ""羊肉""]","[""白菜"", ""羊肉"", ""牛肉"", ""豆腐""]","You are playing a coordination game with another agent.
If you both select the SAME option, you each get $1.
You cannot communicate - you must try to coordinate.
Note: The other agent sees the SAME options, but in a DIFFERENT order.

中国火锅食材
Options: 豆腐, 白菜, 牛肉, 羊肉

Which option do you choose? Respond with the exact option text.",豆腐,豆腐,"You are playing a coordination game with another agent.
If you both select the SAME option, you each get $1.
You cannot communicate - you must try to coordinate.
Note: The other agent sees the SAME options, but in a DIFFERENT order.

中国火锅食材
Options: 白菜, 羊肉, 牛肉, 豆腐

Which option do you choose? Respond with the exact option text.",牛肉,牛肉,False
中国面食,"[""拉面"", ""刀削面"", ""炸酱面"", ""担担面""]","[""刀削面"", ""炸酱面"", ""担担面"", ""拉面""]","[""担担面"", ""刀削面"", ""炸酱面"", ""拉面""]","You are playing a coordination game with another agent.
If you both select the SAME option, you each get $1.
You cannot communicate - you must try to coordinate.
Note: The other agent sees the SAME options, but in a DIFFERENT order.

中国面食
Options: 刀削面, 炸酱面, 担担面, 拉面

Which option do you choose? Respond with the exact option text.",拉面,拉面,"You are playing a coordination game with another agent.
If you both select the SAME option, you each get $1.
You cannot communicate - you must try to coordinate.
Note: The other agent sees the SAME options, but in a DIFFERENT order.

中国面食
Options: 担担面, 刀削面, 炸酱面, 拉面

Which option do you choose? Respond with the exact option text.",拉面,拉面,True
中国节日食物,"[""饺子"", ""月饼"", ""粽子"", ""汤圆""]","[""饺子"", ""粽子"", ""月饼"", ""汤圆""]","[""汤圆"", ""饺子"", ""粽子"", ""月饼""]","You are playing a coordination game with another agent.
If you both select the SAME option, you each get $1.
You cannot communicate - you must try to coordinate.
Note: The other agent sees the SAME options, but in a DIFFERENT order.

中国节日食物
Options: 饺子, 粽子, 月饼, 汤圆

Which option do you choose? Respond with the exact option text.",粽子,粽子,"You are playing a coordination game with another agent.
If you both select the SAME option, you each get $1.
You cannot communicate - you must try to coordinate.
Note: The other agent sees the SAME options, but in a DIFFERENT order.

中国节日食物
Options: 汤圆, 饺子, 粽子, 月饼

Which option do you choose? Respond with the exact option text.",饺子,饺子,False
American Breakfast Drinks,"[""Coffee"", ""Orange Juice"", ""Milk"", ""Tea""]","[""Tea"", ""Orange Juice"", ""Milk"", ""Coffee""]","[""Tea"", ""Milk"", ""Coffee"", ""Orange Juice""]","You are playing a coordination game with another agent.
If you both select the SAME option, you each get $1.
You cannot communicate - you must try to coordinate.
Note: The other agent sees the SAME options, but in a DIFFERENT order.

American Breakfast Drinks
Options: Tea, Orange Juice, Milk, Coffee

Which option do you choose? Respond with the exact option text.",Coffee,Coffee,"You are playing a coordination game with another agent.
If you both select the SAME option, you each get $1.
You cannot communicate - you must try to coordinate.
Note: The other agent sees the SAME options, but in a DIFFERENT order.

American Breakfast Drinks
Options: Tea, Milk, Coffee, Orange Juice

Which option do you choose? Respond with the exact option text.",Tea,Tea,False
American Soft Drinks,"[""Coca-Cola"", ""Pepsi"", ""Sprite"", ""Dr Pepper""]","[""Dr Pepper"", ""Sprite"", ""Coca-Cola"", ""Pepsi""]","[""Sprite"", ""Coca-Cola"", ""Dr Pepper"", ""Pepsi""]","You are playing a coordination game with another agent.
If you both select the SAME option, you each get $1.
You cannot communicate - you must try to coordinate.
Note: The other agent sees the SAME options, but in a DIFFERENT order.

American Soft Drinks
Options: Dr Pepper, Sprite, Coca-Cola, Pepsi

Which option do you choose? Respond with the exact option text.",Pepsi,Pepsi,"You are playing a coordination game with another agent.
If you both select the SAME option, you each get $1.
You cannot communicate - you must try to coordinate.
Note: The other agent sees the SAME options, but in a DIFFERENT order.

American Soft Drinks
Options: Sprite, Coca-Cola, Dr Pepper, Pepsi

Which option do you choose? Respond with the exact option text.",Coca-Cola,Coca-Cola,False
American Hot Drinks,"[""Coffee"", ""Tea"", ""Hot Chocolate"", ""Cider""]","[""Coffee"", ""Cider"", ""Hot Chocolate"", ""Tea""]","[""Tea"", ""Cider"", ""Hot Chocolate"", ""Coffee""]","You are playing a coordination game with another agent.
If you both select the SAME option, you each get $1.
You cannot communicate - you must try to coordinate.
Note: The other agent sees the SAME options, but in a DIFFERENT order.

American Hot Drinks
Options: Coffee, Cider, Hot Chocolate, Tea

Which option do you choose? Respond with the exact option text.","Given that we both see the same options but in a different order, the best coordination strategy is to pick the option that seems most obvious or ""default"" in each of our own lists, with the hope that we mentally anchor to the same item regardless of order differences.

From an American perspective, ""Coffee"" is the most typical hot drink choice in common culture.  
Even if the other agent sees the list in a different order, the most culturally prominent choice is likely to be Coffee for both of us.

So I choose: **Coffee**",Coffee,"You are playing a coordination game with another agent.
If you both select the SAME option, you each get $1.
You cannot communicate - you must try to coordinate.
Note: The other agent sees the SAME options, but in a DIFFERENT order.

American Hot Drinks
Options: Tea, Cider, Hot Chocolate, Coffee

Which option do you choose? Respond with the exact option text.",Coffee,Coffee,True
American Cocktails,"[""Margarita"", ""Mojito"", ""Martini"", ""Old Fashioned""]","[""Mojito"", ""Margarita"", ""Old Fashioned"", ""Martini""]","[""Mojito"", ""Old Fashioned"", ""Martini"", ""Margarita""]","You are playing a coordination game with another agent.
If you both select the SAME option, you each get $1.
You cannot communicate - you must try to coordinate.
Note: The other agent sees the SAME options, but in a DIFFERENT order.

American Cocktails
Options: Mojito, Margarita, Old Fashioned, Martini

Which option do you choose? Respond with the exact option text.",Martini,Martini,"You are playing a coordination game with another agent.
If you both select the SAME option, you each get $1.
You cannot communicate - you must try to coordinate.
Note: The other agent sees the SAME options, but in a DIFFERENT order.

American Cocktails
Options: Mojito, Old Fashioned, Martini, Margarita

Which option do you choose? Respond with the exact option text.",Old Fashioned,Old Fashioned,False
American Party Drinks,"[""Beer"", ""Wine"", ""Champagne"", ""Cocktail""]","[""Wine"", ""Beer"", ""Champagne"", ""Cocktail""]","[""Wine"", ""Cocktail"", ""Champagne"", ""Beer""]","You are playing a coordination game with another agent.
If you both select the SAME option, you each get $1.
You cannot communicate - you must try to coordinate.
Note: The other agent sees the SAME options, but in a DIFFERENT order.

American Party Drinks
Options: Wine, Beer, Champagne, Cocktail

Which option do you choose? Respond with the exact option text.",Champagne,Champagne,"You are playing a coordination game with another agent.
If you both select the SAME option, you each get $1.
You cannot communicate - you must try to coordinate.
Note: The other agent sees the SAME options, but in a DIFFERENT order.

American Party Drinks
Options: Wine, Cocktail, Champagne, Beer

Which option do you choose? Respond with the exact option text.",Champagne,Champagne,True
中国早餐饮品,"[""豆浆"", ""牛奶"", ""粥"", ""茶""]","[""茶"", ""牛奶"", ""粥"", ""豆浆""]","[""茶"", ""豆浆"", ""粥"", ""牛奶""]","You are playing a coordination game with another agent.
If you both select the SAME option, you each get $1.
You cannot communicate - you must try to coordinate.
Note: The other agent sees the SAME options, but in a DIFFERENT order.

中国早餐饮品
Options: 茶, 牛奶, 粥, 豆浆

Which option do you choose? Respond with the exact option text.",豆浆,豆浆,"You are playing a coordination game with another agent.
If you both select the SAME option, you each get $1.
You cannot communicate - you must try to coordinate.
Note: The other agent sees the SAME options, but in a DIFFERENT order.

中国早餐饮品
Options: 茶, 豆浆, 粥, 牛奶

Which option do you choose? Respond with the exact option text.",茶,茶,False
中国茶类,"[""绿茶"", ""红茶"", ""乌龙茶"", ""普洱茶""]","[""绿茶"", ""普洱茶"", ""红茶"", ""乌龙茶""]","[""乌龙茶"", ""绿茶"", ""红茶"", ""普洱茶""]","You are playing a coordination game with another agent.
If you both select the SAME option, you each get $1.
You cannot communicate - you must try to coordinate.
Note: The other agent sees the SAME options, but in a DIFFERENT order.

中国茶类
Options: 绿茶, 普洱茶, 红茶, 乌龙茶

Which option do you choose? Respond with the exact option text.",绿茶,绿茶,"You are playing a coordination game with another agent.
If you both select the SAME option, you each get $1.
You cannot communicate - you must try to coordinate.
Note: The other agent sees the SAME options, but in a DIFFERENT order.

中国茶类
Options: 乌龙茶, 绿茶, 红茶, 普洱茶

Which option do you choose? Respond with the exact option text.",绿茶,绿茶,True
中国热饮,"[""热水"", ""茶"", ""咖啡"", ""豆浆""]","[""豆浆"", ""咖啡"", ""茶"", ""热水""]","[""咖啡"", ""热水"", ""茶"", ""豆浆""]","You are playing a coordination game with another agent.
If you both select the SAME option, you each get $1.
You cannot communicate - you must try to coordinate.
Note: The other agent sees the SAME options, but in a DIFFERENT order.

中国热饮
Options: 豆浆, 咖啡, 茶, 热水

Which option do you choose? Respond with the exact option text.",茶,茶,"You are playing a coordination game with another agent.
If you both select the SAME option, you each get $1.
You cannot communicate - you must try to coordinate.
Note: The other agent sees the SAME options, but in a DIFFERENT order.

中国热饮
Options: 咖啡, 热水, 茶, 豆浆

Which option do you choose? Respond with the exact option text.",茶,茶,True
中国酒类,"[""白酒"", ""啤酒"", ""黄酒"", ""米酒""]","[""白酒"", ""啤酒"", ""米酒"", ""黄酒""]","[""米酒"", ""白酒"", ""黄酒"", ""啤酒""]","You are playing a coordination game with another agent.
If you both select the SAME option, you each get $1.
You cannot communicate - you must try to coordinate.
Note: The other agent sees the SAME options, but in a DIFFERENT order.

中国酒类
Options: 白酒, 啤酒, 米酒, 黄酒

Which option do you choose? Respond with the exact option text.",白酒,白酒,"You are playing a coordination game with another agent.
If you both select the SAME option, you each get $1.
You cannot communicate - you must try to coordinate.
Note: The other agent sees the SAME options, but in a DIFFERENT order.

中国酒类
Options: 米酒, 白酒, 黄酒, 啤酒

Which option do you choose? Respond with the exact option text.",米酒,米酒,False
中国冷饮,"[""冰红茶"", ""酸梅汤"", ""柠檬水"", ""凉茶""]","[""酸梅汤"", ""凉茶"", ""柠檬水"", ""冰红茶""]","[""凉茶"", ""酸梅汤"", ""柠檬水"", ""冰红茶""]","You are playing a coordination game with another agent.
If you both select the SAME option, you each get $1.
You cannot communicate - you must try to coordinate.
Note: The other agent sees the SAME options, but in a DIFFERENT order.

中国冷饮
Options: 酸梅汤, 凉茶, 柠檬水, 冰红茶

Which option do you choose? Respond with the exact option text.",柠檬水,柠檬水,"You are playing a coordination game with another agent.
If you both select the SAME option, you each get $1.
You cannot communicate - you must try to coordinate.
Note: The other agent sees the SAME options, but in a DIFFERENT order.

中国冷饮
Options: 凉茶, 酸梅汤, 柠檬水, 冰红茶

Which option do you choose? Respond with the exact option text.",冰红茶,冰红茶,False
US Presidents,"[""Washington"", ""Lincoln"", ""Kennedy"", ""Obama""]","[""Obama"", ""Lincoln"", ""Washington"", ""Kennedy""]","[""Lincoln"", ""Washington"", ""Obama"", ""Kennedy""]","You are playing a coordination game with another agent.
If you both select the SAME option, you each get $1.
You cannot communicate - you must try to coordinate.
Note: The other agent sees the SAME options, but in a DIFFERENT order.

US Presidents
Options: Obama, Lincoln, Washington, Kennedy

Which option do you choose? Respond with the exact option text.",Washington,Washington,"You are playing a coordination game with another agent.
If you both select the SAME option, you each get $1.
You cannot communicate - you must try to coordinate.
Note: The other agent sees the SAME options, but in a DIFFERENT order.

US Presidents
Options: Lincoln, Washington, Obama, Kennedy

Which option do you choose? Respond with the exact option text.",Washington,Washington,True
US Scientists,"[""Einstein"", ""Edison"", ""Tesla"", ""Newton""]","[""Tesla"", ""Einstein"", ""Newton"", ""Edison""]","[""Newton"", ""Edison"", ""Einstein"", ""Tesla""]","You are playing a coordination game with another agent.
If you both select the SAME option, you each get $1.
You cannot communicate - you must try to coordinate.
Note: The other agent sees the SAME options, but in a DIFFERENT order.

US Scientists
Options: Tesla, Einstein, Newton, Edison

Which option do you choose? Respond with the exact option text.",Tesla,Tesla,"You are playing a coordination game with another agent.
If you both select the SAME option, you each get $1.
You cannot communicate - you must try to coordinate.
Note: The other agent sees the SAME options, but in a DIFFERENT order.

US Scientists
Options: Newton, Edison, Einstein, Tesla

Which option do you choose? Respond with the exact option text.",Newton,Newton,False
US Musicians,"[""Elvis"", ""Michael Jackson"", ""Madonna"", ""Beyonce""]","[""Beyonce"", ""Michael Jackson"", ""Elvis"", ""Madonna""]","[""Elvis"", ""Michael Jackson"", ""Beyonce"", ""Madonna""]","You are playing a coordination game with another agent.
If you both select the SAME option, you each get $1.
You cannot communicate - you must try to coordinate.
Note: The other agent sees the SAME options, but in a DIFFERENT order.

US Musicians
Options: Beyonce, Michael Jackson, Elvis, Madonna

Which option do you choose? Respond with the exact option text.",Beyonce,Beyonce,"You are playing a coordination game with another agent.
If you both select the SAME option, you each get $1.
You cannot communicate - you must try to coordinate.
Note: The other agent sees the SAME options, but in a DIFFERENT order.

US Musicians
Options: Elvis, Michael Jackson, Beyonce, Madonna

Which option do you choose? Respond with the exact option text.",Beyonce,Beyonce,True
US Actors,"[""Tom Hanks"", ""Brad Pitt"", ""Meryl Streep"", ""Leonardo DiCaprio""]","[""Brad Pitt"", ""Meryl Streep"", ""Tom Hanks"", ""Leonardo DiCaprio""]","[""Brad Pitt"", ""Tom Hanks"", ""Leonardo DiCaprio"", ""Meryl Streep""]","You are playing a coordination game with another agent.
If you both select the SAME option, you each get $1.
You cannot communicate - you must try to coordinate.
Note: The other agent sees the SAME options, but in a DIFFERENT order.

US Actors
Options: Brad Pitt, Meryl Streep, Tom Hanks, Leonardo DiCaprio

Which option do you choose? Respond with the exact option text.",Meryl Streep,Meryl Streep,"You are playing a coordination game with another agent.
If you both select the SAME option, you each get $1.
You cannot communicate - you must try to coordinate.
Note: The other agent sees the SAME options, but in a DIFFERENT order.

US Actors
Options: Brad Pitt, Tom Hanks, Leonardo DiCaprio, Meryl Streep

Which option do you choose? Respond with the exact option text.",Meryl Streep,Meryl Streep,True
US Athletes,"[""Michael Jordan"", ""LeBron James"", ""Tom Brady"", ""Serena Williams""]","[""Michael Jordan"", ""Tom Brady"", ""Serena Williams"", ""LeBron James""]","[""LeBron James"", ""Michael Jordan"", ""Serena Williams"", ""Tom Brady""]","You are playing a coordination game with another agent.
If you both select the SAME option, you each get $1.
You cannot communicate - you must try to coordinate.
Note: The other agent sees the SAME options, but in a DIFFERENT order.

US Athletes
Options: Michael Jordan, Tom Brady, Serena Williams, LeBron James

Which option do you choose? Respond with the exact option text.",LeBron James,LeBron James,"You are playing a coordination game with another agent.
If you both select the SAME option, you each get $1.
You cannot communicate - you must try to coordinate.
Note: The other agent sees the SAME options, but in a DIFFERENT order.

US Athletes
Options: LeBron James, Michael Jordan, Serena Williams, Tom Brady

Which option do you choose? Respond with the exact option text.",Tom Brady,Tom Brady,False
US Business Leaders,"[""Elon Musk"", ""Steve Jobs"", ""Bill Gates"", ""Jeff Bezos""]","[""Jeff Bezos"", ""Bill Gates"", ""Steve Jobs"", ""Elon Musk""]","[""Elon Musk"", ""Steve Jobs"", ""Jeff Bezos"", ""Bill Gates""]","You are playing a coordination game with another agent.
If you both select the SAME option, you each get $1.
You cannot communicate - you must try to coordinate.
Note: The other agent sees the SAME options, but in a DIFFERENT order.

US Business Leaders
Options: Jeff Bezos, Bill Gates, Steve Jobs, Elon Musk

Which option do you choose? Respond with the exact option text.",Steve Jobs,Steve Jobs,"You are playing a coordination game with another agent.
If you both select the SAME option, you each get $1.
You cannot communicate - you must try to coordinate.
Note: The other agent sees the SAME options, but in a DIFFERENT order.

US Business Leaders
Options: Elon Musk, Steve Jobs, Jeff Bezos, Bill Gates

Which option do you choose? Respond with the exact option text.",Bill Gates,Bill Gates,False
US Writers,"[""Mark Twain"", ""Hemingway"", ""Fitzgerald"", ""Stephen King""]","[""Fitzgerald"", ""Stephen King"", ""Hemingway"", ""Mark Twain""]","[""Fitzgerald"", ""Stephen King"", ""Hemingway"", ""Mark Twain""]","You are playing a coordination game with another agent.
If you both select the SAME option, you each get $1.
You cannot communicate - you must try to coordinate.
Note: The other agent sees the SAME options, but in a DIFFERENT order.

US Writers
Options: Fitzgerald, Stephen King, Hemingway, Mark Twain

Which option do you choose? Respond with the exact option text.",Fitzgerald,Fitzgerald,"You are playing a coordination game with another agent.
If you both select the SAME option, you each get $1.
You cannot communicate - you must try to coordinate.
Note: The other agent sees the SAME options, but in a DIFFERENT order.

US Writers
Options: Fitzgerald, Stephen King, Hemingway, Mark Twain

Which option do you choose? Respond with the exact option text.",Stephen King,Stephen King,False
US Historical Figures,"[""Benjamin Franklin"", ""Martin Luther King Jr."", ""Amelia Earhart"", ""Rosa Parks""]","[""Benjamin Franklin"", ""Amelia Earhart"", ""Rosa Parks"", ""Martin Luther King Jr.""]","[""Martin Luther King Jr."", ""Rosa Parks"", ""Amelia Earhart"", ""Benjamin Franklin""]","You are playing a coordination game with another agent.
If you both select the SAME option, you each get $1.
You cannot communicate - you must try to coordinate.
Note: The other agent sees the SAME options, but in a DIFFERENT order.

US Historical Figures
Options: Benjamin Franklin, Amelia Earhart, Rosa Parks, Martin Luther King Jr.

Which option do you choose? Respond with the exact option text.",Benjamin Franklin,Benjamin Franklin,"You are playing a coordination game with another agent.
If you both select the SAME option, you each get $1.
You cannot communicate - you must try to coordinate.
Note: The other agent sees the SAME options, but in a DIFFERENT order.

US Historical Figures
Options: Martin Luther King Jr., Rosa Parks, Amelia Earhart, Benjamin Franklin

Which option do you choose? Respond with the exact option text.",Martin Luther King Jr.,Martin Luther King Jr.,False
US Directors,"[""Steven Spielberg"", ""Martin Scorsese"", ""Christopher Nolan"", ""Quentin Tarantino""]","[""Christopher Nolan"", ""Martin Scorsese"", ""Quentin Tarantino"", ""Steven Spielberg""]","[""Steven Spielberg"", ""Christopher Nolan"", ""Martin Scorsese"", ""Quentin Tarantino""]","You are playing a coordination game with another agent.
If you both select the SAME option, you each get $1.
You cannot communicate - you must try to coordinate.
Note: The other agent sees the SAME options, but in a DIFFERENT order.

US Directors
Options: Christopher Nolan, Martin Scorsese, Quentin Tarantino, Steven Spielberg

Which option do you choose? Respond with the exact option text.",Steven Spielberg,Steven Spielberg,"You are playing a coordination game with another agent.
If you both select the SAME option, you each get $1.
You cannot communicate - you must try to coordinate.
Note: The other agent sees the SAME options, but in a DIFFERENT order.

US Directors
Options: Steven Spielberg, Christopher Nolan, Martin Scorsese, Quentin Tarantino

Which option do you choose? Respond with the exact option text.",Steven Spielberg,Steven Spielberg,True
US Tech Founders,"[""Steve Jobs"", ""Bill Gates"", ""Mark Zuckerberg"", ""Elon Musk""]","[""Steve Jobs"", ""Bill Gates"", ""Mark Zuckerberg"", ""Elon Musk""]","[""Steve Jobs"", ""Mark Zuckerberg"", ""Elon Musk"", ""Bill Gates""]","You are playing a coordination game with another agent.
If you both select the SAME option, you each get $1.
You cannot communicate - you must try to coordinate.
Note: The other agent sees the SAME options, but in a DIFFERENT order.

US Tech Founders
Options: Steve Jobs, Bill Gates, Mark Zuckerberg, Elon Musk

Which option do you choose? Respond with the exact option text.",Mark Zuckerberg,Mark Zuckerberg,"You are playing a coordination game with another agent.
If you both select the SAME option, you each get $1.
You cannot communicate - you must try to coordinate.
Note: The other agent sees the SAME options, but in a DIFFERENT order.

US Tech Founders
Options: Steve Jobs, Mark Zuckerberg, Elon Musk, Bill Gates

Which option do you choose? Respond with the exact option text.",Steve Jobs,Steve Jobs,False
中国古代帝王,"[""秦始皇"", ""汉武帝"", ""唐太宗"", ""康熙帝""]","[""唐太宗"", ""康熙帝"", ""汉武帝"", ""秦始皇""]","[""汉武帝"", ""唐太宗"", ""秦始皇"", ""康熙帝""]","You are playing a coordination game with another agent.
If you both select the SAME option, you each get $1.
You cannot communicate - you must try to coordinate.
Note: The other agent sees the SAME options, but in a DIFFERENT order.

中国古代帝王
Options: 唐太宗, 康熙帝, 汉武帝, 秦始皇

Which option do you choose? Respond with the exact option text.",秦始皇,秦始皇,"You are playing a coordination game with another agent.
If you both select the SAME option, you each get $1.
You cannot communicate - you must try to coordinate.
Note: The other agent sees the SAME options, but in a DIFFERENT order.

中国古代帝王
Options: 汉武帝, 唐太宗, 秦始皇, 康熙帝

Which option do you choose? Respond with the exact option text.","秦始皇

I choose “秦始皇” because it’s a widely recognized foundational emperor with a unique and definitive legacy (first emperor, unification of China), making it a strong focal point for coordination without communication, especially if the other agent is reasoning from a different order.",秦始皇,True
中国科学家,"[""袁隆平"", ""屠呦呦"", ""钱学森"", ""邓稼先""]","[""钱学森"", ""屠呦呦"", ""邓稼先"", ""袁隆平""]","[""袁隆平"", ""邓稼先"", ""钱学森"", ""屠呦呦""]","You are playing a coordination game with another agent.
If you both select the SAME option, you each get $1.
You cannot communicate - you must try to coordinate.
Note: The other agent sees the SAME options, but in a DIFFERENT order.

中国科学家
Options: 钱学森, 屠呦呦, 邓稼先, 袁隆平

Which option do you choose? Respond with the exact option text.",屠呦呦,屠呦呦,"You are playing a coordination game with another agent.
If you both select the SAME option, you each get $1.
You cannot communicate - you must try to coordinate.
Note: The other agent sees the SAME options, but in a DIFFERENT order.

中国科学家
Options: 袁隆平, 邓稼先, 钱学森, 屠呦呦

Which option do you choose? Respond with the exact option text.",屠呦呦,屠呦呦,True
中国歌手,"[""周杰伦"", ""邓丽君"", ""王菲"", ""刘德华""]","[""邓丽君"", ""周杰伦"", ""刘德华"", ""王菲""]","[""周杰伦"", ""邓丽君"", ""刘德华"", ""王菲""]","You are playing a coordination game with another agent.
If you both select the SAME option, you each get $1.
You cannot communicate - you must try to coordinate.
Note: The other agent sees the SAME options, but in a DIFFERENT order.

中国歌手
Options: 邓丽君, 周杰伦, 刘德华, 王菲

Which option do you choose? Respond with the exact option text.",邓丽君,邓丽君,"You are playing a coordination game with another agent.
If you both select the SAME option, you each get $1.
You cannot communicate - you must try to coordinate.
Note: The other agent sees the SAME options, but in a DIFFERENT order.

中国歌手
Options: 周杰伦, 邓丽君, 刘德华, 王菲

Which option do you choose? Respond with the exact option text.",周杰伦,周杰伦,False
中国演员,"[""成龙"", ""周星驰"", ""巩俐"", ""章子怡""]","[""章子怡"", ""成龙"", ""巩俐"", ""周星驰""]","[""章子怡"", ""周星驰"", ""巩俐"", ""成龙""]","You are playing a coordination game with another agent.
If you both select the SAME option, you each get $1.
You cannot communicate - you must try to coordinate.
Note: The other agent sees the SAME options, but in a DIFFERENT order.

中国演员
Options: 章子怡, 成龙, 巩俐, 周星驰

Which option do you choose? Respond with the exact option text.",巩俐,巩俐,"You are playing a coordination game with another agent.
If you both select the SAME option, you each get $1.
You cannot communicate - you must try to coordinate.
Note: The other agent sees the SAME options, but in a DIFFERENT order.

中国演员
Options: 章子怡, 周星驰, 巩俐, 成龙

Which option do you choose? Respond with the exact option text.",巩俐,巩俐,True
中国运动员,"[""姚明"", ""刘翔"", ""李娜"", ""马龙""]","[""刘翔"", ""马龙"", ""李娜"", ""姚明""]","[""李娜"", ""刘翔"", ""姚明"", ""马龙""]","You are playing a coordination game with another agent.
If you both select the SAME option, you each get $1.
You cannot communicate - you must try to coordinate.
Note: The other agent sees the SAME options, but in a DIFFERENT order.

中国运动员
Options: 刘翔, 马龙, 李娜, 姚明

Which option do you choose? Respond with the exact option text.",姚明,姚明,"You are playing a coordination game with another agent.
If you both select the SAME option, you each get $1.
You cannot communicate - you must try to coordinate.
Note: The other agent sees the SAME options, but in a DIFFERENT order.

中国运动员
Options: 李娜, 刘翔, 姚明, 马龙

Which option do you choose? Respond with the exact option text.",马龙,马龙,False
中国企业家,"[""马云"", ""马化腾"", ""任正非"", ""雷军""]","[""马云"", ""雷军"", ""任正非"", ""马化腾""]","[""马化腾"", ""任正非"", ""雷军"", ""马云""]","You are playing a coordination game with another agent.
If you both select the SAME option, you each get $1.
You cannot communicate - you must try to coordinate.
Note: The other agent sees the SAME options, but in a DIFFERENT order.

中国企业家
Options: 马云, 雷军, 任正非, 马化腾

Which option do you choose? Respond with the exact option text.",马云,马云,"You are playing a coordination game with another agent.
If you both select the SAME option, you each get $1.
You cannot communicate - you must try to coordinate.
Note: The other agent sees the SAME options, but in a DIFFERENT order.

中国企业家
Options: 马化腾, 任正非, 雷军, 马云

Which option do you choose? Respond with the exact option text.",马化腾,马化腾,False
中国作家,"[""鲁迅"", ""莫言"", ""金庸"", ""余华""]","[""金庸"", ""莫言"", ""余华"", ""鲁迅""]","[""莫言"", ""鲁迅"", ""余华"", ""金庸""]","You are playing a coordination game with another agent.
If you both select the SAME option, you each get $1.
You cannot communicate - you must try to coordinate.
Note: The other agent sees the SAME options, but in a DIFFERENT order.

中国作家
Options: 金庸, 莫言, 余华, 鲁迅

Which option do you choose? Respond with the exact option text.",莫言,莫言,"You are playing a coordination game with another agent.
If you both select the SAME option, you each get $1.
You cannot communicate - you must try to coordinate.
Note: The other agent sees the SAME options, but in a DIFFERENT order.

中国作家
Options: 莫言, 鲁迅, 余华, 金庸

Which option do you choose? Respond with the exact option text.",鲁迅,鲁迅,False
中国历史人物,"[""孔子"", ""诸葛亮"", ""李白"", ""孙中山""]","[""李白"", ""诸葛亮"", ""孔子"", ""孙中山""]","[""李白"", ""孔子"", ""诸葛亮"", ""孙中山""]","You are playing a coordination game with another agent.
If you both select the SAME option, you each get $1.
You cannot communicate - you must try to coordinate.
Note: The other agent sees the SAME options, but in a DIFFERENT order.

中国历史人物
Options: 李白, 诸葛亮, 孔子, 孙中山

Which option do you choose? Respond with the exact option text.",诸葛亮,诸葛亮,"You are playing a coordination game with another agent.
If you both select the SAME option, you each get $1.
You cannot communicate - you must try to coordinate.
Note: The other agent sees the SAME options, but in a DIFFERENT order.

中国历史人物
Options: 李白, 孔子, 诸葛亮, 孙中山

Which option do you choose? Respond with the exact option text.",诸葛亮,诸葛亮,True
中国导演,"[""张艺谋"", ""李安"", ""陈凯歌"", ""王家卫""]","[""王家卫"", ""张艺谋"", ""陈凯歌"", ""李安""]","[""张艺谋"", ""王家卫"", ""李安"", ""陈凯歌""]","You are playing a coordination game with another agent.
If you both select the SAME option, you each get $1.
You cannot communicate - you must try to coordinate.
Note: The other agent sees the SAME options, but in a DIFFERENT order.

中国导演
Options: 王家卫, 张艺谋, 陈凯歌, 李安

Which option do you choose? Respond with the exact option text.",李安,李安,"You are playing a coordination game with another agent.
If you both select the SAME option, you each get $1.
You cannot communicate - you must try to coordinate.
Note: The other agent sees the SAME options, but in a DIFFERENT order.

中国导演
Options: 张艺谋, 王家卫, 李安, 陈凯歌

Which option do you choose? Respond with the exact option text.",李安,李安,True
中国互联网人物,"[""马云"", ""马化腾"", ""李彦宏"", ""张一鸣""]","[""李彦宏"", ""张一鸣"", ""马化腾"", ""马云""]","[""马化腾"", ""张一鸣"", ""马云"", ""李彦宏""]","You are playing a coordination game with another agent.
If you both select the SAME option, you each get $1.
You cannot communicate - you must try to coordinate.
Note: The other agent sees the SAME options, but in a DIFFERENT order.

中国互联网人物
Options: 李彦宏, 张一鸣, 马化腾, 马云

Which option do you choose? Respond with the exact option text.",李彦宏,李彦宏,"You are playing a coordination game with another agent.
If you both select the SAME option, you each get $1.
You cannot communicate - you must try to coordinate.
Note: The other agent sees the SAME options, but in a DIFFERENT order.

中国互联网人物
Options: 马化腾, 张一鸣, 马云, 李彦宏

Which option do you choose? Respond with the exact option text.",张一鸣,张一鸣,False
US Social Media,"[""Facebook"", ""Twitter"", ""Instagram"", ""TikTok""]","[""Instagram"", ""TikTok"", ""Twitter"", ""Facebook""]","[""Twitter"", ""Instagram"", ""Facebook"", ""TikTok""]","You are playing a coordination game with another agent.
If you both select the SAME option, you each get $1.
You cannot communicate - you must try to coordinate.
Note: The other agent sees the SAME options, but in a DIFFERENT order.

US Social Media
Options: Instagram, TikTok, Twitter, Facebook

Which option do you choose? Respond with the exact option text.",Facebook,Facebook,"You are playing a coordination game with another agent.
If you both select the SAME option, you each get $1.
You cannot communicate - you must try to coordinate.
Note: The other agent sees the SAME options, but in a DIFFERENT order.

US Social Media
Options: Twitter, Instagram, Facebook, TikTok

Which option do you choose? Respond with the exact option text.",Facebook,Facebook,True
US TV Shows,"[""Friends"", ""Breaking Bad"", ""The Office"", ""Game of Thrones""]","[""Breaking Bad"", ""The Office"", ""Friends"", ""Game of Thrones""]","[""Friends"", ""Breaking Bad"", ""The Office"", ""Game of Thrones""]","You are playing a coordination game with another agent.
If you both select the SAME option, you each get $1.
You cannot communicate - you must try to coordinate.
Note: The other agent sees the SAME options, but in a DIFFERENT order.

US TV Shows
Options: Breaking Bad, The Office, Friends, Game of Thrones

Which option do you choose? Respond with the exact option text.",Breaking Bad,Breaking Bad,"You are playing a coordination game with another agent.
If you both select the SAME option, you each get $1.
You cannot communicate - you must try to coordinate.
Note: The other agent sees the SAME options, but in a DIFFERENT order.

US TV Shows
Options: Friends, Breaking Bad, The Office, Game of Thrones

Which option do you choose? Respond with the exact option text.",Game of Thrones,Game of Thrones,False
US Movies,"[""Star Wars"", ""The Godfather"", ""Titanic"", ""Avengers""]","[""Avengers"", ""Star Wars"", ""Titanic"", ""The Godfather""]","[""Titanic"", ""Avengers"", ""The Godfather"", ""Star Wars""]","You are playing a coordination game with another agent.
If you both select the SAME option, you each get $1.
You cannot communicate - you must try to coordinate.
Note: The other agent sees the SAME options, but in a DIFFERENT order.

US Movies
Options: Avengers, Star Wars, Titanic, The Godfather

Which option do you choose? Respond with the exact option text.",Avengers,Avengers,"You are playing a coordination game with another agent.
If you both select the SAME option, you each get $1.
You cannot communicate - you must try to coordinate.
Note: The other agent sees the SAME options, but in a DIFFERENT order.

US Movies
Options: Titanic, Avengers, The Godfather, Star Wars

Which option do you choose? Respond with the exact option text.",Titanic,Titanic,False
US News Sources,"[""CNN"", ""Fox News"", ""New York Times"", ""BBC""]","[""BBC"", ""CNN"", ""New York Times"", ""Fox News""]","[""New York Times"", ""CNN"", ""Fox News"", ""BBC""]","You are playing a coordination game with another agent.
If you both select the SAME option, you each get $1.
You cannot communicate - you must try to coordinate.
Note: The other agent sees the SAME options, but in a DIFFERENT order.

US News Sources
Options: BBC, CNN, New York Times, Fox News

Which option do you choose? Respond with the exact option text.",New York Times,New York Times,"You are playing a coordination game with another agent.
If you both select the SAME option, you each get $1.
You cannot communicate - you must try to coordinate.
Note: The other agent sees the SAME options, but in a DIFFERENT order.

US News Sources
Options: New York Times, CNN, Fox News, BBC

Which option do you choose? Respond with the exact option text.",New York Times,New York Times,True
US Streaming Services,"[""Netflix"", ""Hulu"", ""Disney+"", ""Amazon Prime""]","[""Hulu"", ""Netflix"", ""Disney+"", ""Amazon Prime""]","[""Disney+"", ""Amazon Prime"", ""Netflix"", ""Hulu""]","You are playing a coordination game with another agent.
If you both select the SAME option, you each get $1.
You cannot communicate - you must try to coordinate.
Note: The other agent sees the SAME options, but in a DIFFERENT order.

US Streaming Services
Options: Hulu, Netflix, Disney+, Amazon Prime

Which option do you choose? Respond with the exact option text.",Netflix,Netflix,"You are playing a coordination game with another agent.
If you both select the SAME option, you each get $1.
You cannot communicate - you must try to coordinate.
Note: The other agent sees the SAME options, but in a DIFFERENT order.

US Streaming Services
Options: Disney+, Amazon Prime, Netflix, Hulu

Which option do you choose? Respond with the exact option text.",Netflix,Netflix,True
US Music Platforms,"[""Spotify"", ""Apple Music"", ""YouTube Music"", ""Pandora""]","[""Pandora"", ""Apple Music"", ""YouTube Music"", ""Spotify""]","[""Pandora"", ""Apple Music"", ""YouTube Music"", ""Spotify""]","You are playing a coordination game with another agent.
If you both select the SAME option, you each get $1.
You cannot communicate - you must try to coordinate.
Note: The other agent sees the SAME options, but in a DIFFERENT order.

US Music Platforms
Options: Pandora, Apple Music, YouTube Music, Spotify

Which option do you choose? Respond with the exact option text.",Spotify,Spotify,"You are playing a coordination game with another agent.
If you both select the SAME option, you each get $1.
You cannot communicate - you must try to coordinate.
Note: The other agent sees the SAME options, but in a DIFFERENT order.

US Music Platforms
Options: Pandora, Apple Music, YouTube Music, Spotify

Which option do you choose? Respond with the exact option text.",Spotify,Spotify,True
US Video Games,"[""Minecraft"", ""Fortnite"", ""Call of Duty"", ""GTA""]","[""Minecraft"", ""Fortnite"", ""Call of Duty"", ""GTA""]","[""GTA"", ""Minecraft"", ""Call of Duty"", ""Fortnite""]","You are playing a coordination game with another agent.
If you both select the SAME option, you each get $1.
You cannot communicate - you must try to coordinate.
Note: The other agent sees the SAME options, but in a DIFFERENT order.

US Video Games
Options: Minecraft, Fortnite, Call of Duty, GTA

Which option do you choose? Respond with the exact option text.",Minecraft,Minecraft,"You are playing a coordination game with another agent.
If you both select the SAME option, you each get $1.
You cannot communicate - you must try to coordinate.
Note: The other agent sees the SAME options, but in a DIFFERENT order.

US Video Games
Options: GTA, Minecraft, Call of Duty, Fortnite

Which option do you choose? Respond with the exact option text.",GTA,GTA,False
US Cartoons,"[""Simpsons"", ""Mickey Mouse"", ""Tom and Jerry"", ""SpongeBob""]","[""Tom and Jerry"", ""Simpsons"", ""SpongeBob"", ""Mickey Mouse""]","[""Simpsons"", ""SpongeBob"", ""Tom and Jerry"", ""Mickey Mouse""]","You are playing a coordination game with another agent.
If you both select the SAME option, you each get $1.
You cannot communicate - you must try to coordinate.
Note: The other agent sees the SAME options, but in a DIFFERENT order.

US Cartoons
Options: Tom and Jerry, Simpsons, SpongeBob, Mickey Mouse

Which option do you choose? Respond with the exact option text.",SpongeBob,SpongeBob,"You are playing a coordination game with another agent.
If you both select the SAME option, you each get $1.
You cannot communicate - you must try to coordinate.
Note: The other agent sees the SAME options, but in a DIFFERENT order.

US Cartoons
Options: Simpsons, SpongeBob, Tom and Jerry, Mickey Mouse

Which option do you choose? Respond with the exact option text.",Simpsons,Simpsons,False
US Talk Shows,"[""Tonight Show"", ""Ellen"", ""Oprah"", ""Late Night""]","[""Tonight Show"", ""Ellen"", ""Oprah"", ""Late Night""]","[""Ellen"", ""Late Night"", ""Oprah"", ""Tonight Show""]","You are playing a coordination game with another agent.
If you both select the SAME option, you each get $1.
You cannot communicate - you must try to coordinate.
Note: The other agent sees the SAME options, but in a DIFFERENT order.

US Talk Shows
Options: Tonight Show, Ellen, Oprah, Late Night

Which option do you choose? Respond with the exact option text.",Oprah,Oprah,"You are playing a coordination game with another agent.
If you both select the SAME option, you each get $1.
You cannot communicate - you must try to coordinate.
Note: The other agent sees the SAME options, but in a DIFFERENT order.

US Talk Shows
Options: Ellen, Late Night, Oprah, Tonight Show

Which option do you choose? Respond with the exact option text.",Oprah,Oprah,True
US Podcast Genres,"[""True Crime"", ""Comedy"", ""News"", ""Tech""]","[""Comedy"", ""Tech"", ""True Crime"", ""News""]","[""Comedy"", ""True Crime"", ""News"", ""Tech""]","You are playing a coordination game with another agent.
If you both select the SAME option, you each get $1.
You cannot communicate - you must try to coordinate.
Note: The other agent sees the SAME options, but in a DIFFERENT order.

US Podcast Genres
Options: Comedy, Tech, True Crime, News

Which option do you choose? Respond with the exact option text.",Comedy,Comedy,"You are playing a coordination game with another agent.
If you both select the SAME option, you each get $1.
You cannot communicate - you must try to coordinate.
Note: The other agent sees the SAME options, but in a DIFFERENT order.

US Podcast Genres
Options: Comedy, True Crime, News, Tech

Which option do you choose? Respond with the exact option text.",True Crime,True Crime,False
中国社交媒体,"[""微信"", ""微博"", ""抖音"", ""小红书""]","[""抖音"", ""微博"", ""小红书"", ""微信""]","[""抖音"", ""微信"", ""小红书"", ""微博""]","You are playing a coordination game with another agent.
If you both select the SAME option, you each get $1.
You cannot communicate - you must try to coordinate.
Note: The other agent sees the SAME options, but in a DIFFERENT order.

中国社交媒体
Options: 抖音, 微博, 小红书, 微信

Which option do you choose? Respond with the exact option text.",微信,微信,"You are playing a coordination game with another agent.
If you both select the SAME option, you each get $1.
You cannot communicate - you must try to coordinate.
Note: The other agent sees the SAME options, but in a DIFFERENT order.

中国社交媒体
Options: 抖音, 微信, 小红书, 微博

Which option do you choose? Respond with the exact option text.",抖音,抖音,False
中国电视剧,"[""甄嬛传"", ""琅琊榜"", ""庆余年"", ""都挺好""]","[""甄嬛传"", ""琅琊榜"", ""都挺好"", ""庆余年""]","[""庆余年"", ""都挺好"", ""琅琊榜"", ""甄嬛传""]","You are playing a coordination game with another agent.
If you both select the SAME option, you each get $1.
You cannot communicate - you must try to coordinate.
Note: The other agent sees the SAME options, but in a DIFFERENT order.

中国电视剧
Options: 甄嬛传, 琅琊榜, 都挺好, 庆余年

Which option do you choose? Respond with the exact option text.",庆余年,庆余年,"You are playing a coordination game with another agent.
If you both select the SAME option, you each get $1.
You cannot communicate - you must try to coordinate.
Note: The other agent sees the SAME options, but in a DIFFERENT order.

中国电视剧
Options: 庆余年, 都挺好, 琅琊榜, 甄嬛传

Which option do you choose? Respond with the exact option text.",琅琊榜,琅琊榜,False
中国电影,"[""战狼"", ""哪吒"", ""流浪地球"", ""长津湖""]","[""流浪地球"", ""哪吒"", ""长津湖"", ""战狼""]","[""哪吒"", ""流浪地球"", ""战狼"", ""长津湖""]","You are playing a coordination game with another agent.
If you both select the SAME option, you each get $1.
You cannot communicate - you must try to coordinate.
Note: The other agent sees the SAME options, but in a DIFFERENT order.

中国电影
Options: 流浪地球, 哪吒, 长津湖, 战狼

Which option do you choose? Respond with the exact option text.",战狼,战狼,"You are playing a coordination game with another agent.
If you both select the SAME option, you each get $1.
You cannot communicate - you must try to coordinate.
Note: The other agent sees the SAME options, but in a DIFFERENT order.

中国电影
Options: 哪吒, 流浪地球, 战狼, 长津湖

Which option do you choose? Respond with the exact option text.",长津湖,长津湖,False
中国新闻平台,"[""央视新闻"", ""人民日报"", ""新华社"", ""澎湃新闻""]","[""澎湃新闻"", ""央视新闻"", ""人民日报"", ""新华社""]","[""央视新闻"", ""澎湃新闻"", ""人民日报"", ""新华社""]","You are playing a coordination game with another agent.
If you both select the SAME option, you each get $1.
You cannot communicate - you must try to coordinate.
Note: The other agent sees the SAME options, but in a DIFFERENT order.

中国新闻平台
Options: 澎湃新闻, 央视新闻, 人民日报, 新华社

Which option do you choose? Respond with the exact option text.",新华社,新华社,"You are playing a coordination game with another agent.
If you both select the SAME option, you each get $1.
You cannot communicate - you must try to coordinate.
Note: The other agent sees the SAME options, but in a DIFFERENT order.

中国新闻平台
Options: 央视新闻, 澎湃新闻, 人民日报, 新华社

Which option do you choose? Respond with the exact option text.",新华社,新华社,True
中国视频平台,"[""优酷"", ""爱奇艺"", ""腾讯视频"", ""B站""]","[""B站"", ""腾讯视频"", ""优酷"", ""爱奇艺""]","[""腾讯视频"", ""优酷"", ""B站"", ""爱奇艺""]","You are playing a coordination game with another agent.
If you both select the SAME option, you each get $1.
You cannot communicate - you must try to coordinate.
Note: The other agent sees the SAME options, but in a DIFFERENT order.

中国视频平台
Options: B站, 腾讯视频, 优酷, 爱奇艺

Which option do you choose? Respond with the exact option text.",爱奇艺,爱奇艺,"You are playing a coordination game with another agent.
If you both select the SAME option, you each get $1.
You cannot communicate - you must try to coordinate.
Note: The other agent sees the SAME options, but in a DIFFERENT order.

中国视频平台
Options: 腾讯视频, 优酷, B站, 爱奇艺

Which option do you choose? Respond with the exact option text.",B站,B站,False
中国音乐平台,"[""QQ音乐"", ""网易云音乐"", ""酷狗音乐"", ""虾米音乐""]","[""网易云音乐"", ""虾米音乐"", ""QQ音乐"", ""酷狗音乐""]","[""虾米音乐"", ""酷狗音乐"", ""QQ音乐"", ""网易云音乐""]","You are playing a coordination game with another agent.
If you both select the SAME option, you each get $1.
You cannot communicate - you must try to coordinate.
Note: The other agent sees the SAME options, but in a DIFFERENT order.

中国音乐平台
Options: 网易云音乐, 虾米音乐, QQ音乐, 酷狗音乐

Which option do you choose? Respond with the exact option text.",网易云音乐,网易云音乐,"You are playing a coordination game with another agent.
If you both select the SAME option, you each get $1.
You cannot communicate - you must try to coordinate.
Note: The other agent sees the SAME options, but in a DIFFERENT order.

中国音乐平台
Options: 虾米音乐, 酷狗音乐, QQ音乐, 网易云音乐

Which option do you choose? Respond with the exact option text.",网易云音乐,网易云音乐,True
中国游戏,"[""王者荣耀"", ""原神"", ""和平精英"", ""英雄联盟""]","[""英雄联盟"", ""和平精英"", ""王者荣耀"", ""原神""]","[""王者荣耀"", ""和平精英"", ""英雄联盟"", ""原神""]","You are playing a coordination game with another agent.
If you both select the SAME option, you each get $1.
You cannot communicate - you must try to coordinate.
Note: The other agent sees the SAME options, but in a DIFFERENT order.

中国游戏
Options: 英雄联盟, 和平精英, 王者荣耀, 原神

Which option do you choose? Respond with the exact option text.",英雄联盟,英雄联盟,"You are playing a coordination game with another agent.
If you both select the SAME option, you each get $1.
You cannot communicate - you must try to coordinate.
Note: The other agent sees the SAME options, but in a DIFFERENT order.

中国游戏
Options: 王者荣耀, 和平精英, 英雄联盟, 原神

Which option do you choose? Respond with the exact option text.",王者荣耀,王者荣耀,False
中国动漫,"[""喜羊羊"", ""熊出没"", ""大闹天宫"", ""哪吒闹海""]","[""喜羊羊"", ""大闹天宫"", ""熊出没"", ""哪吒闹海""]","[""喜羊羊"", ""熊出没"", ""哪吒闹海"", ""大闹天宫""]","You are playing a coordination game with another agent.
If you both select the SAME option, you each get $1.
You cannot communicate - you must try to coordinate.
Note: The other agent sees the SAME options, but in a DIFFERENT order.

中国动漫
Options: 喜羊羊, 大闹天宫, 熊出没, 哪吒闹海

Which option do you choose? Respond with the exact option text.",哪吒闹海,哪吒闹海,"You are playing a coordination game with another agent.
If you both select the SAME option, you each get $1.
You cannot communicate - you must try to coordinate.
Note: The other agent sees the SAME options, but in a DIFFERENT order.

中国动漫
Options: 喜羊羊, 熊出没, 哪吒闹海, 大闹天宫

Which option do you choose? Respond with the exact option text.",大闹天宫,大闹天宫,False
中国综艺节目,"[""跑男"", ""好声音"", ""脱口秀大会"", ""歌手""]","[""歌手"", ""脱口秀大会"", ""好声音"", ""跑男""]","[""歌手"", ""脱口秀大会"", ""好声音"", ""跑男""]","You are playing a coordination game with another agent.
If you both select the SAME option, you each get $1.
You cannot communicate - you must try to coordinate.
Note: The other agent sees the SAME options, but in a DIFFERENT order.

中国综艺节目
Options: 歌手, 脱口秀大会, 好声音, 跑男

Which option do you choose? Respond with the exact option text.",脱口秀大会,脱口秀大会,"You are playing a coordination game with another agent.
If you both select the SAME option, you each get $1.
You cannot communicate - you must try to coordinate.
Note: The other agent sees the SAME options, but in a DIFFERENT order.

中国综艺节目
Options: 歌手, 脱口秀大会, 好声音, 跑男

Which option do you choose? Respond with the exact option text.",歌手,歌手,False
中国短视频平台,"[""抖音"", ""快手"", ""B站"", ""小红书""]","[""小红书"", ""快手"", ""抖音"", ""B站""]","[""快手"", ""抖音"", ""小红书"", ""B站""]","You are playing a coordination game with another agent.
If you both select the SAME option, you each get $1.
You cannot communicate - you must try to coordinate.
Note: The other agent sees the SAME options, but in a DIFFERENT order.

中国短视频平台
Options: 小红书, 快手, 抖音, B站

Which option do you choose? Respond with the exact option text.",抖音,抖音,"You are playing a coordination game with another agent.
If you both select the SAME option, you each get $1.
You cannot communicate - you must try to coordinate.
Note: The other agent sees the SAME options, but in a DIFFERENT order.

中国短视频平台
Options: 快手, 抖音, 小红书, B站

Which option do you choose? Respond with the exact option text.",抖音,抖音,True
US Tech Brands,"[""Apple"", ""Google"", ""Microsoft"", ""Amazon""]","[""Google"", ""Microsoft"", ""Apple"", ""Amazon""]","[""Amazon"", ""Microsoft"", ""Google"", ""Apple""]","You are playing a coordination game with another agent.
If you both select the SAME option, you each get $1.
You cannot communicate - you must try to coordinate.
Note: The other agent sees the SAME options, but in a DIFFERENT order.

US Tech Brands
Options: Google, Microsoft, Apple, Amazon

Which option do you choose? Respond with the exact option text.",Apple,Apple,"You are playing a coordination game with another agent.
If you both select the SAME option, you each get $1.
You cannot communicate - you must try to coordinate.
Note: The other agent sees the SAME options, but in a DIFFERENT order.

US Tech Brands
Options: Amazon, Microsoft, Google, Apple

Which option do you choose? Respond with the exact option text.",Apple,Apple,True
US Car Brands,"[""Ford"", ""Tesla"", ""Chevrolet"", ""Jeep""]","[""Chevrolet"", ""Jeep"", ""Ford"", ""Tesla""]","[""Tesla"", ""Jeep"", ""Chevrolet"", ""Ford""]","You are playing a coordination game with another agent.
If you both select the SAME option, you each get $1.
You cannot communicate - you must try to coordinate.
Note: The other agent sees the SAME options, but in a DIFFERENT order.

US Car Brands
Options: Chevrolet, Jeep, Ford, Tesla

Which option do you choose? Respond with the exact option text.",Jeep,Jeep,"You are playing a coordination game with another agent.
If you both select the SAME option, you each get $1.
You cannot communicate - you must try to coordinate.
Note: The other agent sees the SAME options, but in a DIFFERENT order.

US Car Brands
Options: Tesla, Jeep, Chevrolet, Ford

Which option do you choose? Respond with the exact option text.",Ford,Ford,False
US Fast Food Brands,"[""McDonald's"", ""Burger King"", ""KFC"", ""Subway""]","[""KFC"", ""Subway"", ""McDonald's"", ""Burger King""]","[""Burger King"", ""Subway"", ""McDonald's"", ""KFC""]","You are playing a coordination game with another agent.
If you both select the SAME option, you each get $1.
You cannot communicate - you must try to coordinate.
Note: The other agent sees the SAME options, but in a DIFFERENT order.

US Fast Food Brands
Options: KFC, Subway, McDonald's, Burger King

Which option do you choose? Respond with the exact option text.",McDonald's,McDonald's,"You are playing a coordination game with another agent.
If you both select the SAME option, you each get $1.
You cannot communicate - you must try to coordinate.
Note: The other agent sees the SAME options, but in a DIFFERENT order.

US Fast Food Brands
Options: Burger King, Subway, McDonald's, KFC

Which option do you choose? Respond with the exact option text.",McDonald's,McDonald's,True
US Soda Brands,"[""Coca-Cola"", ""Pepsi"", ""Sprite"", ""Dr Pepper""]","[""Coca-Cola"", ""Pepsi"", ""Sprite"", ""Dr Pepper""]","[""Pepsi"", ""Coca-Cola"", ""Dr Pepper"", ""Sprite""]","You are playing a coordination game with another agent.
If you both select the SAME option, you each get $1.
You cannot communicate - you must try to coordinate.
Note: The other agent sees the SAME options, but in a DIFFERENT order.

US Soda Brands
Options: Coca-Cola, Pepsi, Sprite, Dr Pepper

Which option do you choose? Respond with the exact option text.",Pepsi,Pepsi,"You are playing a coordination game with another agent.
If you both select the SAME option, you each get $1.
You cannot communicate - you must try to coordinate.
Note: The other agent sees the SAME options, but in a DIFFERENT order.

US Soda Brands
Options: Pepsi, Coca-Cola, Dr Pepper, Sprite

Which option do you choose? Respond with the exact option text.",Coca-Cola,Coca-Cola,False
US Clothing Brands,"[""Nike"", ""Levi's"", ""Gap"", ""Adidas""]","[""Levi's"", ""Adidas"", ""Gap"", ""Nike""]","[""Gap"", ""Adidas"", ""Nike"", ""Levi's""]","You are playing a coordination game with another agent.
If you both select the SAME option, you each get $1.
You cannot communicate - you must try to coordinate.
Note: The other agent sees the SAME options, but in a DIFFERENT order.

US Clothing Brands
Options: Levi's, Adidas, Gap, Nike

Which option do you choose? Respond with the exact option text.",Nike,Nike,"You are playing a coordination game with another agent.
If you both select the SAME option, you each get $1.
You cannot communicate - you must try to coordinate.
Note: The other agent sees the SAME options, but in a DIFFERENT order.

US Clothing Brands
Options: Gap, Adidas, Nike, Levi's

Which option do you choose? Respond with the exact option text.",Levi's,Levi's,False
US Coffee Brands,"[""Starbucks"", ""Dunkin'"", ""Peet's"", ""Tim Hortons""]","[""Peet's"", ""Starbucks"", ""Dunkin'"", ""Tim Hortons""]","[""Tim Hortons"", ""Peet's"", ""Dunkin'"", ""Starbucks""]","You are playing a coordination game with another agent.
If you both select the SAME option, you each get $1.
You cannot communicate - you must try to coordinate.
Note: The other agent sees the SAME options, but in a DIFFERENT order.

US Coffee Brands
Options: Peet's, Starbucks, Dunkin', Tim Hortons

Which option do you choose? Respond with the exact option text.",Peet's,Peet's,"You are playing a coordination game with another agent.
If you both select the SAME option, you each get $1.
You cannot communicate - you must try to coordinate.
Note: The other agent sees the SAME options, but in a DIFFERENT order.

US Coffee Brands
Options: Tim Hortons, Peet's, Dunkin', Starbucks

Which option do you choose? Respond with the exact option text.",Starbucks,Starbucks,False
US Phone Brands,"[""Apple"", ""Samsung"", ""Google"", ""Motorola""]","[""Motorola"", ""Samsung"", ""Apple"", ""Google""]","[""Apple"", ""Motorola"", ""Samsung"", ""Google""]","You are playing a coordination game with another agent.
If you both select the SAME option, you each get $1.
You cannot communicate - you must try to coordinate.
Note: The other agent sees the SAME options, but in a DIFFERENT order.

US Phone Brands
Options: Motorola, Samsung, Apple, Google

Which option do you choose? Respond with the exact option text.",Apple,Apple,"You are playing a coordination game with another agent.
If you both select the SAME option, you each get $1.
You cannot communicate - you must try to coordinate.
Note: The other agent sees the SAME options, but in a DIFFERENT order.

US Phone Brands
Options: Apple, Motorola, Samsung, Google

Which option do you choose? Respond with the exact option text.",Apple,Apple,True
US Sports Brands,"[""Nike"", ""Under Armour"", ""Adidas"", ""Reebok""]","[""Adidas"", ""Reebok"", ""Nike"", ""Under Armour""]","[""Reebok"", ""Nike"", ""Adidas"", ""Under Armour""]","You are playing a coordination game with another agent.
If you both select the SAME option, you each get $1.
You cannot communicate - you must try to coordinate.
Note: The other agent sees the SAME options, but in a DIFFERENT order.

US Sports Brands
Options: Adidas, Reebok, Nike, Under Armour

Which option do you choose? Respond with the exact option text.",Nike,Nike,"You are playing a coordination game with another agent.
If you both select the SAME option, you each get $1.
You cannot communicate - you must try to coordinate.
Note: The other agent sees the SAME options, but in a DIFFERENT order.

US Sports Brands
Options: Reebok, Nike, Adidas, Under Armour

Which option do you choose? Respond with the exact option text.",Nike,Nike,True
US Retail Brands,"[""Walmart"", ""Target"", ""Costco"", ""Amazon""]","[""Target"", ""Costco"", ""Walmart"", ""Amazon""]","[""Costco"", ""Amazon"", ""Target"", ""Walmart""]","You are playing a coordination game with another agent.
If you both select the SAME option, you each get $1.
You cannot communicate - you must try to coordinate.
Note: The other agent sees the SAME options, but in a DIFFERENT order.

US Retail Brands
Options: Target, Costco, Walmart, Amazon

Which option do you choose? Respond with the exact option text.",Target,Target,"You are playing a coordination game with another agent.
If you both select the SAME option, you each get $1.
You cannot communicate - you must try to coordinate.
Note: The other agent sees the SAME options, but in a DIFFERENT order.

US Retail Brands
Options: Costco, Amazon, Target, Walmart

Which option do you choose? Respond with the exact option text.",Costco,Costco,False
US Snack Brands,"[""Lay's"", ""Doritos"", ""Oreo"", ""Pringles""]","[""Doritos"", ""Pringles"", ""Oreo"", ""Lay's""]","[""Oreo"", ""Lay's"", ""Pringles"", ""Doritos""]","You are playing a coordination game with another agent.
If you both select the SAME option, you each get $1.
You cannot communicate - you must try to coordinate.
Note: The other agent sees the SAME options, but in a DIFFERENT order.

US Snack Brands
Options: Doritos, Pringles, Oreo, Lay's

Which option do you choose? Respond with the exact option text.",Lay’s,,"You are playing a coordination game with another agent.
If you both select the SAME option, you each get $1.
You cannot communicate - you must try to coordinate.
Note: The other agent sees the SAME options, but in a DIFFERENT order.

US Snack Brands
Options: Oreo, Lay's, Pringles, Doritos

Which option do you choose? Respond with the exact option text.",Oreo,Oreo,False
中国科技品牌,"[""华为"", ""小米"", ""OPPO"", ""vivo""]","[""小米"", ""华为"", ""OPPO"", ""vivo""]","[""华为"", ""vivo"", ""OPPO"", ""小米""]","You are playing a coordination game with another agent.
If you both select the SAME option, you each get $1.
You cannot communicate - you must try to coordinate.
Note: The other agent sees the SAME options, but in a DIFFERENT order.

中国科技品牌
Options: 小米, 华为, OPPO, vivo

Which option do you choose? Respond with the exact option text.",小米,小米,"You are playing a coordination game with another agent.
If you both select the SAME option, you each get $1.
You cannot communicate - you must try to coordinate.
Note: The other agent sees the SAME options, but in a DIFFERENT order.

中国科技品牌
Options: 华为, vivo, OPPO, 小米

Which option do you choose? Respond with the exact option text.",小米,小米,True
中国汽车品牌,"[""比亚迪"", ""吉利"", ""蔚来"", ""小鹏""]","[""小鹏"", ""蔚来"", ""比亚迪"", ""吉利""]","[""小鹏"", ""比亚迪"", ""蔚来"", ""吉利""]","You are playing a coordination game with another agent.
If you both select the SAME option, you each get $1.
You cannot communicate - you must try to coordinate.
Note: The other agent sees the SAME options, but in a DIFFERENT order.

中国汽车品牌
Options: 小鹏, 蔚来, 比亚迪, 吉利

Which option do you choose? Respond with the exact option text.",比亚迪,比亚迪,"You are playing a coordination game with another agent.
If you both select the SAME option, you each get $1.
You cannot communicate - you must try to coordinate.
Note: The other agent sees the SAME options, but in a DIFFERENT order.

中国汽车品牌
Options: 小鹏, 比亚迪, 蔚来, 吉利

Which option do you choose? Respond with the exact option text.",比亚迪,比亚迪,True
中国餐饮品牌,"[""海底捞"", ""全聚德"", ""沙县小吃"", ""兰州拉面""]","[""沙县小吃"", ""兰州拉面"", ""全聚德"", ""海底捞""]","[""沙县小吃"", ""全聚德"", ""兰州拉面"", ""海底捞""]","You are playing a coordination game with another agent.
If you both select the SAME option, you each get $1.
You cannot communicate - you must try to coordinate.
Note: The other agent sees the SAME options, but in a DIFFERENT order.

中国餐饮品牌
Options: 沙县小吃, 兰州拉面, 全聚德, 海底捞

Which option do you choose? Respond with the exact option text.",海底捞,海底捞,"You are playing a coordination game with another agent.
If you both select the SAME option, you each get $1.
You cannot communicate - you must try to coordinate.
Note: The other agent sees the SAME options, but in a DIFFERENT order.

中国餐饮品牌
Options: 沙县小吃, 全聚德, 兰州拉面, 海底捞

Which option do you choose? Respond with the exact option text.",兰州拉面,兰州拉面,False
中国饮料品牌,"[""王老吉"", ""加多宝"", ""农夫山泉"", ""康师傅""]","[""康师傅"", ""农夫山泉"", ""加多宝"", ""王老吉""]","[""加多宝"", ""康师傅"", ""农夫山泉"", ""王老吉""]","You are playing a coordination game with another agent.
If you both select the SAME option, you each get $1.
You cannot communicate - you must try to coordinate.
Note: The other agent sees the SAME options, but in a DIFFERENT order.

中国饮料品牌
Options: 康师傅, 农夫山泉, 加多宝, 王老吉

Which option do you choose? Respond with the exact option text.",王老吉,王老吉,"You are playing a coordination game with another agent.
If you both select the SAME option, you each get $1.
You cannot communicate - you must try to coordinate.
Note: The other agent sees the SAME options, but in a DIFFERENT order.

中国饮料品牌
Options: 加多宝, 康师傅, 农夫山泉, 王老吉

Which option do you choose? Respond with the exact option text.",王老吉,王老吉,True
中国服装品牌,"[""李宁"", ""安踏"", ""波司登"", ""海澜之家""]","[""海澜之家"", ""安踏"", ""波司登"", ""李宁""]","[""安踏"", ""海澜之家"", ""波司登"", ""李宁""]","You are playing a coordination game with another agent.
If you both select the SAME option, you each get $1.
You cannot communicate - you must try to coordinate.
Note: The other agent sees the SAME options, but in a DIFFERENT order.

中国服装品牌
Options: 海澜之家, 安踏, 波司登, 李宁

Which option do you choose? Respond with the exact option text.",李宁,李宁,"You are playing a coordination game with another agent.
If you both select the SAME option, you each get $1.
You cannot communicate - you must try to coordinate.
Note: The other agent sees the SAME options, but in a DIFFERENT order.

中国服装品牌
Options: 安踏, 海澜之家, 波司登, 李宁

Which option do you choose? Respond with the exact option text.",波司登,波司登,False
中国茶饮品牌,"[""喜茶"", ""奈雪的茶"", ""蜜雪冰城"", ""茶百道""]","[""蜜雪冰城"", ""喜茶"", ""茶百道"", ""奈雪的茶""]","[""茶百道"", ""喜茶"", ""蜜雪冰城"", ""奈雪的茶""]","You are playing a coordination game with another agent.
If you both select the SAME option, you each get $1.
You cannot communicate - you must try to coordinate.
Note: The other agent sees the SAME options, but in a DIFFERENT order.

中国茶饮品牌
Options: 蜜雪冰城, 喜茶, 茶百道, 奈雪的茶

Which option do you choose? Respond with the exact option text.",蜜雪冰城,蜜雪冰城,"You are playing a coordination game with another agent.
If you both select the SAME option, you each get $1.
You cannot communicate - you must try to coordinate.
Note: The other agent sees the SAME options, but in a DIFFERENT order.

中国茶饮品牌
Options: 茶百道, 喜茶, 蜜雪冰城, 奈雪的茶

Which option do you choose? Respond with the exact option text.",茶百道,茶百道,False
中国手机品牌,"[""华为"", ""小米"", ""OPPO"", ""vivo""]","[""vivo"", ""华为"", ""OPPO"", ""小米""]","[""华为"", ""OPPO"", ""小米"", ""vivo""]","You are playing a coordination game with another agent.
If you both select the SAME option, you each get $1.
You cannot communicate - you must try to coordinate.
Note: The other agent sees the SAME options, but in a DIFFERENT order.

中国手机品牌
Options: vivo, 华为, OPPO, 小米

Which option do you choose? Respond with the exact option text.",小米,小米,"You are playing a coordination game with another agent.
If you both select the SAME option, you each get $1.
You cannot communicate - you must try to coordinate.
Note: The other agent sees the SAME options, but in a DIFFERENT order.

中国手机品牌
Options: 华为, OPPO, 小米, vivo

Which option do you choose? Respond with the exact option text.",华为,华为,False
中国运动品牌,"[""李宁"", ""安踏"", ""特步"", ""361度""]","[""361度"", ""李宁"", ""特步"", ""安踏""]","[""李宁"", ""特步"", ""361度"", ""安踏""]","You are playing a coordination game with another agent.
If you both select the SAME option, you each get $1.
You cannot communicate - you must try to coordinate.
Note: The other agent sees the SAME options, but in a DIFFERENT order.

中国运动品牌
Options: 361度, 李宁, 特步, 安踏

Which option do you choose? Respond with the exact option text.",安踏,安踏,"You are playing a coordination game with another agent.
If you both select the SAME option, you each get $1.
You cannot communicate - you must try to coordinate.
Note: The other agent sees the SAME options, but in a DIFFERENT order.

中国运动品牌
Options: 李宁, 特步, 361度, 安踏

Which option do you choose? Respond with the exact option text.",安踏,安踏,True
中国电商平台,"[""淘宝"", ""京东"", ""拼多多"", ""抖音商城""]","[""京东"", ""淘宝"", ""抖音商城"", ""拼多多""]","[""抖音商城"", ""京东"", ""淘宝"", ""拼多多""]","You are playing a coordination game with another agent.
If you both select the SAME option, you each get $1.
You cannot communicate - you must try to coordinate.
Note: The other agent sees the SAME options, but in a DIFFERENT order.

中国电商平台
Options: 京东, 淘宝, 抖音商城, 拼多多

Which option do you choose? Respond with the exact option text.",京东,京东,"You are playing a coordination game with another agent.
If you both select the SAME option, you each get $1.
You cannot communicate - you must try to coordinate.
Note: The other agent sees the SAME options, but in a DIFFERENT order.

中国电商平台
Options: 抖音商城, 京东, 淘宝, 拼多多

Which option do you choose? Respond with the exact option text.",淘宝,淘宝,False
中国食品品牌,"[""卫龙"", ""三只松鼠"", ""良品铺子"", ""百草味""]","[""三只松鼠"", ""卫龙"", ""百草味"", ""良品铺子""]","[""三只松鼠"", ""卫龙"", ""百草味"", ""良品铺子""]","You are playing a coordination game with another agent.
If you both select the SAME option, you each get $1.
You cannot communicate - you must try to coordinate.
Note: The other agent sees the SAME options, but in a DIFFERENT order.

中国食品品牌
Options: 三只松鼠, 卫龙, 百草味, 良品铺子

Which option do you choose? Respond with the exact option text.",百草味,百草味,"You are playing a coordination game with another agent.
If you both select the SAME option, you each get $1.
You cannot communicate - you must try to coordinate.
Note: The other agent sees the SAME options, but in a DIFFERENT order.

中国食品品牌
Options: 三只松鼠, 卫龙, 百草味, 良品铺子

Which option do you choose? Respond with the exact option text.",良品铺子,良品铺子,False
US Search Engines,"[""Google"", ""Bing"", ""Yahoo"", ""DuckDuckGo""]","[""Bing"", ""Yahoo"", ""DuckDuckGo"", ""Google""]","[""Bing"", ""Google"", ""Yahoo"", ""DuckDuckGo""]","You are playing a coordination game with another agent.
If you both select the SAME option, you each get $1.
You cannot communicate - you must try to coordinate.
Note: The other agent sees the SAME options, but in a DIFFERENT order.

US Search Engines
Options: Bing, Yahoo, DuckDuckGo, Google

Which option do you choose? Respond with the exact option text.",Google,Google,"You are playing a coordination game with another agent.
If you both select the SAME option, you each get $1.
You cannot communicate - you must try to coordinate.
Note: The other agent sees the SAME options, but in a DIFFERENT order.

US Search Engines
Options: Bing, Google, Yahoo, DuckDuckGo

Which option do you choose? Respond with the exact option text.",Google,Google,True
US Email Providers,"[""Gmail"", ""Outlook"", ""Yahoo Mail"", ""AOL""]","[""Yahoo Mail"", ""Outlook"", ""AOL"", ""Gmail""]","[""Outlook"", ""AOL"", ""Gmail"", ""Yahoo Mail""]","You are playing a coordination game with another agent.
If you both select the SAME option, you each get $1.
You cannot communicate - you must try to coordinate.
Note: The other agent sees the SAME options, but in a DIFFERENT order.

US Email Providers
Options: Yahoo Mail, Outlook, AOL, Gmail

Which option do you choose? Respond with the exact option text.",Gmail,Gmail,"You are playing a coordination game with another agent.
If you both select the SAME option, you each get $1.
You cannot communicate - you must try to coordinate.
Note: The other agent sees the SAME options, but in a DIFFERENT order.

US Email Providers
Options: Outlook, AOL, Gmail, Yahoo Mail

Which option do you choose? Respond with the exact option text.",Yahoo Mail,Yahoo Mail,False
US Cloud Services,"[""AWS"", ""Google Cloud"", ""Azure"", ""Dropbox""]","[""Dropbox"", ""AWS"", ""Google Cloud"", ""Azure""]","[""Dropbox"", ""AWS"", ""Azure"", ""Google Cloud""]","You are playing a coordination game with another agent.
If you both select the SAME option, you each get $1.
You cannot communicate - you must try to coordinate.
Note: The other agent sees the SAME options, but in a DIFFERENT order.

US Cloud Services
Options: Dropbox, AWS, Google Cloud, Azure

Which option do you choose? Respond with the exact option text.",Azure,Azure,"You are playing a coordination game with another agent.
If you both select the SAME option, you each get $1.
You cannot communicate - you must try to coordinate.
Note: The other agent sees the SAME options, but in a DIFFERENT order.

US Cloud Services
Options: Dropbox, AWS, Azure, Google Cloud

Which option do you choose? Respond with the exact option text.",Azure,Azure,True
US Payment Platforms,"[""PayPal"", ""Venmo"", ""Cash App"", ""Zelle""]","[""Zelle"", ""Venmo"", ""PayPal"", ""Cash App""]","[""Cash App"", ""PayPal"", ""Zelle"", ""Venmo""]","You are playing a coordination game with another agent.
If you both select the SAME option, you each get $1.
You cannot communicate - you must try to coordinate.
Note: The other agent sees the SAME options, but in a DIFFERENT order.

US Payment Platforms
Options: Zelle, Venmo, PayPal, Cash App

Which option do you choose? Respond with the exact option text.",PayPal,PayPal,"You are playing a coordination game with another agent.
If you both select the SAME option, you each get $1.
You cannot communicate - you must try to coordinate.
Note: The other agent sees the SAME options, but in a DIFFERENT order.

US Payment Platforms
Options: Cash App, PayPal, Zelle, Venmo

Which option do you choose? Respond with the exact option text.",PayPal,PayPal,True
US E-commerce Platforms,"[""Amazon"", ""eBay"", ""Etsy"", ""Walmart Online""]","[""Etsy"", ""eBay"", ""Amazon"", ""Walmart Online""]","[""eBay"", ""Walmart Online"", ""Amazon"", ""Etsy""]","You are playing a coordination game with another agent.
If you both select the SAME option, you each get $1.
You cannot communicate - you must try to coordinate.
Note: The other agent sees the SAME options, but in a DIFFERENT order.

US E-commerce Platforms
Options: Etsy, eBay, Amazon, Walmart Online

Which option do you choose? Respond with the exact option text.",Amazon,Amazon,"You are playing a coordination game with another agent.
If you both select the SAME option, you each get $1.
You cannot communicate - you must try to coordinate.
Note: The other agent sees the SAME options, but in a DIFFERENT order.

US E-commerce Platforms
Options: eBay, Walmart Online, Amazon, Etsy

Which option do you choose? Respond with the exact option text.",Amazon,Amazon,True
US Ride-sharing Apps,"[""Uber"", ""Lyft"", ""Via"", ""Curb""]","[""Via"", ""Curb"", ""Uber"", ""Lyft""]","[""Curb"", ""Uber"", ""Via"", ""Lyft""]","You are playing a coordination game with another agent.
If you both select the SAME option, you each get $1.
You cannot communicate - you must try to coordinate.
Note: The other agent sees the SAME options, but in a DIFFERENT order.

US Ride-sharing Apps
Options: Via, Curb, Uber, Lyft

Which option do you choose? Respond with the exact option text.",Curb,Curb,"You are playing a coordination game with another agent.
If you both select the SAME option, you each get $1.
You cannot communicate - you must try to coordinate.
Note: The other agent sees the SAME options, but in a DIFFERENT order.

US Ride-sharing Apps
Options: Curb, Uber, Via, Lyft

Which option do you choose? Respond with the exact option text.",Lyft,Lyft,False
US Food Delivery,"[""DoorDash"", ""Uber Eats"", ""Grubhub"", ""Postmates""]","[""Uber Eats"", ""Grubhub"", ""Postmates"", ""DoorDash""]","[""Postmates"", ""Grubhub"", ""DoorDash"", ""Uber Eats""]","You are playing a coordination game with another agent.
If you both select the SAME option, you each get $1.
You cannot communicate - you must try to coordinate.
Note: The other agent sees the SAME options, but in a DIFFERENT order.

US Food Delivery
Options: Uber Eats, Grubhub, Postmates, DoorDash

Which option do you choose? Respond with the exact option text.",DoorDash,DoorDash,"You are playing a coordination game with another agent.
If you both select the SAME option, you each get $1.
You cannot communicate - you must try to coordinate.
Note: The other agent sees the SAME options, but in a DIFFERENT order.

US Food Delivery
Options: Postmates, Grubhub, DoorDash, Uber Eats

Which option do you choose? Respond with the exact option text.",DoorDash,DoorDash,True
US Messaging Apps,"[""WhatsApp"", ""iMessage"", ""Telegram"", ""Signal""]","[""Telegram"", ""WhatsApp"", ""Signal"", ""iMessage""]","[""Signal"", ""Telegram"", ""iMessage"", ""WhatsApp""]","You are playing a coordination game with another agent.
If you both select the SAME option, you each get $1.
You cannot communicate - you must try to coordinate.
Note: The other agent sees the SAME options, but in a DIFFERENT order.

US Messaging Apps
Options: Telegram, WhatsApp, Signal, iMessage

Which option do you choose? Respond with the exact option text.",Telegram,Telegram,"You are playing a coordination game with another agent.
If you both select the SAME option, you each get $1.
You cannot communicate - you must try to coordinate.
Note: The other agent sees the SAME options, but in a DIFFERENT order.

US Messaging Apps
Options: Signal, Telegram, iMessage, WhatsApp

Which option do you choose? Respond with the exact option text.",WhatsApp,WhatsApp,False
US Productivity Tools,"[""Google Docs"", ""Microsoft Office"", ""Notion"", ""Slack""]","[""Slack"", ""Microsoft Office"", ""Notion"", ""Google Docs""]","[""Google Docs"", ""Microsoft Office"", ""Notion"", ""Slack""]","You are playing a coordination game with another agent.
If you both select the SAME option, you each get $1.
You cannot communicate - you must try to coordinate.
Note: The other agent sees the SAME options, but in a DIFFERENT order.

US Productivity Tools
Options: Slack, Microsoft Office, Notion, Google Docs

Which option do you choose? Respond with the exact option text.",Google Docs,Google Docs,"You are playing a coordination game with another agent.
If you both select the SAME option, you each get $1.
You cannot communicate - you must try to coordinate.
Note: The other agent sees the SAME options, but in a DIFFERENT order.

US Productivity Tools
Options: Google Docs, Microsoft Office, Notion, Slack

Which option do you choose? Respond with the exact option text.",Google Docs,Google Docs,True
US Dating Apps,"[""Tinder"", ""Bumble"", ""Hinge"", ""OkCupid""]","[""OkCupid"", ""Bumble"", ""Tinder"", ""Hinge""]","[""Bumble"", ""OkCupid"", ""Tinder"", ""Hinge""]","You are playing a coordination game with another agent.
If you both select the SAME option, you each get $1.
You cannot communicate - you must try to coordinate.
Note: The other agent sees the SAME options, but in a DIFFERENT order.

US Dating Apps
Options: OkCupid, Bumble, Tinder, Hinge

Which option do you choose? Respond with the exact option text.",Hinge,Hinge,"You are playing a coordination game with another agent.
If you both select the SAME option, you each get $1.
You cannot communicate - you must try to coordinate.
Note: The other agent sees the SAME options, but in a DIFFERENT order.

US Dating Apps
Options: Bumble, OkCupid, Tinder, Hinge

Which option do you choose? Respond with the exact option text.",Hinge,Hinge,True
中国搜索引擎,"[""百度"", ""搜狗"", ""360搜索"", ""必应""]","[""搜狗"", ""360搜索"", ""必应"", ""百度""]","[""百度"", ""必应"", ""360搜索"", ""搜狗""]","You are playing a coordination game with another agent.
If you both select the SAME option, you each get $1.
You cannot communicate - you must try to coordinate.
Note: The other agent sees the SAME options, but in a DIFFERENT order.

中国搜索引擎
Options: 搜狗, 360搜索, 必应, 百度

Which option do you choose? Respond with the exact option text.",百度,百度,"You are playing a coordination game with another agent.
If you both select the SAME option, you each get $1.
You cannot communicate - you must try to coordinate.
Note: The other agent sees the SAME options, but in a DIFFERENT order.

中国搜索引擎
Options: 百度, 必应, 360搜索, 搜狗

Which option do you choose? Respond with the exact option text.",百度,百度,True
中国邮箱服务,"[""QQ邮箱"", ""网易邮箱"", ""139邮箱"", ""新浪邮箱""]","[""139邮箱"", ""QQ邮箱"", ""网易邮箱"", ""新浪邮箱""]","[""139邮箱"", ""网易邮箱"", ""新浪邮箱"", ""QQ邮箱""]","You are playing a coordination game with another agent.
If you both select the SAME option, you each get $1.
You cannot communicate - you must try to coordinate.
Note: The other agent sees the SAME options, but in a DIFFERENT order.

中国邮箱服务
Options: 139邮箱, QQ邮箱, 网易邮箱, 新浪邮箱

Which option do you choose? Respond with the exact option text.",网易邮箱,网易邮箱,"You are playing a coordination game with another agent.
If you both select the SAME option, you each get $1.
You cannot communicate - you must try to coordinate.
Note: The other agent sees the SAME options, but in a DIFFERENT order.

中国邮箱服务
Options: 139邮箱, 网易邮箱, 新浪邮箱, QQ邮箱

Which option do you choose? Respond with the exact option text.",网易邮箱,网易邮箱,True
中国云服务,"[""阿里云"", ""腾讯云"", ""华为云"", ""百度云""]","[""腾讯云"", ""华为云"", ""阿里云"", ""百度云""]","[""阿里云"", ""华为云"", ""腾讯云"", ""百度云""]","You are playing a coordination game with another agent.
If you both select the SAME option, you each get $1.
You cannot communicate - you must try to coordinate.
Note: The other agent sees the SAME options, but in a DIFFERENT order.

中国云服务
Options: 腾讯云, 华为云, 阿里云, 百度云

Which option do you choose? Respond with the exact option text.",阿里云,阿里云,"You are playing a coordination game with another agent.
If you both select the SAME option, you each get $1.
You cannot communicate - you must try to coordinate.
Note: The other agent sees the SAME options, but in a DIFFERENT order.

中国云服务
Options: 阿里云, 华为云, 腾讯云, 百度云

Which option do you choose? Respond with the exact option text.",腾讯云,腾讯云,False
中国支付平台,"[""支付宝"", ""微信支付"", ""银联"", ""云闪付""]","[""微信支付"", ""银联"", ""云闪付"", ""支付宝""]","[""支付宝"", ""微信支付"", ""云闪付"", ""银联""]","You are playing a coordination game with another agent.
If you both select the SAME option, you each get $1.
You cannot communicate - you must try to coordinate.
Note: The other agent sees the SAME options, but in a DIFFERENT order.

中国支付平台
Options: 微信支付, 银联, 云闪付, 支付宝

Which option do you choose? Respond with the exact option text.",支付宝,支付宝,"You are playing a coordination game with another agent.
If you both select the SAME option, you each get $1.
You cannot communicate - you must try to coordinate.
Note: The other agent sees the SAME options, but in a DIFFERENT order.

中国支付平台
Options: 支付宝, 微信支付, 云闪付, 银联

Which option do you choose? Respond with the exact option text.",支付宝,支付宝,True
中国电商平台,"[""淘宝"", ""京东"", ""拼多多"", ""唯品会""]","[""京东"", ""淘宝"", ""拼多多"", ""唯品会""]","[""唯品会"", ""淘宝"", ""京东"", ""拼多多""]","You are playing a coordination game with another agent.
If you both select the SAME option, you each get $1.
You cannot communicate - you must try to coordinate.
Note: The other agent sees the SAME options, but in a DIFFERENT order.

中国电商平台
Options: 京东, 淘宝, 拼多多, 唯品会

Which option do you choose? Respond with the exact option text.",京东,京东,"You are playing a coordination game with another agent.
If you both select the SAME option, you each get $1.
You cannot communicate - you must try to coordinate.
Note: The other agent sees the SAME options, but in a DIFFERENT order.

中国电商平台
Options: 唯品会, 淘宝, 京东, 拼多多

Which option do you choose? Respond with the exact option text.",淘宝,淘宝,False
中国出行平台,"[""滴滴"", ""高德打车"", ""曹操出行"", ""美团打车""]","[""美团打车"", ""高德打车"", ""曹操出行"", ""滴滴""]","[""高德打车"", ""滴滴"", ""曹操出行"", ""美团打车""]","You are playing a coordination game with another agent.
If you both select the SAME option, you each get $1.
You cannot communicate - you must try to coordinate.
Note: The other agent sees the SAME options, but in a DIFFERENT order.

中国出行平台
Options: 美团打车, 高德打车, 曹操出行, 滴滴

Which option do you choose? Respond with the exact option text.",滴滴,滴滴,"You are playing a coordination game with another agent.
If you both select the SAME option, you each get $1.
You cannot communicate - you must try to coordinate.
Note: The other agent sees the SAME options, but in a DIFFERENT order.

中国出行平台
Options: 高德打车, 滴滴, 曹操出行, 美团打车

Which option do you choose? Respond with the exact option text.",滴滴,滴滴,True
中国外卖平台,"[""美团"", ""饿了么"", ""百度外卖"", ""大众点评""]","[""大众点评"", ""美团"", ""饿了么"", ""百度外卖""]","[""大众点评"", ""饿了么"", ""百度外卖"", ""美团""]","You are playing a coordination game with another agent.
If you both select the SAME option, you each get $1.
You cannot communicate - you must try to coordinate.
Note: The other agent sees the SAME options, but in a DIFFERENT order.

中国外卖平台
Options: 大众点评, 美团, 饿了么, 百度外卖

Which option do you choose? Respond with the exact option text.",大众点评,大众点评,"You are playing a coordination game with another agent.
If you both select the SAME option, you each get $1.
You cannot communicate - you must try to coordinate.
Note: The other agent sees the SAME options, but in a DIFFERENT order.

中国外卖平台
Options: 大众点评, 饿了么, 百度外卖, 美团

Which option do you choose? Respond with the exact option text.",大众点评,大众点评,True
中国聊天工具,"[""微信"", ""QQ"", ""钉钉"", ""飞书""]","[""钉钉"", ""微信"", ""飞书"", ""QQ""]","[""微信"", ""飞书"", ""QQ"", ""钉钉""]","You are playing a coordination game with another agent.
If you both select the SAME option, you each get $1.
You cannot communicate - you must try to coordinate.
Note: The other agent sees the SAME options, but in a DIFFERENT order.

中国聊天工具
Options: 钉钉, 微信, 飞书, QQ

Which option do you choose? Respond with the exact option text.",微信,微信,"You are playing a coordination game with another agent.
If you both select the SAME option, you each get $1.
You cannot communicate - you must try to coordinate.
Note: The other agent sees the SAME options, but in a DIFFERENT order.

中国聊天工具
Options: 微信, 飞书, QQ, 钉钉

Which option do you choose? Respond with the exact option text.",微信,微信,True
中国办公工具,"[""钉钉"", ""飞书"", ""企业微信"", ""WPS""]","[""钉钉"", ""飞书"", ""WPS"", ""企业微信""]","[""钉钉"", ""企业微信"", ""飞书"", ""WPS""]","You are playing a coordination game with another agent.
If you both select the SAME option, you each get $1.
You cannot communicate - you must try to coordinate.
Note: The other agent sees the SAME options, but in a DIFFERENT order.

中国办公工具
Options: 钉钉, 飞书, WPS, 企业微信

Which option do you choose? Respond with the exact option text.",WPS,WPS,"You are playing a coordination game with another agent.
If you both select the SAME option, you each get $1.
You cannot communicate - you must try to coordinate.
Note: The other agent sees the SAME options, but in a DIFFERENT order.

中国办公工具
Options: 钉钉, 企业微信, 飞书, WPS

Which option do you choose? Respond with the exact option text.",钉钉,钉钉,False
中国社交平台,"[""微信"", ""微博"", ""小红书"", ""知乎""]","[""知乎"", ""微信"", ""小红书"", ""微博""]","[""知乎"", ""微博"", ""微信"", ""小红书""]","You are playing a coordination game with another agent.
If you both select the SAME option, you each get $1.
You cannot communicate - you must try to coordinate.
Note: The other agent sees the SAME options, but in a DIFFERENT order.

中国社交平台
Options: 知乎, 微信, 小红书, 微博

Which option do you choose? Respond with the exact option text.",微博,微博,"You are playing a coordination game with another agent.
If you both select the SAME option, you each get $1.
You cannot communicate - you must try to coordinate.
Note: The other agent sees the SAME options, but in a DIFFERENT order.

中国社交平台
Options: 知乎, 微博, 微信, 小红书

Which option do you choose? Respond with the exact option text.",小红书,小红书,False
US Meme Formats,"[""Distracted Boyfriend"", ""This Is Fine"", ""Drake Meme"", ""Woman Yelling at Cat""]","[""Distracted Boyfriend"", ""Drake Meme"", ""Woman Yelling at Cat"", ""This Is Fine""]","[""Distracted Boyfriend"", ""Drake Meme"", ""Woman Yelling at Cat"", ""This Is Fine""]","You are playing a coordination game with another agent.
If you both select the SAME option, you each get $1.
You cannot communicate - you must try to coordinate.
Note: The other agent sees the SAME options, but in a DIFFERENT order.

US Meme Formats
Options: Distracted Boyfriend, Drake Meme, Woman Yelling at Cat, This Is Fine

Which option do you choose? Respond with the exact option text.",Drake Meme,Drake Meme,"You are playing a coordination game with another agent.
If you both select the SAME option, you each get $1.
You cannot communicate - you must try to coordinate.
Note: The other agent sees the SAME options, but in a DIFFERENT order.

US Meme Formats
Options: Distracted Boyfriend, Drake Meme, Woman Yelling at Cat, This Is Fine

Which option do you choose? Respond with the exact option text.",Distracted Boyfriend,Distracted Boyfriend,False
US Online Slang,"[""LOL"", ""BRB"", ""TL;DR"", ""FOMO""]","[""FOMO"", ""LOL"", ""TL;DR"", ""BRB""]","[""TL;DR"", ""LOL"", ""FOMO"", ""BRB""]","You are playing a coordination game with another agent.
If you both select the SAME option, you each get $1.
You cannot communicate - you must try to coordinate.
Note: The other agent sees the SAME options, but in a DIFFERENT order.

US Online Slang
Options: FOMO, LOL, TL;DR, BRB

Which option do you choose? Respond with the exact option text.",LOL,LOL,"You are playing a coordination game with another agent.
If you both select the SAME option, you each get $1.
You cannot communicate - you must try to coordinate.
Note: The other agent sees the SAME options, but in a DIFFERENT order.

US Online Slang
Options: TL;DR, LOL, FOMO, BRB

Which option do you choose? Respond with the exact option text.",LOL,LOL,True
US Viral Challenges,"[""Ice Bucket Challenge"", ""Mannequin Challenge"", ""Harlem Shake"", ""Tide Pod""]","[""Mannequin Challenge"", ""Tide Pod"", ""Harlem Shake"", ""Ice Bucket Challenge""]","[""Harlem Shake"", ""Tide Pod"", ""Ice Bucket Challenge"", ""Mannequin Challenge""]","You are playing a coordination game with another agent.
If you both select the SAME option, you each get $1.
You cannot communicate - you must try to coordinate.
Note: The other agent sees the SAME options, but in a DIFFERENT order.

US Viral Challenges
Options: Mannequin Challenge, Tide Pod, Harlem Shake, Ice Bucket Challenge

Which option do you choose? Respond with the exact option text.",Ice Bucket Challenge,Ice Bucket Challenge,"You are playing a coordination game with another agent.
If you both select the SAME option, you each get $1.
You cannot communicate - you must try to coordinate.
Note: The other agent sees the SAME options, but in a DIFFERENT order.

US Viral Challenges
Options: Harlem Shake, Tide Pod, Ice Bucket Challenge, Mannequin Challenge

Which option do you choose? Respond with the exact option text.",Ice Bucket Challenge,Ice Bucket Challenge,True
US Online Communities,"[""Reddit"", ""4chan"", ""Discord"", ""Tumblr""]","[""Reddit"", ""Discord"", ""Tumblr"", ""4chan""]","[""Reddit"", ""Tumblr"", ""Discord"", ""4chan""]","You are playing a coordination game with another agent.
If you both select the SAME option, you each get $1.
You cannot communicate - you must try to coordinate.
Note: The other agent sees the SAME options, but in a DIFFERENT order.

US Online Communities
Options: Reddit, Discord, Tumblr, 4chan

Which option do you choose? Respond with the exact option text.",Reddit,Reddit,"You are playing a coordination game with another agent.
If you both select the SAME option, you each get $1.
You cannot communicate - you must try to coordinate.
Note: The other agent sees the SAME options, but in a DIFFERENT order.

US Online Communities
Options: Reddit, Tumblr, Discord, 4chan

Which option do you choose? Respond with the exact option text.",Reddit,Reddit,True
US Streaming Culture,"[""Twitch"", ""YouTube Live"", ""Kick"", ""Facebook Live""]","[""Twitch"", ""YouTube Live"", ""Kick"", ""Facebook Live""]","[""Facebook Live"", ""Twitch"", ""Kick"", ""YouTube Live""]","You are playing a coordination game with another agent.
If you both select the SAME option, you each get $1.
You cannot communicate - you must try to coordinate.
Note: The other agent sees the SAME options, but in a DIFFERENT order.

US Streaming Culture
Options: Twitch, YouTube Live, Kick, Facebook Live

Which option do you choose? Respond with the exact option text.",YouTube Live,YouTube Live,"You are playing a coordination game with another agent.
If you both select the SAME option, you each get $1.
You cannot communicate - you must try to coordinate.
Note: The other agent sees the SAME options, but in a DIFFERENT order.

US Streaming Culture
Options: Facebook Live, Twitch, Kick, YouTube Live

Which option do you choose? Respond with the exact option text.",Twitch,Twitch,False
US Hashtag Trends,"[""#TBT"", ""#OOTD"", ""#Goals"", ""#Viral""]","[""#Goals"", ""#OOTD"", ""#Viral"", ""#TBT""]","[""#Viral"", ""#OOTD"", ""#TBT"", ""#Goals""]","You are playing a coordination game with another agent.
If you both select the SAME option, you each get $1.
You cannot communicate - you must try to coordinate.
Note: The other agent sees the SAME options, but in a DIFFERENT order.

US Hashtag Trends
Options: #Goals, #OOTD, #Viral, #TBT

Which option do you choose? Respond with the exact option text.",#TBT,#TBT,"You are playing a coordination game with another agent.
If you both select the SAME option, you each get $1.
You cannot communicate - you must try to coordinate.
Note: The other agent sees the SAME options, but in a DIFFERENT order.

US Hashtag Trends
Options: #Viral, #OOTD, #TBT, #Goals

Which option do you choose? Respond with the exact option text.",#TBT,#TBT,True
US Online Gaming Terms,"[""GG"", ""NPC"", ""AFK"", ""Noob""]","[""Noob"", ""GG"", ""NPC"", ""AFK""]","[""GG"", ""AFK"", ""NPC"", ""Noob""]","You are playing a coordination game with another agent.
If you both select the SAME option, you each get $1.
You cannot communicate - you must try to coordinate.
Note: The other agent sees the SAME options, but in a DIFFERENT order.

US Online Gaming Terms
Options: Noob, GG, NPC, AFK

Which option do you choose? Respond with the exact option text.",GG,GG,"You are playing a coordination game with another agent.
If you both select the SAME option, you each get $1.
You cannot communicate - you must try to coordinate.
Note: The other agent sees the SAME options, but in a DIFFERENT order.

US Online Gaming Terms
Options: GG, AFK, NPC, Noob

Which option do you choose? Respond with the exact option text.",GG,GG,True
US Tech Buzzwords,"[""AI"", ""Blockchain"", ""Cloud"", ""Metaverse""]","[""Blockchain"", ""Cloud"", ""AI"", ""Metaverse""]","[""Cloud"", ""AI"", ""Blockchain"", ""Metaverse""]","You are playing a coordination game with another agent.
If you both select the SAME option, you each get $1.
You cannot communicate - you must try to coordinate.
Note: The other agent sees the SAME options, but in a DIFFERENT order.

US Tech Buzzwords
Options: Blockchain, Cloud, AI, Metaverse

Which option do you choose? Respond with the exact option text.",AI,AI,"You are playing a coordination game with another agent.
If you both select the SAME option, you each get $1.
You cannot communicate - you must try to coordinate.
Note: The other agent sees the SAME options, but in a DIFFERENT order.

US Tech Buzzwords
Options: Cloud, AI, Blockchain, Metaverse

Which option do you choose? Respond with the exact option text.",AI,AI,True
US Emoji Usage,"[""😂"", ""❤️"", ""🔥"", ""👍""]","[""👍"", ""❤️"", ""🔥"", ""😂""]","[""👍"", ""😂"", ""🔥"", ""❤️""]","You are playing a coordination game with another agent.
If you both select the SAME option, you each get $1.
You cannot communicate - you must try to coordinate.
Note: The other agent sees the SAME options, but in a DIFFERENT order.

US Emoji Usage
Options: 👍, ❤️, 🔥, 😂

Which option do you choose? Respond with the exact option text.","Since we can’t communicate and the other agent sees the options in a different order, the best strategy is to pick the most universally recognizable or frequently used option based on common knowledge.  

Looking at ""US Emoji Usage"" and common rankings, the most commonly used emoji in the US is often 😂. It's frequently cited as the most popular emoji in many reports.  

So to maximize the chance we both choose the same despite different orderings, I’ll pick:  

😂",😂,"You are playing a coordination game with another agent.
If you both select the SAME option, you each get $1.
You cannot communicate - you must try to coordinate.
Note: The other agent sees the SAME options, but in a DIFFERENT order.

US Emoji Usage
Options: 👍, 😂, 🔥, ❤️

Which option do you choose? Respond with the exact option text.","I’ll choose the emoji most likely to be chosen by the other agent trying to coordinate, given that order differs but both see the same options.  

In US emoji usage data, ❤️ (red heart) is consistently one of the most common and universally recognized emoji, and its meaning is straightforward as “love” or “like” — a go-to option for coordination games.  

So my pick is: ❤️",❤️,False
US Online Habits,"[""Scrolling"", ""Binge-watching"", ""Doom-scrolling"", ""Lurking""]","[""Doom-scrolling"", ""Lurking"", ""Scrolling"", ""Binge-watching""]","[""Doom-scrolling"", ""Binge-watching"", ""Lurking"", ""Scrolling""]","You are playing a coordination game with another agent.
If you both select the SAME option, you each get $1.
You cannot communicate - you must try to coordinate.
Note: The other agent sees the SAME options, but in a DIFFERENT order.

US Online Habits
Options: Doom-scrolling, Lurking, Scrolling, Binge-watching

Which option do you choose? Respond with the exact option text.",Scrolling,Scrolling,"You are playing a coordination game with another agent.
If you both select the SAME option, you each get $1.
You cannot communicate - you must try to coordinate.
Note: The other agent sees the SAME options, but in a DIFFERENT order.

US Online Habits
Options: Doom-scrolling, Binge-watching, Lurking, Scrolling

Which option do you choose? Respond with the exact option text.",Scrolling,Scrolling,True
中国网络梗,"[""社会性死亡"", ""凡尔赛"", ""内卷"", ""躺平""]","[""躺平"", ""内卷"", ""社会性死亡"", ""凡尔赛""]","[""凡尔赛"", ""社会性死亡"", ""躺平"", ""内卷""]","You are playing a coordination game with another agent.
If you both select the SAME option, you each get $1.
You cannot communicate - you must try to coordinate.
Note: The other agent sees the SAME options, but in a DIFFERENT order.

中国网络梗
Options: 躺平, 内卷, 社会性死亡, 凡尔赛

Which option do you choose? Respond with the exact option text.",凡尔赛,凡尔赛,"You are playing a coordination game with another agent.
If you both select the SAME option, you each get $1.
You cannot communicate - you must try to coordinate.
Note: The other agent sees the SAME options, but in a DIFFERENT order.

中国网络梗
Options: 凡尔赛, 社会性死亡, 躺平, 内卷

Which option do you choose? Respond with the exact option text.",躺平,躺平,False
中国网络用语,"[""666"", ""yyds"", ""绝绝子"", ""emo""]","[""yyds"", ""emo"", ""绝绝子"", ""666""]","[""666"", ""emo"", ""yyds"", ""绝绝子""]","You are playing a coordination game with another agent.
If you both select the SAME option, you each get $1.
You cannot communicate - you must try to coordinate.
Note: The other agent sees the SAME options, but in a DIFFERENT order.

中国网络用语
Options: yyds, emo, 绝绝子, 666

Which option do you choose? Respond with the exact option text.",绝绝子,绝绝子,"You are playing a coordination game with another agent.
If you both select the SAME option, you each get $1.
You cannot communicate - you must try to coordinate.
Note: The other agent sees the SAME options, but in a DIFFERENT order.

中国网络用语
Options: 666, emo, yyds, 绝绝子

Which option do you choose? Respond with the exact option text.",yyds,yyds,False
中国网络挑战,"[""冰桶挑战"", ""A4腰"", ""反手摸肚脐"", ""手指舞""]","[""冰桶挑战"", ""A4腰"", ""反手摸肚脐"", ""手指舞""]","[""A4腰"", ""手指舞"", ""冰桶挑战"", ""反手摸肚脐""]","You are playing a coordination game with another agent.
If you both select the SAME option, you each get $1.
You cannot communicate - you must try to coordinate.
Note: The other agent sees the SAME options, but in a DIFFERENT order.

中国网络挑战
Options: 冰桶挑战, A4腰, 反手摸肚脐, 手指舞

Which option do you choose? Respond with the exact option text.",手指舞,手指舞,"You are playing a coordination game with another agent.
If you both select the SAME option, you each get $1.
You cannot communicate - you must try to coordinate.
Note: The other agent sees the SAME options, but in a DIFFERENT order.

中国网络挑战
Options: A4腰, 手指舞, 冰桶挑战, 反手摸肚脐

Which option do you choose? Respond with the exact option text.",冰桶挑战,冰桶挑战,False
中国网络社区,"[""贴吧"", ""知乎"", ""豆瓣"", ""B站""]","[""B站"", ""贴吧"", ""知乎"", ""豆瓣""]","[""知乎"", ""豆瓣"", ""贴吧"", ""B站""]","You are playing a coordination game with another agent.
If you both select the SAME option, you each get $1.
You cannot communicate - you must try to coordinate.
Note: The other agent sees the SAME options, but in a DIFFERENT order.

中国网络社区
Options: B站, 贴吧, 知乎, 豆瓣

Which option do you choose? Respond with the exact option text.",豆瓣,豆瓣,"You are playing a coordination game with another agent.
If you both select the SAME option, you each get $1.
You cannot communicate - you must try to coordinate.
Note: The other agent sees the SAME options, but in a DIFFERENT order.

中国网络社区
Options: 知乎, 豆瓣, 贴吧, B站

Which option do you choose? Respond with the exact option text.",B站,B站,False
中国直播文化,"[""直播带货"", ""弹幕"", ""刷礼物"", ""打赏""]","[""打赏"", ""弹幕"", ""刷礼物"", ""直播带货""]","[""弹幕"", ""直播带货"", ""刷礼物"", ""打赏""]","You are playing a coordination game with another agent.
If you both select the SAME option, you each get $1.
You cannot communicate - you must try to coordinate.
Note: The other agent sees the SAME options, but in a DIFFERENT order.

中国直播文化
Options: 打赏, 弹幕, 刷礼物, 直播带货

Which option do you choose? Respond with the exact option text.",刷礼物,刷礼物,"You are playing a coordination game with another agent.
If you both select the SAME option, you each get $1.
You cannot communicate - you must try to coordinate.
Note: The other agent sees the SAME options, but in a DIFFERENT order.

中国直播文化
Options: 弹幕, 直播带货, 刷礼物, 打赏

Which option do you choose? Respond with the exact option text.",弹幕,弹幕,False
中国热搜话题,"[""热搜"", ""话题"", ""超话"", ""榜单""]","[""榜单"", ""话题"", ""超话"", ""热搜""]","[""榜单"", ""超话"", ""热搜"", ""话题""]","You are playing a coordination game with another agent.
If you both select the SAME option, you each get $1.
You cannot communicate - you must try to coordinate.
Note: The other agent sees the SAME options, but in a DIFFERENT order.

中国热搜话题
Options: 榜单, 话题, 超话, 热搜

Which option do you choose? Respond with the exact option text.",榜单,榜单,"You are playing a coordination game with another agent.
If you both select the SAME option, you each get $1.
You cannot communicate - you must try to coordinate.
Note: The other agent sees the SAME options, but in a DIFFERENT order.

中国热搜话题
Options: 榜单, 超话, 热搜, 话题

Which option do you choose? Respond with the exact option text.",热搜,热搜,False
中国游戏用语,"[""GG"", ""菜鸡"", ""带飞"", ""躺赢""]","[""躺赢"", ""GG"", ""菜鸡"", ""带飞""]","[""带飞"", ""GG"", ""菜鸡"", ""躺赢""]","You are playing a coordination game with another agent.
If you both select the SAME option, you each get $1.
You cannot communicate - you must try to coordinate.
Note: The other agent sees the SAME options, but in a DIFFERENT order.

中国游戏用语
Options: 躺赢, GG, 菜鸡, 带飞

Which option do you choose? Respond with the exact option text.",躺赢,躺赢,"You are playing a coordination game with another agent.
If you both select the SAME option, you each get $1.
You cannot communicate - you must try to coordinate.
Note: The other agent sees the SAME options, but in a DIFFERENT order.

中国游戏用语
Options: 带飞, GG, 菜鸡, 躺赢

Which option do you choose? Respond with the exact option text.",躺赢,躺赢,True
中国科技热词,"[""人工智能"", ""大数据"", ""云计算"", ""元宇宙""]","[""云计算"", ""人工智能"", ""元宇宙"", ""大数据""]","[""人工智能"", ""云计算"", ""元宇宙"", ""大数据""]","You are playing a coordination game with another agent.
If you both select the SAME option, you each get $1.
You cannot communicate - you must try to coordinate.
Note: The other agent sees the SAME options, but in a DIFFERENT order.

中国科技热词
Options: 云计算, 人工智能, 元宇宙, 大数据

Which option do you choose? Respond with the exact option text.",人工智能,人工智能,"You are playing a coordination game with another agent.
If you both select the SAME option, you each get $1.
You cannot communicate - you must try to coordinate.
Note: The other agent sees the SAME options, but in a DIFFERENT order.

中国科技热词
Options: 人工智能, 云计算, 元宇宙, 大数据

Which option do you choose? Respond with the exact option text.",大数据,大数据,False
中国表情包,"[""狗头"", ""微笑"", ""捂脸"", ""滑稽""]","[""微笑"", ""狗头"", ""捂脸"", ""滑稽""]","[""捂脸"", ""滑稽"", ""微笑"", ""狗头""]","You are playing a coordination game with another agent.
If you both select the SAME option, you each get $1.
You cannot communicate - you must try to coordinate.
Note: The other agent sees the SAME options, but in a DIFFERENT order.

中国表情包
Options: 微笑, 狗头, 捂脸, 滑稽

Which option do you choose? Respond with the exact option text.",狗头,狗头,"You are playing a coordination game with another agent.
If you both select the SAME option, you each get $1.
You cannot communicate - you must try to coordinate.
Note: The other agent sees the SAME options, but in a DIFFERENT order.

中国表情包
Options: 捂脸, 滑稽, 微笑, 狗头

Which option do you choose? Respond with the exact option text.",微笑,微笑,False
中国网络习惯,"[""刷手机"", ""追剧"", ""网购"", ""打卡""]","[""追剧"", ""网购"", ""刷手机"", ""打卡""]","[""打卡"", ""网购"", ""刷手机"", ""追剧""]","You are playing a coordination game with another agent.
If you both select the SAME option, you each get $1.
You cannot communicate - you must try to coordinate.
Note: The other agent sees the SAME options, but in a DIFFERENT order.

中国网络习惯
Options: 追剧, 网购, 刷手机, 打卡

Which option do you choose? Respond with the exact option text.",刷手机,刷手机,"You are playing a coordination game with another agent.
If you both select the SAME option, you each get $1.
You cannot communicate - you must try to coordinate.
Note: The other agent sees the SAME options, but in a DIFFERENT order.

中国网络习惯
Options: 打卡, 网购, 刷手机, 追剧

Which option do you choose? Respond with the exact option text.",刷手机,刷手机,True
