category,options,order_a,order_b,prompt_a,response_a,choice_a,prompt_b,response_b,choice_b,success
Primary Colors,"[""Red"", ""Blue"", ""Green"", ""Yellow""]","[""Yellow"", ""Green"", ""Red"", ""Blue""]","[""Red"", ""Green"", ""Yellow"", ""Blue""]","You are playing a coordination game with another agent.
If you both select the SAME option, you each get $1.
You cannot communicate - you must try to coordinate.
Note: The other agent sees the SAME options, but in a DIFFERENT order.

Primary Colors
Options: Yellow, Green, Red, Blue

Which option do you choose? Respond with the exact option text.",Blue,Blue,"You are playing a coordination game with another agent.
If you both select the SAME option, you each get $1.
You cannot communicate - you must try to coordinate.
Note: The other agent sees the SAME options, but in a DIFFERENT order.

Primary Colors
Options: Red, Green, Yellow, Blue

Which option do you choose? Respond with the exact option text.",Red,Red,False
Warm Colors,"[""Red"", ""Orange"", ""Yellow"", ""Pink""]","[""Red"", ""Orange"", ""Pink"", ""Yellow""]","[""Orange"", ""Red"", ""Yellow"", ""Pink""]","You are playing a coordination game with another agent.
If you both select the SAME option, you each get $1.
You cannot communicate - you must try to coordinate.
Note: The other agent sees the SAME options, but in a DIFFERENT order.

Warm Colors
Options: Red, Orange, Pink, Yellow

Which option do you choose? Respond with the exact option text.",Orange,Orange,"You are playing a coordination game with another agent.
If you both select the SAME option, you each get $1.
You cannot communicate - you must try to coordinate.
Note: The other agent sees the SAME options, but in a DIFFERENT order.

Warm Colors
Options: Orange, Red, Yellow, Pink

Which option do you choose? Respond with the exact option text.",Orange,Orange,True
Cool Colors,"[""Blue"", ""Green"", ""Purple"", ""Teal""]","[""Purple"", ""Green"", ""Teal"", ""Blue""]","[""Green"", ""Purple"", ""Teal"", ""Blue""]","You are playing a coordination game with another agent.
If you both select the SAME option, you each get $1.
You cannot communicate - you must try to coordinate.
Note: The other agent sees the SAME options, but in a DIFFERENT order.

Cool Colors
Options: Purple, Green, Teal, Blue

Which option do you choose? Respond with the exact option text.",Blue,Blue,"You are playing a coordination game with another agent.
If you both select the SAME option, you each get $1.
You cannot communicate - you must try to coordinate.
Note: The other agent sees the SAME options, but in a DIFFERENT order.

Cool Colors
Options: Green, Purple, Teal, Blue

Which option do you choose? Respond with the exact option text.",Blue,Blue,True
Basic Shapes,"[""Circle"", ""Square"", ""Triangle"", ""Rectangle""]","[""Triangle"", ""Rectangle"", ""Square"", ""Circle""]","[""Triangle"", ""Circle"", ""Rectangle"", ""Square""]","You are playing a coordination game with another agent.
If you both select the SAME option, you each get $1.
You cannot communicate - you must try to coordinate.
Note: The other agent sees the SAME options, but in a DIFFERENT order.

Basic Shapes
Options: Triangle, Rectangle, Square, Circle

Which option do you choose? Respond with the exact option text.",Circle,Circle,"You are playing a coordination game with another agent.
If you both select the SAME option, you each get $1.
You cannot communicate - you must try to coordinate.
Note: The other agent sees the SAME options, but in a DIFFERENT order.

Basic Shapes
Options: Triangle, Circle, Rectangle, Square

Which option do you choose? Respond with the exact option text.",Circle,Circle,True
Geometric Shapes,"[""Triangle"", ""Square"", ""Pentagon"", ""Hexagon""]","[""Square"", ""Pentagon"", ""Hexagon"", ""Triangle""]","[""Square"", ""Hexagon"", ""Pentagon"", ""Triangle""]","You are playing a coordination game with another agent.
If you both select the SAME option, you each get $1.
You cannot communicate - you must try to coordinate.
Note: The other agent sees the SAME options, but in a DIFFERENT order.

Geometric Shapes
Options: Square, Pentagon, Hexagon, Triangle

Which option do you choose? Respond with the exact option text.",Hexagon,Hexagon,"You are playing a coordination game with another agent.
If you both select the SAME option, you each get $1.
You cannot communicate - you must try to coordinate.
Note: The other agent sees the SAME options, but in a DIFFERENT order.

Geometric Shapes
Options: Square, Hexagon, Pentagon, Triangle

Which option do you choose? Respond with the exact option text.",Hexagon,Hexagon,True
基本颜色,"[""红色"", ""蓝色"", ""绿色"", ""黄色""]","[""绿色"", ""蓝色"", ""红色"", ""黄色""]","[""绿色"", ""红色"", ""黄色"", ""蓝色""]","You are playing a coordination game with another agent.
If you both select the SAME option, you each get $1.
You cannot communicate - you must try to coordinate.
Note: The other agent sees the SAME options, but in a DIFFERENT order.

基本颜色
Options: 绿色, 蓝色, 红色, 黄色

Which option do you choose? Respond with the exact option text.",红色,红色,"You are playing a coordination game with another agent.
If you both select the SAME option, you each get $1.
You cannot communicate - you must try to coordinate.
Note: The other agent sees the SAME options, but in a DIFFERENT order.

基本颜色
Options: 绿色, 红色, 黄色, 蓝色

Which option do you choose? Respond with the exact option text.",蓝色,蓝色,False
暖色,"[""红色"", ""橙色"", ""黄色"", ""粉色""]","[""黄色"", ""粉色"", ""红色"", ""橙色""]","[""粉色"", ""橙色"", ""红色"", ""黄色""]","You are playing a coordination game with another agent.
If you both select the SAME option, you each get $1.
You cannot communicate - you must try to coordinate.
Note: The other agent sees the SAME options, but in a DIFFERENT order.

暖色
Options: 黄色, 粉色, 红色, 橙色

Which option do you choose? Respond with the exact option text.",橙色,橙色,"You are playing a coordination game with another agent.
If you both select the SAME option, you each get $1.
You cannot communicate - you must try to coordinate.
Note: The other agent sees the SAME options, but in a DIFFERENT order.

暖色
Options: 粉色, 橙色, 红色, 黄色

Which option do you choose? Respond with the exact option text.",橙色,橙色,True
冷色,"[""蓝色"", ""绿色"", ""紫色"", ""青色""]","[""紫色"", ""蓝色"", ""青色"", ""绿色""]","[""青色"", ""绿色"", ""蓝色"", ""紫色""]","You are playing a coordination game with another agent.
If you both select the SAME option, you each get $1.
You cannot communicate - you must try to coordinate.
Note: The other agent sees the SAME options, but in a DIFFERENT order.

冷色
Options: 紫色, 蓝色, 青色, 绿色

Which option do you choose? Respond with the exact option text.",蓝色,蓝色,"You are playing a coordination game with another agent.
If you both select the SAME option, you each get $1.
You cannot communicate - you must try to coordinate.
Note: The other agent sees the SAME options, but in a DIFFERENT order.

冷色
Options: 青色, 绿色, 蓝色, 紫色

Which option do you choose? Respond with the exact option text.",绿色,绿色,False
基本形状,"[""圆形"", ""方形"", ""三角形"", ""矩形""]","[""矩形"", ""方形"", ""圆形"", ""三角形""]","[""矩形"", ""圆形"", ""三角形"", ""方形""]","You are playing a coordination game with another agent.
If you both select the SAME option, you each get $1.
You cannot communicate - you must try to coordinate.
Note: The other agent sees the SAME options, but in a DIFFERENT order.

基本形状
Options: 矩形, 方形, 圆形, 三角形

Which option do you choose? Respond with the exact option text.",方形,方形,"You are playing a coordination game with another agent.
If you both select the SAME option, you each get $1.
You cannot communicate - you must try to coordinate.
Note: The other agent sees the SAME options, but in a DIFFERENT order.

基本形状
Options: 矩形, 圆形, 三角形, 方形

Which option do you choose? Respond with the exact option text.",矩形,矩形,False
几何图形,"[""三角形"", ""正方形"", ""五边形"", ""六边形""]","[""正方形"", ""三角形"", ""五边形"", ""六边形""]","[""五边形"", ""三角形"", ""六边形"", ""正方形""]","You are playing a coordination game with another agent.
If you both select the SAME option, you each get $1.
You cannot communicate - you must try to coordinate.
Note: The other agent sees the SAME options, but in a DIFFERENT order.

几何图形
Options: 正方形, 三角形, 五边形, 六边形

Which option do you choose? Respond with the exact option text.",六边形,六边形,"You are playing a coordination game with another agent.
If you both select the SAME option, you each get $1.
You cannot communicate - you must try to coordinate.
Note: The other agent sees the SAME options, but in a DIFFERENT order.

几何图形
Options: 五边形, 三角形, 六边形, 正方形

Which option do you choose? Respond with the exact option text.",正方形,正方形,False
Compass Directions,"[""North"", ""South"", ""East"", ""West""]","[""North"", ""South"", ""East"", ""West""]","[""East"", ""North"", ""South"", ""West""]","You are playing a coordination game with another agent.
If you both select the SAME option, you each get $1.
You cannot communicate - you must try to coordinate.
Note: The other agent sees the SAME options, but in a DIFFERENT order.

Compass Directions
Options: North, South, East, West

Which option do you choose? Respond with the exact option text.",East,East,"You are playing a coordination game with another agent.
If you both select the SAME option, you each get $1.
You cannot communicate - you must try to coordinate.
Note: The other agent sees the SAME options, but in a DIFFERENT order.

Compass Directions
Options: East, North, South, West

Which option do you choose? Respond with the exact option text.",East,East,True
Vertical Directions,"[""Up"", ""Down"", ""Left"", ""Right""]","[""Down"", ""Up"", ""Left"", ""Right""]","[""Right"", ""Left"", ""Up"", ""Down""]","You are playing a coordination game with another agent.
If you both select the SAME option, you each get $1.
You cannot communicate - you must try to coordinate.
Note: The other agent sees the SAME options, but in a DIFFERENT order.

Vertical Directions
Options: Down, Up, Left, Right

Which option do you choose? Respond with the exact option text.",Down,Down,"You are playing a coordination game with another agent.
If you both select the SAME option, you each get $1.
You cannot communicate - you must try to coordinate.
Note: The other agent sees the SAME options, but in a DIFFERENT order.

Vertical Directions
Options: Right, Left, Up, Down

Which option do you choose? Respond with the exact option text.",Right,Right,False
Spatial Relations,"[""Above"", ""Below"", ""Left"", ""Right""]","[""Left"", ""Above"", ""Right"", ""Below""]","[""Above"", ""Left"", ""Right"", ""Below""]","You are playing a coordination game with another agent.
If you both select the SAME option, you each get $1.
You cannot communicate - you must try to coordinate.
Note: The other agent sees the SAME options, but in a DIFFERENT order.

Spatial Relations
Options: Left, Above, Right, Below

Which option do you choose? Respond with the exact option text.",Above,Above,"You are playing a coordination game with another agent.
If you both select the SAME option, you each get $1.
You cannot communicate - you must try to coordinate.
Note: The other agent sees the SAME options, but in a DIFFERENT order.

Spatial Relations
Options: Above, Left, Right, Below

Which option do you choose? Respond with the exact option text.",Above,Above,True
Extremes of Size,"[""Tiny"", ""Small"", ""Large"", ""Huge""]","[""Tiny"", ""Large"", ""Huge"", ""Small""]","[""Small"", ""Huge"", ""Tiny"", ""Large""]","You are playing a coordination game with another agent.
If you both select the SAME option, you each get $1.
You cannot communicate - you must try to coordinate.
Note: The other agent sees the SAME options, but in a DIFFERENT order.

Extremes of Size
Options: Tiny, Large, Huge, Small

Which option do you choose? Respond with the exact option text.",Huge,Huge,"You are playing a coordination game with another agent.
If you both select the SAME option, you each get $1.
You cannot communicate - you must try to coordinate.
Note: The other agent sees the SAME options, but in a DIFFERENT order.

Extremes of Size
Options: Small, Huge, Tiny, Large

Which option do you choose? Respond with the exact option text.",Small,Small,False
Extremes of Temperature,"[""Freezing"", ""Cold"", ""Hot"", ""Boiling""]","[""Hot"", ""Boiling"", ""Freezing"", ""Cold""]","[""Freezing"", ""Hot"", ""Boiling"", ""Cold""]","You are playing a coordination game with another agent.
If you both select the SAME option, you each get $1.
You cannot communicate - you must try to coordinate.
Note: The other agent sees the SAME options, but in a DIFFERENT order.

Extremes of Temperature
Options: Hot, Boiling, Freezing, Cold

Which option do you choose? Respond with the exact option text.",Hot,Hot,"You are playing a coordination game with another agent.
If you both select the SAME option, you each get $1.
You cannot communicate - you must try to coordinate.
Note: The other agent sees the SAME options, but in a DIFFERENT order.

Extremes of Temperature
Options: Freezing, Hot, Boiling, Cold

Which option do you choose? Respond with the exact option text.",Boiling,Boiling,False
方向,"[""东"", ""南"", ""西"", ""北""]","[""东"", ""北"", ""南"", ""西""]","[""东"", ""南"", ""西"", ""北""]","You are playing a coordination game with another agent.
If you both select the SAME option, you each get $1.
You cannot communicate - you must try to coordinate.
Note: The other agent sees the SAME options, but in a DIFFERENT order.

方向
Options: 东, 北, 南, 西

Which option do you choose? Respond with the exact option text.",北,北,"You are playing a coordination game with another agent.
If you both select the SAME option, you each get $1.
You cannot communicate - you must try to coordinate.
Note: The other agent sees the SAME options, but in a DIFFERENT order.

方向
Options: 东, 南, 西, 北

Which option do you choose? Respond with the exact option text.",东,东,False
空间方位,"[""上"", ""下"", ""左"", ""右""]","[""下"", ""右"", ""上"", ""左""]","[""上"", ""下"", ""右"", ""左""]","You are playing a coordination game with another agent.
If you both select the SAME option, you each get $1.
You cannot communicate - you must try to coordinate.
Note: The other agent sees the SAME options, but in a DIFFERENT order.

空间方位
Options: 下, 右, 上, 左

Which option do you choose? Respond with the exact option text.",下,下,"You are playing a coordination game with another agent.
If you both select the SAME option, you each get $1.
You cannot communicate - you must try to coordinate.
Note: The other agent sees the SAME options, but in a DIFFERENT order.

空间方位
Options: 上, 下, 右, 左

Which option do you choose? Respond with the exact option text.",上,上,False
大小极端,"[""极小"", ""小"", ""大"", ""极大""]","[""极小"", ""大"", ""小"", ""极大""]","[""极小"", ""大"", ""小"", ""极大""]","You are playing a coordination game with another agent.
If you both select the SAME option, you each get $1.
You cannot communicate - you must try to coordinate.
Note: The other agent sees the SAME options, but in a DIFFERENT order.

大小极端
Options: 极小, 大, 小, 极大

Which option do you choose? Respond with the exact option text.",小,小,"You are playing a coordination game with another agent.
If you both select the SAME option, you each get $1.
You cannot communicate - you must try to coordinate.
Note: The other agent sees the SAME options, but in a DIFFERENT order.

大小极端
Options: 极小, 大, 小, 极大

Which option do you choose? Respond with the exact option text.",极小,极小,False
温度极端,"[""冰冷"", ""冷"", ""热"", ""滚烫""]","[""滚烫"", ""冰冷"", ""冷"", ""热""]","[""冰冷"", ""滚烫"", ""冷"", ""热""]","You are playing a coordination game with another agent.
If you both select the SAME option, you each get $1.
You cannot communicate - you must try to coordinate.
Note: The other agent sees the SAME options, but in a DIFFERENT order.

温度极端
Options: 滚烫, 冰冷, 冷, 热

Which option do you choose? Respond with the exact option text.",滚烫,滚烫,"You are playing a coordination game with another agent.
If you both select the SAME option, you each get $1.
You cannot communicate - you must try to coordinate.
Note: The other agent sees the SAME options, but in a DIFFERENT order.

温度极端
Options: 冰冷, 滚烫, 冷, 热

Which option do you choose? Respond with the exact option text.",冰冷,冰冷,False
速度,"[""缓慢"", ""快"", ""迅速"", ""飞速""]","[""缓慢"", ""飞速"", ""迅速"", ""快""]","[""缓慢"", ""快"", ""迅速"", ""飞速""]","You are playing a coordination game with another agent.
If you both select the SAME option, you each get $1.
You cannot communicate - you must try to coordinate.
Note: The other agent sees the SAME options, but in a DIFFERENT order.

速度
Options: 缓慢, 飞速, 迅速, 快

Which option do you choose? Respond with the exact option text.",快,快,"You are playing a coordination game with another agent.
If you both select the SAME option, you each get $1.
You cannot communicate - you must try to coordinate.
Note: The other agent sees the SAME options, but in a DIFFERENT order.

速度
Options: 缓慢, 快, 迅速, 飞速

Which option do you choose? Respond with the exact option text.",飞速,飞速,False
Extremes of Speed,"[""Slow"", ""Fast"", ""Quick"", ""Rapid""]","[""Quick"", ""Rapid"", ""Fast"", ""Slow""]","[""Rapid"", ""Quick"", ""Slow"", ""Fast""]","You are playing a coordination game with another agent.
If you both select the SAME option, you each get $1.
You cannot communicate - you must try to coordinate.
Note: The other agent sees the SAME options, but in a DIFFERENT order.

Extremes of Speed
Options: Quick, Rapid, Fast, Slow

Which option do you choose? Respond with the exact option text.",Fast,Fast,"You are playing a coordination game with another agent.
If you both select the SAME option, you each get $1.
You cannot communicate - you must try to coordinate.
Note: The other agent sees the SAME options, but in a DIFFERENT order.

Extremes of Speed
Options: Rapid, Quick, Slow, Fast

Which option do you choose? Respond with the exact option text.",Fast,Fast,True
Extremes of Weight,"[""Feather"", ""Stone"", ""Boulder"", ""Mountain""]","[""Stone"", ""Feather"", ""Boulder"", ""Mountain""]","[""Boulder"", ""Mountain"", ""Feather"", ""Stone""]","You are playing a coordination game with another agent.
If you both select the SAME option, you each get $1.
You cannot communicate - you must try to coordinate.
Note: The other agent sees the SAME options, but in a DIFFERENT order.

Extremes of Weight
Options: Stone, Feather, Boulder, Mountain

Which option do you choose? Respond with the exact option text.",Mountain,Mountain,"You are playing a coordination game with another agent.
If you both select the SAME option, you each get $1.
You cannot communicate - you must try to coordinate.
Note: The other agent sees the SAME options, but in a DIFFERENT order.

Extremes of Weight
Options: Boulder, Mountain, Feather, Stone

Which option do you choose? Respond with the exact option text.",Boulder,Boulder,False
Light and Dark,"[""Dawn"", ""Dusk"", ""Midnight"", ""Noon""]","[""Noon"", ""Dusk"", ""Dawn"", ""Midnight""]","[""Noon"", ""Midnight"", ""Dawn"", ""Dusk""]","You are playing a coordination game with another agent.
If you both select the SAME option, you each get $1.
You cannot communicate - you must try to coordinate.
Note: The other agent sees the SAME options, but in a DIFFERENT order.

Light and Dark
Options: Noon, Dusk, Dawn, Midnight

Which option do you choose? Respond with the exact option text.",Dawn,Dawn,"You are playing a coordination game with another agent.
If you both select the SAME option, you each get $1.
You cannot communicate - you must try to coordinate.
Note: The other agent sees the SAME options, but in a DIFFERENT order.

Light and Dark
Options: Noon, Midnight, Dawn, Dusk

Which option do you choose? Respond with the exact option text.",Dawn,Dawn,True
Sound Levels,"[""Whisper"", ""Murmur"", ""Shout"", ""Scream""]","[""Whisper"", ""Scream"", ""Murmur"", ""Shout""]","[""Scream"", ""Shout"", ""Murmur"", ""Whisper""]","You are playing a coordination game with another agent.
If you both select the SAME option, you each get $1.
You cannot communicate - you must try to coordinate.
Note: The other agent sees the SAME options, but in a DIFFERENT order.

Sound Levels
Options: Whisper, Scream, Murmur, Shout

Which option do you choose? Respond with the exact option text.",Murmur,Murmur,"You are playing a coordination game with another agent.
If you both select the SAME option, you each get $1.
You cannot communicate - you must try to coordinate.
Note: The other agent sees the SAME options, but in a DIFFERENT order.

Sound Levels
Options: Scream, Shout, Murmur, Whisper

Which option do you choose? Respond with the exact option text.",Scream,Scream,False
Texture Words,"[""Smooth"", ""Rough"", ""Soft"", ""Hard""]","[""Smooth"", ""Hard"", ""Rough"", ""Soft""]","[""Rough"", ""Hard"", ""Smooth"", ""Soft""]","You are playing a coordination game with another agent.
If you both select the SAME option, you each get $1.
You cannot communicate - you must try to coordinate.
Note: The other agent sees the SAME options, but in a DIFFERENT order.

Texture Words
Options: Smooth, Hard, Rough, Soft

Which option do you choose? Respond with the exact option text.",Hard,Hard,"You are playing a coordination game with another agent.
If you both select the SAME option, you each get $1.
You cannot communicate - you must try to coordinate.
Note: The other agent sees the SAME options, but in a DIFFERENT order.

Texture Words
Options: Rough, Hard, Smooth, Soft

Which option do you choose? Respond with the exact option text.",Hard,Hard,True
明暗程度,"[""昏暗"", ""微光"", ""明亮"", ""刺眼""]","[""微光"", ""明亮"", ""昏暗"", ""刺眼""]","[""明亮"", ""微光"", ""昏暗"", ""刺眼""]","You are playing a coordination game with another agent.
If you both select the SAME option, you each get $1.
You cannot communicate - you must try to coordinate.
Note: The other agent sees the SAME options, but in a DIFFERENT order.

明暗程度
Options: 微光, 明亮, 昏暗, 刺眼

Which option do you choose? Respond with the exact option text.",微光,微光,"You are playing a coordination game with another agent.
If you both select the SAME option, you each get $1.
You cannot communicate - you must try to coordinate.
Note: The other agent sees the SAME options, but in a DIFFERENT order.

明暗程度
Options: 明亮, 微光, 昏暗, 刺眼

Which option do you choose? Respond with the exact option text.",明亮,明亮,False
声音大小,"[""耳语"", ""低语"", ""喊叫"", ""尖叫""]","[""低语"", ""尖叫"", ""耳语"", ""喊叫""]","[""喊叫"", ""低语"", ""耳语"", ""尖叫""]","You are playing a coordination game with another agent.
If you both select the SAME option, you each get $1.
You cannot communicate - you must try to coordinate.
Note: The other agent sees the SAME options, but in a DIFFERENT order.

声音大小
Options: 低语, 尖叫, 耳语, 喊叫

Which option do you choose? Respond with the exact option text.",低语,低语,"You are playing a coordination game with another agent.
If you both select the SAME option, you each get $1.
You cannot communicate - you must try to coordinate.
Note: The other agent sees the SAME options, but in a DIFFERENT order.

声音大小
Options: 喊叫, 低语, 耳语, 尖叫

Which option do you choose? Respond with the exact option text.",喊叫,喊叫,False
质感,"[""光滑"", ""粗糙"", ""柔软"", ""坚硬""]","[""光滑"", ""粗糙"", ""柔软"", ""坚硬""]","[""光滑"", ""坚硬"", ""粗糙"", ""柔软""]","You are playing a coordination game with another agent.
If you both select the SAME option, you each get $1.
You cannot communicate - you must try to coordinate.
Note: The other agent sees the SAME options, but in a DIFFERENT order.

质感
Options: 光滑, 粗糙, 柔软, 坚硬

Which option do you choose? Respond with the exact option text.",光滑,光滑,"You are playing a coordination game with another agent.
If you both select the SAME option, you each get $1.
You cannot communicate - you must try to coordinate.
Note: The other agent sees the SAME options, but in a DIFFERENT order.

质感
Options: 光滑, 坚硬, 粗糙, 柔软

Which option do you choose? Respond with the exact option text.",光滑,光滑,True
线条类型,"[""直线"", ""曲线"", ""折线"", ""螺旋""]","[""直线"", ""螺旋"", ""曲线"", ""折线""]","[""折线"", ""曲线"", ""螺旋"", ""直线""]","You are playing a coordination game with another agent.
If you both select the SAME option, you each get $1.
You cannot communicate - you must try to coordinate.
Note: The other agent sees the SAME options, but in a DIFFERENT order.

线条类型
Options: 直线, 螺旋, 曲线, 折线

Which option do you choose? Respond with the exact option text.",螺旋,螺旋,"You are playing a coordination game with another agent.
If you both select the SAME option, you each get $1.
You cannot communicate - you must try to coordinate.
Note: The other agent sees the SAME options, but in a DIFFERENT order.

线条类型
Options: 折线, 曲线, 螺旋, 直线

Which option do you choose? Respond with the exact option text.",直线,直线,False
亮度级别,"[""暗淡"", ""微亮"", ""明亮"", ""耀眼""]","[""耀眼"", ""暗淡"", ""明亮"", ""微亮""]","[""暗淡"", ""耀眼"", ""明亮"", ""微亮""]","You are playing a coordination game with another agent.
If you both select the SAME option, you each get $1.
You cannot communicate - you must try to coordinate.
Note: The other agent sees the SAME options, but in a DIFFERENT order.

亮度级别
Options: 耀眼, 暗淡, 明亮, 微亮

Which option do you choose? Respond with the exact option text.",明亮,明亮,"You are playing a coordination game with another agent.
If you both select the SAME option, you each get $1.
You cannot communicate - you must try to coordinate.
Note: The other agent sees the SAME options, but in a DIFFERENT order.

亮度级别
Options: 暗淡, 耀眼, 明亮, 微亮

Which option do you choose? Respond with the exact option text.",暗淡,暗淡,False
Basic Patterns,"[""Stripe"", ""Dot"", ""Check"", ""Wave""]","[""Dot"", ""Wave"", ""Stripe"", ""Check""]","[""Stripe"", ""Wave"", ""Dot"", ""Check""]","You are playing a coordination game with another agent.
If you both select the SAME option, you each get $1.
You cannot communicate - you must try to coordinate.
Note: The other agent sees the SAME options, but in a DIFFERENT order.

Basic Patterns
Options: Dot, Wave, Stripe, Check

Which option do you choose? Respond with the exact option text.",Dot,Dot,"You are playing a coordination game with another agent.
If you both select the SAME option, you each get $1.
You cannot communicate - you must try to coordinate.
Note: The other agent sees the SAME options, but in a DIFFERENT order.

Basic Patterns
Options: Stripe, Wave, Dot, Check

Which option do you choose? Respond with the exact option text.",Check,Check,False
Line Types,"[""Straight"", ""Curved"", ""Zigzag"", ""Spiral""]","[""Spiral"", ""Curved"", ""Zigzag"", ""Straight""]","[""Zigzag"", ""Curved"", ""Spiral"", ""Straight""]","You are playing a coordination game with another agent.
If you both select the SAME option, you each get $1.
You cannot communicate - you must try to coordinate.
Note: The other agent sees the SAME options, but in a DIFFERENT order.

Line Types
Options: Spiral, Curved, Zigzag, Straight

Which option do you choose? Respond with the exact option text.",Straight,Straight,"You are playing a coordination game with another agent.
If you both select the SAME option, you each get $1.
You cannot communicate - you must try to coordinate.
Note: The other agent sees the SAME options, but in a DIFFERENT order.

Line Types
Options: Zigzag, Curved, Spiral, Straight

Which option do you choose? Respond with the exact option text.",Curved,Curved,False
Depth Levels,"[""Surface"", ""Shallow"", ""Deep"", ""Bottomless""]","[""Deep"", ""Surface"", ""Shallow"", ""Bottomless""]","[""Bottomless"", ""Shallow"", ""Deep"", ""Surface""]","You are playing a coordination game with another agent.
If you both select the SAME option, you each get $1.
You cannot communicate - you must try to coordinate.
Note: The other agent sees the SAME options, but in a DIFFERENT order.

Depth Levels
Options: Deep, Surface, Shallow, Bottomless

Which option do you choose? Respond with the exact option text.",Bottomless,Bottomless,"You are playing a coordination game with another agent.
If you both select the SAME option, you each get $1.
You cannot communicate - you must try to coordinate.
Note: The other agent sees the SAME options, but in a DIFFERENT order.

Depth Levels
Options: Bottomless, Shallow, Deep, Surface

Which option do you choose? Respond with the exact option text.",Bottomless,Bottomless,True
Brightness Levels,"[""Dim"", ""Glow"", ""Bright"", ""Blinding""]","[""Dim"", ""Bright"", ""Blinding"", ""Glow""]","[""Blinding"", ""Bright"", ""Dim"", ""Glow""]","You are playing a coordination game with another agent.
If you both select the SAME option, you each get $1.
You cannot communicate - you must try to coordinate.
Note: The other agent sees the SAME options, but in a DIFFERENT order.

Brightness Levels
Options: Dim, Bright, Blinding, Glow

Which option do you choose? Respond with the exact option text.",Bright,Bright,"You are playing a coordination game with another agent.
If you both select the SAME option, you each get $1.
You cannot communicate - you must try to coordinate.
Note: The other agent sees the SAME options, but in a DIFFERENT order.

Brightness Levels
Options: Blinding, Bright, Dim, Glow

Which option do you choose? Respond with the exact option text.",Bright,Bright,True
Color Families,"[""Red"", ""Blue"", ""Green"", ""Black""]","[""Green"", ""Blue"", ""Red"", ""Black""]","[""Red"", ""Green"", ""Blue"", ""Black""]","You are playing a coordination game with another agent.
If you both select the SAME option, you each get $1.
You cannot communicate - you must try to coordinate.
Note: The other agent sees the SAME options, but in a DIFFERENT order.

Color Families
Options: Green, Blue, Red, Black

Which option do you choose? Respond with the exact option text.",Black,Black,"You are playing a coordination game with another agent.
If you both select the SAME option, you each get $1.
You cannot communicate - you must try to coordinate.
Note: The other agent sees the SAME options, but in a DIFFERENT order.

Color Families
Options: Red, Green, Blue, Black

Which option do you choose? Respond with the exact option text.",Red,Red,False
深浅程度,"[""表面"", ""浅"", ""深"", ""极深""]","[""深"", ""极深"", ""表面"", ""浅""]","[""表面"", ""极深"", ""浅"", ""深""]","You are playing a coordination game with another agent.
If you both select the SAME option, you each get $1.
You cannot communicate - you must try to coordinate.
Note: The other agent sees the SAME options, but in a DIFFERENT order.

深浅程度
Options: 深, 极深, 表面, 浅

Which option do you choose? Respond with the exact option text.",深,深,"You are playing a coordination game with another agent.
If you both select the SAME option, you each get $1.
You cannot communicate - you must try to coordinate.
Note: The other agent sees the SAME options, but in a DIFFERENT order.

深浅程度
Options: 表面, 极深, 浅, 深

Which option do you choose? Respond with the exact option text.",深,深,True
图案,"[""条纹"", ""圆点"", ""格子"", ""波浪""]","[""圆点"", ""格子"", ""条纹"", ""波浪""]","[""条纹"", ""格子"", ""波浪"", ""圆点""]","You are playing a coordination game with another agent.
If you both select the SAME option, you each get $1.
You cannot communicate - you must try to coordinate.
Note: The other agent sees the SAME options, but in a DIFFERENT order.

图案
Options: 圆点, 格子, 条纹, 波浪

Which option do you choose? Respond with the exact option text.",格子,格子,"You are playing a coordination game with another agent.
If you both select the SAME option, you each get $1.
You cannot communicate - you must try to coordinate.
Note: The other agent sees the SAME options, but in a DIFFERENT order.

图案
Options: 条纹, 格子, 波浪, 圆点

Which option do you choose? Respond with the exact option text.",条纹,条纹,False
颜色系列,"[""红色"", ""蓝色"", ""绿色"", ""黑色""]","[""蓝色"", ""红色"", ""黑色"", ""绿色""]","[""红色"", ""绿色"", ""蓝色"", ""黑色""]","You are playing a coordination game with another agent.
If you both select the SAME option, you each get $1.
You cannot communicate - you must try to coordinate.
Note: The other agent sees the SAME options, but in a DIFFERENT order.

颜色系列
Options: 蓝色, 红色, 黑色, 绿色

Which option do you choose? Respond with the exact option text.",蓝色,蓝色,"You are playing a coordination game with another agent.
If you both select the SAME option, you each get $1.
You cannot communicate - you must try to coordinate.
Note: The other agent sees the SAME options, but in a DIFFERENT order.

颜色系列
Options: 红色, 绿色, 蓝色, 黑色

Which option do you choose? Respond with the exact option text.",黑色,黑色,False
光线,"[""晨光"", ""暮光"", ""正午"", ""午夜""]","[""晨光"", ""午夜"", ""暮光"", ""正午""]","[""晨光"", ""正午"", ""暮光"", ""午夜""]","You are playing a coordination game with another agent.
If you both select the SAME option, you each get $1.
You cannot communicate - you must try to coordinate.
Note: The other agent sees the SAME options, but in a DIFFERENT order.

光线
Options: 晨光, 午夜, 暮光, 正午

Which option do you choose? Respond with the exact option text.",暮光,暮光,"You are playing a coordination game with another agent.
If you both select the SAME option, you each get $1.
You cannot communicate - you must try to coordinate.
Note: The other agent sees the SAME options, but in a DIFFERENT order.

光线
Options: 晨光, 正午, 暮光, 午夜

Which option do you choose? Respond with the exact option text.",正午,正午,False
声音频率,"[""低沉"", ""柔和"", ""响亮"", ""尖锐""]","[""低沉"", ""响亮"", ""柔和"", ""尖锐""]","[""尖锐"", ""响亮"", ""柔和"", ""低沉""]","You are playing a coordination game with another agent.
If you both select the SAME option, you each get $1.
You cannot communicate - you must try to coordinate.
Note: The other agent sees the SAME options, but in a DIFFERENT order.

声音频率
Options: 低沉, 响亮, 柔和, 尖锐

Which option do you choose? Respond with the exact option text.",低沉,低沉,"You are playing a coordination game with another agent.
If you both select the SAME option, you each get $1.
You cannot communicate - you must try to coordinate.
Note: The other agent sees the SAME options, but in a DIFFERENT order.

声音频率
Options: 尖锐, 响亮, 柔和, 低沉

Which option do you choose? Respond with the exact option text.",低沉,低沉,True
Single Digit Numbers,"[""7"", ""3"", ""5"", ""9""]","[""5"", ""7"", ""9"", ""3""]","[""9"", ""7"", ""3"", ""5""]","You are playing a coordination game with another agent.
If you both select the SAME option, you each get $1.
You cannot communicate - you must try to coordinate.
Note: The other agent sees the SAME options, but in a DIFFERENT order.

Single Digit Numbers
Options: 5, 7, 9, 3

Which option do you choose? Respond with the exact option text.",3,3,"You are playing a coordination game with another agent.
If you both select the SAME option, you each get $1.
You cannot communicate - you must try to coordinate.
Note: The other agent sees the SAME options, but in a DIFFERENT order.

Single Digit Numbers
Options: 9, 7, 3, 5

Which option do you choose? Respond with the exact option text.",3,3,True
Round Numbers,"[""10"", ""50"", ""100"", ""1000""]","[""10"", ""1000"", ""50"", ""100""]","[""1000"", ""50"", ""100"", ""10""]","You are playing a coordination game with another agent.
If you both select the SAME option, you each get $1.
You cannot communicate - you must try to coordinate.
Note: The other agent sees the SAME options, but in a DIFFERENT order.

Round Numbers
Options: 10, 1000, 50, 100

Which option do you choose? Respond with the exact option text.",10,10,"You are playing a coordination game with another agent.
If you both select the SAME option, you each get $1.
You cannot communicate - you must try to coordinate.
Note: The other agent sees the SAME options, but in a DIFFERENT order.

Round Numbers
Options: 1000, 50, 100, 10

Which option do you choose? Respond with the exact option text.",10,10,True
Lucky Numbers,"[""7"", ""8"", ""3"", ""11""]","[""7"", ""3"", ""11"", ""8""]","[""11"", ""3"", ""8"", ""7""]","You are playing a coordination game with another agent.
If you both select the SAME option, you each get $1.
You cannot communicate - you must try to coordinate.
Note: The other agent sees the SAME options, but in a DIFFERENT order.

Lucky Numbers
Options: 7, 3, 11, 8

Which option do you choose? Respond with the exact option text.",3,3,"You are playing a coordination game with another agent.
If you both select the SAME option, you each get $1.
You cannot communicate - you must try to coordinate.
Note: The other agent sees the SAME options, but in a DIFFERENT order.

Lucky Numbers
Options: 11, 3, 8, 7

Which option do you choose? Respond with the exact option text.",11,11,False
Even Numbers,"[""2"", ""4"", ""6"", ""8""]","[""6"", ""2"", ""8"", ""4""]","[""4"", ""8"", ""2"", ""6""]","You are playing a coordination game with another agent.
If you both select the SAME option, you each get $1.
You cannot communicate - you must try to coordinate.
Note: The other agent sees the SAME options, but in a DIFFERENT order.

Even Numbers
Options: 6, 2, 8, 4

Which option do you choose? Respond with the exact option text.",2,2,"You are playing a coordination game with another agent.
If you both select the SAME option, you each get $1.
You cannot communicate - you must try to coordinate.
Note: The other agent sees the SAME options, but in a DIFFERENT order.

Even Numbers
Options: 4, 8, 2, 6

Which option do you choose? Respond with the exact option text.",2,2,True
Odd Numbers,"[""3"", ""5"", ""7"", ""9""]","[""9"", ""7"", ""5"", ""3""]","[""3"", ""9"", ""5"", ""7""]","You are playing a coordination game with another agent.
If you both select the SAME option, you each get $1.
You cannot communicate - you must try to coordinate.
Note: The other agent sees the SAME options, but in a DIFFERENT order.

Odd Numbers
Options: 9, 7, 5, 3

Which option do you choose? Respond with the exact option text.",9,9,"You are playing a coordination game with another agent.
If you both select the SAME option, you each get $1.
You cannot communicate - you must try to coordinate.
Note: The other agent sees the SAME options, but in a DIFFERENT order.

Odd Numbers
Options: 3, 9, 5, 7

Which option do you choose? Respond with the exact option text.",3,3,False
个位数字,"[""7"", ""3"", ""5"", ""9""]","[""7"", ""5"", ""3"", ""9""]","[""9"", ""5"", ""3"", ""7""]","You are playing a coordination game with another agent.
If you both select the SAME option, you each get $1.
You cannot communicate - you must try to coordinate.
Note: The other agent sees the SAME options, but in a DIFFERENT order.

个位数字
Options: 7, 5, 3, 9

Which option do you choose? Respond with the exact option text.",9,9,"You are playing a coordination game with another agent.
If you both select the SAME option, you each get $1.
You cannot communicate - you must try to coordinate.
Note: The other agent sees the SAME options, but in a DIFFERENT order.

个位数字
Options: 9, 5, 3, 7

Which option do you choose? Respond with the exact option text.",3,3,False
整数,"[""10"", ""50"", ""100"", ""1000""]","[""10"", ""50"", ""100"", ""1000""]","[""100"", ""1000"", ""50"", ""10""]","You are playing a coordination game with another agent.
If you both select the SAME option, you each get $1.
You cannot communicate - you must try to coordinate.
Note: The other agent sees the SAME options, but in a DIFFERENT order.

整数
Options: 10, 50, 100, 1000

Which option do you choose? Respond with the exact option text.",10,10,"You are playing a coordination game with another agent.
If you both select the SAME option, you each get $1.
You cannot communicate - you must try to coordinate.
Note: The other agent sees the SAME options, but in a DIFFERENT order.

整数
Options: 100, 1000, 50, 10

Which option do you choose? Respond with the exact option text.",1000,1000,False
幸运数字,"[""8"", ""6"", ""9"", ""3""]","[""9"", ""8"", ""6"", ""3""]","[""8"", ""3"", ""9"", ""6""]","You are playing a coordination game with another agent.
If you both select the SAME option, you each get $1.
You cannot communicate - you must try to coordinate.
Note: The other agent sees the SAME options, but in a DIFFERENT order.

幸运数字
Options: 9, 8, 6, 3

Which option do you choose? Respond with the exact option text.",9,9,"You are playing a coordination game with another agent.
If you both select the SAME option, you each get $1.
You cannot communicate - you must try to coordinate.
Note: The other agent sees the SAME options, but in a DIFFERENT order.

幸运数字
Options: 8, 3, 9, 6

Which option do you choose? Respond with the exact option text.",9,9,True
偶数,"[""2"", ""4"", ""6"", ""8""]","[""6"", ""8"", ""2"", ""4""]","[""8"", ""6"", ""2"", ""4""]","You are playing a coordination game with another agent.
If you both select the SAME option, you each get $1.
You cannot communicate - you must try to coordinate.
Note: The other agent sees the SAME options, but in a DIFFERENT order.

偶数
Options: 6, 8, 2, 4

Which option do you choose? Respond with the exact option text.",2,2,"You are playing a coordination game with another agent.
If you both select the SAME option, you each get $1.
You cannot communicate - you must try to coordinate.
Note: The other agent sees the SAME options, but in a DIFFERENT order.

偶数
Options: 8, 6, 2, 4

Which option do you choose? Respond with the exact option text.",2,2,True
奇数,"[""3"", ""5"", ""7"", ""9""]","[""5"", ""7"", ""9"", ""3""]","[""9"", ""3"", ""5"", ""7""]","You are playing a coordination game with another agent.
If you both select the SAME option, you each get $1.
You cannot communicate - you must try to coordinate.
Note: The other agent sees the SAME options, but in a DIFFERENT order.

奇数
Options: 5, 7, 9, 3

Which option do you choose? Respond with the exact option text.",9,9,"You are playing a coordination game with another agent.
If you both select the SAME option, you each get $1.
You cannot communicate - you must try to coordinate.
Note: The other agent sees the SAME options, but in a DIFFERENT order.

奇数
Options: 9, 3, 5, 7

Which option do you choose? Respond with the exact option text.",3,3,False
Times of Day,"[""Morning"", ""Afternoon"", ""Evening"", ""Night""]","[""Afternoon"", ""Morning"", ""Evening"", ""Night""]","[""Afternoon"", ""Night"", ""Evening"", ""Morning""]","You are playing a coordination game with another agent.
If you both select the SAME option, you each get $1.
You cannot communicate - you must try to coordinate.
Note: The other agent sees the SAME options, but in a DIFFERENT order.

Times of Day
Options: Afternoon, Morning, Evening, Night

Which option do you choose? Respond with the exact option text.",Afternoon,Afternoon,"You are playing a coordination game with another agent.
If you both select the SAME option, you each get $1.
You cannot communicate - you must try to coordinate.
Note: The other agent sees the SAME options, but in a DIFFERENT order.

Times of Day
Options: Afternoon, Night, Evening, Morning

Which option do you choose? Respond with the exact option text.",Afternoon,Afternoon,True
Days of the Week,"[""Monday"", ""Wednesday"", ""Friday"", ""Sunday""]","[""Friday"", ""Wednesday"", ""Sunday"", ""Monday""]","[""Friday"", ""Sunday"", ""Wednesday"", ""Monday""]","You are playing a coordination game with another agent.
If you both select the SAME option, you each get $1.
You cannot communicate - you must try to coordinate.
Note: The other agent sees the SAME options, but in a DIFFERENT order.

Days of the Week
Options: Friday, Wednesday, Sunday, Monday

Which option do you choose? Respond with the exact option text.",Friday,Friday,"You are playing a coordination game with another agent.
If you both select the SAME option, you each get $1.
You cannot communicate - you must try to coordinate.
Note: The other agent sees the SAME options, but in a DIFFERENT order.

Days of the Week
Options: Friday, Sunday, Wednesday, Monday

Which option do you choose? Respond with the exact option text.",Friday,Friday,True
Seasons,"[""Spring"", ""Summer"", ""Autumn"", ""Winter""]","[""Spring"", ""Autumn"", ""Winter"", ""Summer""]","[""Autumn"", ""Summer"", ""Winter"", ""Spring""]","You are playing a coordination game with another agent.
If you both select the SAME option, you each get $1.
You cannot communicate - you must try to coordinate.
Note: The other agent sees the SAME options, but in a DIFFERENT order.

Seasons
Options: Spring, Autumn, Winter, Summer

Which option do you choose? Respond with the exact option text.",Autumn,Autumn,"You are playing a coordination game with another agent.
If you both select the SAME option, you each get $1.
You cannot communicate - you must try to coordinate.
Note: The other agent sees the SAME options, but in a DIFFERENT order.

Seasons
Options: Autumn, Summer, Winter, Spring

Which option do you choose? Respond with the exact option text.",Autumn,Autumn,True
Months,"[""January"", ""June"", ""September"", ""December""]","[""December"", ""June"", ""January"", ""September""]","[""June"", ""September"", ""January"", ""December""]","You are playing a coordination game with another agent.
If you both select the SAME option, you each get $1.
You cannot communicate - you must try to coordinate.
Note: The other agent sees the SAME options, but in a DIFFERENT order.

Months
Options: December, June, January, September

Which option do you choose? Respond with the exact option text.",January,January,"You are playing a coordination game with another agent.
If you both select the SAME option, you each get $1.
You cannot communicate - you must try to coordinate.
Note: The other agent sees the SAME options, but in a DIFFERENT order.

Months
Options: June, September, January, December

Which option do you choose? Respond with the exact option text.",December,December,False
Basic Emotions,"[""Happy"", ""Sad"", ""Angry"", ""Afraid""]","[""Happy"", ""Sad"", ""Afraid"", ""Angry""]","[""Afraid"", ""Happy"", ""Angry"", ""Sad""]","You are playing a coordination game with another agent.
If you both select the SAME option, you each get $1.
You cannot communicate - you must try to coordinate.
Note: The other agent sees the SAME options, but in a DIFFERENT order.

Basic Emotions
Options: Happy, Sad, Afraid, Angry

Which option do you choose? Respond with the exact option text.",Afraid,Afraid,"You are playing a coordination game with another agent.
If you both select the SAME option, you each get $1.
You cannot communicate - you must try to coordinate.
Note: The other agent sees the SAME options, but in a DIFFERENT order.

Basic Emotions
Options: Afraid, Happy, Angry, Sad

Which option do you choose? Respond with the exact option text.",Happy,Happy,False
一天中的时间,"[""早上"", ""下午"", ""傍晚"", ""深夜""]","[""深夜"", ""下午"", ""傍晚"", ""早上""]","[""早上"", ""下午"", ""深夜"", ""傍晚""]","You are playing a coordination game with another agent.
If you both select the SAME option, you each get $1.
You cannot communicate - you must try to coordinate.
Note: The other agent sees the SAME options, but in a DIFFERENT order.

一天中的时间
Options: 深夜, 下午, 傍晚, 早上

Which option do you choose? Respond with the exact option text.",早上,早上,"You are playing a coordination game with another agent.
If you both select the SAME option, you each get $1.
You cannot communicate - you must try to coordinate.
Note: The other agent sees the SAME options, but in a DIFFERENT order.

一天中的时间
Options: 早上, 下午, 深夜, 傍晚

Which option do you choose? Respond with the exact option text.",傍晚,傍晚,False
一周的日子,"[""周一"", ""周三"", ""周五"", ""周日""]","[""周五"", ""周三"", ""周一"", ""周日""]","[""周五"", ""周日"", ""周一"", ""周三""]","You are playing a coordination game with another agent.
If you both select the SAME option, you each get $1.
You cannot communicate - you must try to coordinate.
Note: The other agent sees the SAME options, but in a DIFFERENT order.

一周的日子
Options: 周五, 周三, 周一, 周日

Which option do you choose? Respond with the exact option text.",周一,周一,"You are playing a coordination game with another agent.
If you both select the SAME option, you each get $1.
You cannot communicate - you must try to coordinate.
Note: The other agent sees the SAME options, but in a DIFFERENT order.

一周的日子
Options: 周五, 周日, 周一, 周三

Which option do you choose? Respond with the exact option text.",周一,周一,True
季节,"[""春天"", ""夏天"", ""秋天"", ""冬天""]","[""冬天"", ""夏天"", ""春天"", ""秋天""]","[""夏天"", ""冬天"", ""春天"", ""秋天""]","You are playing a coordination game with another agent.
If you both select the SAME option, you each get $1.
You cannot communicate - you must try to coordinate.
Note: The other agent sees the SAME options, but in a DIFFERENT order.

季节
Options: 冬天, 夏天, 春天, 秋天

Which option do you choose? Respond with the exact option text.",春天,春天,"You are playing a coordination game with another agent.
If you both select the SAME option, you each get $1.
You cannot communicate - you must try to coordinate.
Note: The other agent sees the SAME options, but in a DIFFERENT order.

季节
Options: 夏天, 冬天, 春天, 秋天

Which option do you choose? Respond with the exact option text.",春天,春天,True
月份,"[""一月"", ""六月"", ""九月"", ""十二月""]","[""九月"", ""一月"", ""十二月"", ""六月""]","[""一月"", ""十二月"", ""六月"", ""九月""]","You are playing a coordination game with another agent.
If you both select the SAME option, you each get $1.
You cannot communicate - you must try to coordinate.
Note: The other agent sees the SAME options, but in a DIFFERENT order.

月份
Options: 九月, 一月, 十二月, 六月

Which option do you choose? Respond with the exact option text.",一月,一月,"You are playing a coordination game with another agent.
If you both select the SAME option, you each get $1.
You cannot communicate - you must try to coordinate.
Note: The other agent sees the SAME options, but in a DIFFERENT order.

月份
Options: 一月, 十二月, 六月, 九月

Which option do you choose? Respond with the exact option text.",一月,一月,True
基本情绪,"[""开心"", ""难过"", ""生气"", ""害怕""]","[""生气"", ""难过"", ""害怕"", ""开心""]","[""害怕"", ""难过"", ""生气"", ""开心""]","You are playing a coordination game with another agent.
If you both select the SAME option, you each get $1.
You cannot communicate - you must try to coordinate.
Note: The other agent sees the SAME options, but in a DIFFERENT order.

基本情绪
Options: 生气, 难过, 害怕, 开心

Which option do you choose? Respond with the exact option text.",开心,开心,"You are playing a coordination game with another agent.
If you both select the SAME option, you each get $1.
You cannot communicate - you must try to coordinate.
Note: The other agent sees the SAME options, but in a DIFFERENT order.

基本情绪
Options: 害怕, 难过, 生气, 开心

Which option do you choose? Respond with the exact option text.",开心,开心,True
Positive Feelings,"[""Joy"", ""Love"", ""Hope"", ""Gratitude""]","[""Gratitude"", ""Love"", ""Joy"", ""Hope""]","[""Love"", ""Gratitude"", ""Joy"", ""Hope""]","You are playing a coordination game with another agent.
If you both select the SAME option, you each get $1.
You cannot communicate - you must try to coordinate.
Note: The other agent sees the SAME options, but in a DIFFERENT order.

Positive Feelings
Options: Gratitude, Love, Joy, Hope

Which option do you choose? Respond with the exact option text.",Gratitude,Gratitude,"You are playing a coordination game with another agent.
If you both select the SAME option, you each get $1.
You cannot communicate - you must try to coordinate.
Note: The other agent sees the SAME options, but in a DIFFERENT order.

Positive Feelings
Options: Love, Gratitude, Joy, Hope

Which option do you choose? Respond with the exact option text.",Love,Love,False
Negative Feelings,"[""Anger"", ""Sadness"", ""Fear"", ""Disgust""]","[""Disgust"", ""Fear"", ""Sadness"", ""Anger""]","[""Disgust"", ""Sadness"", ""Fear"", ""Anger""]","You are playing a coordination game with another agent.
If you both select the SAME option, you each get $1.
You cannot communicate - you must try to coordinate.
Note: The other agent sees the SAME options, but in a DIFFERENT order.

Negative Feelings
Options: Disgust, Fear, Sadness, Anger

Which option do you choose? Respond with the exact option text.",Anger,Anger,"You are playing a coordination game with another agent.
If you both select the SAME option, you each get $1.
You cannot communicate - you must try to coordinate.
Note: The other agent sees the SAME options, but in a DIFFERENT order.

Negative Feelings
Options: Disgust, Sadness, Fear, Anger

Which option do you choose? Respond with the exact option text.",Anger,Anger,True
Social Emotions,"[""Pride"", ""Shame"", ""Guilt"", ""Envy""]","[""Shame"", ""Envy"", ""Pride"", ""Guilt""]","[""Guilt"", ""Shame"", ""Envy"", ""Pride""]","You are playing a coordination game with another agent.
If you both select the SAME option, you each get $1.
You cannot communicate - you must try to coordinate.
Note: The other agent sees the SAME options, but in a DIFFERENT order.

Social Emotions
Options: Shame, Envy, Pride, Guilt

Which option do you choose? Respond with the exact option text.",Pride,Pride,"You are playing a coordination game with another agent.
If you both select the SAME option, you each get $1.
You cannot communicate - you must try to coordinate.
Note: The other agent sees the SAME options, but in a DIFFERENT order.

Social Emotions
Options: Guilt, Shame, Envy, Pride

Which option do you choose? Respond with the exact option text.",Pride,Pride,True
Calm Emotions,"[""Peace"", ""Contentment"", ""Serenity"", ""Relief""]","[""Contentment"", ""Relief"", ""Peace"", ""Serenity""]","[""Peace"", ""Serenity"", ""Contentment"", ""Relief""]","You are playing a coordination game with another agent.
If you both select the SAME option, you each get $1.
You cannot communicate - you must try to coordinate.
Note: The other agent sees the SAME options, but in a DIFFERENT order.

Calm Emotions
Options: Contentment, Relief, Peace, Serenity

Which option do you choose? Respond with the exact option text.",Contentment,Contentment,"You are playing a coordination game with another agent.
If you both select the SAME option, you each get $1.
You cannot communicate - you must try to coordinate.
Note: The other agent sees the SAME options, but in a DIFFERENT order.

Calm Emotions
Options: Peace, Serenity, Contentment, Relief

Which option do you choose? Respond with the exact option text.",Peace,Peace,False
Intense Emotions,"[""Rage"", ""Euphoria"", ""Terror"", ""Ecstasy""]","[""Euphoria"", ""Ecstasy"", ""Terror"", ""Rage""]","[""Ecstasy"", ""Euphoria"", ""Terror"", ""Rage""]","You are playing a coordination game with another agent.
If you both select the SAME option, you each get $1.
You cannot communicate - you must try to coordinate.
Note: The other agent sees the SAME options, but in a DIFFERENT order.

Intense Emotions
Options: Euphoria, Ecstasy, Terror, Rage

Which option do you choose? Respond with the exact option text.",Euphoria,Euphoria,"You are playing a coordination game with another agent.
If you both select the SAME option, you each get $1.
You cannot communicate - you must try to coordinate.
Note: The other agent sees the SAME options, but in a DIFFERENT order.

Intense Emotions
Options: Ecstasy, Euphoria, Terror, Rage

Which option do you choose? Respond with the exact option text.",Ecstasy,Ecstasy,False
积极情绪,"[""喜悦"", ""爱"", ""希望"", ""感恩""]","[""爱"", ""感恩"", ""希望"", ""喜悦""]","[""感恩"", ""爱"", ""喜悦"", ""希望""]","You are playing a coordination game with another agent.
If you both select the SAME option, you each get $1.
You cannot communicate - you must try to coordinate.
Note: The other agent sees the SAME options, but in a DIFFERENT order.

积极情绪
Options: 爱, 感恩, 希望, 喜悦

Which option do you choose? Respond with the exact option text.",爱,爱,"You are playing a coordination game with another agent.
If you both select the SAME option, you each get $1.
You cannot communicate - you must try to coordinate.
Note: The other agent sees the SAME options, but in a DIFFERENT order.

积极情绪
Options: 感恩, 爱, 喜悦, 希望

Which option do you choose? Respond with the exact option text.",爱,爱,True
消极情绪,"[""愤怒"", ""悲伤"", ""恐惧"", ""厌恶""]","[""愤怒"", ""厌恶"", ""恐惧"", ""悲伤""]","[""悲伤"", ""厌恶"", ""恐惧"", ""愤怒""]","You are playing a coordination game with another agent.
If you both select the SAME option, you each get $1.
You cannot communicate - you must try to coordinate.
Note: The other agent sees the SAME options, but in a DIFFERENT order.

消极情绪
Options: 愤怒, 厌恶, 恐惧, 悲伤

Which option do you choose? Respond with the exact option text.",愤怒,愤怒,"You are playing a coordination game with another agent.
If you both select the SAME option, you each get $1.
You cannot communicate - you must try to coordinate.
Note: The other agent sees the SAME options, but in a DIFFERENT order.

消极情绪
Options: 悲伤, 厌恶, 恐惧, 愤怒

Which option do you choose? Respond with the exact option text.",悲伤,悲伤,False
社会情绪,"[""骄傲"", ""羞耻"", ""内疚"", ""嫉妒""]","[""骄傲"", ""嫉妒"", ""羞耻"", ""内疚""]","[""羞耻"", ""内疚"", ""骄傲"", ""嫉妒""]","You are playing a coordination game with another agent.
If you both select the SAME option, you each get $1.
You cannot communicate - you must try to coordinate.
Note: The other agent sees the SAME options, but in a DIFFERENT order.

社会情绪
Options: 骄傲, 嫉妒, 羞耻, 内疚

Which option do you choose? Respond with the exact option text.",内疚,内疚,"You are playing a coordination game with another agent.
If you both select the SAME option, you each get $1.
You cannot communicate - you must try to coordinate.
Note: The other agent sees the SAME options, but in a DIFFERENT order.

社会情绪
Options: 羞耻, 内疚, 骄傲, 嫉妒

Which option do you choose? Respond with the exact option text.",羞耻,羞耻,False
平静情绪,"[""平和"", ""满足"", ""安宁"", ""释然""]","[""满足"", ""释然"", ""平和"", ""安宁""]","[""平和"", ""满足"", ""安宁"", ""释然""]","You are playing a coordination game with another agent.
If you both select the SAME option, you each get $1.
You cannot communicate - you must try to coordinate.
Note: The other agent sees the SAME options, but in a DIFFERENT order.

平静情绪
Options: 满足, 释然, 平和, 安宁

Which option do you choose? Respond with the exact option text.",安宁,安宁,"You are playing a coordination game with another agent.
If you both select the SAME option, you each get $1.
You cannot communicate - you must try to coordinate.
Note: The other agent sees the SAME options, but in a DIFFERENT order.

平静情绪
Options: 平和, 满足, 安宁, 释然

Which option do you choose? Respond with the exact option text.",释然,释然,False
强烈情绪,"[""暴怒"", ""狂喜"", ""恐惧"", ""兴奋""]","[""狂喜"", ""恐惧"", ""暴怒"", ""兴奋""]","[""暴怒"", ""狂喜"", ""兴奋"", ""恐惧""]","You are playing a coordination game with another agent.
If you both select the SAME option, you each get $1.
You cannot communicate - you must try to coordinate.
Note: The other agent sees the SAME options, but in a DIFFERENT order.

强烈情绪
Options: 狂喜, 恐惧, 暴怒, 兴奋

Which option do you choose? Respond with the exact option text.",兴奋,兴奋,"You are playing a coordination game with another agent.
If you both select the SAME option, you each get $1.
You cannot communicate - you must try to coordinate.
Note: The other agent sees the SAME options, but in a DIFFERENT order.

强烈情绪
Options: 暴怒, 狂喜, 兴奋, 恐惧

Which option do you choose? Respond with the exact option text.",恐惧,恐惧,False
Morning Hours,"[""6 AM"", ""7 AM"", ""8 AM"", ""9 AM""]","[""8 AM"", ""6 AM"", ""7 AM"", ""9 AM""]","[""8 AM"", ""9 AM"", ""6 AM"", ""7 AM""]","You are playing a coordination game with another agent.
If you both select the SAME option, you each get $1.
You cannot communicate - you must try to coordinate.
Note: The other agent sees the SAME options, but in a DIFFERENT order.

Morning Hours
Options: 8 AM, 6 AM, 7 AM, 9 AM

Which option do you choose? Respond with the exact option text.",6 AM,6 AM,"You are playing a coordination game with another agent.
If you both select the SAME option, you each get $1.
You cannot communicate - you must try to coordinate.
Note: The other agent sees the SAME options, but in a DIFFERENT order.

Morning Hours
Options: 8 AM, 9 AM, 6 AM, 7 AM

Which option do you choose? Respond with the exact option text.",6 AM,6 AM,True
Time Periods,"[""Hour"", ""Day"", ""Week"", ""Month""]","[""Day"", ""Hour"", ""Week"", ""Month""]","[""Hour"", ""Day"", ""Week"", ""Month""]","You are playing a coordination game with another agent.
If you both select the SAME option, you each get $1.
You cannot communicate - you must try to coordinate.
Note: The other agent sees the SAME options, but in a DIFFERENT order.

Time Periods
Options: Day, Hour, Week, Month

Which option do you choose? Respond with the exact option text.",Day,Day,"You are playing a coordination game with another agent.
If you both select the SAME option, you each get $1.
You cannot communicate - you must try to coordinate.
Note: The other agent sees the SAME options, but in a DIFFERENT order.

Time Periods
Options: Hour, Day, Week, Month

Which option do you choose? Respond with the exact option text.",Day,Day,True
Clock Times,"[""12:00"", ""3:00"", ""6:00"", ""9:00""]","[""6:00"", ""12:00"", ""9:00"", ""3:00""]","[""6:00"", ""9:00"", ""3:00"", ""12:00""]","You are playing a coordination game with another agent.
If you both select the SAME option, you each get $1.
You cannot communicate - you must try to coordinate.
Note: The other agent sees the SAME options, but in a DIFFERENT order.

Clock Times
Options: 6:00, 12:00, 9:00, 3:00

Which option do you choose? Respond with the exact option text.",6:00,6:00,"You are playing a coordination game with another agent.
If you both select the SAME option, you each get $1.
You cannot communicate - you must try to coordinate.
Note: The other agent sees the SAME options, but in a DIFFERENT order.

Clock Times
Options: 6:00, 9:00, 3:00, 12:00

Which option do you choose? Respond with the exact option text.",3:00,3:00,False
Holiday Seasons,"[""Christmas"", ""New Year"", ""Halloween"", ""Easter""]","[""New Year"", ""Easter"", ""Halloween"", ""Christmas""]","[""New Year"", ""Christmas"", ""Easter"", ""Halloween""]","You are playing a coordination game with another agent.
If you both select the SAME option, you each get $1.
You cannot communicate - you must try to coordinate.
Note: The other agent sees the SAME options, but in a DIFFERENT order.

Holiday Seasons
Options: New Year, Easter, Halloween, Christmas

Which option do you choose? Respond with the exact option text.",Christmas,Christmas,"You are playing a coordination game with another agent.
If you both select the SAME option, you each get $1.
You cannot communicate - you must try to coordinate.
Note: The other agent sees the SAME options, but in a DIFFERENT order.

Holiday Seasons
Options: New Year, Christmas, Easter, Halloween

Which option do you choose? Respond with the exact option text.",Christmas,Christmas,True
Year Divisions,"[""January"", ""April"", ""July"", ""October""]","[""October"", ""January"", ""April"", ""July""]","[""October"", ""July"", ""January"", ""April""]","You are playing a coordination game with another agent.
If you both select the SAME option, you each get $1.
You cannot communicate - you must try to coordinate.
Note: The other agent sees the SAME options, but in a DIFFERENT order.

Year Divisions
Options: October, January, April, July

Which option do you choose? Respond with the exact option text.",April,April,"You are playing a coordination game with another agent.
If you both select the SAME option, you each get $1.
You cannot communicate - you must try to coordinate.
Note: The other agent sees the SAME options, but in a DIFFERENT order.

Year Divisions
Options: October, July, January, April

Which option do you choose? Respond with the exact option text.",April,April,True
时段,"[""清晨"", ""上午"", ""下午"", ""傍晚""]","[""下午"", ""清晨"", ""傍晚"", ""上午""]","[""清晨"", ""傍晚"", ""上午"", ""下午""]","You are playing a coordination game with another agent.
If you both select the SAME option, you each get $1.
You cannot communicate - you must try to coordinate.
Note: The other agent sees the SAME options, but in a DIFFERENT order.

时段
Options: 下午, 清晨, 傍晚, 上午

Which option do you choose? Respond with the exact option text.",上午,上午,"You are playing a coordination game with another agent.
If you both select the SAME option, you each get $1.
You cannot communicate - you must try to coordinate.
Note: The other agent sees the SAME options, but in a DIFFERENT order.

时段
Options: 清晨, 傍晚, 上午, 下午

Which option do you choose? Respond with the exact option text.",上午,上午,True
时间单位,"[""小时"", ""天"", ""周"", ""月""]","[""月"", ""周"", ""小时"", ""天""]","[""小时"", ""天"", ""月"", ""周""]","You are playing a coordination game with another agent.
If you both select the SAME option, you each get $1.
You cannot communicate - you must try to coordinate.
Note: The other agent sees the SAME options, but in a DIFFERENT order.

时间单位
Options: 月, 周, 小时, 天

Which option do you choose? Respond with the exact option text.",天,天,"You are playing a coordination game with another agent.
If you both select the SAME option, you each get $1.
You cannot communicate - you must try to coordinate.
Note: The other agent sees the SAME options, but in a DIFFERENT order.

时间单位
Options: 小时, 天, 月, 周

Which option do you choose? Respond with the exact option text.",小时,小时,False
钟点,"[""12点"", ""3点"", ""6点"", ""9点""]","[""3点"", ""9点"", ""6点"", ""12点""]","[""6点"", ""3点"", ""12点"", ""9点""]","You are playing a coordination game with another agent.
If you both select the SAME option, you each get $1.
You cannot communicate - you must try to coordinate.
Note: The other agent sees the SAME options, but in a DIFFERENT order.

钟点
Options: 3点, 9点, 6点, 12点

Which option do you choose? Respond with the exact option text.",12点,12点,"You are playing a coordination game with another agent.
If you both select the SAME option, you each get $1.
You cannot communicate - you must try to coordinate.
Note: The other agent sees the SAME options, but in a DIFFERENT order.

钟点
Options: 6点, 3点, 12点, 9点

Which option do you choose? Respond with the exact option text.",3点,3点,False
节气,"[""立春"", ""清明"", ""立秋"", ""冬至""]","[""清明"", ""立春"", ""立秋"", ""冬至""]","[""立春"", ""清明"", ""立秋"", ""冬至""]","You are playing a coordination game with another agent.
If you both select the SAME option, you each get $1.
You cannot communicate - you must try to coordinate.
Note: The other agent sees the SAME options, but in a DIFFERENT order.

节气
Options: 清明, 立春, 立秋, 冬至

Which option do you choose? Respond with the exact option text.",冬至,冬至,"You are playing a coordination game with another agent.
If you both select the SAME option, you each get $1.
You cannot communicate - you must try to coordinate.
Note: The other agent sees the SAME options, but in a DIFFERENT order.

节气
Options: 立春, 清明, 立秋, 冬至

Which option do you choose? Respond with the exact option text.",立春,立春,False
年份划分,"[""正月"", ""四月"", ""七月"", ""十月""]","[""十月"", ""正月"", ""四月"", ""七月""]","[""正月"", ""七月"", ""四月"", ""十月""]","You are playing a coordination game with another agent.
If you both select the SAME option, you each get $1.
You cannot communicate - you must try to coordinate.
Note: The other agent sees the SAME options, but in a DIFFERENT order.

年份划分
Options: 十月, 正月, 四月, 七月

Which option do you choose? Respond with the exact option text.",十月,十月,"You are playing a coordination game with another agent.
If you both select the SAME option, you each get $1.
You cannot communicate - you must try to coordinate.
Note: The other agent sees the SAME options, but in a DIFFERENT order.

年份划分
Options: 正月, 七月, 四月, 十月

Which option do you choose? Respond with the exact option text.",七月,七月,False
Farm Animals,"[""Cow"", ""Pig"", ""Sheep"", ""Chicken""]","[""Chicken"", ""Cow"", ""Sheep"", ""Pig""]","[""Pig"", ""Chicken"", ""Cow"", ""Sheep""]","You are playing a coordination game with another agent.
If you both select the SAME option, you each get $1.
You cannot communicate - you must try to coordinate.
Note: The other agent sees the SAME options, but in a DIFFERENT order.

Farm Animals
Options: Chicken, Cow, Sheep, Pig

Which option do you choose? Respond with the exact option text.",Chicken,Chicken,"You are playing a coordination game with another agent.
If you both select the SAME option, you each get $1.
You cannot communicate - you must try to coordinate.
Note: The other agent sees the SAME options, but in a DIFFERENT order.

Farm Animals
Options: Pig, Chicken, Cow, Sheep

Which option do you choose? Respond with the exact option text.",Chicken,Chicken,True
Wild Animals,"[""Lion"", ""Elephant"", ""Tiger"", ""Bear""]","[""Bear"", ""Lion"", ""Elephant"", ""Tiger""]","[""Tiger"", ""Elephant"", ""Bear"", ""Lion""]","You are playing a coordination game with another agent.
If you both select the SAME option, you each get $1.
You cannot communicate - you must try to coordinate.
Note: The other agent sees the SAME options, but in a DIFFERENT order.

Wild Animals
Options: Bear, Lion, Elephant, Tiger

Which option do you choose? Respond with the exact option text.",Bear,Bear,"You are playing a coordination game with another agent.
If you both select the SAME option, you each get $1.
You cannot communicate - you must try to coordinate.
Note: The other agent sees the SAME options, but in a DIFFERENT order.

Wild Animals
Options: Tiger, Elephant, Bear, Lion

Which option do you choose? Respond with the exact option text.",Elephant,Elephant,False
Pet Animals,"[""Dog"", ""Cat"", ""Fish"", ""Hamster""]","[""Cat"", ""Dog"", ""Hamster"", ""Fish""]","[""Cat"", ""Hamster"", ""Fish"", ""Dog""]","You are playing a coordination game with another agent.
If you both select the SAME option, you each get $1.
You cannot communicate - you must try to coordinate.
Note: The other agent sees the SAME options, but in a DIFFERENT order.

Pet Animals
Options: Cat, Dog, Hamster, Fish

Which option do you choose? Respond with the exact option text.",Cat,Cat,"You are playing a coordination game with another agent.
If you both select the SAME option, you each get $1.
You cannot communicate - you must try to coordinate.
Note: The other agent sees the SAME options, but in a DIFFERENT order.

Pet Animals
Options: Cat, Hamster, Fish, Dog

Which option do you choose? Respond with the exact option text.",Cat,Cat,True
Sea Animals,"[""Dolphin"", ""Shark"", ""Whale"", ""Octopus""]","[""Dolphin"", ""Whale"", ""Octopus"", ""Shark""]","[""Whale"", ""Shark"", ""Octopus"", ""Dolphin""]","You are playing a coordination game with another agent.
If you both select the SAME option, you each get $1.
You cannot communicate - you must try to coordinate.
Note: The other agent sees the SAME options, but in a DIFFERENT order.

Sea Animals
Options: Dolphin, Whale, Octopus, Shark

Which option do you choose? Respond with the exact option text.",Dolphin,Dolphin,"You are playing a coordination game with another agent.
If you both select the SAME option, you each get $1.
You cannot communicate - you must try to coordinate.
Note: The other agent sees the SAME options, but in a DIFFERENT order.

Sea Animals
Options: Whale, Shark, Octopus, Dolphin

Which option do you choose? Respond with the exact option text.",Dolphin,Dolphin,True
Flying Animals,"[""Eagle"", ""Owl"", ""Parrot"", ""Sparrow""]","[""Eagle"", ""Parrot"", ""Sparrow"", ""Owl""]","[""Parrot"", ""Owl"", ""Eagle"", ""Sparrow""]","You are playing a coordination game with another agent.
If you both select the SAME option, you each get $1.
You cannot communicate - you must try to coordinate.
Note: The other agent sees the SAME options, but in a DIFFERENT order.

Flying Animals
Options: Eagle, Parrot, Sparrow, Owl

Which option do you choose? Respond with the exact option text.",Eagle,Eagle,"You are playing a coordination game with another agent.
If you both select the SAME option, you each get $1.
You cannot communicate - you must try to coordinate.
Note: The other agent sees the SAME options, but in a DIFFERENT order.

Flying Animals
Options: Parrot, Owl, Eagle, Sparrow

Which option do you choose? Respond with the exact option text.",Owl,Owl,False
农场动物,"[""牛"", ""猪"", ""羊"", ""鸡""]","[""鸡"", ""羊"", ""猪"", ""牛""]","[""猪"", ""鸡"", ""牛"", ""羊""]","You are playing a coordination game with another agent.
If you both select the SAME option, you each get $1.
You cannot communicate - you must try to coordinate.
Note: The other agent sees the SAME options, but in a DIFFERENT order.

农场动物
Options: 鸡, 羊, 猪, 牛

Which option do you choose? Respond with the exact option text.",牛,牛,"You are playing a coordination game with another agent.
If you both select the SAME option, you each get $1.
You cannot communicate - you must try to coordinate.
Note: The other agent sees the SAME options, but in a DIFFERENT order.

农场动物
Options: 猪, 鸡, 牛, 羊

Which option do you choose? Respond with the exact option text.",猪,猪,False
野生动物,"[""狮子"", ""大象"", ""老虎"", ""熊""]","[""老虎"", ""大象"", ""狮子"", ""熊""]","[""熊"", ""狮子"", ""老虎"", ""大象""]","You are playing a coordination game with another agent.
If you both select the SAME option, you each get $1.
You cannot communicate - you must try to coordinate.
Note: The other agent sees the SAME options, but in a DIFFERENT order.

野生动物
Options: 老虎, 大象, 狮子, 熊

Which option do you choose? Respond with the exact option text.",大象,大象,"You are playing a coordination game with another agent.
If you both select the SAME option, you each get $1.
You cannot communicate - you must try to coordinate.
Note: The other agent sees the SAME options, but in a DIFFERENT order.

野生动物
Options: 熊, 狮子, 老虎, 大象

Which option do you choose? Respond with the exact option text.",大象,大象,True
宠物,"[""狗"", ""猫"", ""鱼"", ""仓鼠""]","[""仓鼠"", ""鱼"", ""狗"", ""猫""]","[""鱼"", ""狗"", ""猫"", ""仓鼠""]","You are playing a coordination game with another agent.
If you both select the SAME option, you each get $1.
You cannot communicate - you must try to coordinate.
Note: The other agent sees the SAME options, but in a DIFFERENT order.

宠物
Options: 仓鼠, 鱼, 狗, 猫

Which option do you choose? Respond with the exact option text.",仓鼠,仓鼠,"You are playing a coordination game with another agent.
If you both select the SAME option, you each get $1.
You cannot communicate - you must try to coordinate.
Note: The other agent sees the SAME options, but in a DIFFERENT order.

宠物
Options: 鱼, 狗, 猫, 仓鼠

Which option do you choose? Respond with the exact option text.",狗,狗,False
海洋动物,"[""海豚"", ""鲨鱼"", ""鲸鱼"", ""章鱼""]","[""章鱼"", ""鲸鱼"", ""海豚"", ""鲨鱼""]","[""海豚"", ""章鱼"", ""鲸鱼"", ""鲨鱼""]","You are playing a coordination game with another agent.
If you both select the SAME option, you each get $1.
You cannot communicate - you must try to coordinate.
Note: The other agent sees the SAME options, but in a DIFFERENT order.

海洋动物
Options: 章鱼, 鲸鱼, 海豚, 鲨鱼

Which option do you choose? Respond with the exact option text.",章鱼,章鱼,"You are playing a coordination game with another agent.
If you both select the SAME option, you each get $1.
You cannot communicate - you must try to coordinate.
Note: The other agent sees the SAME options, but in a DIFFERENT order.

海洋动物
Options: 海豚, 章鱼, 鲸鱼, 鲨鱼

Which option do you choose? Respond with the exact option text.",海豚,海豚,False
飞行动物,"[""鹰"", ""猫头鹰"", ""鹦鹉"", ""麻雀""]","[""鹰"", ""麻雀"", ""鹦鹉"", ""猫头鹰""]","[""鹦鹉"", ""猫头鹰"", ""鹰"", ""麻雀""]","You are playing a coordination game with another agent.
If you both select the SAME option, you each get $1.
You cannot communicate - you must try to coordinate.
Note: The other agent sees the SAME options, but in a DIFFERENT order.

飞行动物
Options: 鹰, 麻雀, 鹦鹉, 猫头鹰

Which option do you choose? Respond with the exact option text.",鹰,鹰,"You are playing a coordination game with another agent.
If you both select the SAME option, you each get $1.
You cannot communicate - you must try to coordinate.
Note: The other agent sees the SAME options, but in a DIFFERENT order.

飞行动物
Options: 鹦鹉, 猫头鹰, 鹰, 麻雀

Which option do you choose? Respond with the exact option text.",猫头鹰,猫头鹰,False
Garden Flowers,"[""Rose"", ""Tulip"", ""Daisy"", ""Lily""]","[""Tulip"", ""Daisy"", ""Rose"", ""Lily""]","[""Lily"", ""Daisy"", ""Rose"", ""Tulip""]","You are playing a coordination game with another agent.
If you both select the SAME option, you each get $1.
You cannot communicate - you must try to coordinate.
Note: The other agent sees the SAME options, but in a DIFFERENT order.

Garden Flowers
Options: Tulip, Daisy, Rose, Lily

Which option do you choose? Respond with the exact option text.",Daisy,Daisy,"You are playing a coordination game with another agent.
If you both select the SAME option, you each get $1.
You cannot communicate - you must try to coordinate.
Note: The other agent sees the SAME options, but in a DIFFERENT order.

Garden Flowers
Options: Lily, Daisy, Rose, Tulip

Which option do you choose? Respond with the exact option text.",Lily,Lily,False
Trees,"[""Oak"", ""Pine"", ""Maple"", ""Birch""]","[""Birch"", ""Maple"", ""Pine"", ""Oak""]","[""Maple"", ""Birch"", ""Oak"", ""Pine""]","You are playing a coordination game with another agent.
If you both select the SAME option, you each get $1.
You cannot communicate - you must try to coordinate.
Note: The other agent sees the SAME options, but in a DIFFERENT order.

Trees
Options: Birch, Maple, Pine, Oak

Which option do you choose? Respond with the exact option text.",Oak,Oak,"You are playing a coordination game with another agent.
If you both select the SAME option, you each get $1.
You cannot communicate - you must try to coordinate.
Note: The other agent sees the SAME options, but in a DIFFERENT order.

Trees
Options: Maple, Birch, Oak, Pine

Which option do you choose? Respond with the exact option text.",Maple,Maple,False
Indoor Plants,"[""Cactus"", ""Fern"", ""Orchid"", ""Aloe""]","[""Aloe"", ""Orchid"", ""Cactus"", ""Fern""]","[""Cactus"", ""Orchid"", ""Fern"", ""Aloe""]","You are playing a coordination game with another agent.
If you both select the SAME option, you each get $1.
You cannot communicate - you must try to coordinate.
Note: The other agent sees the SAME options, but in a DIFFERENT order.

Indoor Plants
Options: Aloe, Orchid, Cactus, Fern

Which option do you choose? Respond with the exact option text.",Aloe,Aloe,"You are playing a coordination game with another agent.
If you both select the SAME option, you each get $1.
You cannot communicate - you must try to coordinate.
Note: The other agent sees the SAME options, but in a DIFFERENT order.

Indoor Plants
Options: Cactus, Orchid, Fern, Aloe

Which option do you choose? Respond with the exact option text.",Cactus,Cactus,False
Wildflowers,"[""Dandelion"", ""Sunflower"", ""Lavender"", ""Poppy""]","[""Sunflower"", ""Dandelion"", ""Lavender"", ""Poppy""]","[""Sunflower"", ""Dandelion"", ""Lavender"", ""Poppy""]","You are playing a coordination game with another agent.
If you both select the SAME option, you each get $1.
You cannot communicate - you must try to coordinate.
Note: The other agent sees the SAME options, but in a DIFFERENT order.

Wildflowers
Options: Sunflower, Dandelion, Lavender, Poppy

Which option do you choose? Respond with the exact option text.",Dandelion,Dandelion,"You are playing a coordination game with another agent.
If you both select the SAME option, you each get $1.
You cannot communicate - you must try to coordinate.
Note: The other agent sees the SAME options, but in a DIFFERENT order.

Wildflowers
Options: Sunflower, Dandelion, Lavender, Poppy

Which option do you choose? Respond with the exact option text.",Dandelion,Dandelion,True
Shrubs,"[""Hedge"", ""Azalea"", ""Hydrangea"", ""Bamboo""]","[""Hydrangea"", ""Bamboo"", ""Hedge"", ""Azalea""]","[""Hydrangea"", ""Azalea"", ""Bamboo"", ""Hedge""]","You are playing a coordination game with another agent.
If you both select the SAME option, you each get $1.
You cannot communicate - you must try to coordinate.
Note: The other agent sees the SAME options, but in a DIFFERENT order.

Shrubs
Options: Hydrangea, Bamboo, Hedge, Azalea

Which option do you choose? Respond with the exact option text.",Azalea,Azalea,"You are playing a coordination game with another agent.
If you both select the SAME option, you each get $1.
You cannot communicate - you must try to coordinate.
Note: The other agent sees the SAME options, but in a DIFFERENT order.

Shrubs
Options: Hydrangea, Azalea, Bamboo, Hedge

Which option do you choose? Respond with the exact option text.",Azalea,Azalea,True
花园花卉,"[""玫瑰"", ""郁金香"", ""雏菊"", ""百合""]","[""郁金香"", ""雏菊"", ""百合"", ""玫瑰""]","[""郁金香"", ""百合"", ""玫瑰"", ""雏菊""]","You are playing a coordination game with another agent.
If you both select the SAME option, you each get $1.
You cannot communicate - you must try to coordinate.
Note: The other agent sees the SAME options, but in a DIFFERENT order.

花园花卉
Options: 郁金香, 雏菊, 百合, 玫瑰

Which option do you choose? Respond with the exact option text.",百合,百合,"You are playing a coordination game with another agent.
If you both select the SAME option, you each get $1.
You cannot communicate - you must try to coordinate.
Note: The other agent sees the SAME options, but in a DIFFERENT order.

花园花卉
Options: 郁金香, 百合, 玫瑰, 雏菊

Which option do you choose? Respond with the exact option text.",百合,百合,True
树木,"[""橡树"", ""松树"", ""枫树"", ""白桦""]","[""橡树"", ""白桦"", ""松树"", ""枫树""]","[""白桦"", ""橡树"", ""枫树"", ""松树""]","You are playing a coordination game with another agent.
If you both select the SAME option, you each get $1.
You cannot communicate - you must try to coordinate.
Note: The other agent sees the SAME options, but in a DIFFERENT order.

树木
Options: 橡树, 白桦, 松树, 枫树

Which option do you choose? Respond with the exact option text.",枫树,枫树,"You are playing a coordination game with another agent.
If you both select the SAME option, you each get $1.
You cannot communicate - you must try to coordinate.
Note: The other agent sees the SAME options, but in a DIFFERENT order.

树木
Options: 白桦, 橡树, 枫树, 松树

Which option do you choose? Respond with the exact option text.",枫树,枫树,True
室内植物,"[""仙人掌"", ""蕨类"", ""兰花"", ""芦荟""]","[""兰花"", ""芦荟"", ""蕨类"", ""仙人掌""]","[""芦荟"", ""兰花"", ""蕨类"", ""仙人掌""]","You are playing a coordination game with another agent.
If you both select the SAME option, you each get $1.
You cannot communicate - you must try to coordinate.
Note: The other agent sees the SAME options, but in a DIFFERENT order.

室内植物
Options: 兰花, 芦荟, 蕨类, 仙人掌

Which option do you choose? Respond with the exact option text.",兰花,兰花,"You are playing a coordination game with another agent.
If you both select the SAME option, you each get $1.
You cannot communicate - you must try to coordinate.
Note: The other agent sees the SAME options, but in a DIFFERENT order.

室内植物
Options: 芦荟, 兰花, 蕨类, 仙人掌

Which option do you choose? Respond with the exact option text.",蕨类,蕨类,False
野花,"[""蒲公英"", ""向日葵"", ""薰衣草"", ""罂粟花""]","[""薰衣草"", ""罂粟花"", ""蒲公英"", ""向日葵""]","[""薰衣草"", ""蒲公英"", ""向日葵"", ""罂粟花""]","You are playing a coordination game with another agent.
If you both select the SAME option, you each get $1.
You cannot communicate - you must try to coordinate.
Note: The other agent sees the SAME options, but in a DIFFERENT order.

野花
Options: 薰衣草, 罂粟花, 蒲公英, 向日葵

Which option do you choose? Respond with the exact option text.",薰衣草,薰衣草,"You are playing a coordination game with another agent.
If you both select the SAME option, you each get $1.
You cannot communicate - you must try to coordinate.
Note: The other agent sees the SAME options, but in a DIFFERENT order.

野花
Options: 薰衣草, 蒲公英, 向日葵, 罂粟花

Which option do you choose? Respond with the exact option text.",罂粟花,罂粟花,False
灌木,"[""灌木"", ""杜鹃"", ""绣球"", ""竹子""]","[""杜鹃"", ""绣球"", ""竹子"", ""灌木""]","[""竹子"", ""杜鹃"", ""灌木"", ""绣球""]","You are playing a coordination game with another agent.
If you both select the SAME option, you each get $1.
You cannot communicate - you must try to coordinate.
Note: The other agent sees the SAME options, but in a DIFFERENT order.

灌木
Options: 杜鹃, 绣球, 竹子, 灌木

Which option do you choose? Respond with the exact option text.",杜鹃,杜鹃,"You are playing a coordination game with another agent.
If you both select the SAME option, you each get $1.
You cannot communicate - you must try to coordinate.
Note: The other agent sees the SAME options, but in a DIFFERENT order.

灌木
Options: 竹子, 杜鹃, 灌木, 绣球

Which option do you choose? Respond with the exact option text.",杜鹃,杜鹃,True
Common Fruits,"[""Apple"", ""Banana"", ""Orange"", ""Grape""]","[""Grape"", ""Banana"", ""Orange"", ""Apple""]","[""Apple"", ""Banana"", ""Orange"", ""Grape""]","You are playing a coordination game with another agent.
If you both select the SAME option, you each get $1.
You cannot communicate - you must try to coordinate.
Note: The other agent sees the SAME options, but in a DIFFERENT order.

Common Fruits
Options: Grape, Banana, Orange, Apple

Which option do you choose? Respond with the exact option text.",Apple,Apple,"You are playing a coordination game with another agent.
If you both select the SAME option, you each get $1.
You cannot communicate - you must try to coordinate.
Note: The other agent sees the SAME options, but in a DIFFERENT order.

Common Fruits
Options: Apple, Banana, Orange, Grape

Which option do you choose? Respond with the exact option text.",Apple,Apple,True
Berries,"[""Strawberry"", ""Blueberry"", ""Raspberry"", ""Blackberry""]","[""Raspberry"", ""Strawberry"", ""Blueberry"", ""Blackberry""]","[""Blackberry"", ""Strawberry"", ""Raspberry"", ""Blueberry""]","You are playing a coordination game with another agent.
If you both select the SAME option, you each get $1.
You cannot communicate - you must try to coordinate.
Note: The other agent sees the SAME options, but in a DIFFERENT order.

Berries
Options: Raspberry, Strawberry, Blueberry, Blackberry

Which option do you choose? Respond with the exact option text.",Blueberry,Blueberry,"You are playing a coordination game with another agent.
If you both select the SAME option, you each get $1.
You cannot communicate - you must try to coordinate.
Note: The other agent sees the SAME options, but in a DIFFERENT order.

Berries
Options: Blackberry, Strawberry, Raspberry, Blueberry

Which option do you choose? Respond with the exact option text.",Blackberry,Blackberry,False
Tropical Fruits,"[""Mango"", ""Pineapple"", ""Papaya"", ""Coconut""]","[""Coconut"", ""Pineapple"", ""Mango"", ""Papaya""]","[""Papaya"", ""Mango"", ""Coconut"", ""Pineapple""]","You are playing a coordination game with another agent.
If you both select the SAME option, you each get $1.
You cannot communicate - you must try to coordinate.
Note: The other agent sees the SAME options, but in a DIFFERENT order.

Tropical Fruits
Options: Coconut, Pineapple, Mango, Papaya

Which option do you choose? Respond with the exact option text.",Coconut,Coconut,"You are playing a coordination game with another agent.
If you both select the SAME option, you each get $1.
You cannot communicate - you must try to coordinate.
Note: The other agent sees the SAME options, but in a DIFFERENT order.

Tropical Fruits
Options: Papaya, Mango, Coconut, Pineapple

Which option do you choose? Respond with the exact option text.",Coconut,Coconut,True
Stone Fruits,"[""Peach"", ""Plum"", ""Cherry"", ""Apricot""]","[""Apricot"", ""Peach"", ""Cherry"", ""Plum""]","[""Apricot"", ""Plum"", ""Cherry"", ""Peach""]","You are playing a coordination game with another agent.
If you both select the SAME option, you each get $1.
You cannot communicate - you must try to coordinate.
Note: The other agent sees the SAME options, but in a DIFFERENT order.

Stone Fruits
Options: Apricot, Peach, Cherry, Plum

Which option do you choose? Respond with the exact option text.",Apricot,Apricot,"You are playing a coordination game with another agent.
If you both select the SAME option, you each get $1.
You cannot communicate - you must try to coordinate.
Note: The other agent sees the SAME options, but in a DIFFERENT order.

Stone Fruits
Options: Apricot, Plum, Cherry, Peach

Which option do you choose? Respond with the exact option text.",Apricot,Apricot,True
Citrus Fruits,"[""Orange"", ""Lemon"", ""Lime"", ""Grapefruit""]","[""Lemon"", ""Grapefruit"", ""Lime"", ""Orange""]","[""Lime"", ""Grapefruit"", ""Orange"", ""Lemon""]","You are playing a coordination game with another agent.
If you both select the SAME option, you each get $1.
You cannot communicate - you must try to coordinate.
Note: The other agent sees the SAME options, but in a DIFFERENT order.

Citrus Fruits
Options: Lemon, Grapefruit, Lime, Orange

Which option do you choose? Respond with the exact option text.",Grapefruit,Grapefruit,"You are playing a coordination game with another agent.
If you both select the SAME option, you each get $1.
You cannot communicate - you must try to coordinate.
Note: The other agent sees the SAME options, but in a DIFFERENT order.

Citrus Fruits
Options: Lime, Grapefruit, Orange, Lemon

Which option do you choose? Respond with the exact option text.",Orange,Orange,False
常见水果,"[""苹果"", ""香蕉"", ""橙子"", ""葡萄""]","[""葡萄"", ""苹果"", ""橙子"", ""香蕉""]","[""葡萄"", ""橙子"", ""苹果"", ""香蕉""]","You are playing a coordination game with another agent.
If you both select the SAME option, you each get $1.
You cannot communicate - you must try to coordinate.
Note: The other agent sees the SAME options, but in a DIFFERENT order.

常见水果
Options: 葡萄, 苹果, 橙子, 香蕉

Which option do you choose? Respond with the exact option text.",苹果,苹果,"You are playing a coordination game with another agent.
If you both select the SAME option, you each get $1.
You cannot communicate - you must try to coordinate.
Note: The other agent sees the SAME options, but in a DIFFERENT order.

常见水果
Options: 葡萄, 橙子, 苹果, 香蕉

Which option do you choose? Respond with the exact option text.",苹果,苹果,True
浆果,"[""草莓"", ""蓝莓"", ""树莓"", ""黑莓""]","[""草莓"", ""树莓"", ""黑莓"", ""蓝莓""]","[""蓝莓"", ""草莓"", ""黑莓"", ""树莓""]","You are playing a coordination game with another agent.
If you both select the SAME option, you each get $1.
You cannot communicate - you must try to coordinate.
Note: The other agent sees the SAME options, but in a DIFFERENT order.

浆果
Options: 草莓, 树莓, 黑莓, 蓝莓

Which option do you choose? Respond with the exact option text.",草莓,草莓,"You are playing a coordination game with another agent.
If you both select the SAME option, you each get $1.
You cannot communicate - you must try to coordinate.
Note: The other agent sees the SAME options, but in a DIFFERENT order.

浆果
Options: 蓝莓, 草莓, 黑莓, 树莓

Which option do you choose? Respond with the exact option text.",蓝莓,蓝莓,False
热带水果,"[""芒果"", ""菠萝"", ""木瓜"", ""椰子""]","[""芒果"", ""椰子"", ""木瓜"", ""菠萝""]","[""芒果"", ""菠萝"", ""木瓜"", ""椰子""]","You are playing a coordination game with another agent.
If you both select the SAME option, you each get $1.
You cannot communicate - you must try to coordinate.
Note: The other agent sees the SAME options, but in a DIFFERENT order.

热带水果
Options: 芒果, 椰子, 木瓜, 菠萝

Which option do you choose? Respond with the exact option text.",菠萝,菠萝,"You are playing a coordination game with another agent.
If you both select the SAME option, you each get $1.
You cannot communicate - you must try to coordinate.
Note: The other agent sees the SAME options, but in a DIFFERENT order.

热带水果
Options: 芒果, 菠萝, 木瓜, 椰子

Which option do you choose? Respond with the exact option text.",椰子,椰子,False
核果,"[""桃子"", ""李子"", ""樱桃"", ""杏""]","[""杏"", ""樱桃"", ""李子"", ""桃子""]","[""杏"", ""李子"", ""樱桃"", ""桃子""]","You are playing a coordination game with another agent.
If you both select the SAME option, you each get $1.
You cannot communicate - you must try to coordinate.
Note: The other agent sees the SAME options, but in a DIFFERENT order.

核果
Options: 杏, 樱桃, 李子, 桃子

Which option do you choose? Respond with the exact option text.",桃子,桃子,"You are playing a coordination game with another agent.
If you both select the SAME option, you each get $1.
You cannot communicate - you must try to coordinate.
Note: The other agent sees the SAME options, but in a DIFFERENT order.

核果
Options: 杏, 李子, 樱桃, 桃子

Which option do you choose? Respond with the exact option text.",李子,李子,False
柑橘类,"[""橙子"", ""柠檬"", ""青柠"", ""柚子""]","[""柚子"", ""橙子"", ""柠檬"", ""青柠""]","[""柠檬"", ""青柠"", ""橙子"", ""柚子""]","You are playing a coordination game with another agent.
If you both select the SAME option, you each get $1.
You cannot communicate - you must try to coordinate.
Note: The other agent sees the SAME options, but in a DIFFERENT order.

柑橘类
Options: 柚子, 橙子, 柠檬, 青柠

Which option do you choose? Respond with the exact option text.",橙子,橙子,"You are playing a coordination game with another agent.
If you both select the SAME option, you each get $1.
You cannot communicate - you must try to coordinate.
Note: The other agent sees the SAME options, but in a DIFFERENT order.

柑橘类
Options: 柠檬, 青柠, 橙子, 柚子

Which option do you choose? Respond with the exact option text.",柠檬,柠檬,False
Head Parts,"[""Eye"", ""Nose"", ""Mouth"", ""Ear""]","[""Eye"", ""Ear"", ""Mouth"", ""Nose""]","[""Eye"", ""Nose"", ""Ear"", ""Mouth""]","You are playing a coordination game with another agent.
If you both select the SAME option, you each get $1.
You cannot communicate - you must try to coordinate.
Note: The other agent sees the SAME options, but in a DIFFERENT order.

Head Parts
Options: Eye, Ear, Mouth, Nose

Which option do you choose? Respond with the exact option text.",Ear,Ear,"You are playing a coordination game with another agent.
If you both select the SAME option, you each get $1.
You cannot communicate - you must try to coordinate.
Note: The other agent sees the SAME options, but in a DIFFERENT order.

Head Parts
Options: Eye, Nose, Ear, Mouth

Which option do you choose? Respond with the exact option text.",Ear,Ear,True
Hand Parts,"[""Finger"", ""Thumb"", ""Palm"", ""Wrist""]","[""Wrist"", ""Finger"", ""Thumb"", ""Palm""]","[""Palm"", ""Wrist"", ""Thumb"", ""Finger""]","You are playing a coordination game with another agent.
If you both select the SAME option, you each get $1.
You cannot communicate - you must try to coordinate.
Note: The other agent sees the SAME options, but in a DIFFERENT order.

Hand Parts
Options: Wrist, Finger, Thumb, Palm

Which option do you choose? Respond with the exact option text.",Finger,Finger,"You are playing a coordination game with another agent.
If you both select the SAME option, you each get $1.
You cannot communicate - you must try to coordinate.
Note: The other agent sees the SAME options, but in a DIFFERENT order.

Hand Parts
Options: Palm, Wrist, Thumb, Finger

Which option do you choose? Respond with the exact option text.",Thumb,Thumb,False
Body Systems,"[""Heart"", ""Brain"", ""Lung"", ""Stomach""]","[""Heart"", ""Lung"", ""Brain"", ""Stomach""]","[""Lung"", ""Heart"", ""Brain"", ""Stomach""]","You are playing a coordination game with another agent.
If you both select the SAME option, you each get $1.
You cannot communicate - you must try to coordinate.
Note: The other agent sees the SAME options, but in a DIFFERENT order.

Body Systems
Options: Heart, Lung, Brain, Stomach

Which option do you choose? Respond with the exact option text.",Brain,Brain,"You are playing a coordination game with another agent.
If you both select the SAME option, you each get $1.
You cannot communicate - you must try to coordinate.
Note: The other agent sees the SAME options, but in a DIFFERENT order.

Body Systems
Options: Lung, Heart, Brain, Stomach

Which option do you choose? Respond with the exact option text.",Brain,Brain,True
Limbs,"[""Arm"", ""Leg"", ""Hand"", ""Foot""]","[""Hand"", ""Foot"", ""Leg"", ""Arm""]","[""Arm"", ""Foot"", ""Leg"", ""Hand""]","You are playing a coordination game with another agent.
If you both select the SAME option, you each get $1.
You cannot communicate - you must try to coordinate.
Note: The other agent sees the SAME options, but in a DIFFERENT order.

Limbs
Options: Hand, Foot, Leg, Arm

Which option do you choose? Respond with the exact option text.",Arm,Arm,"You are playing a coordination game with another agent.
If you both select the SAME option, you each get $1.
You cannot communicate - you must try to coordinate.
Note: The other agent sees the SAME options, but in a DIFFERENT order.

Limbs
Options: Arm, Foot, Leg, Hand

Which option do you choose? Respond with the exact option text.",Arm,Arm,True
External Features,"[""Hair"", ""Skin"", ""Nail"", ""Teeth""]","[""Hair"", ""Teeth"", ""Nail"", ""Skin""]","[""Skin"", ""Teeth"", ""Hair"", ""Nail""]","You are playing a coordination game with another agent.
If you both select the SAME option, you each get $1.
You cannot communicate - you must try to coordinate.
Note: The other agent sees the SAME options, but in a DIFFERENT order.

External Features
Options: Hair, Teeth, Nail, Skin

Which option do you choose? Respond with the exact option text.",Hair,Hair,"You are playing a coordination game with another agent.
If you both select the SAME option, you each get $1.
You cannot communicate - you must try to coordinate.
Note: The other agent sees the SAME options, but in a DIFFERENT order.

External Features
Options: Skin, Teeth, Hair, Nail

Which option do you choose? Respond with the exact option text.",Skin,Skin,False
头部器官,"[""眼睛"", ""鼻子"", ""嘴巴"", ""耳朵""]","[""嘴巴"", ""眼睛"", ""耳朵"", ""鼻子""]","[""鼻子"", ""眼睛"", ""耳朵"", ""嘴巴""]","You are playing a coordination game with another agent.
If you both select the SAME option, you each get $1.
You cannot communicate - you must try to coordinate.
Note: The other agent sees the SAME options, but in a DIFFERENT order.

头部器官
Options: 嘴巴, 眼睛, 耳朵, 鼻子

Which option do you choose? Respond with the exact option text.",鼻子,鼻子,"You are playing a coordination game with another agent.
If you both select the SAME option, you each get $1.
You cannot communicate - you must try to coordinate.
Note: The other agent sees the SAME options, but in a DIFFERENT order.

头部器官
Options: 鼻子, 眼睛, 耳朵, 嘴巴

Which option do you choose? Respond with the exact option text.",嘴巴,嘴巴,False
手部,"[""手指"", ""拇指"", ""手掌"", ""手腕""]","[""拇指"", ""手指"", ""手掌"", ""手腕""]","[""拇指"", ""手腕"", ""手指"", ""手掌""]","You are playing a coordination game with another agent.
If you both select the SAME option, you each get $1.
You cannot communicate - you must try to coordinate.
Note: The other agent sees the SAME options, but in a DIFFERENT order.

手部
Options: 拇指, 手指, 手掌, 手腕

Which option do you choose? Respond with the exact option text.",拇指,拇指,"You are playing a coordination game with another agent.
If you both select the SAME option, you each get $1.
You cannot communicate - you must try to coordinate.
Note: The other agent sees the SAME options, but in a DIFFERENT order.

手部
Options: 拇指, 手腕, 手指, 手掌

Which option do you choose? Respond with the exact option text.",拇指,拇指,True
内部器官,"[""心脏"", ""大脑"", ""肺"", ""胃""]","[""胃"", ""肺"", ""大脑"", ""心脏""]","[""大脑"", ""肺"", ""心脏"", ""胃""]","You are playing a coordination game with another agent.
If you both select the SAME option, you each get $1.
You cannot communicate - you must try to coordinate.
Note: The other agent sees the SAME options, but in a DIFFERENT order.

内部器官
Options: 胃, 肺, 大脑, 心脏

Which option do you choose? Respond with the exact option text.",心脏,心脏,"You are playing a coordination game with another agent.
If you both select the SAME option, you each get $1.
You cannot communicate - you must try to coordinate.
Note: The other agent sees the SAME options, but in a DIFFERENT order.

内部器官
Options: 大脑, 肺, 心脏, 胃

Which option do you choose? Respond with the exact option text.",大脑,大脑,False
四肢,"[""手臂"", ""腿"", ""手"", ""脚""]","[""脚"", ""手"", ""腿"", ""手臂""]","[""手臂"", ""脚"", ""手"", ""腿""]","You are playing a coordination game with another agent.
If you both select the SAME option, you each get $1.
You cannot communicate - you must try to coordinate.
Note: The other agent sees the SAME options, but in a DIFFERENT order.

四肢
Options: 脚, 手, 腿, 手臂

Which option do you choose? Respond with the exact option text.",手,手,"You are playing a coordination game with another agent.
If you both select the SAME option, you each get $1.
You cannot communicate - you must try to coordinate.
Note: The other agent sees the SAME options, but in a DIFFERENT order.

四肢
Options: 手臂, 脚, 手, 腿

Which option do you choose? Respond with the exact option text.",手,手,True
外部特征,"[""头发"", ""皮肤"", ""指甲"", ""牙齿""]","[""皮肤"", ""指甲"", ""头发"", ""牙齿""]","[""头发"", ""指甲"", ""牙齿"", ""皮肤""]","You are playing a coordination game with another agent.
If you both select the SAME option, you each get $1.
You cannot communicate - you must try to coordinate.
Note: The other agent sees the SAME options, but in a DIFFERENT order.

外部特征
Options: 皮肤, 指甲, 头发, 牙齿

Which option do you choose? Respond with the exact option text.",皮肤,皮肤,"You are playing a coordination game with another agent.
If you both select the SAME option, you each get $1.
You cannot communicate - you must try to coordinate.
Note: The other agent sees the SAME options, but in a DIFFERENT order.

外部特征
Options: 头发, 指甲, 牙齿, 皮肤

Which option do you choose? Respond with the exact option text.",头发,头发,False
Five Senses,"[""Sight"", ""Hearing"", ""Touch"", ""Smell""]","[""Touch"", ""Sight"", ""Hearing"", ""Smell""]","[""Sight"", ""Touch"", ""Hearing"", ""Smell""]","You are playing a coordination game with another agent.
If you both select the SAME option, you each get $1.
You cannot communicate - you must try to coordinate.
Note: The other agent sees the SAME options, but in a DIFFERENT order.

Five Senses
Options: Touch, Sight, Hearing, Smell

Which option do you choose? Respond with the exact option text.",Hearing,Hearing,"You are playing a coordination game with another agent.
If you both select the SAME option, you each get $1.
You cannot communicate - you must try to coordinate.
Note: The other agent sees the SAME options, but in a DIFFERENT order.

Five Senses
Options: Sight, Touch, Hearing, Smell

Which option do you choose? Respond with the exact option text.",Hearing,Hearing,True
Taste Types,"[""Sweet"", ""Sour"", ""Salty"", ""Bitter""]","[""Salty"", ""Sour"", ""Bitter"", ""Sweet""]","[""Salty"", ""Sour"", ""Bitter"", ""Sweet""]","You are playing a coordination game with another agent.
If you both select the SAME option, you each get $1.
You cannot communicate - you must try to coordinate.
Note: The other agent sees the SAME options, but in a DIFFERENT order.

Taste Types
Options: Salty, Sour, Bitter, Sweet

Which option do you choose? Respond with the exact option text.",Bitter,Bitter,"You are playing a coordination game with another agent.
If you both select the SAME option, you each get $1.
You cannot communicate - you must try to coordinate.
Note: The other agent sees the SAME options, but in a DIFFERENT order.

Taste Types
Options: Salty, Sour, Bitter, Sweet

Which option do you choose? Respond with the exact option text.",Bitter,Bitter,True
Touch Sensations,"[""Hot"", ""Cold"", ""Rough"", ""Smooth""]","[""Hot"", ""Cold"", ""Smooth"", ""Rough""]","[""Hot"", ""Cold"", ""Rough"", ""Smooth""]","You are playing a coordination game with another agent.
If you both select the SAME option, you each get $1.
You cannot communicate - you must try to coordinate.
Note: The other agent sees the SAME options, but in a DIFFERENT order.

Touch Sensations
Options: Hot, Cold, Smooth, Rough

Which option do you choose? Respond with the exact option text.",Cold,Cold,"You are playing a coordination game with another agent.
If you both select the SAME option, you each get $1.
You cannot communicate - you must try to coordinate.
Note: The other agent sees the SAME options, but in a DIFFERENT order.

Touch Sensations
Options: Hot, Cold, Rough, Smooth

Which option do you choose? Respond with the exact option text.",Cold,Cold,True
Visual Qualities,"[""Bright"", ""Dark"", ""Colorful"", ""Plain""]","[""Bright"", ""Colorful"", ""Dark"", ""Plain""]","[""Dark"", ""Colorful"", ""Bright"", ""Plain""]","You are playing a coordination game with another agent.
If you both select the SAME option, you each get $1.
You cannot communicate - you must try to coordinate.
Note: The other agent sees the SAME options, but in a DIFFERENT order.

Visual Qualities
Options: Bright, Colorful, Dark, Plain

Which option do you choose? Respond with the exact option text.",Bright,Bright,"You are playing a coordination game with another agent.
If you both select the SAME option, you each get $1.
You cannot communicate - you must try to coordinate.
Note: The other agent sees the SAME options, but in a DIFFERENT order.

Visual Qualities
Options: Dark, Colorful, Bright, Plain

Which option do you choose? Respond with the exact option text.",Bright,Bright,True
Sound Qualities,"[""Loud"", ""Soft"", ""High"", ""Low""]","[""Low"", ""High"", ""Loud"", ""Soft""]","[""Low"", ""High"", ""Soft"", ""Loud""]","You are playing a coordination game with another agent.
If you both select the SAME option, you each get $1.
You cannot communicate - you must try to coordinate.
Note: The other agent sees the SAME options, but in a DIFFERENT order.

Sound Qualities
Options: Low, High, Loud, Soft

Which option do you choose? Respond with the exact option text.",High,High,"You are playing a coordination game with another agent.
If you both select the SAME option, you each get $1.
You cannot communicate - you must try to coordinate.
Note: The other agent sees the SAME options, but in a DIFFERENT order.

Sound Qualities
Options: Low, High, Soft, Loud

Which option do you choose? Respond with the exact option text.",High,High,True
五种感官,"[""视觉"", ""听觉"", ""触觉"", ""嗅觉""]","[""触觉"", ""嗅觉"", ""听觉"", ""视觉""]","[""触觉"", ""听觉"", ""嗅觉"", ""视觉""]","You are playing a coordination game with another agent.
If you both select the SAME option, you each get $1.
You cannot communicate - you must try to coordinate.
Note: The other agent sees the SAME options, but in a DIFFERENT order.

五种感官
Options: 触觉, 嗅觉, 听觉, 视觉

Which option do you choose? Respond with the exact option text.",触觉,触觉,"You are playing a coordination game with another agent.
If you both select the SAME option, you each get $1.
You cannot communicate - you must try to coordinate.
Note: The other agent sees the SAME options, but in a DIFFERENT order.

五种感官
Options: 触觉, 听觉, 嗅觉, 视觉

Which option do you choose? Respond with the exact option text.",触觉,触觉,True
味觉类型,"[""甜"", ""酸"", ""咸"", ""苦""]","[""酸"", ""咸"", ""甜"", ""苦""]","[""酸"", ""咸"", ""甜"", ""苦""]","You are playing a coordination game with another agent.
If you both select the SAME option, you each get $1.
You cannot communicate - you must try to coordinate.
Note: The other agent sees the SAME options, but in a DIFFERENT order.

味觉类型
Options: 酸, 咸, 甜, 苦

Which option do you choose? Respond with the exact option text.",甜,甜,"You are playing a coordination game with another agent.
If you both select the SAME option, you each get $1.
You cannot communicate - you must try to coordinate.
Note: The other agent sees the SAME options, but in a DIFFERENT order.

味觉类型
Options: 酸, 咸, 甜, 苦

Which option do you choose? Respond with the exact option text.",酸,酸,False
触感,"[""热"", ""冷"", ""粗糙"", ""光滑""]","[""粗糙"", ""光滑"", ""冷"", ""热""]","[""热"", ""冷"", ""光滑"", ""粗糙""]","You are playing a coordination game with another agent.
If you both select the SAME option, you each get $1.
You cannot communicate - you must try to coordinate.
Note: The other agent sees the SAME options, but in a DIFFERENT order.

触感
Options: 粗糙, 光滑, 冷, 热

Which option do you choose? Respond with the exact option text.",光滑,光滑,"You are playing a coordination game with another agent.
If you both select the SAME option, you each get $1.
You cannot communicate - you must try to coordinate.
Note: The other agent sees the SAME options, but in a DIFFERENT order.

触感
Options: 热, 冷, 光滑, 粗糙

Which option do you choose? Respond with the exact option text.",光滑,光滑,True
视觉特征,"[""明亮"", ""黑暗"", ""多彩"", ""朴素""]","[""明亮"", ""多彩"", ""黑暗"", ""朴素""]","[""明亮"", ""多彩"", ""黑暗"", ""朴素""]","You are playing a coordination game with another agent.
If you both select the SAME option, you each get $1.
You cannot communicate - you must try to coordinate.
Note: The other agent sees the SAME options, but in a DIFFERENT order.

视觉特征
Options: 明亮, 多彩, 黑暗, 朴素

Which option do you choose? Respond with the exact option text.",明亮,明亮,"You are playing a coordination game with another agent.
If you both select the SAME option, you each get $1.
You cannot communicate - you must try to coordinate.
Note: The other agent sees the SAME options, but in a DIFFERENT order.

视觉特征
Options: 明亮, 多彩, 黑暗, 朴素

Which option do you choose? Respond with the exact option text.",多彩,多彩,False
声音特征,"[""响亮"", ""柔和"", ""高音"", ""低音""]","[""柔和"", ""响亮"", ""低音"", ""高音""]","[""响亮"", ""高音"", ""柔和"", ""低音""]","You are playing a coordination game with another agent.
If you both select the SAME option, you each get $1.
You cannot communicate - you must try to coordinate.
Note: The other agent sees the SAME options, but in a DIFFERENT order.

声音特征
Options: 柔和, 响亮, 低音, 高音

Which option do you choose? Respond with the exact option text.",低音,低音,"You are playing a coordination game with another agent.
If you both select the SAME option, you each get $1.
You cannot communicate - you must try to coordinate.
Note: The other agent sees the SAME options, but in a DIFFERENT order.

声音特征
Options: 响亮, 高音, 柔和, 低音

Which option do you choose? Respond with the exact option text.",低音,低音,True
Hand Tools,"[""Hammer"", ""Screwdriver"", ""Wrench"", ""Pliers""]","[""Wrench"", ""Screwdriver"", ""Pliers"", ""Hammer""]","[""Wrench"", ""Screwdriver"", ""Pliers"", ""Hammer""]","You are playing a coordination game with another agent.
If you both select the SAME option, you each get $1.
You cannot communicate - you must try to coordinate.
Note: The other agent sees the SAME options, but in a DIFFERENT order.

Hand Tools
Options: Wrench, Screwdriver, Pliers, Hammer

Which option do you choose? Respond with the exact option text.",Hammer,Hammer,"You are playing a coordination game with another agent.
If you both select the SAME option, you each get $1.
You cannot communicate - you must try to coordinate.
Note: The other agent sees the SAME options, but in a DIFFERENT order.

Hand Tools
Options: Wrench, Screwdriver, Pliers, Hammer

Which option do you choose? Respond with the exact option text.",Hammer,Hammer,True
Cutting Tools,"[""Knife"", ""Scissors"", ""Axe"", ""Saw""]","[""Axe"", ""Saw"", ""Knife"", ""Scissors""]","[""Axe"", ""Scissors"", ""Knife"", ""Saw""]","You are playing a coordination game with another agent.
If you both select the SAME option, you each get $1.
You cannot communicate - you must try to coordinate.
Note: The other agent sees the SAME options, but in a DIFFERENT order.

Cutting Tools
Options: Axe, Saw, Knife, Scissors

Which option do you choose? Respond with the exact option text.",Axe,Axe,"You are playing a coordination game with another agent.
If you both select the SAME option, you each get $1.
You cannot communicate - you must try to coordinate.
Note: The other agent sees the SAME options, but in a DIFFERENT order.

Cutting Tools
Options: Axe, Scissors, Knife, Saw

Which option do you choose? Respond with the exact option text.",Axe,Axe,True
Measuring Tools,"[""Ruler"", ""Scale"", ""Compass"", ""Thermometer""]","[""Ruler"", ""Thermometer"", ""Scale"", ""Compass""]","[""Scale"", ""Ruler"", ""Thermometer"", ""Compass""]","You are playing a coordination game with another agent.
If you both select the SAME option, you each get $1.
You cannot communicate - you must try to coordinate.
Note: The other agent sees the SAME options, but in a DIFFERENT order.

Measuring Tools
Options: Ruler, Thermometer, Scale, Compass

Which option do you choose? Respond with the exact option text.",Compass,Compass,"You are playing a coordination game with another agent.
If you both select the SAME option, you each get $1.
You cannot communicate - you must try to coordinate.
Note: The other agent sees the SAME options, but in a DIFFERENT order.

Measuring Tools
Options: Scale, Ruler, Thermometer, Compass

Which option do you choose? Respond with the exact option text.",Compass,Compass,True
Writing Tools,"[""Pen"", ""Pencil"", ""Marker"", ""Chalk""]","[""Chalk"", ""Marker"", ""Pencil"", ""Pen""]","[""Pencil"", ""Pen"", ""Chalk"", ""Marker""]","You are playing a coordination game with another agent.
If you both select the SAME option, you each get $1.
You cannot communicate - you must try to coordinate.
Note: The other agent sees the SAME options, but in a DIFFERENT order.

Writing Tools
Options: Chalk, Marker, Pencil, Pen

Which option do you choose? Respond with the exact option text.",Chalk,Chalk,"You are playing a coordination game with another agent.
If you both select the SAME option, you each get $1.
You cannot communicate - you must try to coordinate.
Note: The other agent sees the SAME options, but in a DIFFERENT order.

Writing Tools
Options: Pencil, Pen, Chalk, Marker

Which option do you choose? Respond with the exact option text.",Chalk,Chalk,True
Garden Tools,"[""Shovel"", ""Rake"", ""Hoe"", ""Trowel""]","[""Hoe"", ""Rake"", ""Trowel"", ""Shovel""]","[""Rake"", ""Trowel"", ""Hoe"", ""Shovel""]","You are playing a coordination game with another agent.
If you both select the SAME option, you each get $1.
You cannot communicate - you must try to coordinate.
Note: The other agent sees the SAME options, but in a DIFFERENT order.

Garden Tools
Options: Hoe, Rake, Trowel, Shovel

Which option do you choose? Respond with the exact option text.",Hoe,Hoe,"You are playing a coordination game with another agent.
If you both select the SAME option, you each get $1.
You cannot communicate - you must try to coordinate.
Note: The other agent sees the SAME options, but in a DIFFERENT order.

Garden Tools
Options: Rake, Trowel, Hoe, Shovel

Which option do you choose? Respond with the exact option text.",Rake,Rake,False
手动工具,"[""锤子"", ""螺丝刀"", ""扳手"", ""钳子""]","[""锤子"", ""钳子"", ""螺丝刀"", ""扳手""]","[""螺丝刀"", ""扳手"", ""钳子"", ""锤子""]","You are playing a coordination game with another agent.
If you both select the SAME option, you each get $1.
You cannot communicate - you must try to coordinate.
Note: The other agent sees the SAME options, but in a DIFFERENT order.

手动工具
Options: 锤子, 钳子, 螺丝刀, 扳手

Which option do you choose? Respond with the exact option text.",锤子,锤子,"You are playing a coordination game with another agent.
If you both select the SAME option, you each get $1.
You cannot communicate - you must try to coordinate.
Note: The other agent sees the SAME options, but in a DIFFERENT order.

手动工具
Options: 螺丝刀, 扳手, 钳子, 锤子

Which option do you choose? Respond with the exact option text.",扳手,扳手,False
切割工具,"[""刀"", ""剪刀"", ""斧头"", ""锯子""]","[""剪刀"", ""刀"", ""锯子"", ""斧头""]","[""剪刀"", ""刀"", ""锯子"", ""斧头""]","You are playing a coordination game with another agent.
If you both select the SAME option, you each get $1.
You cannot communicate - you must try to coordinate.
Note: The other agent sees the SAME options, but in a DIFFERENT order.

切割工具
Options: 剪刀, 刀, 锯子, 斧头

Which option do you choose? Respond with the exact option text.",刀,刀,"You are playing a coordination game with another agent.
If you both select the SAME option, you each get $1.
You cannot communicate - you must try to coordinate.
Note: The other agent sees the SAME options, but in a DIFFERENT order.

切割工具
Options: 剪刀, 刀, 锯子, 斧头

Which option do you choose? Respond with the exact option text.",刀,刀,True
测量工具,"[""尺子"", ""秤"", ""指南针"", ""温度计""]","[""温度计"", ""指南针"", ""秤"", ""尺子""]","[""尺子"", ""指南针"", ""温度计"", ""秤""]","You are playing a coordination game with another agent.
If you both select the SAME option, you each get $1.
You cannot communicate - you must try to coordinate.
Note: The other agent sees the SAME options, but in a DIFFERENT order.

测量工具
Options: 温度计, 指南针, 秤, 尺子

Which option do you choose? Respond with the exact option text.",温度计,温度计,"You are playing a coordination game with another agent.
If you both select the SAME option, you each get $1.
You cannot communicate - you must try to coordinate.
Note: The other agent sees the SAME options, but in a DIFFERENT order.

测量工具
Options: 尺子, 指南针, 温度计, 秤

Which option do you choose? Respond with the exact option text.",指南针,指南针,False
书写工具,"[""钢笔"", ""铅笔"", ""记号笔"", ""粉笔""]","[""铅笔"", ""钢笔"", ""记号笔"", ""粉笔""]","[""铅笔"", ""粉笔"", ""记号笔"", ""钢笔""]","You are playing a coordination game with another agent.
If you both select the SAME option, you each get $1.
You cannot communicate - you must try to coordinate.
Note: The other agent sees the SAME options, but in a DIFFERENT order.

书写工具
Options: 铅笔, 钢笔, 记号笔, 粉笔

Which option do you choose? Respond with the exact option text.",粉笔,粉笔,"You are playing a coordination game with another agent.
If you both select the SAME option, you each get $1.
You cannot communicate - you must try to coordinate.
Note: The other agent sees the SAME options, but in a DIFFERENT order.

书写工具
Options: 铅笔, 粉笔, 记号笔, 钢笔

Which option do you choose? Respond with the exact option text.",铅笔,铅笔,False
园艺工具,"[""铲子"", ""耙子"", ""锄头"", ""小铲""]","[""铲子"", ""耙子"", ""锄头"", ""小铲""]","[""耙子"", ""小铲"", ""铲子"", ""锄头""]","You are playing a coordination game with another agent.
If you both select the SAME option, you each get $1.
You cannot communicate - you must try to coordinate.
Note: The other agent sees the SAME options, but in a DIFFERENT order.

园艺工具
Options: 铲子, 耙子, 锄头, 小铲

Which option do you choose? Respond with the exact option text.",铲子,铲子,"You are playing a coordination game with another agent.
If you both select the SAME option, you each get $1.
You cannot communicate - you must try to coordinate.
Note: The other agent sees the SAME options, but in a DIFFERENT order.

园艺工具
Options: 耙子, 小铲, 铲子, 锄头

Which option do you choose? Respond with the exact option text.",耙子,耙子,False
Upper Body Clothing,"[""Shirt"", ""Jacket"", ""Sweater"", ""Coat""]","[""Coat"", ""Shirt"", ""Jacket"", ""Sweater""]","[""Coat"", ""Shirt"", ""Sweater"", ""Jacket""]","You are playing a coordination game with another agent.
If you both select the SAME option, you each get $1.
You cannot communicate - you must try to coordinate.
Note: The other agent sees the SAME options, but in a DIFFERENT order.

Upper Body Clothing
Options: Coat, Shirt, Jacket, Sweater

Which option do you choose? Respond with the exact option text.",Coat,Coat,"You are playing a coordination game with another agent.
If you both select the SAME option, you each get $1.
You cannot communicate - you must try to coordinate.
Note: The other agent sees the SAME options, but in a DIFFERENT order.

Upper Body Clothing
Options: Coat, Shirt, Sweater, Jacket

Which option do you choose? Respond with the exact option text.",Coat,Coat,True
Lower Body Clothing,"[""Pants"", ""Jeans"", ""Shorts"", ""Skirt""]","[""Jeans"", ""Skirt"", ""Pants"", ""Shorts""]","[""Jeans"", ""Skirt"", ""Pants"", ""Shorts""]","You are playing a coordination game with another agent.
If you both select the SAME option, you each get $1.
You cannot communicate - you must try to coordinate.
Note: The other agent sees the SAME options, but in a DIFFERENT order.

Lower Body Clothing
Options: Jeans, Skirt, Pants, Shorts

Which option do you choose? Respond with the exact option text.",Jeans,Jeans,"You are playing a coordination game with another agent.
If you both select the SAME option, you each get $1.
You cannot communicate - you must try to coordinate.
Note: The other agent sees the SAME options, but in a DIFFERENT order.

Lower Body Clothing
Options: Jeans, Skirt, Pants, Shorts

Which option do you choose? Respond with the exact option text.",Pants,Pants,False
Footwear,"[""Sneakers"", ""Boots"", ""Sandals"", ""Dress Shoes""]","[""Boots"", ""Dress Shoes"", ""Sandals"", ""Sneakers""]","[""Boots"", ""Dress Shoes"", ""Sneakers"", ""Sandals""]","You are playing a coordination game with another agent.
If you both select the SAME option, you each get $1.
You cannot communicate - you must try to coordinate.
Note: The other agent sees the SAME options, but in a DIFFERENT order.

Footwear
Options: Boots, Dress Shoes, Sandals, Sneakers

Which option do you choose? Respond with the exact option text.",Boots,Boots,"You are playing a coordination game with another agent.
If you both select the SAME option, you each get $1.
You cannot communicate - you must try to coordinate.
Note: The other agent sees the SAME options, but in a DIFFERENT order.

Footwear
Options: Boots, Dress Shoes, Sneakers, Sandals

Which option do you choose? Respond with the exact option text.",Boots,Boots,True
Headwear,"[""Cap"", ""Hat"", ""Beanie"", ""Helmet""]","[""Hat"", ""Cap"", ""Beanie"", ""Helmet""]","[""Hat"", ""Cap"", ""Helmet"", ""Beanie""]","You are playing a coordination game with another agent.
If you both select the SAME option, you each get $1.
You cannot communicate - you must try to coordinate.
Note: The other agent sees the SAME options, but in a DIFFERENT order.

Headwear
Options: Hat, Cap, Beanie, Helmet

Which option do you choose? Respond with the exact option text.",Beanie,Beanie,"You are playing a coordination game with another agent.
If you both select the SAME option, you each get $1.
You cannot communicate - you must try to coordinate.
Note: The other agent sees the SAME options, but in a DIFFERENT order.

Headwear
Options: Hat, Cap, Helmet, Beanie

Which option do you choose? Respond with the exact option text.",Beanie,Beanie,True
Formal Wear,"[""Suit"", ""Dress"", ""Tuxedo"", ""Gown""]","[""Gown"", ""Tuxedo"", ""Dress"", ""Suit""]","[""Suit"", ""Gown"", ""Tuxedo"", ""Dress""]","You are playing a coordination game with another agent.
If you both select the SAME option, you each get $1.
You cannot communicate - you must try to coordinate.
Note: The other agent sees the SAME options, but in a DIFFERENT order.

Formal Wear
Options: Gown, Tuxedo, Dress, Suit

Which option do you choose? Respond with the exact option text.",Dress,Dress,"You are playing a coordination game with another agent.
If you both select the SAME option, you each get $1.
You cannot communicate - you must try to coordinate.
Note: The other agent sees the SAME options, but in a DIFFERENT order.

Formal Wear
Options: Suit, Gown, Tuxedo, Dress

Which option do you choose? Respond with the exact option text.",Dress,Dress,True
上装,"[""衬衫"", ""夹克"", ""毛衣"", ""外套""]","[""外套"", ""夹克"", ""衬衫"", ""毛衣""]","[""外套"", ""夹克"", ""毛衣"", ""衬衫""]","You are playing a coordination game with another agent.
If you both select the SAME option, you each get $1.
You cannot communicate - you must try to coordinate.
Note: The other agent sees the SAME options, but in a DIFFERENT order.

上装
Options: 外套, 夹克, 衬衫, 毛衣

Which option do you choose? Respond with the exact option text.",外套,外套,"You are playing a coordination game with another agent.
If you both select the SAME option, you each get $1.
You cannot communicate - you must try to coordinate.
Note: The other agent sees the SAME options, but in a DIFFERENT order.

上装
Options: 外套, 夹克, 毛衣, 衬衫

Which option do you choose? Respond with the exact option text.",衬衫,衬衫,False
下装,"[""裤子"", ""牛仔裤"", ""短裤"", ""裙子""]","[""牛仔裤"", ""短裤"", ""裤子"", ""裙子""]","[""裤子"", ""牛仔裤"", ""裙子"", ""短裤""]","You are playing a coordination game with another agent.
If you both select the SAME option, you each get $1.
You cannot communicate - you must try to coordinate.
Note: The other agent sees the SAME options, but in a DIFFERENT order.

下装
Options: 牛仔裤, 短裤, 裤子, 裙子

Which option do you choose? Respond with the exact option text.",牛仔裤,牛仔裤,"You are playing a coordination game with another agent.
If you both select the SAME option, you each get $1.
You cannot communicate - you must try to coordinate.
Note: The other agent sees the SAME options, but in a DIFFERENT order.

下装
Options: 裤子, 牛仔裤, 裙子, 短裤

Which option do you choose? Respond with the exact option text.",短裤,短裤,False
鞋类,"[""运动鞋"", ""靴子"", ""凉鞋"", ""皮鞋""]","[""凉鞋"", ""皮鞋"", ""靴子"", ""运动鞋""]","[""靴子"", ""凉鞋"", ""皮鞋"", ""运动鞋""]","You are playing a coordination game with another agent.
If you both select the SAME option, you each get $1.
You cannot communicate - you must try to coordinate.
Note: The other agent sees the SAME options, but in a DIFFERENT order.

鞋类
Options: 凉鞋, 皮鞋, 靴子, 运动鞋

Which option do you choose? Respond with the exact option text.",运动鞋,运动鞋,"You are playing a coordination game with another agent.
If you both select the SAME option, you each get $1.
You cannot communicate - you must try to coordinate.
Note: The other agent sees the SAME options, but in a DIFFERENT order.

鞋类
Options: 靴子, 凉鞋, 皮鞋, 运动鞋

Which option do you choose? Respond with the exact option text.",凉鞋,凉鞋,False
帽子,"[""鸭舌帽"", ""礼帽"", ""毛线帽"", ""头盔""]","[""毛线帽"", ""头盔"", ""礼帽"", ""鸭舌帽""]","[""毛线帽"", ""礼帽"", ""头盔"", ""鸭舌帽""]","You are playing a coordination game with another agent.
If you both select the SAME option, you each get $1.
You cannot communicate - you must try to coordinate.
Note: The other agent sees the SAME options, but in a DIFFERENT order.

帽子
Options: 毛线帽, 头盔, 礼帽, 鸭舌帽

Which option do you choose? Respond with the exact option text.",礼帽,礼帽,"You are playing a coordination game with another agent.
If you both select the SAME option, you each get $1.
You cannot communicate - you must try to coordinate.
Note: The other agent sees the SAME options, but in a DIFFERENT order.

帽子
Options: 毛线帽, 礼帽, 头盔, 鸭舌帽

Which option do you choose? Respond with the exact option text.",礼帽,礼帽,True
正装,"[""西装"", ""连衣裙"", ""燕尾服"", ""礼服""]","[""西装"", ""礼服"", ""连衣裙"", ""燕尾服""]","[""连衣裙"", ""燕尾服"", ""西装"", ""礼服""]","You are playing a coordination game with another agent.
If you both select the SAME option, you each get $1.
You cannot communicate - you must try to coordinate.
Note: The other agent sees the SAME options, but in a DIFFERENT order.

正装
Options: 西装, 礼服, 连衣裙, 燕尾服

Which option do you choose? Respond with the exact option text.",西装,西装,"You are playing a coordination game with another agent.
If you both select the SAME option, you each get $1.
You cannot communicate - you must try to coordinate.
Note: The other agent sees the SAME options, but in a DIFFERENT order.

正装
Options: 连衣裙, 燕尾服, 西装, 礼服

Which option do you choose? Respond with the exact option text.",西装,西装,True
Road Vehicles,"[""Car"", ""Bus"", ""Truck"", ""Motorcycle""]","[""Motorcycle"", ""Truck"", ""Bus"", ""Car""]","[""Car"", ""Motorcycle"", ""Bus"", ""Truck""]","You are playing a coordination game with another agent.
If you both select the SAME option, you each get $1.
You cannot communicate - you must try to coordinate.
Note: The other agent sees the SAME options, but in a DIFFERENT order.

Road Vehicles
Options: Motorcycle, Truck, Bus, Car

Which option do you choose? Respond with the exact option text.",Bus,Bus,"You are playing a coordination game with another agent.
If you both select the SAME option, you each get $1.
You cannot communicate - you must try to coordinate.
Note: The other agent sees the SAME options, but in a DIFFERENT order.

Road Vehicles
Options: Car, Motorcycle, Bus, Truck

Which option do you choose? Respond with the exact option text.",Car,Car,False
Two-Wheel Vehicles,"[""Bicycle"", ""Motorcycle"", ""Scooter"", ""Skateboard""]","[""Skateboard"", ""Scooter"", ""Bicycle"", ""Motorcycle""]","[""Skateboard"", ""Scooter"", ""Bicycle"", ""Motorcycle""]","You are playing a coordination game with another agent.
If you both select the SAME option, you each get $1.
You cannot communicate - you must try to coordinate.
Note: The other agent sees the SAME options, but in a DIFFERENT order.

Two-Wheel Vehicles
Options: Skateboard, Scooter, Bicycle, Motorcycle

Which option do you choose? Respond with the exact option text.",Bicycle,Bicycle,"You are playing a coordination game with another agent.
If you both select the SAME option, you each get $1.
You cannot communicate - you must try to coordinate.
Note: The other agent sees the SAME options, but in a DIFFERENT order.

Two-Wheel Vehicles
Options: Skateboard, Scooter, Bicycle, Motorcycle

Which option do you choose? Respond with the exact option text.",Bicycle,Bicycle,True
Water Vehicles,"[""Boat"", ""Ship"", ""Canoe"", ""Yacht""]","[""Canoe"", ""Ship"", ""Boat"", ""Yacht""]","[""Boat"", ""Yacht"", ""Canoe"", ""Ship""]","You are playing a coordination game with another agent.
If you both select the SAME option, you each get $1.
You cannot communicate - you must try to coordinate.
Note: The other agent sees the SAME options, but in a DIFFERENT order.

Water Vehicles
Options: Canoe, Ship, Boat, Yacht

Which option do you choose? Respond with the exact option text.",Boat,Boat,"You are playing a coordination game with another agent.
If you both select the SAME option, you each get $1.
You cannot communicate - you must try to coordinate.
Note: The other agent sees the SAME options, but in a DIFFERENT order.

Water Vehicles
Options: Boat, Yacht, Canoe, Ship

Which option do you choose? Respond with the exact option text.",Boat,Boat,True
Air Vehicles,"[""Airplane"", ""Helicopter"", ""Balloon"", ""Glider""]","[""Airplane"", ""Helicopter"", ""Balloon"", ""Glider""]","[""Glider"", ""Helicopter"", ""Airplane"", ""Balloon""]","You are playing a coordination game with another agent.
If you both select the SAME option, you each get $1.
You cannot communicate - you must try to coordinate.
Note: The other agent sees the SAME options, but in a DIFFERENT order.

Air Vehicles
Options: Airplane, Helicopter, Balloon, Glider

Which option do you choose? Respond with the exact option text.",Airplane,Airplane,"You are playing a coordination game with another agent.
If you both select the SAME option, you each get $1.
You cannot communicate - you must try to coordinate.
Note: The other agent sees the SAME options, but in a DIFFERENT order.

Air Vehicles
Options: Glider, Helicopter, Airplane, Balloon

Which option do you choose? Respond with the exact option text.",Airplane,Airplane,True
Public Transport,"[""Bus"", ""Subway"", ""Taxi"", ""Train""]","[""Subway"", ""Bus"", ""Taxi"", ""Train""]","[""Taxi"", ""Bus"", ""Train"", ""Subway""]","You are playing a coordination game with another agent.
If you both select the SAME option, you each get $1.
You cannot communicate - you must try to coordinate.
Note: The other agent sees the SAME options, but in a DIFFERENT order.

Public Transport
Options: Subway, Bus, Taxi, Train

Which option do you choose? Respond with the exact option text.",Bus,Bus,"You are playing a coordination game with another agent.
If you both select the SAME option, you each get $1.
You cannot communicate - you must try to coordinate.
Note: The other agent sees the SAME options, but in a DIFFERENT order.

Public Transport
Options: Taxi, Bus, Train, Subway

Which option do you choose? Respond with the exact option text.",Bus,Bus,True
道路车辆,"[""汽车"", ""公交车"", ""卡车"", ""摩托车""]","[""公交车"", ""卡车"", ""汽车"", ""摩托车""]","[""摩托车"", ""汽车"", ""卡车"", ""公交车""]","You are playing a coordination game with another agent.
If you both select the SAME option, you each get $1.
You cannot communicate - you must try to coordinate.
Note: The other agent sees the SAME options, but in a DIFFERENT order.

道路车辆
Options: 公交车, 卡车, 汽车, 摩托车

Which option do you choose? Respond with the exact option text.",公交车,公交车,"You are playing a coordination game with another agent.
If you both select the SAME option, you each get $1.
You cannot communicate - you must try to coordinate.
Note: The other agent sees the SAME options, but in a DIFFERENT order.

道路车辆
Options: 摩托车, 汽车, 卡车, 公交车

Which option do you choose? Respond with the exact option text.",公交车,公交车,True
两轮车,"[""自行车"", ""摩托车"", ""滑板车"", ""滑板""]","[""摩托车"", ""滑板"", ""自行车"", ""滑板车""]","[""滑板"", ""摩托车"", ""滑板车"", ""自行车""]","You are playing a coordination game with another agent.
If you both select the SAME option, you each get $1.
You cannot communicate - you must try to coordinate.
Note: The other agent sees the SAME options, but in a DIFFERENT order.

两轮车
Options: 摩托车, 滑板, 自行车, 滑板车

Which option do you choose? Respond with the exact option text.",滑板,滑板,"You are playing a coordination game with another agent.
If you both select the SAME option, you each get $1.
You cannot communicate - you must try to coordinate.
Note: The other agent sees the SAME options, but in a DIFFERENT order.

两轮车
Options: 滑板, 摩托车, 滑板车, 自行车

Which option do you choose? Respond with the exact option text.",滑板,滑板,True
水上交通,"[""船"", ""轮船"", ""独木舟"", ""游艇""]","[""船"", ""独木舟"", ""轮船"", ""游艇""]","[""独木舟"", ""游艇"", ""船"", ""轮船""]","You are playing a coordination game with another agent.
If you both select the SAME option, you each get $1.
You cannot communicate - you must try to coordinate.
Note: The other agent sees the SAME options, but in a DIFFERENT order.

水上交通
Options: 船, 独木舟, 轮船, 游艇

Which option do you choose? Respond with the exact option text.",独木舟,独木舟,"You are playing a coordination game with another agent.
If you both select the SAME option, you each get $1.
You cannot communicate - you must try to coordinate.
Note: The other agent sees the SAME options, but in a DIFFERENT order.

水上交通
Options: 独木舟, 游艇, 船, 轮船

Which option do you choose? Respond with the exact option text.",船,船,False
空中交通,"[""飞机"", ""直升机"", ""热气球"", ""滑翔机""]","[""飞机"", ""热气球"", ""直升机"", ""滑翔机""]","[""滑翔机"", ""直升机"", ""热气球"", ""飞机""]","You are playing a coordination game with another agent.
If you both select the SAME option, you each get $1.
You cannot communicate - you must try to coordinate.
Note: The other agent sees the SAME options, but in a DIFFERENT order.

空中交通
Options: 飞机, 热气球, 直升机, 滑翔机

Which option do you choose? Respond with the exact option text.",飞机,飞机,"You are playing a coordination game with another agent.
If you both select the SAME option, you each get $1.
You cannot communicate - you must try to coordinate.
Note: The other agent sees the SAME options, but in a DIFFERENT order.

空中交通
Options: 滑翔机, 直升机, 热气球, 飞机

Which option do you choose? Respond with the exact option text.",飞机,飞机,True
公共交通,"[""公交车"", ""地铁"", ""出租车"", ""火车""]","[""公交车"", ""出租车"", ""地铁"", ""火车""]","[""公交车"", ""地铁"", ""火车"", ""出租车""]","You are playing a coordination game with another agent.
If you both select the SAME option, you each get $1.
You cannot communicate - you must try to coordinate.
Note: The other agent sees the SAME options, but in a DIFFERENT order.

公共交通
Options: 公交车, 出租车, 地铁, 火车

Which option do you choose? Respond with the exact option text.",公交车,公交车,"You are playing a coordination game with another agent.
If you both select the SAME option, you each get $1.
You cannot communicate - you must try to coordinate.
Note: The other agent sees the SAME options, but in a DIFFERENT order.

公共交通
Options: 公交车, 地铁, 火车, 出租车

Which option do you choose? Respond with the exact option text.",公交车,公交车,True
Living Room Furniture,"[""Sofa"", ""Table"", ""Chair"", ""Shelf""]","[""Table"", ""Shelf"", ""Chair"", ""Sofa""]","[""Chair"", ""Sofa"", ""Shelf"", ""Table""]","You are playing a coordination game with another agent.
If you both select the SAME option, you each get $1.
You cannot communicate - you must try to coordinate.
Note: The other agent sees the SAME options, but in a DIFFERENT order.

Living Room Furniture
Options: Table, Shelf, Chair, Sofa

Which option do you choose? Respond with the exact option text.",Chair,Chair,"You are playing a coordination game with another agent.
If you both select the SAME option, you each get $1.
You cannot communicate - you must try to coordinate.
Note: The other agent sees the SAME options, but in a DIFFERENT order.

Living Room Furniture
Options: Chair, Sofa, Shelf, Table

Which option do you choose? Respond with the exact option text.",Chair,Chair,True
Bedroom Furniture,"[""Bed"", ""Wardrobe"", ""Dresser"", ""Nightstand""]","[""Wardrobe"", ""Dresser"", ""Nightstand"", ""Bed""]","[""Bed"", ""Dresser"", ""Nightstand"", ""Wardrobe""]","You are playing a coordination game with another agent.
If you both select the SAME option, you each get $1.
You cannot communicate - you must try to coordinate.
Note: The other agent sees the SAME options, but in a DIFFERENT order.

Bedroom Furniture
Options: Wardrobe, Dresser, Nightstand, Bed

Which option do you choose? Respond with the exact option text.",Bed,Bed,"You are playing a coordination game with another agent.
If you both select the SAME option, you each get $1.
You cannot communicate - you must try to coordinate.
Note: The other agent sees the SAME options, but in a DIFFERENT order.

Bedroom Furniture
Options: Bed, Dresser, Nightstand, Wardrobe

Which option do you choose? Respond with the exact option text.",Bed,Bed,True
Office Furniture,"[""Desk"", ""Chair"", ""Filing Cabinet"", ""Bookshelf""]","[""Chair"", ""Filing Cabinet"", ""Desk"", ""Bookshelf""]","[""Desk"", ""Bookshelf"", ""Chair"", ""Filing Cabinet""]","You are playing a coordination game with another agent.
If you both select the SAME option, you each get $1.
You cannot communicate - you must try to coordinate.
Note: The other agent sees the SAME options, but in a DIFFERENT order.

Office Furniture
Options: Chair, Filing Cabinet, Desk, Bookshelf

Which option do you choose? Respond with the exact option text.",Bookshelf,Bookshelf,"You are playing a coordination game with another agent.
If you both select the SAME option, you each get $1.
You cannot communicate - you must try to coordinate.
Note: The other agent sees the SAME options, but in a DIFFERENT order.

Office Furniture
Options: Desk, Bookshelf, Chair, Filing Cabinet

Which option do you choose? Respond with the exact option text.",Bookshelf,Bookshelf,True
Dining Furniture,"[""Dining Table"", ""Chair"", ""Cabinet"", ""Sideboard""]","[""Cabinet"", ""Dining Table"", ""Sideboard"", ""Chair""]","[""Sideboard"", ""Chair"", ""Dining Table"", ""Cabinet""]","You are playing a coordination game with another agent.
If you both select the SAME option, you each get $1.
You cannot communicate - you must try to coordinate.
Note: The other agent sees the SAME options, but in a DIFFERENT order.

Dining Furniture
Options: Cabinet, Dining Table, Sideboard, Chair

Which option do you choose? Respond with the exact option text.",Cabinet,Cabinet,"You are playing a coordination game with another agent.
If you both select the SAME option, you each get $1.
You cannot communicate - you must try to coordinate.
Note: The other agent sees the SAME options, but in a DIFFERENT order.

Dining Furniture
Options: Sideboard, Chair, Dining Table, Cabinet

Which option do you choose? Respond with the exact option text.",Dining Table,Dining Table,False
Storage Furniture,"[""Cabinet"", ""Shelf"", ""Drawer"", ""Closet""]","[""Drawer"", ""Closet"", ""Shelf"", ""Cabinet""]","[""Drawer"", ""Closet"", ""Cabinet"", ""Shelf""]","You are playing a coordination game with another agent.
If you both select the SAME option, you each get $1.
You cannot communicate - you must try to coordinate.
Note: The other agent sees the SAME options, but in a DIFFERENT order.

Storage Furniture
Options: Drawer, Closet, Shelf, Cabinet

Which option do you choose? Respond with the exact option text.",Cabinet,Cabinet,"You are playing a coordination game with another agent.
If you both select the SAME option, you each get $1.
You cannot communicate - you must try to coordinate.
Note: The other agent sees the SAME options, but in a DIFFERENT order.

Storage Furniture
Options: Drawer, Closet, Cabinet, Shelf

Which option do you choose? Respond with the exact option text.",Cabinet,Cabinet,True
客厅家具,"[""沙发"", ""桌子"", ""椅子"", ""书架""]","[""书架"", ""桌子"", ""沙发"", ""椅子""]","[""书架"", ""桌子"", ""沙发"", ""椅子""]","You are playing a coordination game with another agent.
If you both select the SAME option, you each get $1.
You cannot communicate - you must try to coordinate.
Note: The other agent sees the SAME options, but in a DIFFERENT order.

客厅家具
Options: 书架, 桌子, 沙发, 椅子

Which option do you choose? Respond with the exact option text.",书架,书架,"You are playing a coordination game with another agent.
If you both select the SAME option, you each get $1.
You cannot communicate - you must try to coordinate.
Note: The other agent sees the SAME options, but in a DIFFERENT order.

客厅家具
Options: 书架, 桌子, 沙发, 椅子

Which option do you choose? Respond with the exact option text.",书架,书架,True
卧室家具,"[""床"", ""衣柜"", ""梳妆台"", ""床头柜""]","[""梳妆台"", ""衣柜"", ""床头柜"", ""床""]","[""床头柜"", ""床"", ""衣柜"", ""梳妆台""]","You are playing a coordination game with another agent.
If you both select the SAME option, you each get $1.
You cannot communicate - you must try to coordinate.
Note: The other agent sees the SAME options, but in a DIFFERENT order.

卧室家具
Options: 梳妆台, 衣柜, 床头柜, 床

Which option do you choose? Respond with the exact option text.",床,床,"You are playing a coordination game with another agent.
If you both select the SAME option, you each get $1.
You cannot communicate - you must try to coordinate.
Note: The other agent sees the SAME options, but in a DIFFERENT order.

卧室家具
Options: 床头柜, 床, 衣柜, 梳妆台

Which option do you choose? Respond with the exact option text.",床,床,True
办公家具,"[""书桌"", ""椅子"", ""文件柜"", ""书架""]","[""椅子"", ""书架"", ""书桌"", ""文件柜""]","[""书架"", ""椅子"", ""文件柜"", ""书桌""]","You are playing a coordination game with another agent.
If you both select the SAME option, you each get $1.
You cannot communicate - you must try to coordinate.
Note: The other agent sees the SAME options, but in a DIFFERENT order.

办公家具
Options: 椅子, 书架, 书桌, 文件柜

Which option do you choose? Respond with the exact option text.",书桌,书桌,"You are playing a coordination game with another agent.
If you both select the SAME option, you each get $1.
You cannot communicate - you must try to coordinate.
Note: The other agent sees the SAME options, but in a DIFFERENT order.

办公家具
Options: 书架, 椅子, 文件柜, 书桌

Which option do you choose? Respond with the exact option text.",书架,书架,False
餐厅家具,"[""餐桌"", ""餐椅"", ""餐柜"", ""边柜""]","[""餐桌"", ""边柜"", ""餐椅"", ""餐柜""]","[""餐柜"", ""餐椅"", ""边柜"", ""餐桌""]","You are playing a coordination game with another agent.
If you both select the SAME option, you each get $1.
You cannot communicate - you must try to coordinate.
Note: The other agent sees the SAME options, but in a DIFFERENT order.

餐厅家具
Options: 餐桌, 边柜, 餐椅, 餐柜

Which option do you choose? Respond with the exact option text.",餐桌,餐桌,"You are playing a coordination game with another agent.
If you both select the SAME option, you each get $1.
You cannot communicate - you must try to coordinate.
Note: The other agent sees the SAME options, but in a DIFFERENT order.

餐厅家具
Options: 餐柜, 餐椅, 边柜, 餐桌

Which option do you choose? Respond with the exact option text.",边柜,边柜,False
收纳家具,"[""柜子"", ""架子"", ""抽屉"", ""衣橱""]","[""柜子"", ""架子"", ""抽屉"", ""衣橱""]","[""抽屉"", ""柜子"", ""架子"", ""衣橱""]","You are playing a coordination game with another agent.
If you both select the SAME option, you each get $1.
You cannot communicate - you must try to coordinate.
Note: The other agent sees the SAME options, but in a DIFFERENT order.

收纳家具
Options: 柜子, 架子, 抽屉, 衣橱

Which option do you choose? Respond with the exact option text.",柜子,柜子,"You are playing a coordination game with another agent.
If you both select the SAME option, you each get $1.
You cannot communicate - you must try to coordinate.
Note: The other agent sees the SAME options, but in a DIFFERENT order.

收纳家具
Options: 抽屉, 柜子, 架子, 衣橱

Which option do you choose? Respond with the exact option text.",抽屉,抽屉,False
Home Rooms,"[""Bedroom"", ""Kitchen"", ""Bathroom"", ""Living Room""]","[""Living Room"", ""Kitchen"", ""Bedroom"", ""Bathroom""]","[""Bedroom"", ""Bathroom"", ""Living Room"", ""Kitchen""]","You are playing a coordination game with another agent.
If you both select the SAME option, you each get $1.
You cannot communicate - you must try to coordinate.
Note: The other agent sees the SAME options, but in a DIFFERENT order.

Home Rooms
Options: Living Room, Kitchen, Bedroom, Bathroom

Which option do you choose? Respond with the exact option text.",Bathroom,Bathroom,"You are playing a coordination game with another agent.
If you both select the SAME option, you each get $1.
You cannot communicate - you must try to coordinate.
Note: The other agent sees the SAME options, but in a DIFFERENT order.

Home Rooms
Options: Bedroom, Bathroom, Living Room, Kitchen

Which option do you choose? Respond with the exact option text.",Living Room,Living Room,False
Kitchen Areas,"[""Counter"", ""Stove"", ""Sink"", ""Refrigerator""]","[""Counter"", ""Sink"", ""Refrigerator"", ""Stove""]","[""Sink"", ""Refrigerator"", ""Stove"", ""Counter""]","You are playing a coordination game with another agent.
If you both select the SAME option, you each get $1.
You cannot communicate - you must try to coordinate.
Note: The other agent sees the SAME options, but in a DIFFERENT order.

Kitchen Areas
Options: Counter, Sink, Refrigerator, Stove

Which option do you choose? Respond with the exact option text.",Counter,Counter,"You are playing a coordination game with another agent.
If you both select the SAME option, you each get $1.
You cannot communicate - you must try to coordinate.
Note: The other agent sees the SAME options, but in a DIFFERENT order.

Kitchen Areas
Options: Sink, Refrigerator, Stove, Counter

Which option do you choose? Respond with the exact option text.",Counter,Counter,True
Bathroom Features,"[""Shower"", ""Toilet"", ""Sink"", ""Bathtub""]","[""Bathtub"", ""Sink"", ""Shower"", ""Toilet""]","[""Shower"", ""Bathtub"", ""Toilet"", ""Sink""]","You are playing a coordination game with another agent.
If you both select the SAME option, you each get $1.
You cannot communicate - you must try to coordinate.
Note: The other agent sees the SAME options, but in a DIFFERENT order.

Bathroom Features
Options: Bathtub, Sink, Shower, Toilet

Which option do you choose? Respond with the exact option text.",Bathtub,Bathtub,"You are playing a coordination game with another agent.
If you both select the SAME option, you each get $1.
You cannot communicate - you must try to coordinate.
Note: The other agent sees the SAME options, but in a DIFFERENT order.

Bathroom Features
Options: Shower, Bathtub, Toilet, Sink

Which option do you choose? Respond with the exact option text.",Bathtub,Bathtub,True
Living Room Items,"[""Sofa"", ""TV"", ""Carpet"", ""Window""]","[""Sofa"", ""Window"", ""TV"", ""Carpet""]","[""Window"", ""Sofa"", ""TV"", ""Carpet""]","You are playing a coordination game with another agent.
If you both select the SAME option, you each get $1.
You cannot communicate - you must try to coordinate.
Note: The other agent sees the SAME options, but in a DIFFERENT order.

Living Room Items
Options: Sofa, Window, TV, Carpet

Which option do you choose? Respond with the exact option text.",Carpet,Carpet,"You are playing a coordination game with another agent.
If you both select the SAME option, you each get $1.
You cannot communicate - you must try to coordinate.
Note: The other agent sees the SAME options, but in a DIFFERENT order.

Living Room Items
Options: Window, Sofa, TV, Carpet

Which option do you choose? Respond with the exact option text.",Carpet,Carpet,True
Bedroom Furniture,"[""Bed"", ""Closet"", ""Desk"", ""Mirror""]","[""Closet"", ""Bed"", ""Desk"", ""Mirror""]","[""Bed"", ""Desk"", ""Mirror"", ""Closet""]","You are playing a coordination game with another agent.
If you both select the SAME option, you each get $1.
You cannot communicate - you must try to coordinate.
Note: The other agent sees the SAME options, but in a DIFFERENT order.

Bedroom Furniture
Options: Closet, Bed, Desk, Mirror

Which option do you choose? Respond with the exact option text.",Closet,Closet,"You are playing a coordination game with another agent.
If you both select the SAME option, you each get $1.
You cannot communicate - you must try to coordinate.
Note: The other agent sees the SAME options, but in a DIFFERENT order.

Bedroom Furniture
Options: Bed, Desk, Mirror, Closet

Which option do you choose? Respond with the exact option text.",Bed,Bed,False
家庭房间,"[""卧室"", ""厨房"", ""浴室"", ""客厅""]","[""浴室"", ""客厅"", ""卧室"", ""厨房""]","[""卧室"", ""客厅"", ""浴室"", ""厨房""]","You are playing a coordination game with another agent.
If you both select the SAME option, you each get $1.
You cannot communicate - you must try to coordinate.
Note: The other agent sees the SAME options, but in a DIFFERENT order.

家庭房间
Options: 浴室, 客厅, 卧室, 厨房

Which option do you choose? Respond with the exact option text.",客厅,客厅,"You are playing a coordination game with another agent.
If you both select the SAME option, you each get $1.
You cannot communicate - you must try to coordinate.
Note: The other agent sees the SAME options, but in a DIFFERENT order.

家庭房间
Options: 卧室, 客厅, 浴室, 厨房

Which option do you choose? Respond with the exact option text.",卧室,卧室,False
厨房区域,"[""台面"", ""炉灶"", ""水槽"", ""冰箱""]","[""台面"", ""炉灶"", ""冰箱"", ""水槽""]","[""冰箱"", ""水槽"", ""台面"", ""炉灶""]","You are playing a coordination game with another agent.
If you both select the SAME option, you each get $1.
You cannot communicate - you must try to coordinate.
Note: The other agent sees the SAME options, but in a DIFFERENT order.

厨房区域
Options: 台面, 炉灶, 冰箱, 水槽

Which option do you choose? Respond with the exact option text.",冰箱,冰箱,"You are playing a coordination game with another agent.
If you both select the SAME option, you each get $1.
You cannot communicate - you must try to coordinate.
Note: The other agent sees the SAME options, but in a DIFFERENT order.

厨房区域
Options: 冰箱, 水槽, 台面, 炉灶

Which option do you choose? Respond with the exact option text.",水槽,水槽,False
浴室设施,"[""淋浴"", ""马桶"", ""洗手台"", ""浴缸""]","[""淋浴"", ""浴缸"", ""洗手台"", ""马桶""]","[""浴缸"", ""马桶"", ""淋浴"", ""洗手台""]","You are playing a coordination game with another agent.
If you both select the SAME option, you each get $1.
You cannot communicate - you must try to coordinate.
Note: The other agent sees the SAME options, but in a DIFFERENT order.

浴室设施
Options: 淋浴, 浴缸, 洗手台, 马桶

Which option do you choose? Respond with the exact option text.",淋浴,淋浴,"You are playing a coordination game with another agent.
If you both select the SAME option, you each get $1.
You cannot communicate - you must try to coordinate.
Note: The other agent sees the SAME options, but in a DIFFERENT order.

浴室设施
Options: 浴缸, 马桶, 淋浴, 洗手台

Which option do you choose? Respond with the exact option text.",马桶,马桶,False
客厅陈设,"[""沙发"", ""电视"", ""地毯"", ""窗户""]","[""地毯"", ""窗户"", ""电视"", ""沙发""]","[""电视"", ""沙发"", ""地毯"", ""窗户""]","You are playing a coordination game with another agent.
If you both select the SAME option, you each get $1.
You cannot communicate - you must try to coordinate.
Note: The other agent sees the SAME options, but in a DIFFERENT order.

客厅陈设
Options: 地毯, 窗户, 电视, 沙发

Which option do you choose? Respond with the exact option text.",地毯,地毯,"You are playing a coordination game with another agent.
If you both select the SAME option, you each get $1.
You cannot communicate - you must try to coordinate.
Note: The other agent sees the SAME options, but in a DIFFERENT order.

客厅陈设
Options: 电视, 沙发, 地毯, 窗户

Which option do you choose? Respond with the exact option text.",沙发,沙发,False
卧室家具,"[""床"", ""衣柜"", ""书桌"", ""镜子""]","[""书桌"", ""床"", ""衣柜"", ""镜子""]","[""衣柜"", ""书桌"", ""镜子"", ""床""]","You are playing a coordination game with another agent.
If you both select the SAME option, you each get $1.
You cannot communicate - you must try to coordinate.
Note: The other agent sees the SAME options, but in a DIFFERENT order.

卧室家具
Options: 书桌, 床, 衣柜, 镜子

Which option do you choose? Respond with the exact option text.",书桌,书桌,"You are playing a coordination game with another agent.
If you both select the SAME option, you each get $1.
You cannot communicate - you must try to coordinate.
Note: The other agent sees the SAME options, but in a DIFFERENT order.

卧室家具
Options: 衣柜, 书桌, 镜子, 床

Which option do you choose? Respond with the exact option text.",床,床,False
Educational Institutions,"[""School"", ""University"", ""College"", ""Academy""]","[""School"", ""University"", ""College"", ""Academy""]","[""School"", ""College"", ""Academy"", ""University""]","You are playing a coordination game with another agent.
If you both select the SAME option, you each get $1.
You cannot communicate - you must try to coordinate.
Note: The other agent sees the SAME options, but in a DIFFERENT order.

Educational Institutions
Options: School, University, College, Academy

Which option do you choose? Respond with the exact option text.",School,School,"You are playing a coordination game with another agent.
If you both select the SAME option, you each get $1.
You cannot communicate - you must try to coordinate.
Note: The other agent sees the SAME options, but in a DIFFERENT order.

Educational Institutions
Options: School, College, Academy, University

Which option do you choose? Respond with the exact option text.",College,College,False
Government Buildings,"[""City Hall"", ""Court"", ""Post Office"", ""Library""]","[""Library"", ""Post Office"", ""Court"", ""City Hall""]","[""Library"", ""City Hall"", ""Post Office"", ""Court""]","You are playing a coordination game with another agent.
If you both select the SAME option, you each get $1.
You cannot communicate - you must try to coordinate.
Note: The other agent sees the SAME options, but in a DIFFERENT order.

Government Buildings
Options: Library, Post Office, Court, City Hall

Which option do you choose? Respond with the exact option text.",Court,Court,"You are playing a coordination game with another agent.
If you both select the SAME option, you each get $1.
You cannot communicate - you must try to coordinate.
Note: The other agent sees the SAME options, but in a DIFFERENT order.

Government Buildings
Options: Library, City Hall, Post Office, Court

Which option do you choose? Respond with the exact option text.",Library,Library,False
Healthcare Facilities,"[""Hospital"", ""Clinic"", ""Pharmacy"", ""Lab""]","[""Lab"", ""Clinic"", ""Hospital"", ""Pharmacy""]","[""Pharmacy"", ""Hospital"", ""Clinic"", ""Lab""]","You are playing a coordination game with another agent.
If you both select the SAME option, you each get $1.
You cannot communicate - you must try to coordinate.
Note: The other agent sees the SAME options, but in a DIFFERENT order.

Healthcare Facilities
Options: Lab, Clinic, Hospital, Pharmacy

Which option do you choose? Respond with the exact option text.",Hospital,Hospital,"You are playing a coordination game with another agent.
If you both select the SAME option, you each get $1.
You cannot communicate - you must try to coordinate.
Note: The other agent sees the SAME options, but in a DIFFERENT order.

Healthcare Facilities
Options: Pharmacy, Hospital, Clinic, Lab

Which option do you choose? Respond with the exact option text.",Hospital,Hospital,True
Cultural Institutions,"[""Museum"", ""Theater"", ""Gallery"", ""Library""]","[""Gallery"", ""Theater"", ""Library"", ""Museum""]","[""Theater"", ""Gallery"", ""Library"", ""Museum""]","You are playing a coordination game with another agent.
If you both select the SAME option, you each get $1.
You cannot communicate - you must try to coordinate.
Note: The other agent sees the SAME options, but in a DIFFERENT order.

Cultural Institutions
Options: Gallery, Theater, Library, Museum

Which option do you choose? Respond with the exact option text.",Gallery,Gallery,"You are playing a coordination game with another agent.
If you both select the SAME option, you each get $1.
You cannot communicate - you must try to coordinate.
Note: The other agent sees the SAME options, but in a DIFFERENT order.

Cultural Institutions
Options: Theater, Gallery, Library, Museum

Which option do you choose? Respond with the exact option text.",Gallery,Gallery,True
Financial Institutions,"[""Bank"", ""Insurance"", ""Stock Exchange"", ""Credit Union""]","[""Bank"", ""Credit Union"", ""Stock Exchange"", ""Insurance""]","[""Stock Exchange"", ""Bank"", ""Insurance"", ""Credit Union""]","You are playing a coordination game with another agent.
If you both select the SAME option, you each get $1.
You cannot communicate - you must try to coordinate.
Note: The other agent sees the SAME options, but in a DIFFERENT order.

Financial Institutions
Options: Bank, Credit Union, Stock Exchange, Insurance

Which option do you choose? Respond with the exact option text.",Bank,Bank,"You are playing a coordination game with another agent.
If you both select the SAME option, you each get $1.
You cannot communicate - you must try to coordinate.
Note: The other agent sees the SAME options, but in a DIFFERENT order.

Financial Institutions
Options: Stock Exchange, Bank, Insurance, Credit Union

Which option do you choose? Respond with the exact option text.",Bank,Bank,True
教育机构,"[""学校"", ""大学"", ""学院"", ""研究院""]","[""学校"", ""大学"", ""研究院"", ""学院""]","[""学校"", ""大学"", ""研究院"", ""学院""]","You are playing a coordination game with another agent.
If you both select the SAME option, you each get $1.
You cannot communicate - you must try to coordinate.
Note: The other agent sees the SAME options, but in a DIFFERENT order.

教育机构
Options: 学校, 大学, 研究院, 学院

Which option do you choose? Respond with the exact option text.",学校,学校,"You are playing a coordination game with another agent.
If you both select the SAME option, you each get $1.
You cannot communicate - you must try to coordinate.
Note: The other agent sees the SAME options, but in a DIFFERENT order.

教育机构
Options: 学校, 大学, 研究院, 学院

Which option do you choose? Respond with the exact option text.",大学,大学,False
政府建筑,"[""市政厅"", ""法院"", ""邮局"", ""图书馆""]","[""法院"", ""市政厅"", ""邮局"", ""图书馆""]","[""邮局"", ""图书馆"", ""法院"", ""市政厅""]","You are playing a coordination game with another agent.
If you both select the SAME option, you each get $1.
You cannot communicate - you must try to coordinate.
Note: The other agent sees the SAME options, but in a DIFFERENT order.

政府建筑
Options: 法院, 市政厅, 邮局, 图书馆

Which option do you choose? Respond with the exact option text.",法院,法院,"You are playing a coordination game with another agent.
If you both select the SAME option, you each get $1.
You cannot communicate - you must try to coordinate.
Note: The other agent sees the SAME options, but in a DIFFERENT order.

政府建筑
Options: 邮局, 图书馆, 法院, 市政厅

Which option do you choose? Respond with the exact option text.",法院,法院,True
医疗机构,"[""医院"", ""诊所"", ""药房"", ""实验室""]","[""诊所"", ""医院"", ""药房"", ""实验室""]","[""医院"", ""实验室"", ""药房"", ""诊所""]","You are playing a coordination game with another agent.
If you both select the SAME option, you each get $1.
You cannot communicate - you must try to coordinate.
Note: The other agent sees the SAME options, but in a DIFFERENT order.

医疗机构
Options: 诊所, 医院, 药房, 实验室

Which option do you choose? Respond with the exact option text.",实验室,实验室,"You are playing a coordination game with another agent.
If you both select the SAME option, you each get $1.
You cannot communicate - you must try to coordinate.
Note: The other agent sees the SAME options, but in a DIFFERENT order.

医疗机构
Options: 医院, 实验室, 药房, 诊所

Which option do you choose? Respond with the exact option text.",医院,医院,False
文化机构,"[""博物馆"", ""剧院"", ""画廊"", ""图书馆""]","[""博物馆"", ""图书馆"", ""画廊"", ""剧院""]","[""画廊"", ""图书馆"", ""博物馆"", ""剧院""]","You are playing a coordination game with another agent.
If you both select the SAME option, you each get $1.
You cannot communicate - you must try to coordinate.
Note: The other agent sees the SAME options, but in a DIFFERENT order.

文化机构
Options: 博物馆, 图书馆, 画廊, 剧院

Which option do you choose? Respond with the exact option text.",博物馆,博物馆,"You are playing a coordination game with another agent.
If you both select the SAME option, you each get $1.
You cannot communicate - you must try to coordinate.
Note: The other agent sees the SAME options, but in a DIFFERENT order.

文化机构
Options: 画廊, 图书馆, 博物馆, 剧院

Which option do you choose? Respond with the exact option text.",画廊,画廊,False
金融机构,"[""银行"", ""保险"", ""证券交易所"", ""信用社""]","[""银行"", ""保险"", ""证券交易所"", ""信用社""]","[""保险"", ""信用社"", ""银行"", ""证券交易所""]","You are playing a coordination game with another agent.
If you both select the SAME option, you each get $1.
You cannot communicate - you must try to coordinate.
Note: The other agent sees the SAME options, but in a DIFFERENT order.

金融机构
Options: 银行, 保险, 证券交易所, 信用社

Which option do you choose? Respond with the exact option text.",银行,银行,"You are playing a coordination game with another agent.
If you both select the SAME option, you each get $1.
You cannot communicate - you must try to coordinate.
Note: The other agent sees the SAME options, but in a DIFFERENT order.

金融机构
Options: 保险, 信用社, 银行, 证券交易所

Which option do you choose? Respond with the exact option text.",信用社,信用社,False
US Meeting Spots,"[""Starbucks"", ""McDonald's"", ""Library"", ""Park""]","[""Starbucks"", ""Library"", ""Park"", ""McDonald's""]","[""Starbucks"", ""McDonald's"", ""Park"", ""Library""]","You are playing a coordination game with another agent.
If you both select the SAME option, you each get $1.
You cannot communicate - you must try to coordinate.
Note: The other agent sees the SAME options, but in a DIFFERENT order.

US Meeting Spots
Options: Starbucks, Library, Park, McDonald's

Which option do you choose? Respond with the exact option text.",Library,Library,"You are playing a coordination game with another agent.
If you both select the SAME option, you each get $1.
You cannot communicate - you must try to coordinate.
Note: The other agent sees the SAME options, but in a DIFFERENT order.

US Meeting Spots
Options: Starbucks, McDonald's, Park, Library

Which option do you choose? Respond with the exact option text.",Library,Library,True
US Shopping Centers,"[""Walmart"", ""Target"", ""Mall"", ""Costco""]","[""Walmart"", ""Costco"", ""Target"", ""Mall""]","[""Walmart"", ""Costco"", ""Mall"", ""Target""]","You are playing a coordination game with another agent.
If you both select the SAME option, you each get $1.
You cannot communicate - you must try to coordinate.
Note: The other agent sees the SAME options, but in a DIFFERENT order.

US Shopping Centers
Options: Walmart, Costco, Target, Mall

Which option do you choose? Respond with the exact option text.",Costco,Costco,"You are playing a coordination game with another agent.
If you both select the SAME option, you each get $1.
You cannot communicate - you must try to coordinate.
Note: The other agent sees the SAME options, but in a DIFFERENT order.

US Shopping Centers
Options: Walmart, Costco, Mall, Target

Which option do you choose? Respond with the exact option text.",Costco,Costco,True
US Hangout Places,"[""Coffee Shop"", ""Bar"", ""Gym"", ""Beach""]","[""Gym"", ""Coffee Shop"", ""Beach"", ""Bar""]","[""Bar"", ""Coffee Shop"", ""Beach"", ""Gym""]","You are playing a coordination game with another agent.
If you both select the SAME option, you each get $1.
You cannot communicate - you must try to coordinate.
Note: The other agent sees the SAME options, but in a DIFFERENT order.

US Hangout Places
Options: Gym, Coffee Shop, Beach, Bar

Which option do you choose? Respond with the exact option text.",Beach,Beach,"You are playing a coordination game with another agent.
If you both select the SAME option, you each get $1.
You cannot communicate - you must try to coordinate.
Note: The other agent sees the SAME options, but in a DIFFERENT order.

US Hangout Places
Options: Bar, Coffee Shop, Beach, Gym

Which option do you choose? Respond with the exact option text.",Bar,Bar,False
US Public Squares,"[""Times Square"", ""National Mall"", ""Central Park"", ""Pier""]","[""Pier"", ""Times Square"", ""National Mall"", ""Central Park""]","[""Central Park"", ""National Mall"", ""Times Square"", ""Pier""]","You are playing a coordination game with another agent.
If you both select the SAME option, you each get $1.
You cannot communicate - you must try to coordinate.
Note: The other agent sees the SAME options, but in a DIFFERENT order.

US Public Squares
Options: Pier, Times Square, National Mall, Central Park

Which option do you choose? Respond with the exact option text.",Times Square,Times Square,"You are playing a coordination game with another agent.
If you both select the SAME option, you each get $1.
You cannot communicate - you must try to coordinate.
Note: The other agent sees the SAME options, but in a DIFFERENT order.

US Public Squares
Options: Central Park, National Mall, Times Square, Pier

Which option do you choose? Respond with the exact option text.",Central Park,Central Park,False
US Dining Venues,"[""Restaurant"", ""Diner"", ""Food Court"", ""Cafe""]","[""Restaurant"", ""Cafe"", ""Diner"", ""Food Court""]","[""Restaurant"", ""Food Court"", ""Diner"", ""Cafe""]","You are playing a coordination game with another agent.
If you both select the SAME option, you each get $1.
You cannot communicate - you must try to coordinate.
Note: The other agent sees the SAME options, but in a DIFFERENT order.

US Dining Venues
Options: Restaurant, Cafe, Diner, Food Court

Which option do you choose? Respond with the exact option text.",Restaurant,Restaurant,"You are playing a coordination game with another agent.
If you both select the SAME option, you each get $1.
You cannot communicate - you must try to coordinate.
Note: The other agent sees the SAME options, but in a DIFFERENT order.

US Dining Venues
Options: Restaurant, Food Court, Diner, Cafe

Which option do you choose? Respond with the exact option text.",Restaurant,Restaurant,True
US Entertainment Venues,"[""Movie Theater"", ""Stadium"", ""Concert Hall"", ""Arcade""]","[""Concert Hall"", ""Stadium"", ""Arcade"", ""Movie Theater""]","[""Concert Hall"", ""Stadium"", ""Arcade"", ""Movie Theater""]","You are playing a coordination game with another agent.
If you both select the SAME option, you each get $1.
You cannot communicate - you must try to coordinate.
Note: The other agent sees the SAME options, but in a DIFFERENT order.

US Entertainment Venues
Options: Concert Hall, Stadium, Arcade, Movie Theater

Which option do you choose? Respond with the exact option text.",Arcade,Arcade,"You are playing a coordination game with another agent.
If you both select the SAME option, you each get $1.
You cannot communicate - you must try to coordinate.
Note: The other agent sees the SAME options, but in a DIFFERENT order.

US Entertainment Venues
Options: Concert Hall, Stadium, Arcade, Movie Theater

Which option do you choose? Respond with the exact option text.",Arcade,Arcade,True
US Parks,"[""Central Park"", ""Golden Gate Park"", ""Millennium Park"", ""Griffith Park""]","[""Griffith Park"", ""Golden Gate Park"", ""Central Park"", ""Millennium Park""]","[""Millennium Park"", ""Central Park"", ""Griffith Park"", ""Golden Gate Park""]","You are playing a coordination game with another agent.
If you both select the SAME option, you each get $1.
You cannot communicate - you must try to coordinate.
Note: The other agent sees the SAME options, but in a DIFFERENT order.

US Parks
Options: Griffith Park, Golden Gate Park, Central Park, Millennium Park

Which option do you choose? Respond with the exact option text.",Central Park,Central Park,"You are playing a coordination game with another agent.
If you both select the SAME option, you each get $1.
You cannot communicate - you must try to coordinate.
Note: The other agent sees the SAME options, but in a DIFFERENT order.

US Parks
Options: Millennium Park, Central Park, Griffith Park, Golden Gate Park

Which option do you choose? Respond with the exact option text.",Central Park,Central Park,True
US Transport Hubs,"[""Airport"", ""Train Station"", ""Bus Terminal"", ""Subway Station""]","[""Bus Terminal"", ""Train Station"", ""Subway Station"", ""Airport""]","[""Airport"", ""Train Station"", ""Bus Terminal"", ""Subway Station""]","You are playing a coordination game with another agent.
If you both select the SAME option, you each get $1.
You cannot communicate - you must try to coordinate.
Note: The other agent sees the SAME options, but in a DIFFERENT order.

US Transport Hubs
Options: Bus Terminal, Train Station, Subway Station, Airport

Which option do you choose? Respond with the exact option text.",Airport,Airport,"You are playing a coordination game with another agent.
If you both select the SAME option, you each get $1.
You cannot communicate - you must try to coordinate.
Note: The other agent sees the SAME options, but in a DIFFERENT order.

US Transport Hubs
Options: Airport, Train Station, Bus Terminal, Subway Station

Which option do you choose? Respond with the exact option text.",Airport,Airport,True
US Recreational Places,"[""Beach"", ""Hiking Trail"", ""Playground"", ""Pool""]","[""Playground"", ""Beach"", ""Hiking Trail"", ""Pool""]","[""Beach"", ""Playground"", ""Hiking Trail"", ""Pool""]","You are playing a coordination game with another agent.
If you both select the SAME option, you each get $1.
You cannot communicate - you must try to coordinate.
Note: The other agent sees the SAME options, but in a DIFFERENT order.

US Recreational Places
Options: Playground, Beach, Hiking Trail, Pool

Which option do you choose? Respond with the exact option text.",Beach,Beach,"You are playing a coordination game with another agent.
If you both select the SAME option, you each get $1.
You cannot communicate - you must try to coordinate.
Note: The other agent sees the SAME options, but in a DIFFERENT order.

US Recreational Places
Options: Beach, Playground, Hiking Trail, Pool

Which option do you choose? Respond with the exact option text.",Beach,Beach,True
US Nightlife Spots,"[""Bar"", ""Club"", ""Lounge"", ""Karaoke""]","[""Club"", ""Lounge"", ""Bar"", ""Karaoke""]","[""Lounge"", ""Bar"", ""Karaoke"", ""Club""]","You are playing a coordination game with another agent.
If you both select the SAME option, you each get $1.
You cannot communicate - you must try to coordinate.
Note: The other agent sees the SAME options, but in a DIFFERENT order.

US Nightlife Spots
Options: Club, Lounge, Bar, Karaoke

Which option do you choose? Respond with the exact option text.",Bar,Bar,"You are playing a coordination game with another agent.
If you both select the SAME option, you each get $1.
You cannot communicate - you must try to coordinate.
Note: The other agent sees the SAME options, but in a DIFFERENT order.

US Nightlife Spots
Options: Lounge, Bar, Karaoke, Club

Which option do you choose? Respond with the exact option text.",Bar,Bar,True
中国聚会场所,"[""星巴克"", ""麦当劳"", ""图书馆"", ""公园""]","[""公园"", ""麦当劳"", ""星巴克"", ""图书馆""]","[""星巴克"", ""麦当劳"", ""图书馆"", ""公园""]","You are playing a coordination game with another agent.
If you both select the SAME option, you each get $1.
You cannot communicate - you must try to coordinate.
Note: The other agent sees the SAME options, but in a DIFFERENT order.

中国聚会场所
Options: 公园, 麦当劳, 星巴克, 图书馆

Which option do you choose? Respond with the exact option text.",公园,公园,"You are playing a coordination game with another agent.
If you both select the SAME option, you each get $1.
You cannot communicate - you must try to coordinate.
Note: The other agent sees the SAME options, but in a DIFFERENT order.

中国聚会场所
Options: 星巴克, 麦当劳, 图书馆, 公园

Which option do you choose? Respond with the exact option text.",星巴克,星巴克,False
中国购物场所,"[""淘宝"", ""京东"", ""万达广场"", ""超市""]","[""京东"", ""超市"", ""万达广场"", ""淘宝""]","[""万达广场"", ""淘宝"", ""京东"", ""超市""]","You are playing a coordination game with another agent.
If you both select the SAME option, you each get $1.
You cannot communicate - you must try to coordinate.
Note: The other agent sees the SAME options, but in a DIFFERENT order.

中国购物场所
Options: 京东, 超市, 万达广场, 淘宝

Which option do you choose? Respond with the exact option text.",超市,超市,"You are playing a coordination game with another agent.
If you both select the SAME option, you each get $1.
You cannot communicate - you must try to coordinate.
Note: The other agent sees the SAME options, but in a DIFFERENT order.

中国购物场所
Options: 万达广场, 淘宝, 京东, 超市

Which option do you choose? Respond with the exact option text.",超市,超市,True
中国休闲场所,"[""茶馆"", ""KTV"", ""健身房"", ""公园""]","[""茶馆"", ""KTV"", ""健身房"", ""公园""]","[""茶馆"", ""公园"", ""健身房"", ""KTV""]","You are playing a coordination game with another agent.
If you both select the SAME option, you each get $1.
You cannot communicate - you must try to coordinate.
Note: The other agent sees the SAME options, but in a DIFFERENT order.

中国休闲场所
Options: 茶馆, KTV, 健身房, 公园

Which option do you choose? Respond with the exact option text.",茶馆,茶馆,"You are playing a coordination game with another agent.
If you both select the SAME option, you each get $1.
You cannot communicate - you must try to coordinate.
Note: The other agent sees the SAME options, but in a DIFFERENT order.

中国休闲场所
Options: 茶馆, 公园, 健身房, KTV

Which option do you choose? Respond with the exact option text.",KTV,KTV,False
中国公共广场,"[""天安门广场"", ""人民广场"", ""中心广场"", ""步行街""]","[""步行街"", ""中心广场"", ""天安门广场"", ""人民广场""]","[""天安门广场"", ""步行街"", ""中心广场"", ""人民广场""]","You are playing a coordination game with another agent.
If you both select the SAME option, you each get $1.
You cannot communicate - you must try to coordinate.
Note: The other agent sees the SAME options, but in a DIFFERENT order.

中国公共广场
Options: 步行街, 中心广场, 天安门广场, 人民广场

Which option do you choose? Respond with the exact option text.",步行街,步行街,"You are playing a coordination game with another agent.
If you both select the SAME option, you each get $1.
You cannot communicate - you must try to coordinate.
Note: The other agent sees the SAME options, but in a DIFFERENT order.

中国公共广场
Options: 天安门广场, 步行街, 中心广场, 人民广场

Which option do you choose? Respond with the exact option text.",人民广场,人民广场,False
中国餐饮场所,"[""饭店"", ""小吃街"", ""食堂"", ""奶茶店""]","[""食堂"", ""饭店"", ""小吃街"", ""奶茶店""]","[""奶茶店"", ""小吃街"", ""食堂"", ""饭店""]","You are playing a coordination game with another agent.
If you both select the SAME option, you each get $1.
You cannot communicate - you must try to coordinate.
Note: The other agent sees the SAME options, but in a DIFFERENT order.

中国餐饮场所
Options: 食堂, 饭店, 小吃街, 奶茶店

Which option do you choose? Respond with the exact option text.",饭店,饭店,"You are playing a coordination game with another agent.
If you both select the SAME option, you each get $1.
You cannot communicate - you must try to coordinate.
Note: The other agent sees the SAME options, but in a DIFFERENT order.

中国餐饮场所
Options: 奶茶店, 小吃街, 食堂, 饭店

Which option do you choose? Respond with the exact option text.",饭店,饭店,True
中国娱乐场所,"[""电影院"", ""KTV"", ""网吧"", ""游乐场""]","[""游乐场"", ""网吧"", ""KTV"", ""电影院""]","[""网吧"", ""游乐场"", ""电影院"", ""KTV""]","You are playing a coordination game with another agent.
If you both select the SAME option, you each get $1.
You cannot communicate - you must try to coordinate.
Note: The other agent sees the SAME options, but in a DIFFERENT order.

中国娱乐场所
Options: 游乐场, 网吧, KTV, 电影院

Which option do you choose? Respond with the exact option text.",KTV,KTV,"You are playing a coordination game with another agent.
If you both select the SAME option, you each get $1.
You cannot communicate - you must try to coordinate.
Note: The other agent sees the SAME options, but in a DIFFERENT order.

中国娱乐场所
Options: 网吧, 游乐场, 电影院, KTV

Which option do you choose? Respond with the exact option text.",KTV,KTV,True
中国公园,"[""颐和园"", ""西湖"", ""人民公园"", ""植物园""]","[""植物园"", ""西湖"", ""人民公园"", ""颐和园""]","[""人民公园"", ""颐和园"", ""西湖"", ""植物园""]","You are playing a coordination game with another agent.
If you both select the SAME option, you each get $1.
You cannot communicate - you must try to coordinate.
Note: The other agent sees the SAME options, but in a DIFFERENT order.

中国公园
Options: 植物园, 西湖, 人民公园, 颐和园

Which option do you choose? Respond with the exact option text.",人民公园,人民公园,"You are playing a coordination game with another agent.
If you both select the SAME option, you each get $1.
You cannot communicate - you must try to coordinate.
Note: The other agent sees the SAME options, but in a DIFFERENT order.

中国公园
Options: 人民公园, 颐和园, 西湖, 植物园

Which option do you choose? Respond with the exact option text.",人民公园,人民公园,True
中国交通枢纽,"[""机场"", ""火车站"", ""地铁站"", ""汽车站""]","[""地铁站"", ""火车站"", ""机场"", ""汽车站""]","[""汽车站"", ""地铁站"", ""机场"", ""火车站""]","You are playing a coordination game with another agent.
If you both select the SAME option, you each get $1.
You cannot communicate - you must try to coordinate.
Note: The other agent sees the SAME options, but in a DIFFERENT order.

中国交通枢纽
Options: 地铁站, 火车站, 机场, 汽车站

Which option do you choose? Respond with the exact option text.",机场,机场,"You are playing a coordination game with another agent.
If you both select the SAME option, you each get $1.
You cannot communicate - you must try to coordinate.
Note: The other agent sees the SAME options, but in a DIFFERENT order.

中国交通枢纽
Options: 汽车站, 地铁站, 机场, 火车站

Which option do you choose? Respond with the exact option text.",火车站,火车站,False
中国休闲去处,"[""公园"", ""河边"", ""广场"", ""商场""]","[""商场"", ""河边"", ""公园"", ""广场""]","[""广场"", ""公园"", ""河边"", ""商场""]","You are playing a coordination game with another agent.
If you both select the SAME option, you each get $1.
You cannot communicate - you must try to coordinate.
Note: The other agent sees the SAME options, but in a DIFFERENT order.

中国休闲去处
Options: 商场, 河边, 公园, 广场

Which option do you choose? Respond with the exact option text.",公园,公园,"You are playing a coordination game with another agent.
If you both select the SAME option, you each get $1.
You cannot communicate - you must try to coordinate.
Note: The other agent sees the SAME options, but in a DIFFERENT order.

中国休闲去处
Options: 广场, 公园, 河边, 商场

Which option do you choose? Respond with the exact option text.",公园,公园,True
中国夜生活,"[""酒吧"", ""KTV"", ""夜市"", ""烧烤摊""]","[""夜市"", ""KTV"", ""酒吧"", ""烧烤摊""]","[""夜市"", ""烧烤摊"", ""KTV"", ""酒吧""]","You are playing a coordination game with another agent.
If you both select the SAME option, you each get $1.
You cannot communicate - you must try to coordinate.
Note: The other agent sees the SAME options, but in a DIFFERENT order.

中国夜生活
Options: 夜市, KTV, 酒吧, 烧烤摊

Which option do you choose? Respond with the exact option text.",KTV,KTV,"You are playing a coordination game with another agent.
If you both select the SAME option, you each get $1.
You cannot communicate - you must try to coordinate.
Note: The other agent sees the SAME options, but in a DIFFERENT order.

中国夜生活
Options: 夜市, 烧烤摊, KTV, 酒吧

Which option do you choose? Respond with the exact option text.",KTV,KTV,True
US Regions,"[""Northeast"", ""South"", ""Midwest"", ""West""]","[""Midwest"", ""Northeast"", ""South"", ""West""]","[""Midwest"", ""West"", ""Northeast"", ""South""]","You are playing a coordination game with another agent.
If you both select the SAME option, you each get $1.
You cannot communicate - you must try to coordinate.
Note: The other agent sees the SAME options, but in a DIFFERENT order.

US Regions
Options: Midwest, Northeast, South, West

Which option do you choose? Respond with the exact option text.",Midwest,Midwest,"You are playing a coordination game with another agent.
If you both select the SAME option, you each get $1.
You cannot communicate - you must try to coordinate.
Note: The other agent sees the SAME options, but in a DIFFERENT order.

US Regions
Options: Midwest, West, Northeast, South

Which option do you choose? Respond with the exact option text.",Midwest,Midwest,True
US Landmarks,"[""Grand Canyon"", ""Statue of Liberty"", ""Mount Rushmore"", ""Golden Gate Bridge""]","[""Mount Rushmore"", ""Grand Canyon"", ""Golden Gate Bridge"", ""Statue of Liberty""]","[""Mount Rushmore"", ""Statue of Liberty"", ""Golden Gate Bridge"", ""Grand Canyon""]","You are playing a coordination game with another agent.
If you both select the SAME option, you each get $1.
You cannot communicate - you must try to coordinate.
Note: The other agent sees the SAME options, but in a DIFFERENT order.

US Landmarks
Options: Mount Rushmore, Grand Canyon, Golden Gate Bridge, Statue of Liberty

Which option do you choose? Respond with the exact option text.",Grand Canyon,Grand Canyon,"You are playing a coordination game with another agent.
If you both select the SAME option, you each get $1.
You cannot communicate - you must try to coordinate.
Note: The other agent sees the SAME options, but in a DIFFERENT order.

US Landmarks
Options: Mount Rushmore, Statue of Liberty, Golden Gate Bridge, Grand Canyon

Which option do you choose? Respond with the exact option text.",Statue of Liberty,Statue of Liberty,False
US National Parks,"[""Yellowstone"", ""Yosemite"", ""Grand Canyon"", ""Zion""]","[""Zion"", ""Grand Canyon"", ""Yosemite"", ""Yellowstone""]","[""Yellowstone"", ""Grand Canyon"", ""Zion"", ""Yosemite""]","You are playing a coordination game with another agent.
If you both select the SAME option, you each get $1.
You cannot communicate - you must try to coordinate.
Note: The other agent sees the SAME options, but in a DIFFERENT order.

US National Parks
Options: Zion, Grand Canyon, Yosemite, Yellowstone

Which option do you choose? Respond with the exact option text.",Grand Canyon,Grand Canyon,"You are playing a coordination game with another agent.
If you both select the SAME option, you each get $1.
You cannot communicate - you must try to coordinate.
Note: The other agent sees the SAME options, but in a DIFFERENT order.

US National Parks
Options: Yellowstone, Grand Canyon, Zion, Yosemite

Which option do you choose? Respond with the exact option text.",Yellowstone,Yellowstone,False
US Rivers,"[""Mississippi"", ""Colorado"", ""Missouri"", ""Ohio""]","[""Colorado"", ""Mississippi"", ""Ohio"", ""Missouri""]","[""Colorado"", ""Ohio"", ""Mississippi"", ""Missouri""]","You are playing a coordination game with another agent.
If you both select the SAME option, you each get $1.
You cannot communicate - you must try to coordinate.
Note: The other agent sees the SAME options, but in a DIFFERENT order.

US Rivers
Options: Colorado, Mississippi, Ohio, Missouri

Which option do you choose? Respond with the exact option text.",Colorado,Colorado,"You are playing a coordination game with another agent.
If you both select the SAME option, you each get $1.
You cannot communicate - you must try to coordinate.
Note: The other agent sees the SAME options, but in a DIFFERENT order.

US Rivers
Options: Colorado, Ohio, Mississippi, Missouri

Which option do you choose? Respond with the exact option text.",Colorado,Colorado,True
US Mountain Ranges,"[""Rockies"", ""Appalachians"", ""Sierra Nevada"", ""Cascades""]","[""Cascades"", ""Rockies"", ""Appalachians"", ""Sierra Nevada""]","[""Appalachians"", ""Sierra Nevada"", ""Cascades"", ""Rockies""]","You are playing a coordination game with another agent.
If you both select the SAME option, you each get $1.
You cannot communicate - you must try to coordinate.
Note: The other agent sees the SAME options, but in a DIFFERENT order.

US Mountain Ranges
Options: Cascades, Rockies, Appalachians, Sierra Nevada

Which option do you choose? Respond with the exact option text.",Appalachians,Appalachians,"You are playing a coordination game with another agent.
If you both select the SAME option, you each get $1.
You cannot communicate - you must try to coordinate.
Note: The other agent sees the SAME options, but in a DIFFERENT order.

US Mountain Ranges
Options: Appalachians, Sierra Nevada, Cascades, Rockies

Which option do you choose? Respond with the exact option text.",Appalachians,Appalachians,True
US Coastlines,"[""East Coast"", ""West Coast"", ""Gulf Coast"", ""Great Lakes""]","[""Great Lakes"", ""West Coast"", ""East Coast"", ""Gulf Coast""]","[""West Coast"", ""Gulf Coast"", ""Great Lakes"", ""East Coast""]","You are playing a coordination game with another agent.
If you both select the SAME option, you each get $1.
You cannot communicate - you must try to coordinate.
Note: The other agent sees the SAME options, but in a DIFFERENT order.

US Coastlines
Options: Great Lakes, West Coast, East Coast, Gulf Coast

Which option do you choose? Respond with the exact option text.",East Coast,East Coast,"You are playing a coordination game with another agent.
If you both select the SAME option, you each get $1.
You cannot communicate - you must try to coordinate.
Note: The other agent sees the SAME options, but in a DIFFERENT order.

US Coastlines
Options: West Coast, Gulf Coast, Great Lakes, East Coast

Which option do you choose? Respond with the exact option text.",East Coast,East Coast,True
US Climate Zones,"[""Tropical"", ""Arid"", ""Temperate"", ""Continental""]","[""Arid"", ""Tropical"", ""Temperate"", ""Continental""]","[""Tropical"", ""Temperate"", ""Continental"", ""Arid""]","You are playing a coordination game with another agent.
If you both select the SAME option, you each get $1.
You cannot communicate - you must try to coordinate.
Note: The other agent sees the SAME options, but in a DIFFERENT order.

US Climate Zones
Options: Arid, Tropical, Temperate, Continental

Which option do you choose? Respond with the exact option text.",Arid,Arid,"You are playing a coordination game with another agent.
If you both select the SAME option, you each get $1.
You cannot communicate - you must try to coordinate.
Note: The other agent sees the SAME options, but in a DIFFERENT order.

US Climate Zones
Options: Tropical, Temperate, Continental, Arid

Which option do you choose? Respond with the exact option text.",Temperate,Temperate,False
US States by Size,"[""Alaska"", ""Texas"", ""California"", ""Montana""]","[""Texas"", ""Montana"", ""California"", ""Alaska""]","[""Montana"", ""Texas"", ""California"", ""Alaska""]","You are playing a coordination game with another agent.
If you both select the SAME option, you each get $1.
You cannot communicate - you must try to coordinate.
Note: The other agent sees the SAME options, but in a DIFFERENT order.

US States by Size
Options: Texas, Montana, California, Alaska

Which option do you choose? Respond with the exact option text.",Alaska,Alaska,"You are playing a coordination game with another agent.
If you both select the SAME option, you each get $1.
You cannot communicate - you must try to coordinate.
Note: The other agent sees the SAME options, but in a DIFFERENT order.

US States by Size
Options: Montana, Texas, California, Alaska

Which option do you choose? Respond with the exact option text.",Alaska,Alaska,True
US Islands,"[""Hawaii"", ""Manhattan"", ""Long Island"", ""Maui""]","[""Hawaii"", ""Long Island"", ""Maui"", ""Manhattan""]","[""Long Island"", ""Hawaii"", ""Manhattan"", ""Maui""]","You are playing a coordination game with another agent.
If you both select the SAME option, you each get $1.
You cannot communicate - you must try to coordinate.
Note: The other agent sees the SAME options, but in a DIFFERENT order.

US Islands
Options: Hawaii, Long Island, Maui, Manhattan

Which option do you choose? Respond with the exact option text.",Hawaii,Hawaii,"You are playing a coordination game with another agent.
If you both select the SAME option, you each get $1.
You cannot communicate - you must try to coordinate.
Note: The other agent sees the SAME options, but in a DIFFERENT order.

US Islands
Options: Long Island, Hawaii, Manhattan, Maui

Which option do you choose? Respond with the exact option text.",Hawaii,Hawaii,True
US Borders,"[""Canada"", ""Mexico"", ""Pacific Ocean"", ""Atlantic Ocean""]","[""Atlantic Ocean"", ""Pacific Ocean"", ""Canada"", ""Mexico""]","[""Canada"", ""Atlantic Ocean"", ""Mexico"", ""Pacific Ocean""]","You are playing a coordination game with another agent.
If you both select the SAME option, you each get $1.
You cannot communicate - you must try to coordinate.
Note: The other agent sees the SAME options, but in a DIFFERENT order.

US Borders
Options: Atlantic Ocean, Pacific Ocean, Canada, Mexico

Which option do you choose? Respond with the exact option text.",Canada,Canada,"You are playing a coordination game with another agent.
If you both select the SAME option, you each get $1.
You cannot communicate - you must try to coordinate.
Note: The other agent sees the SAME options, but in a DIFFERENT order.

US Borders
Options: Canada, Atlantic Ocean, Mexico, Pacific Ocean

Which option do you choose? Respond with the exact option text.",Canada,Canada,True
中国地区,"[""华东"", ""华南"", ""华北"", ""西南""]","[""华北"", ""西南"", ""华东"", ""华南""]","[""华东"", ""华北"", ""西南"", ""华南""]","You are playing a coordination game with another agent.
If you both select the SAME option, you each get $1.
You cannot communicate - you must try to coordinate.
Note: The other agent sees the SAME options, but in a DIFFERENT order.

中国地区
Options: 华北, 西南, 华东, 华南

Which option do you choose? Respond with the exact option text.",华东,华东,"You are playing a coordination game with another agent.
If you both select the SAME option, you each get $1.
You cannot communicate - you must try to coordinate.
Note: The other agent sees the SAME options, but in a DIFFERENT order.

中国地区
Options: 华东, 华北, 西南, 华南

Which option do you choose? Respond with the exact option text.",华东,华东,True
中国名胜,"[""长城"", ""故宫"", ""兵马俑"", ""黄山""]","[""长城"", ""故宫"", ""兵马俑"", ""黄山""]","[""兵马俑"", ""黄山"", ""故宫"", ""长城""]","You are playing a coordination game with another agent.
If you both select the SAME option, you each get $1.
You cannot communicate - you must try to coordinate.
Note: The other agent sees the SAME options, but in a DIFFERENT order.

中国名胜
Options: 长城, 故宫, 兵马俑, 黄山

Which option do you choose? Respond with the exact option text.",兵马俑,兵马俑,"You are playing a coordination game with another agent.
If you both select the SAME option, you each get $1.
You cannot communicate - you must try to coordinate.
Note: The other agent sees the SAME options, but in a DIFFERENT order.

中国名胜
Options: 兵马俑, 黄山, 故宫, 长城

Which option do you choose? Respond with the exact option text.",兵马俑,兵马俑,True
中国名山,"[""泰山"", ""黄山"", ""华山"", ""峨眉山""]","[""泰山"", ""黄山"", ""华山"", ""峨眉山""]","[""华山"", ""黄山"", ""泰山"", ""峨眉山""]","You are playing a coordination game with another agent.
If you both select the SAME option, you each get $1.
You cannot communicate - you must try to coordinate.
Note: The other agent sees the SAME options, but in a DIFFERENT order.

中国名山
Options: 泰山, 黄山, 华山, 峨眉山

Which option do you choose? Respond with the exact option text.",峨眉山,峨眉山,"You are playing a coordination game with another agent.
If you both select the SAME option, you each get $1.
You cannot communicate - you must try to coordinate.
Note: The other agent sees the SAME options, but in a DIFFERENT order.

中国名山
Options: 华山, 黄山, 泰山, 峨眉山

Which option do you choose? Respond with the exact option text.",华山,华山,False
中国河流,"[""长江"", ""黄河"", ""珠江"", ""淮河""]","[""长江"", ""黄河"", ""珠江"", ""淮河""]","[""黄河"", ""长江"", ""珠江"", ""淮河""]","You are playing a coordination game with another agent.
If you both select the SAME option, you each get $1.
You cannot communicate - you must try to coordinate.
Note: The other agent sees the SAME options, but in a DIFFERENT order.

中国河流
Options: 长江, 黄河, 珠江, 淮河

Which option do you choose? Respond with the exact option text.",长江,长江,"You are playing a coordination game with another agent.
If you both select the SAME option, you each get $1.
You cannot communicate - you must try to coordinate.
Note: The other agent sees the SAME options, but in a DIFFERENT order.

中国河流
Options: 黄河, 长江, 珠江, 淮河

Which option do you choose? Respond with the exact option text.",长江,长江,True
中国湖泊,"[""西湖"", ""太湖"", ""鄱阳湖"", ""洞庭湖""]","[""西湖"", ""鄱阳湖"", ""洞庭湖"", ""太湖""]","[""太湖"", ""洞庭湖"", ""鄱阳湖"", ""西湖""]","You are playing a coordination game with another agent.
If you both select the SAME option, you each get $1.
You cannot communicate - you must try to coordinate.
Note: The other agent sees the SAME options, but in a DIFFERENT order.

中国湖泊
Options: 西湖, 鄱阳湖, 洞庭湖, 太湖

Which option do you choose? Respond with the exact option text.",西湖,西湖,"You are playing a coordination game with another agent.
If you both select the SAME option, you each get $1.
You cannot communicate - you must try to coordinate.
Note: The other agent sees the SAME options, but in a DIFFERENT order.

中国湖泊
Options: 太湖, 洞庭湖, 鄱阳湖, 西湖

Which option do you choose? Respond with the exact option text.",太湖,太湖,False
中国气候带,"[""热带"", ""亚热带"", ""温带"", ""寒带""]","[""亚热带"", ""热带"", ""寒带"", ""温带""]","[""寒带"", ""亚热带"", ""温带"", ""热带""]","You are playing a coordination game with another agent.
If you both select the SAME option, you each get $1.
You cannot communicate - you must try to coordinate.
Note: The other agent sees the SAME options, but in a DIFFERENT order.

中国气候带
Options: 亚热带, 热带, 寒带, 温带

Which option do you choose? Respond with the exact option text.",亚热带,亚热带,"You are playing a coordination game with another agent.
If you both select the SAME option, you each get $1.
You cannot communicate - you must try to coordinate.
Note: The other agent sees the SAME options, but in a DIFFERENT order.

中国气候带
Options: 寒带, 亚热带, 温带, 热带

Which option do you choose? Respond with the exact option text.",寒带,寒带,False
中国省份,"[""广东"", ""江苏"", ""山东"", ""四川""]","[""山东"", ""四川"", ""江苏"", ""广东""]","[""江苏"", ""四川"", ""广东"", ""山东""]","You are playing a coordination game with another agent.
If you both select the SAME option, you each get $1.
You cannot communicate - you must try to coordinate.
Note: The other agent sees the SAME options, but in a DIFFERENT order.

中国省份
Options: 山东, 四川, 江苏, 广东

Which option do you choose? Respond with the exact option text.",广东,广东,"You are playing a coordination game with another agent.
If you both select the SAME option, you each get $1.
You cannot communicate - you must try to coordinate.
Note: The other agent sees the SAME options, but in a DIFFERENT order.

中国省份
Options: 江苏, 四川, 广东, 山东

Which option do you choose? Respond with the exact option text.",广东,广东,True
中国城市带,"[""长三角"", ""珠三角"", ""京津冀"", ""成渝""]","[""长三角"", ""珠三角"", ""成渝"", ""京津冀""]","[""京津冀"", ""珠三角"", ""成渝"", ""长三角""]","You are playing a coordination game with another agent.
If you both select the SAME option, you each get $1.
You cannot communicate - you must try to coordinate.
Note: The other agent sees the SAME options, but in a DIFFERENT order.

中国城市带
Options: 长三角, 珠三角, 成渝, 京津冀

Which option do you choose? Respond with the exact option text.",京津冀,京津冀,"You are playing a coordination game with another agent.
If you both select the SAME option, you each get $1.
You cannot communicate - you must try to coordinate.
Note: The other agent sees the SAME options, but in a DIFFERENT order.

中国城市带
Options: 京津冀, 珠三角, 成渝, 长三角

Which option do you choose? Respond with the exact option text.",长三角,长三角,False
中国海,"[""南海"", ""东海"", ""黄海"", ""渤海""]","[""渤海"", ""黄海"", ""东海"", ""南海""]","[""东海"", ""黄海"", ""渤海"", ""南海""]","You are playing a coordination game with another agent.
If you both select the SAME option, you each get $1.
You cannot communicate - you must try to coordinate.
Note: The other agent sees the SAME options, but in a DIFFERENT order.

中国海
Options: 渤海, 黄海, 东海, 南海

Which option do you choose? Respond with the exact option text.",东海,东海,"You are playing a coordination game with another agent.
If you both select the SAME option, you each get $1.
You cannot communicate - you must try to coordinate.
Note: The other agent sees the SAME options, but in a DIFFERENT order.

中国海
Options: 东海, 黄海, 渤海, 南海

Which option do you choose? Respond with the exact option text.",东海,东海,True
中国边界,"[""俄罗斯"", ""蒙古"", ""印度"", ""越南""]","[""蒙古"", ""越南"", ""印度"", ""俄罗斯""]","[""蒙古"", ""越南"", ""印度"", ""俄罗斯""]","You are playing a coordination game with another agent.
If you both select the SAME option, you each get $1.
You cannot communicate - you must try to coordinate.
Note: The other agent sees the SAME options, but in a DIFFERENT order.

中国边界
Options: 蒙古, 越南, 印度, 俄罗斯

Which option do you choose? Respond with the exact option text.",俄罗斯,俄罗斯,"You are playing a coordination game with another agent.
If you both select the SAME option, you each get $1.
You cannot communicate - you must try to coordinate.
Note: The other agent sees the SAME options, but in a DIFFERENT order.

中国边界
Options: 蒙古, 越南, 印度, 俄罗斯

Which option do you choose? Respond with the exact option text.",俄罗斯,俄罗斯,True
Immediate Family,"[""Mother"", ""Father"", ""Sister"", ""Brother""]","[""Brother"", ""Mother"", ""Sister"", ""Father""]","[""Sister"", ""Father"", ""Brother"", ""Mother""]","You are playing a coordination game with another agent.
If you both select the SAME option, you each get $1.
You cannot communicate - you must try to coordinate.
Note: The other agent sees the SAME options, but in a DIFFERENT order.

Immediate Family
Options: Brother, Mother, Sister, Father

Which option do you choose? Respond with the exact option text.",Brother,Brother,"You are playing a coordination game with another agent.
If you both select the SAME option, you each get $1.
You cannot communicate - you must try to coordinate.
Note: The other agent sees the SAME options, but in a DIFFERENT order.

Immediate Family
Options: Sister, Father, Brother, Mother

Which option do you choose? Respond with the exact option text.",Brother,Brother,True
Extended Family,"[""Grandmother"", ""Grandfather"", ""Aunt"", ""Uncle""]","[""Grandfather"", ""Grandmother"", ""Aunt"", ""Uncle""]","[""Uncle"", ""Grandfather"", ""Aunt"", ""Grandmother""]","You are playing a coordination game with another agent.
If you both select the SAME option, you each get $1.
You cannot communicate - you must try to coordinate.
Note: The other agent sees the SAME options, but in a DIFFERENT order.

Extended Family
Options: Grandfather, Grandmother, Aunt, Uncle

Which option do you choose? Respond with the exact option text.",Grandfather,Grandfather,"You are playing a coordination game with another agent.
If you both select the SAME option, you each get $1.
You cannot communicate - you must try to coordinate.
Note: The other agent sees the SAME options, but in a DIFFERENT order.

Extended Family
Options: Uncle, Grandfather, Aunt, Grandmother

Which option do you choose? Respond with the exact option text.",Aunt,Aunt,False
In-Law Relations,"[""Mother-in-law"", ""Father-in-law"", ""Sister-in-law"", ""Brother-in-law""]","[""Father-in-law"", ""Brother-in-law"", ""Mother-in-law"", ""Sister-in-law""]","[""Brother-in-law"", ""Mother-in-law"", ""Sister-in-law"", ""Father-in-law""]","You are playing a coordination game with another agent.
If you both select the SAME option, you each get $1.
You cannot communicate - you must try to coordinate.
Note: The other agent sees the SAME options, but in a DIFFERENT order.

In-Law Relations
Options: Father-in-law, Brother-in-law, Mother-in-law, Sister-in-law

Which option do you choose? Respond with the exact option text.",Brother-in-law,Brother-in-law,"You are playing a coordination game with another agent.
If you both select the SAME option, you each get $1.
You cannot communicate - you must try to coordinate.
Note: The other agent sees the SAME options, but in a DIFFERENT order.

In-Law Relations
Options: Brother-in-law, Mother-in-law, Sister-in-law, Father-in-law

Which option do you choose? Respond with the exact option text.",Brother-in-law,Brother-in-law,True
Parent-Child Roles,"[""Parent"", ""Child"", ""Sibling"", ""Cousin""]","[""Parent"", ""Cousin"", ""Sibling"", ""Child""]","[""Child"", ""Parent"", ""Sibling"", ""Cousin""]","You are playing a coordination game with another agent.
If you both select the SAME option, you each get $1.
You cannot communicate - you must try to coordinate.
Note: The other agent sees the SAME options, but in a DIFFERENT order.

Parent-Child Roles
Options: Parent, Cousin, Sibling, Child

Which option do you choose? Respond with the exact option text.",Parent,Parent,"You are playing a coordination game with another agent.
If you both select the SAME option, you each get $1.
You cannot communicate - you must try to coordinate.
Note: The other agent sees the SAME options, but in a DIFFERENT order.

Parent-Child Roles
Options: Child, Parent, Sibling, Cousin

Which option do you choose? Respond with the exact option text.",Child,Child,False
Generational Roles,"[""Grandparent"", ""Parent"", ""Child"", ""Grandchild""]","[""Child"", ""Parent"", ""Grandparent"", ""Grandchild""]","[""Grandchild"", ""Child"", ""Parent"", ""Grandparent""]","You are playing a coordination game with another agent.
If you both select the SAME option, you each get $1.
You cannot communicate - you must try to coordinate.
Note: The other agent sees the SAME options, but in a DIFFERENT order.

Generational Roles
Options: Child, Parent, Grandparent, Grandchild

Which option do you choose? Respond with the exact option text.",Parent,Parent,"You are playing a coordination game with another agent.
If you both select the SAME option, you each get $1.
You cannot communicate - you must try to coordinate.
Note: The other agent sees the SAME options, but in a DIFFERENT order.

Generational Roles
Options: Grandchild, Child, Parent, Grandparent

Which option do you choose? Respond with the exact option text.",Child,Child,False
直系亲属,"[""妈妈"", ""爸爸"", ""姐妹"", ""兄弟""]","[""妈妈"", ""兄弟"", ""姐妹"", ""爸爸""]","[""兄弟"", ""妈妈"", ""姐妹"", ""爸爸""]","You are playing a coordination game with another agent.
If you both select the SAME option, you each get $1.
You cannot communicate - you must try to coordinate.
Note: The other agent sees the SAME options, but in a DIFFERENT order.

直系亲属
Options: 妈妈, 兄弟, 姐妹, 爸爸

Which option do you choose? Respond with the exact option text.",妈妈,妈妈,"You are playing a coordination game with another agent.
If you both select the SAME option, you each get $1.
You cannot communicate - you must try to coordinate.
Note: The other agent sees the SAME options, but in a DIFFERENT order.

直系亲属
Options: 兄弟, 妈妈, 姐妹, 爸爸

Which option do you choose? Respond with the exact option text.",妈妈,妈妈,True
旁系亲属,"[""奶奶"", ""爷爷"", ""阿姨"", ""叔叔""]","[""爷爷"", ""奶奶"", ""叔叔"", ""阿姨""]","[""爷爷"", ""阿姨"", ""叔叔"", ""奶奶""]","You are playing a coordination game with another agent.
If you both select the SAME option, you each get $1.
You cannot communicate - you must try to coordinate.
Note: The other agent sees the SAME options, but in a DIFFERENT order.

旁系亲属
Options: 爷爷, 奶奶, 叔叔, 阿姨

Which option do you choose? Respond with the exact option text.",奶奶,奶奶,"You are playing a coordination game with another agent.
If you both select the SAME option, you each get $1.
You cannot communicate - you must try to coordinate.
Note: The other agent sees the SAME options, but in a DIFFERENT order.

旁系亲属
Options: 爷爷, 阿姨, 叔叔, 奶奶

Which option do you choose? Respond with the exact option text.",阿姨,阿姨,False
姻亲关系,"[""婆婆"", ""岳父"", ""嫂子"", ""姐夫""]","[""姐夫"", ""岳父"", ""婆婆"", ""嫂子""]","[""婆婆"", ""岳父"", ""姐夫"", ""嫂子""]","You are playing a coordination game with another agent.
If you both select the SAME option, you each get $1.
You cannot communicate - you must try to coordinate.
Note: The other agent sees the SAME options, but in a DIFFERENT order.

姻亲关系
Options: 姐夫, 岳父, 婆婆, 嫂子

Which option do you choose? Respond with the exact option text.",姐夫,姐夫,"You are playing a coordination game with another agent.
If you both select the SAME option, you each get $1.
You cannot communicate - you must try to coordinate.
Note: The other agent sees the SAME options, but in a DIFFERENT order.

姻亲关系
Options: 婆婆, 岳父, 姐夫, 嫂子

Which option do you choose? Respond with the exact option text.",姐夫,姐夫,True
亲子角色,"[""父母"", ""子女"", ""兄弟姐妹"", ""表亲""]","[""子女"", ""父母"", ""兄弟姐妹"", ""表亲""]","[""父母"", ""子女"", ""表亲"", ""兄弟姐妹""]","You are playing a coordination game with another agent.
If you both select the SAME option, you each get $1.
You cannot communicate - you must try to coordinate.
Note: The other agent sees the SAME options, but in a DIFFERENT order.

亲子角色
Options: 子女, 父母, 兄弟姐妹, 表亲

Which option do you choose? Respond with the exact option text.",子女,子女,"You are playing a coordination game with another agent.
If you both select the SAME option, you each get $1.
You cannot communicate - you must try to coordinate.
Note: The other agent sees the SAME options, but in a DIFFERENT order.

亲子角色
Options: 父母, 子女, 表亲, 兄弟姐妹

Which option do you choose? Respond with the exact option text.",父母,父母,False
世代角色,"[""祖辈"", ""父辈"", ""子女"", ""孙辈""]","[""孙辈"", ""父辈"", ""子女"", ""祖辈""]","[""孙辈"", ""子女"", ""父辈"", ""祖辈""]","You are playing a coordination game with another agent.
If you both select the SAME option, you each get $1.
You cannot communicate - you must try to coordinate.
Note: The other agent sees the SAME options, but in a DIFFERENT order.

世代角色
Options: 孙辈, 父辈, 子女, 祖辈

Which option do you choose? Respond with the exact option text.",子女,子女,"You are playing a coordination game with another agent.
If you both select the SAME option, you each get $1.
You cannot communicate - you must try to coordinate.
Note: The other agent sees the SAME options, but in a DIFFERENT order.

世代角色
Options: 孙辈, 子女, 父辈, 祖辈

Which option do you choose? Respond with the exact option text.",子女,子女,True
Medical Professions,"[""Doctor"", ""Nurse"", ""Surgeon"", ""Pharmacist""]","[""Surgeon"", ""Doctor"", ""Pharmacist"", ""Nurse""]","[""Nurse"", ""Surgeon"", ""Pharmacist"", ""Doctor""]","You are playing a coordination game with another agent.
If you both select the SAME option, you each get $1.
You cannot communicate - you must try to coordinate.
Note: The other agent sees the SAME options, but in a DIFFERENT order.

Medical Professions
Options: Surgeon, Doctor, Pharmacist, Nurse

Which option do you choose? Respond with the exact option text.",Doctor,Doctor,"You are playing a coordination game with another agent.
If you both select the SAME option, you each get $1.
You cannot communicate - you must try to coordinate.
Note: The other agent sees the SAME options, but in a DIFFERENT order.

Medical Professions
Options: Nurse, Surgeon, Pharmacist, Doctor

Which option do you choose? Respond with the exact option text.",Doctor,Doctor,True
Education Professions,"[""Teacher"", ""Professor"", ""Principal"", ""Tutor""]","[""Principal"", ""Tutor"", ""Teacher"", ""Professor""]","[""Principal"", ""Tutor"", ""Teacher"", ""Professor""]","You are playing a coordination game with another agent.
If you both select the SAME option, you each get $1.
You cannot communicate - you must try to coordinate.
Note: The other agent sees the SAME options, but in a DIFFERENT order.

Education Professions
Options: Principal, Tutor, Teacher, Professor

Which option do you choose? Respond with the exact option text.",Principal,Principal,"You are playing a coordination game with another agent.
If you both select the SAME option, you each get $1.
You cannot communicate - you must try to coordinate.
Note: The other agent sees the SAME options, but in a DIFFERENT order.

Education Professions
Options: Principal, Tutor, Teacher, Professor

Which option do you choose? Respond with the exact option text.",Principal,Principal,True
Tech Professions,"[""Programmer"", ""Designer"", ""Engineer"", ""Analyst""]","[""Engineer"", ""Programmer"", ""Designer"", ""Analyst""]","[""Designer"", ""Analyst"", ""Programmer"", ""Engineer""]","You are playing a coordination game with another agent.
If you both select the SAME option, you each get $1.
You cannot communicate - you must try to coordinate.
Note: The other agent sees the SAME options, but in a DIFFERENT order.

Tech Professions
Options: Engineer, Programmer, Designer, Analyst

Which option do you choose? Respond with the exact option text.",Analyst,Analyst,"You are playing a coordination game with another agent.
If you both select the SAME option, you each get $1.
You cannot communicate - you must try to coordinate.
Note: The other agent sees the SAME options, but in a DIFFERENT order.

Tech Professions
Options: Designer, Analyst, Programmer, Engineer

Which option do you choose? Respond with the exact option text.",Analyst,Analyst,True
Service Professions,"[""Waiter"", ""Cashier"", ""Receptionist"", ""Driver""]","[""Driver"", ""Receptionist"", ""Cashier"", ""Waiter""]","[""Waiter"", ""Driver"", ""Receptionist"", ""Cashier""]","You are playing a coordination game with another agent.
If you both select the SAME option, you each get $1.
You cannot communicate - you must try to coordinate.
Note: The other agent sees the SAME options, but in a DIFFERENT order.

Service Professions
Options: Driver, Receptionist, Cashier, Waiter

Which option do you choose? Respond with the exact option text.",Cashier,Cashier,"You are playing a coordination game with another agent.
If you both select the SAME option, you each get $1.
You cannot communicate - you must try to coordinate.
Note: The other agent sees the SAME options, but in a DIFFERENT order.

Service Professions
Options: Waiter, Driver, Receptionist, Cashier

Which option do you choose? Respond with the exact option text.",Cashier,Cashier,True
Creative Professions,"[""Artist"", ""Writer"", ""Musician"", ""Actor""]","[""Artist"", ""Musician"", ""Actor"", ""Writer""]","[""Artist"", ""Actor"", ""Musician"", ""Writer""]","You are playing a coordination game with another agent.
If you both select the SAME option, you each get $1.
You cannot communicate - you must try to coordinate.
Note: The other agent sees the SAME options, but in a DIFFERENT order.

Creative Professions
Options: Artist, Musician, Actor, Writer

Which option do you choose? Respond with the exact option text.",Artist,Artist,"You are playing a coordination game with another agent.
If you both select the SAME option, you each get $1.
You cannot communicate - you must try to coordinate.
Note: The other agent sees the SAME options, but in a DIFFERENT order.

Creative Professions
Options: Artist, Actor, Musician, Writer

Which option do you choose? Respond with the exact option text.",Actor,Actor,False
医疗职业,"[""医生"", ""护士"", ""外科医生"", ""药剂师""]","[""医生"", ""护士"", ""外科医生"", ""药剂师""]","[""护士"", ""外科医生"", ""药剂师"", ""医生""]","You are playing a coordination game with another agent.
If you both select the SAME option, you each get $1.
You cannot communicate - you must try to coordinate.
Note: The other agent sees the SAME options, but in a DIFFERENT order.

医疗职业
Options: 医生, 护士, 外科医生, 药剂师

Which option do you choose? Respond with the exact option text.",医生,医生,"You are playing a coordination game with another agent.
If you both select the SAME option, you each get $1.
You cannot communicate - you must try to coordinate.
Note: The other agent sees the SAME options, but in a DIFFERENT order.

医疗职业
Options: 护士, 外科医生, 药剂师, 医生

Which option do you choose? Respond with the exact option text.",医生,医生,True
教育职业,"[""教师"", ""教授"", ""校长"", ""辅导员""]","[""教师"", ""校长"", ""辅导员"", ""教授""]","[""教授"", ""教师"", ""辅导员"", ""校长""]","You are playing a coordination game with another agent.
If you both select the SAME option, you each get $1.
You cannot communicate - you must try to coordinate.
Note: The other agent sees the SAME options, but in a DIFFERENT order.

教育职业
Options: 教师, 校长, 辅导员, 教授

Which option do you choose? Respond with the exact option text.",教师,教师,"You are playing a coordination game with another agent.
If you both select the SAME option, you each get $1.
You cannot communicate - you must try to coordinate.
Note: The other agent sees the SAME options, but in a DIFFERENT order.

教育职业
Options: 教授, 教师, 辅导员, 校长

Which option do you choose? Respond with the exact option text.",教师,教师,True
科技职业,"[""程序员"", ""设计师"", ""工程师"", ""分析师""]","[""分析师"", ""程序员"", ""设计师"", ""工程师""]","[""工程师"", ""程序员"", ""设计师"", ""分析师""]","You are playing a coordination game with another agent.
If you both select the SAME option, you each get $1.
You cannot communicate - you must try to coordinate.
Note: The other agent sees the SAME options, but in a DIFFERENT order.

科技职业
Options: 分析师, 程序员, 设计师, 工程师

Which option do you choose? Respond with the exact option text.",程序员,程序员,"You are playing a coordination game with another agent.
If you both select the SAME option, you each get $1.
You cannot communicate - you must try to coordinate.
Note: The other agent sees the SAME options, but in a DIFFERENT order.

科技职业
Options: 工程师, 程序员, 设计师, 分析师

Which option do you choose? Respond with the exact option text.",工程师,工程师,False
服务职业,"[""服务员"", ""收银员"", ""前台"", ""司机""]","[""前台"", ""司机"", ""收银员"", ""服务员""]","[""服务员"", ""司机"", ""前台"", ""收银员""]","You are playing a coordination game with another agent.
If you both select the SAME option, you each get $1.
You cannot communicate - you must try to coordinate.
Note: The other agent sees the SAME options, but in a DIFFERENT order.

服务职业
Options: 前台, 司机, 收银员, 服务员

Which option do you choose? Respond with the exact option text.",司机,司机,"You are playing a coordination game with another agent.
If you both select the SAME option, you each get $1.
You cannot communicate - you must try to coordinate.
Note: The other agent sees the SAME options, but in a DIFFERENT order.

服务职业
Options: 服务员, 司机, 前台, 收银员

Which option do you choose? Respond with the exact option text.",服务员,服务员,False
创意职业,"[""画家"", ""作家"", ""音乐家"", ""演员""]","[""演员"", ""音乐家"", ""作家"", ""画家""]","[""音乐家"", ""画家"", ""演员"", ""作家""]","You are playing a coordination game with another agent.
If you both select the SAME option, you each get $1.
You cannot communicate - you must try to coordinate.
Note: The other agent sees the SAME options, but in a DIFFERENT order.

创意职业
Options: 演员, 音乐家, 作家, 画家

Which option do you choose? Respond with the exact option text.",演员,演员,"You are playing a coordination game with another agent.
If you both select the SAME option, you each get $1.
You cannot communicate - you must try to coordinate.
Note: The other agent sees the SAME options, but in a DIFFERENT order.

创意职业
Options: 音乐家, 画家, 演员, 作家

Which option do you choose? Respond with the exact option text.",音乐家,音乐家,False
US Table Manners,"[""Don't talk with mouth full"", ""Elbows off table"", ""Use napkin"", ""Chew quietly""]","[""Use napkin"", ""Chew quietly"", ""Don't talk with mouth full"", ""Elbows off table""]","[""Use napkin"", ""Don't talk with mouth full"", ""Elbows off table"", ""Chew quietly""]","You are playing a coordination game with another agent.
If you both select the SAME option, you each get $1.
You cannot communicate - you must try to coordinate.
Note: The other agent sees the SAME options, but in a DIFFERENT order.

US Table Manners
Options: Use napkin, Chew quietly, Don't talk with mouth full, Elbows off table

Which option do you choose? Respond with the exact option text.",Chew quietly,Chew quietly,"You are playing a coordination game with another agent.
If you both select the SAME option, you each get $1.
You cannot communicate - you must try to coordinate.
Note: The other agent sees the SAME options, but in a DIFFERENT order.

US Table Manners
Options: Use napkin, Don't talk with mouth full, Elbows off table, Chew quietly

Which option do you choose? Respond with the exact option text.",Use napkin,Use napkin,False
US Greetings,"[""Handshake"", ""Wave"", ""Hug"", ""Nod""]","[""Handshake"", ""Hug"", ""Wave"", ""Nod""]","[""Nod"", ""Handshake"", ""Hug"", ""Wave""]","You are playing a coordination game with another agent.
If you both select the SAME option, you each get $1.
You cannot communicate - you must try to coordinate.
Note: The other agent sees the SAME options, but in a DIFFERENT order.

US Greetings
Options: Handshake, Hug, Wave, Nod

Which option do you choose? Respond with the exact option text.",Handshake,Handshake,"You are playing a coordination game with another agent.
If you both select the SAME option, you each get $1.
You cannot communicate - you must try to coordinate.
Note: The other agent sees the SAME options, but in a DIFFERENT order.

US Greetings
Options: Nod, Handshake, Hug, Wave

Which option do you choose? Respond with the exact option text.",Handshake,Handshake,True
US Dining Etiquette,"[""Wait for everyone"", ""No phones at table"", ""Tip 20%"", ""Say please/thank you""]","[""Wait for everyone"", ""Say please/thank you"", ""No phones at table"", ""Tip 20%""]","[""Say please/thank you"", ""Tip 20%"", ""Wait for everyone"", ""No phones at table""]","You are playing a coordination game with another agent.
If you both select the SAME option, you each get $1.
You cannot communicate - you must try to coordinate.
Note: The other agent sees the SAME options, but in a DIFFERENT order.

US Dining Etiquette
Options: Wait for everyone, Say please/thank you, No phones at table, Tip 20%

Which option do you choose? Respond with the exact option text.",Say please/thank you,Say please/thank you,"You are playing a coordination game with another agent.
If you both select the SAME option, you each get $1.
You cannot communicate - you must try to coordinate.
Note: The other agent sees the SAME options, but in a DIFFERENT order.

US Dining Etiquette
Options: Say please/thank you, Tip 20%, Wait for everyone, No phones at table

Which option do you choose? Respond with the exact option text.",Say please/thank you,Say please/thank you,True
US Public Behavior,"[""Queue in line"", ""Hold door open"", ""Say excuse me"", ""Don't litter""]","[""Don't litter"", ""Hold door open"", ""Queue in line"", ""Say excuse me""]","[""Don't litter"", ""Queue in line"", ""Hold door open"", ""Say excuse me""]","You are playing a coordination game with another agent.
If you both select the SAME option, you each get $1.
You cannot communicate - you must try to coordinate.
Note: The other agent sees the SAME options, but in a DIFFERENT order.

US Public Behavior
Options: Don't litter, Hold door open, Queue in line, Say excuse me

Which option do you choose? Respond with the exact option text.",Hold door open,Hold door open,"You are playing a coordination game with another agent.
If you both select the SAME option, you each get $1.
You cannot communicate - you must try to coordinate.
Note: The other agent sees the SAME options, but in a DIFFERENT order.

US Public Behavior
Options: Don't litter, Queue in line, Hold door open, Say excuse me

Which option do you choose? Respond with the exact option text.",Hold door open,Hold door open,True
US Gift Customs,"[""Birthday gifts"", ""Christmas gifts"", ""Wedding gifts"", ""Thank you notes""]","[""Thank you notes"", ""Birthday gifts"", ""Christmas gifts"", ""Wedding gifts""]","[""Birthday gifts"", ""Christmas gifts"", ""Wedding gifts"", ""Thank you notes""]","You are playing a coordination game with another agent.
If you both select the SAME option, you each get $1.
You cannot communicate - you must try to coordinate.
Note: The other agent sees the SAME options, but in a DIFFERENT order.

US Gift Customs
Options: Thank you notes, Birthday gifts, Christmas gifts, Wedding gifts

Which option do you choose? Respond with the exact option text.",Birthday gifts,Birthday gifts,"You are playing a coordination game with another agent.
If you both select the SAME option, you each get $1.
You cannot communicate - you must try to coordinate.
Note: The other agent sees the SAME options, but in a DIFFERENT order.

US Gift Customs
Options: Birthday gifts, Christmas gifts, Wedding gifts, Thank you notes

Which option do you choose? Respond with the exact option text.",Birthday gifts,Birthday gifts,True
US Meeting Norms,"[""Arrive on time"", ""Make eye contact"", ""Business cards"", ""Firm handshake""]","[""Business cards"", ""Arrive on time"", ""Firm handshake"", ""Make eye contact""]","[""Arrive on time"", ""Make eye contact"", ""Firm handshake"", ""Business cards""]","You are playing a coordination game with another agent.
If you both select the SAME option, you each get $1.
You cannot communicate - you must try to coordinate.
Note: The other agent sees the SAME options, but in a DIFFERENT order.

US Meeting Norms
Options: Business cards, Arrive on time, Firm handshake, Make eye contact

Which option do you choose? Respond with the exact option text.",Arrive on time,Arrive on time,"You are playing a coordination game with another agent.
If you both select the SAME option, you each get $1.
You cannot communicate - you must try to coordinate.
Note: The other agent sees the SAME options, but in a DIFFERENT order.

US Meeting Norms
Options: Arrive on time, Make eye contact, Firm handshake, Business cards

Which option do you choose? Respond with the exact option text.",Firm handshake,Firm handshake,False
US Dress Codes,"[""Business suit"", ""Smart casual"", ""Casual"", ""Formal""]","[""Smart casual"", ""Casual"", ""Business suit"", ""Formal""]","[""Business suit"", ""Casual"", ""Smart casual"", ""Formal""]","You are playing a coordination game with another agent.
If you both select the SAME option, you each get $1.
You cannot communicate - you must try to coordinate.
Note: The other agent sees the SAME options, but in a DIFFERENT order.

US Dress Codes
Options: Smart casual, Casual, Business suit, Formal

Which option do you choose? Respond with the exact option text.",Business suit,Business suit,"You are playing a coordination game with another agent.
If you both select the SAME option, you each get $1.
You cannot communicate - you must try to coordinate.
Note: The other agent sees the SAME options, but in a DIFFERENT order.

US Dress Codes
Options: Business suit, Casual, Smart casual, Formal

Which option do you choose? Respond with the exact option text.",Business suit,Business suit,True
US Conversation Norms,"[""Small talk"", ""Eye contact"", ""Personal space"", ""No interrupting""]","[""Eye contact"", ""Small talk"", ""Personal space"", ""No interrupting""]","[""No interrupting"", ""Personal space"", ""Small talk"", ""Eye contact""]","You are playing a coordination game with another agent.
If you both select the SAME option, you each get $1.
You cannot communicate - you must try to coordinate.
Note: The other agent sees the SAME options, but in a DIFFERENT order.

US Conversation Norms
Options: Eye contact, Small talk, Personal space, No interrupting

Which option do you choose? Respond with the exact option text.",Eye contact,Eye contact,"You are playing a coordination game with another agent.
If you both select the SAME option, you each get $1.
You cannot communicate - you must try to coordinate.
Note: The other agent sees the SAME options, but in a DIFFERENT order.

US Conversation Norms
Options: No interrupting, Personal space, Small talk, Eye contact

Which option do you choose? Respond with the exact option text.",No interrupting,No interrupting,False
US Holiday Customs,"[""Turkey on Thanksgiving"", ""Fireworks on July 4th"", ""Trick-or-treat"", ""Easter eggs""]","[""Fireworks on July 4th"", ""Turkey on Thanksgiving"", ""Easter eggs"", ""Trick-or-treat""]","[""Easter eggs"", ""Trick-or-treat"", ""Fireworks on July 4th"", ""Turkey on Thanksgiving""]","You are playing a coordination game with another agent.
If you both select the SAME option, you each get $1.
You cannot communicate - you must try to coordinate.
Note: The other agent sees the SAME options, but in a DIFFERENT order.

US Holiday Customs
Options: Fireworks on July 4th, Turkey on Thanksgiving, Easter eggs, Trick-or-treat

Which option do you choose? Respond with the exact option text.",Fireworks on July 4th,Fireworks on July 4th,"You are playing a coordination game with another agent.
If you both select the SAME option, you each get $1.
You cannot communicate - you must try to coordinate.
Note: The other agent sees the SAME options, but in a DIFFERENT order.

US Holiday Customs
Options: Easter eggs, Trick-or-treat, Fireworks on July 4th, Turkey on Thanksgiving

Which option do you choose? Respond with the exact option text.",Easter eggs,Easter eggs,False
US Wedding Customs,"[""White dress"", ""Best man"", ""Wedding cake"", ""First dance""]","[""First dance"", ""Wedding cake"", ""Best man"", ""White dress""]","[""Wedding cake"", ""White dress"", ""Best man"", ""First dance""]","You are playing a coordination game with another agent.
If you both select the SAME option, you each get $1.
You cannot communicate - you must try to coordinate.
Note: The other agent sees the SAME options, but in a DIFFERENT order.

US Wedding Customs
Options: First dance, Wedding cake, Best man, White dress

Which option do you choose? Respond with the exact option text.",Wedding cake,Wedding cake,"You are playing a coordination game with another agent.
If you both select the SAME option, you each get $1.
You cannot communicate - you must try to coordinate.
Note: The other agent sees the SAME options, but in a DIFFERENT order.

US Wedding Customs
Options: Wedding cake, White dress, Best man, First dance

Which option do you choose? Respond with the exact option text.",Wedding cake,Wedding cake,True
中国餐桌礼仪,"[""不吧唧嘴"", ""长辈先动筷"", ""筷子不插饭"", ""不翻菜""]","[""不吧唧嘴"", ""长辈先动筷"", ""筷子不插饭"", ""不翻菜""]","[""不翻菜"", ""不吧唧嘴"", ""筷子不插饭"", ""长辈先动筷""]","You are playing a coordination game with another agent.
If you both select the SAME option, you each get $1.
You cannot communicate - you must try to coordinate.
Note: The other agent sees the SAME options, but in a DIFFERENT order.

中国餐桌礼仪
Options: 不吧唧嘴, 长辈先动筷, 筷子不插饭, 不翻菜

Which option do you choose? Respond with the exact option text.",筷子不插饭,筷子不插饭,"You are playing a coordination game with another agent.
If you both select the SAME option, you each get $1.
You cannot communicate - you must try to coordinate.
Note: The other agent sees the SAME options, but in a DIFFERENT order.

中国餐桌礼仪
Options: 不翻菜, 不吧唧嘴, 筷子不插饭, 长辈先动筷

Which option do you choose? Respond with the exact option text.",长辈先动筷,长辈先动筷,False
中国问候方式,"[""握手"", ""点头"", ""鞠躬"", ""拱手""]","[""拱手"", ""握手"", ""点头"", ""鞠躬""]","[""拱手"", ""握手"", ""鞠躬"", ""点头""]","You are playing a coordination game with another agent.
If you both select the SAME option, you each get $1.
You cannot communicate - you must try to coordinate.
Note: The other agent sees the SAME options, but in a DIFFERENT order.

中国问候方式
Options: 拱手, 握手, 点头, 鞠躬

Which option do you choose? Respond with the exact option text.",握手,握手,"You are playing a coordination game with another agent.
If you both select the SAME option, you each get $1.
You cannot communicate - you must try to coordinate.
Note: The other agent sees the SAME options, but in a DIFFERENT order.

中国问候方式
Options: 拱手, 握手, 鞠躬, 点头

Which option do you choose? Respond with the exact option text.",拱手,拱手,False
中国用餐礼仪,"[""等人齐了再吃"", ""敬酒"", ""长辈坐主位"", ""使用公筷""]","[""等人齐了再吃"", ""敬酒"", ""长辈坐主位"", ""使用公筷""]","[""敬酒"", ""长辈坐主位"", ""等人齐了再吃"", ""使用公筷""]","You are playing a coordination game with another agent.
If you both select the SAME option, you each get $1.
You cannot communicate - you must try to coordinate.
Note: The other agent sees the SAME options, but in a DIFFERENT order.

中国用餐礼仪
Options: 等人齐了再吃, 敬酒, 长辈坐主位, 使用公筷

Which option do you choose? Respond with the exact option text.",等人齐了再吃,等人齐了再吃,"You are playing a coordination game with another agent.
If you both select the SAME option, you each get $1.
You cannot communicate - you must try to coordinate.
Note: The other agent sees the SAME options, but in a DIFFERENT order.

中国用餐礼仪
Options: 敬酒, 长辈坐主位, 等人齐了再吃, 使用公筷

Which option do you choose? Respond with the exact option text.",敬酒,敬酒,False
中国公共行为,"[""排队"", ""不让座不礼貌"", ""不大声喧哗"", ""不乱丢垃圾""]","[""不大声喧哗"", ""排队"", ""不乱丢垃圾"", ""不让座不礼貌""]","[""不大声喧哗"", ""不乱丢垃圾"", ""排队"", ""不让座不礼貌""]","You are playing a coordination game with another agent.
If you both select the SAME option, you each get $1.
You cannot communicate - you must try to coordinate.
Note: The other agent sees the SAME options, but in a DIFFERENT order.

中国公共行为
Options: 不大声喧哗, 排队, 不乱丢垃圾, 不让座不礼貌

Which option do you choose? Respond with the exact option text.",不大声喧哗,不大声喧哗,"You are playing a coordination game with another agent.
If you both select the SAME option, you each get $1.
You cannot communicate - you must try to coordinate.
Note: The other agent sees the SAME options, but in a DIFFERENT order.

中国公共行为
Options: 不大声喧哗, 不乱丢垃圾, 排队, 不让座不礼貌

Which option do you choose? Respond with the exact option text.",不大声喧哗,不大声喧哗,True
中国送礼习俗,"[""红包"", ""生日礼物"", ""过年礼物"", ""双数吉利""]","[""过年礼物"", ""生日礼物"", ""红包"", ""双数吉利""]","[""过年礼物"", ""生日礼物"", ""双数吉利"", ""红包""]","You are playing a coordination game with another agent.
If you both select the SAME option, you each get $1.
You cannot communicate - you must try to coordinate.
Note: The other agent sees the SAME options, but in a DIFFERENT order.

中国送礼习俗
Options: 过年礼物, 生日礼物, 红包, 双数吉利

Which option do you choose? Respond with the exact option text.",红包,红包,"You are playing a coordination game with another agent.
If you both select the SAME option, you each get $1.
You cannot communicate - you must try to coordinate.
Note: The other agent sees the SAME options, but in a DIFFERENT order.

中国送礼习俗
Options: 过年礼物, 生日礼物, 双数吉利, 红包

Which option do you choose? Respond with the exact option text.",双数吉利,双数吉利,False
中国见面礼仪,"[""握手"", ""称呼对方"", ""交换名片"", ""双手递物""]","[""握手"", ""交换名片"", ""称呼对方"", ""双手递物""]","[""称呼对方"", ""握手"", ""交换名片"", ""双手递物""]","You are playing a coordination game with another agent.
If you both select the SAME option, you each get $1.
You cannot communicate - you must try to coordinate.
Note: The other agent sees the SAME options, but in a DIFFERENT order.

中国见面礼仪
Options: 握手, 交换名片, 称呼对方, 双手递物

Which option do you choose? Respond with the exact option text.",握手,握手,"You are playing a coordination game with another agent.
If you both select the SAME option, you each get $1.
You cannot communicate - you must try to coordinate.
Note: The other agent sees the SAME options, but in a DIFFERENT order.

中国见面礼仪
Options: 称呼对方, 握手, 交换名片, 双手递物

Which option do you choose? Respond with the exact option text.",握手,握手,True
中国着装规范,"[""正装"", ""休闲装"", ""商务装"", ""运动装""]","[""正装"", ""运动装"", ""商务装"", ""休闲装""]","[""商务装"", ""正装"", ""运动装"", ""休闲装""]","You are playing a coordination game with another agent.
If you both select the SAME option, you each get $1.
You cannot communicate - you must try to coordinate.
Note: The other agent sees the SAME options, but in a DIFFERENT order.

中国着装规范
Options: 正装, 运动装, 商务装, 休闲装

Which option do you choose? Respond with the exact option text.",正装,正装,"You are playing a coordination game with another agent.
If you both select the SAME option, you each get $1.
You cannot communicate - you must try to coordinate.
Note: The other agent sees the SAME options, but in a DIFFERENT order.

中国着装规范
Options: 商务装, 正装, 运动装, 休闲装

Which option do you choose? Respond with the exact option text.",商务装,商务装,False
中国社交规范,"[""寒暄"", ""敬语"", ""让座"", ""不直接拒绝""]","[""让座"", ""不直接拒绝"", ""敬语"", ""寒暄""]","[""让座"", ""寒暄"", ""不直接拒绝"", ""敬语""]","You are playing a coordination game with another agent.
If you both select the SAME option, you each get $1.
You cannot communicate - you must try to coordinate.
Note: The other agent sees the SAME options, but in a DIFFERENT order.

中国社交规范
Options: 让座, 不直接拒绝, 敬语, 寒暄

Which option do you choose? Respond with the exact option text.",敬语,敬语,"You are playing a coordination game with another agent.
If you both select the SAME option, you each get $1.
You cannot communicate - you must try to coordinate.
Note: The other agent sees the SAME options, but in a DIFFERENT order.

中国社交规范
Options: 让座, 寒暄, 不直接拒绝, 敬语

Which option do you choose? Respond with the exact option text.",让座,让座,False
中国节日习俗,"[""过年放鞭炮"", ""中秋节吃月饼"", ""端午节吃粽子"", ""清明扫墓""]","[""过年放鞭炮"", ""清明扫墓"", ""端午节吃粽子"", ""中秋节吃月饼""]","[""中秋节吃月饼"", ""过年放鞭炮"", ""清明扫墓"", ""端午节吃粽子""]","You are playing a coordination game with another agent.
If you both select the SAME option, you each get $1.
You cannot communicate - you must try to coordinate.
Note: The other agent sees the SAME options, but in a DIFFERENT order.

中国节日习俗
Options: 过年放鞭炮, 清明扫墓, 端午节吃粽子, 中秋节吃月饼

Which option do you choose? Respond with the exact option text.",过年放鞭炮,过年放鞭炮,"You are playing a coordination game with another agent.
If you both select the SAME option, you each get $1.
You cannot communicate - you must try to coordinate.
Note: The other agent sees the SAME options, but in a DIFFERENT order.

中国节日习俗
Options: 中秋节吃月饼, 过年放鞭炮, 清明扫墓, 端午节吃粽子

Which option do you choose? Respond with the exact option text.",过年放鞭炮,过年放鞭炮,True
中国婚嫁习俗,"[""红色嫁衣"", ""敬茶"", ""闹洞房"", ""份子钱""]","[""闹洞房"", ""红色嫁衣"", ""敬茶"", ""份子钱""]","[""敬茶"", ""闹洞房"", ""份子钱"", ""红色嫁衣""]","You are playing a coordination game with another agent.
If you both select the SAME option, you each get $1.
You cannot communicate - you must try to coordinate.
Note: The other agent sees the SAME options, but in a DIFFERENT order.

中国婚嫁习俗
Options: 闹洞房, 红色嫁衣, 敬茶, 份子钱

Which option do you choose? Respond with the exact option text.",红色嫁衣,红色嫁衣,"You are playing a coordination game with another agent.
If you both select the SAME option, you each get $1.
You cannot communicate - you must try to coordinate.
Note: The other agent sees the SAME options, but in a DIFFERENT order.

中国婚嫁习俗
Options: 敬茶, 闹洞房, 份子钱, 红色嫁衣

Which option do you choose? Respond with the exact option text.",敬茶,敬茶,False
US Federal Holidays,"[""Christmas"", ""Thanksgiving"", ""Independence Day"", ""New Year's Day""]","[""Christmas"", ""Independence Day"", ""New Year's Day"", ""Thanksgiving""]","[""New Year's Day"", ""Christmas"", ""Thanksgiving"", ""Independence Day""]","You are playing a coordination game with another agent.
If you both select the SAME option, you each get $1.
You cannot communicate - you must try to coordinate.
Note: The other agent sees the SAME options, but in a DIFFERENT order.

US Federal Holidays
Options: Christmas, Independence Day, New Year's Day, Thanksgiving

Which option do you choose? Respond with the exact option text.",Christmas,Christmas,"You are playing a coordination game with another agent.
If you both select the SAME option, you each get $1.
You cannot communicate - you must try to coordinate.
Note: The other agent sees the SAME options, but in a DIFFERENT order.

US Federal Holidays
Options: New Year's Day, Christmas, Thanksgiving, Independence Day

Which option do you choose? Respond with the exact option text.",Christmas,Christmas,True
US Celebrations,"[""Halloween"", ""Valentine's Day"", ""Easter"", ""St. Patrick's Day""]","[""Easter"", ""Valentine's Day"", ""Halloween"", ""St. Patrick's Day""]","[""Valentine's Day"", ""St. Patrick's Day"", ""Halloween"", ""Easter""]","You are playing a coordination game with another agent.
If you both select the SAME option, you each get $1.
You cannot communicate - you must try to coordinate.
Note: The other agent sees the SAME options, but in a DIFFERENT order.

US Celebrations
Options: Easter, Valentine's Day, Halloween, St. Patrick's Day

Which option do you choose? Respond with the exact option text.",Easter,Easter,"You are playing a coordination game with another agent.
If you both select the SAME option, you each get $1.
You cannot communicate - you must try to coordinate.
Note: The other agent sees the SAME options, but in a DIFFERENT order.

US Celebrations
Options: Valentine's Day, St. Patrick's Day, Halloween, Easter

Which option do you choose? Respond with the exact option text.",Valentine's Day,Valentine's Day,False
US Family Holidays,"[""Thanksgiving"", ""Christmas"", ""Mother's Day"", ""Father's Day""]","[""Christmas"", ""Father's Day"", ""Thanksgiving"", ""Mother's Day""]","[""Christmas"", ""Thanksgiving"", ""Father's Day"", ""Mother's Day""]","You are playing a coordination game with another agent.
If you both select the SAME option, you each get $1.
You cannot communicate - you must try to coordinate.
Note: The other agent sees the SAME options, but in a DIFFERENT order.

US Family Holidays
Options: Christmas, Father's Day, Thanksgiving, Mother's Day

Which option do you choose? Respond with the exact option text.",Christmas,Christmas,"You are playing a coordination game with another agent.
If you both select the SAME option, you each get $1.
You cannot communicate - you must try to coordinate.
Note: The other agent sees the SAME options, but in a DIFFERENT order.

US Family Holidays
Options: Christmas, Thanksgiving, Father's Day, Mother's Day

Which option do you choose? Respond with the exact option text.",Christmas,Christmas,True
US Summer Holidays,"[""July 4th"", ""Memorial Day"", ""Labor Day"", ""Flag Day""]","[""July 4th"", ""Memorial Day"", ""Flag Day"", ""Labor Day""]","[""Memorial Day"", ""Flag Day"", ""Labor Day"", ""July 4th""]","You are playing a coordination game with another agent.
If you both select the SAME option, you each get $1.
You cannot communicate - you must try to coordinate.
Note: The other agent sees the SAME options, but in a DIFFERENT order.

US Summer Holidays
Options: July 4th, Memorial Day, Flag Day, Labor Day

Which option do you choose? Respond with the exact option text.",Flag Day,Flag Day,"You are playing a coordination game with another agent.
If you both select the SAME option, you each get $1.
You cannot communicate - you must try to coordinate.
Note: The other agent sees the SAME options, but in a DIFFERENT order.

US Summer Holidays
Options: Memorial Day, Flag Day, Labor Day, July 4th

Which option do you choose? Respond with the exact option text.",July 4th,July 4th,False
US Winter Holidays,"[""Christmas"", ""New Year's"", ""Hanukkah"", ""Kwanzaa""]","[""Kwanzaa"", ""New Year's"", ""Christmas"", ""Hanukkah""]","[""Christmas"", ""Hanukkah"", ""New Year's"", ""Kwanzaa""]","You are playing a coordination game with another agent.
If you both select the SAME option, you each get $1.
You cannot communicate - you must try to coordinate.
Note: The other agent sees the SAME options, but in a DIFFERENT order.

US Winter Holidays
Options: Kwanzaa, New Year's, Christmas, Hanukkah

Which option do you choose? Respond with the exact option text.",Christmas,Christmas,"You are playing a coordination game with another agent.
If you both select the SAME option, you each get $1.
You cannot communicate - you must try to coordinate.
Note: The other agent sees the SAME options, but in a DIFFERENT order.

US Winter Holidays
Options: Christmas, Hanukkah, New Year's, Kwanzaa

Which option do you choose? Respond with the exact option text.",Christmas,Christmas,True
中国法定假日,"[""春节"", ""国庆节"", ""中秋节"", ""端午节""]","[""中秋节"", ""春节"", ""国庆节"", ""端午节""]","[""中秋节"", ""国庆节"", ""端午节"", ""春节""]","You are playing a coordination game with another agent.
If you both select the SAME option, you each get $1.
You cannot communicate - you must try to coordinate.
Note: The other agent sees the SAME options, but in a DIFFERENT order.

中国法定假日
Options: 中秋节, 春节, 国庆节, 端午节

Which option do you choose? Respond with the exact option text.",春节,春节,"You are playing a coordination game with another agent.
If you both select the SAME option, you each get $1.
You cannot communicate - you must try to coordinate.
Note: The other agent sees the SAME options, but in a DIFFERENT order.

中国法定假日
Options: 中秋节, 国庆节, 端午节, 春节

Which option do you choose? Respond with the exact option text.",春节,春节,True
中国传统节日,"[""元宵节"", ""七夕"", ""重阳节"", ""腊八节""]","[""元宵节"", ""七夕"", ""腊八节"", ""重阳节""]","[""腊八节"", ""七夕"", ""重阳节"", ""元宵节""]","You are playing a coordination game with another agent.
If you both select the SAME option, you each get $1.
You cannot communicate - you must try to coordinate.
Note: The other agent sees the SAME options, but in a DIFFERENT order.

中国传统节日
Options: 元宵节, 七夕, 腊八节, 重阳节

Which option do you choose? Respond with the exact option text.",七夕,七夕,"You are playing a coordination game with another agent.
If you both select the SAME option, you each get $1.
You cannot communicate - you must try to coordinate.
Note: The other agent sees the SAME options, but in a DIFFERENT order.

中国传统节日
Options: 腊八节, 七夕, 重阳节, 元宵节

Which option do you choose? Respond with the exact option text.",七夕,七夕,True
中国家庭节日,"[""春节"", ""中秋节"", ""端午节"", ""清明节""]","[""春节"", ""端午节"", ""中秋节"", ""清明节""]","[""端午节"", ""清明节"", ""春节"", ""中秋节""]","You are playing a coordination game with another agent.
If you both select the SAME option, you each get $1.
You cannot communicate - you must try to coordinate.
Note: The other agent sees the SAME options, but in a DIFFERENT order.

中国家庭节日
Options: 春节, 端午节, 中秋节, 清明节

Which option do you choose? Respond with the exact option text.",春节,春节,"You are playing a coordination game with another agent.
If you both select the SAME option, you each get $1.
You cannot communicate - you must try to coordinate.
Note: The other agent sees the SAME options, but in a DIFFERENT order.

中国家庭节日
Options: 端午节, 清明节, 春节, 中秋节

Which option do you choose? Respond with the exact option text.",春节,春节,True
中国现代节日,"[""五一劳动节"", ""国庆节"", ""元旦"", ""三八妇女节""]","[""三八妇女节"", ""国庆节"", ""五一劳动节"", ""元旦""]","[""三八妇女节"", ""元旦"", ""五一劳动节"", ""国庆节""]","You are playing a coordination game with another agent.
If you both select the SAME option, you each get $1.
You cannot communicate - you must try to coordinate.
Note: The other agent sees the SAME options, but in a DIFFERENT order.

中国现代节日
Options: 三八妇女节, 国庆节, 五一劳动节, 元旦

Which option do you choose? Respond with the exact option text.",国庆节,国庆节,"You are playing a coordination game with another agent.
If you both select the SAME option, you each get $1.
You cannot communicate - you must try to coordinate.
Note: The other agent sees the SAME options, but in a DIFFERENT order.

中国现代节日
Options: 三八妇女节, 元旦, 五一劳动节, 国庆节

Which option do you choose? Respond with the exact option text.",国庆节,国庆节,True
中国节气节日,"[""立春"", ""清明"", ""冬至"", ""中秋""]","[""清明"", ""立春"", ""中秋"", ""冬至""]","[""中秋"", ""清明"", ""冬至"", ""立春""]","You are playing a coordination game with another agent.
If you both select the SAME option, you each get $1.
You cannot communicate - you must try to coordinate.
Note: The other agent sees the SAME options, but in a DIFFERENT order.

中国节气节日
Options: 清明, 立春, 中秋, 冬至

Which option do you choose? Respond with the exact option text.",中秋,中秋,"You are playing a coordination game with another agent.
If you both select the SAME option, you each get $1.
You cannot communicate - you must try to coordinate.
Note: The other agent sees the SAME options, but in a DIFFERENT order.

中国节气节日
Options: 中秋, 清明, 冬至, 立春

Which option do you choose? Respond with the exact option text.",中秋,中秋,True
American Breakfast,"[""Pancakes"", ""Eggs"", ""Bacon"", ""Cereal""]","[""Bacon"", ""Eggs"", ""Cereal"", ""Pancakes""]","[""Bacon"", ""Eggs"", ""Pancakes"", ""Cereal""]","You are playing a coordination game with another agent.
If you both select the SAME option, you each get $1.
You cannot communicate - you must try to coordinate.
Note: The other agent sees the SAME options, but in a DIFFERENT order.

American Breakfast
Options: Bacon, Eggs, Cereal, Pancakes

Which option do you choose? Respond with the exact option text.",Bacon,Bacon,"You are playing a coordination game with another agent.
If you both select the SAME option, you each get $1.
You cannot communicate - you must try to coordinate.
Note: The other agent sees the SAME options, but in a DIFFERENT order.

American Breakfast
Options: Bacon, Eggs, Pancakes, Cereal

Which option do you choose? Respond with the exact option text.",Bacon,Bacon,True
American Fast Food,"[""Burger"", ""Pizza"", ""Hot Dog"", ""Fries""]","[""Hot Dog"", ""Burger"", ""Fries"", ""Pizza""]","[""Fries"", ""Hot Dog"", ""Burger"", ""Pizza""]","You are playing a coordination game with another agent.
If you both select the SAME option, you each get $1.
You cannot communicate - you must try to coordinate.
Note: The other agent sees the SAME options, but in a DIFFERENT order.

American Fast Food
Options: Hot Dog, Burger, Fries, Pizza

Which option do you choose? Respond with the exact option text.",Hot Dog,Hot Dog,"You are playing a coordination game with another agent.
If you both select the SAME option, you each get $1.
You cannot communicate - you must try to coordinate.
Note: The other agent sees the SAME options, but in a DIFFERENT order.

American Fast Food
Options: Fries, Hot Dog, Burger, Pizza

Which option do you choose? Respond with the exact option text.",Burger,Burger,False
American Dinner,"[""Steak"", ""Roast Chicken"", ""Pasta"", ""Salad""]","[""Roast Chicken"", ""Steak"", ""Salad"", ""Pasta""]","[""Salad"", ""Roast Chicken"", ""Pasta"", ""Steak""]","You are playing a coordination game with another agent.
If you both select the SAME option, you each get $1.
You cannot communicate - you must try to coordinate.
Note: The other agent sees the SAME options, but in a DIFFERENT order.

American Dinner
Options: Roast Chicken, Steak, Salad, Pasta

Which option do you choose? Respond with the exact option text.",Pasta,Pasta,"You are playing a coordination game with another agent.
If you both select the SAME option, you each get $1.
You cannot communicate - you must try to coordinate.
Note: The other agent sees the SAME options, but in a DIFFERENT order.

American Dinner
Options: Salad, Roast Chicken, Pasta, Steak

Which option do you choose? Respond with the exact option text.",Salad,Salad,False
American Snacks,"[""Chips"", ""Popcorn"", ""Cookies"", ""Candy""]","[""Chips"", ""Popcorn"", ""Cookies"", ""Candy""]","[""Cookies"", ""Candy"", ""Chips"", ""Popcorn""]","You are playing a coordination game with another agent.
If you both select the SAME option, you each get $1.
You cannot communicate - you must try to coordinate.
Note: The other agent sees the SAME options, but in a DIFFERENT order.

American Snacks
Options: Chips, Popcorn, Cookies, Candy

Which option do you choose? Respond with the exact option text.",Chips,Chips,"You are playing a coordination game with another agent.
If you both select the SAME option, you each get $1.
You cannot communicate - you must try to coordinate.
Note: The other agent sees the SAME options, but in a DIFFERENT order.

American Snacks
Options: Cookies, Candy, Chips, Popcorn

Which option do you choose? Respond with the exact option text.",Cookies,Cookies,False
American Desserts,"[""Apple Pie"", ""Brownie"", ""Ice Cream"", ""Cheesecake""]","[""Brownie"", ""Apple Pie"", ""Cheesecake"", ""Ice Cream""]","[""Cheesecake"", ""Ice Cream"", ""Apple Pie"", ""Brownie""]","You are playing a coordination game with another agent.
If you both select the SAME option, you each get $1.
You cannot communicate - you must try to coordinate.
Note: The other agent sees the SAME options, but in a DIFFERENT order.

American Desserts
Options: Brownie, Apple Pie, Cheesecake, Ice Cream

Which option do you choose? Respond with the exact option text.",Brownie,Brownie,"You are playing a coordination game with another agent.
If you both select the SAME option, you each get $1.
You cannot communicate - you must try to coordinate.
Note: The other agent sees the SAME options, but in a DIFFERENT order.

American Desserts
Options: Cheesecake, Ice Cream, Apple Pie, Brownie

Which option do you choose? Respond with the exact option text.",Apple Pie,Apple Pie,False
American Comfort Food,"[""Mac and Cheese"", ""Grilled Cheese"", ""Meatloaf"", ""Mashed Potatoes""]","[""Meatloaf"", ""Mashed Potatoes"", ""Grilled Cheese"", ""Mac and Cheese""]","[""Mashed Potatoes"", ""Meatloaf"", ""Mac and Cheese"", ""Grilled Cheese""]","You are playing a coordination game with another agent.
If you both select the SAME option, you each get $1.
You cannot communicate - you must try to coordinate.
Note: The other agent sees the SAME options, but in a DIFFERENT order.

American Comfort Food
Options: Meatloaf, Mashed Potatoes, Grilled Cheese, Mac and Cheese

Which option do you choose? Respond with the exact option text.",Grilled Cheese,Grilled Cheese,"You are playing a coordination game with another agent.
If you both select the SAME option, you each get $1.
You cannot communicate - you must try to coordinate.
Note: The other agent sees the SAME options, but in a DIFFERENT order.

American Comfort Food
Options: Mashed Potatoes, Meatloaf, Mac and Cheese, Grilled Cheese

Which option do you choose? Respond with the exact option text.",Grilled Cheese,Grilled Cheese,True
American Side Dishes,"[""French Fries"", ""Coleslaw"", ""Corn"", ""Baked Beans""]","[""Corn"", ""Baked Beans"", ""Coleslaw"", ""French Fries""]","[""Coleslaw"", ""Baked Beans"", ""Corn"", ""French Fries""]","You are playing a coordination game with another agent.
If you both select the SAME option, you each get $1.
You cannot communicate - you must try to coordinate.
Note: The other agent sees the SAME options, but in a DIFFERENT order.

American Side Dishes
Options: Corn, Baked Beans, Coleslaw, French Fries

Which option do you choose? Respond with the exact option text.",Corn,Corn,"You are playing a coordination game with another agent.
If you both select the SAME option, you each get $1.
You cannot communicate - you must try to coordinate.
Note: The other agent sees the SAME options, but in a DIFFERENT order.

American Side Dishes
Options: Coleslaw, Baked Beans, Corn, French Fries

Which option do you choose? Respond with the exact option text.",Baked Beans,Baked Beans,False
American BBQ,"[""Ribs"", ""Brisket"", ""Pulled Pork"", ""Grilled Chicken""]","[""Pulled Pork"", ""Brisket"", ""Grilled Chicken"", ""Ribs""]","[""Brisket"", ""Grilled Chicken"", ""Pulled Pork"", ""Ribs""]","You are playing a coordination game with another agent.
If you both select the SAME option, you each get $1.
You cannot communicate - you must try to coordinate.
Note: The other agent sees the SAME options, but in a DIFFERENT order.

American BBQ
Options: Pulled Pork, Brisket, Grilled Chicken, Ribs

Which option do you choose? Respond with the exact option text.",Brisket,Brisket,"You are playing a coordination game with another agent.
If you both select the SAME option, you each get $1.
You cannot communicate - you must try to coordinate.
Note: The other agent sees the SAME options, but in a DIFFERENT order.

American BBQ
Options: Brisket, Grilled Chicken, Pulled Pork, Ribs

Which option do you choose? Respond with the exact option text.",Brisket,Brisket,True
American Sandwiches,"[""BLT"", ""PB&J"", ""Club Sandwich"", ""Grilled Cheese""]","[""Club Sandwich"", ""Grilled Cheese"", ""BLT"", ""PB&J""]","[""Grilled Cheese"", ""PB&J"", ""BLT"", ""Club Sandwich""]","You are playing a coordination game with another agent.
If you both select the SAME option, you each get $1.
You cannot communicate - you must try to coordinate.
Note: The other agent sees the SAME options, but in a DIFFERENT order.

American Sandwiches
Options: Club Sandwich, Grilled Cheese, BLT, PB&J

Which option do you choose? Respond with the exact option text.",BLT,BLT,"You are playing a coordination game with another agent.
If you both select the SAME option, you each get $1.
You cannot communicate - you must try to coordinate.
Note: The other agent sees the SAME options, but in a DIFFERENT order.

American Sandwiches
Options: Grilled Cheese, PB&J, BLT, Club Sandwich

Which option do you choose? Respond with the exact option text.",BLT,BLT,True
American Holiday Food,"[""Turkey"", ""Ham"", ""Pumpkin Pie"", ""Stuffing""]","[""Stuffing"", ""Ham"", ""Pumpkin Pie"", ""Turkey""]","[""Turkey"", ""Stuffing"", ""Ham"", ""Pumpkin Pie""]","You are playing a coordination game with another agent.
If you both select the SAME option, you each get $1.
You cannot communicate - you must try to coordinate.
Note: The other agent sees the SAME options, but in a DIFFERENT order.

American Holiday Food
Options: Stuffing, Ham, Pumpkin Pie, Turkey

Which option do you choose? Respond with the exact option text.",Turkey,Turkey,"You are playing a coordination game with another agent.
If you both select the SAME option, you each get $1.
You cannot communicate - you must try to coordinate.
Note: The other agent sees the SAME options, but in a DIFFERENT order.

American Holiday Food
Options: Turkey, Stuffing, Ham, Pumpkin Pie

Which option do you choose? Respond with the exact option text.",Turkey,Turkey,True
中国早餐,"[""包子"", ""油条"", ""豆浆"", ""煎饼""]","[""油条"", ""豆浆"", ""煎饼"", ""包子""]","[""包子"", ""煎饼"", ""油条"", ""豆浆""]","You are playing a coordination game with another agent.
If you both select the SAME option, you each get $1.
You cannot communicate - you must try to coordinate.
Note: The other agent sees the SAME options, but in a DIFFERENT order.

中国早餐
Options: 油条, 豆浆, 煎饼, 包子

Which option do you choose? Respond with the exact option text.",包子,包子,"You are playing a coordination game with another agent.
If you both select the SAME option, you each get $1.
You cannot communicate - you must try to coordinate.
Note: The other agent sees the SAME options, but in a DIFFERENT order.

中国早餐
Options: 包子, 煎饼, 油条, 豆浆

Which option do you choose? Respond with the exact option text.",包子,包子,True
中国快餐,"[""炒饭"", ""面条"", ""饺子"", ""盒饭""]","[""面条"", ""炒饭"", ""饺子"", ""盒饭""]","[""面条"", ""炒饭"", ""盒饭"", ""饺子""]","You are playing a coordination game with another agent.
If you both select the SAME option, you each get $1.
You cannot communicate - you must try to coordinate.
Note: The other agent sees the SAME options, but in a DIFFERENT order.

中国快餐
Options: 面条, 炒饭, 饺子, 盒饭

Which option do you choose? Respond with the exact option text.",面条,面条,"You are playing a coordination game with another agent.
If you both select the SAME option, you each get $1.
You cannot communicate - you must try to coordinate.
Note: The other agent sees the SAME options, but in a DIFFERENT order.

中国快餐
Options: 面条, 炒饭, 盒饭, 饺子

Which option do you choose? Respond with the exact option text.",盒饭,盒饭,False
中国家常菜,"[""红烧肉"", ""宫保鸡丁"", ""麻婆豆腐"", ""西红柿炒鸡蛋""]","[""麻婆豆腐"", ""宫保鸡丁"", ""红烧肉"", ""西红柿炒鸡蛋""]","[""宫保鸡丁"", ""红烧肉"", ""西红柿炒鸡蛋"", ""麻婆豆腐""]","You are playing a coordination game with another agent.
If you both select the SAME option, you each get $1.
You cannot communicate - you must try to coordinate.
Note: The other agent sees the SAME options, but in a DIFFERENT order.

中国家常菜
Options: 麻婆豆腐, 宫保鸡丁, 红烧肉, 西红柿炒鸡蛋

Which option do you choose? Respond with the exact option text.",麻婆豆腐,麻婆豆腐,"You are playing a coordination game with another agent.
If you both select the SAME option, you each get $1.
You cannot communicate - you must try to coordinate.
Note: The other agent sees the SAME options, but in a DIFFERENT order.

中国家常菜
Options: 宫保鸡丁, 红烧肉, 西红柿炒鸡蛋, 麻婆豆腐

Which option do you choose? Respond with the exact option text.",宫保鸡丁,宫保鸡丁,False
中国小吃,"[""煎饼果子"", ""烤串"", ""臭豆腐"", ""糖葫芦""]","[""糖葫芦"", ""臭豆腐"", ""煎饼果子"", ""烤串""]","[""烤串"", ""臭豆腐"", ""煎饼果子"", ""糖葫芦""]","You are playing a coordination game with another agent.
If you both select the SAME option, you each get $1.
You cannot communicate - you must try to coordinate.
Note: The other agent sees the SAME options, but in a DIFFERENT order.

中国小吃
Options: 糖葫芦, 臭豆腐, 煎饼果子, 烤串

Which option do you choose? Respond with the exact option text.",臭豆腐,臭豆腐,"You are playing a coordination game with another agent.
If you both select the SAME option, you each get $1.
You cannot communicate - you must try to coordinate.
Note: The other agent sees the SAME options, but in a DIFFERENT order.

中国小吃
Options: 烤串, 臭豆腐, 煎饼果子, 糖葫芦

Which option do you choose? Respond with the exact option text.",煎饼果子,煎饼果子,False
中国甜点,"[""汤圆"", ""月饼"", ""粽子"", ""豆沙包""]","[""粽子"", ""豆沙包"", ""汤圆"", ""月饼""]","[""粽子"", ""月饼"", ""汤圆"", ""豆沙包""]","You are playing a coordination game with another agent.
If you both select the SAME option, you each get $1.
You cannot communicate - you must try to coordinate.
Note: The other agent sees the SAME options, but in a DIFFERENT order.

中国甜点
Options: 粽子, 豆沙包, 汤圆, 月饼

Which option do you choose? Respond with the exact option text.",月饼,月饼,"You are playing a coordination game with another agent.
If you both select the SAME option, you each get $1.
You cannot communicate - you must try to coordinate.
Note: The other agent sees the SAME options, but in a DIFFERENT order.

中国甜点
Options: 粽子, 月饼, 汤圆, 豆沙包

Which option do you choose? Respond with the exact option text.",月饼,月饼,True
中国主食,"[""米饭"", ""面条"", ""馒头"", ""饺子""]","[""饺子"", ""面条"", ""馒头"", ""米饭""]","[""饺子"", ""米饭"", ""面条"", ""馒头""]","You are playing a coordination game with another agent.
If you both select the SAME option, you each get $1.
You cannot communicate - you must try to coordinate.
Note: The other agent sees the SAME options, but in a DIFFERENT order.

中国主食
Options: 饺子, 面条, 馒头, 米饭

Which option do you choose? Respond with the exact option text.",馒头,馒头,"You are playing a coordination game with another agent.
If you both select the SAME option, you each get $1.
You cannot communicate - you must try to coordinate.
Note: The other agent sees the SAME options, but in a DIFFERENT order.

中国主食
Options: 饺子, 米饭, 面条, 馒头

Which option do you choose? Respond with the exact option text.",饺子,饺子,False
中国汤类,"[""鸡汤"", ""排骨汤"", ""紫菜蛋花汤"", ""酸辣汤""]","[""鸡汤"", ""酸辣汤"", ""紫菜蛋花汤"", ""排骨汤""]","[""鸡汤"", ""紫菜蛋花汤"", ""排骨汤"", ""酸辣汤""]","You are playing a coordination game with another agent.
If you both select the SAME option, you each get $1.
You cannot communicate - you must try to coordinate.
Note: The other agent sees the SAME options, but in a DIFFERENT order.

中国汤类
Options: 鸡汤, 酸辣汤, 紫菜蛋花汤, 排骨汤

Which option do you choose? Respond with the exact option text.",鸡汤,鸡汤,"You are playing a coordination game with another agent.
If you both select the SAME option, you each get $1.
You cannot communicate - you must try to coordinate.
Note: The other agent sees the SAME options, but in a DIFFERENT order.

中国汤类
Options: 鸡汤, 紫菜蛋花汤, 排骨汤, 酸辣汤

Which option do you choose? Respond with the exact option text.",鸡汤,鸡汤,True
中国火锅食材,"[""牛肉"", ""羊肉"", ""豆腐"", ""白菜""]","[""白菜"", ""羊肉"", ""牛肉"", ""豆腐""]","[""羊肉"", ""牛肉"", ""豆腐"", ""白菜""]","You are playing a coordination game with another agent.
If you both select the SAME option, you each get $1.
You cannot communicate - you must try to coordinate.
Note: The other agent sees the SAME options, but in a DIFFERENT order.

中国火锅食材
Options: 白菜, 羊肉, 牛肉, 豆腐

Which option do you choose? Respond with the exact option text.",白菜,白菜,"You are playing a coordination game with another agent.
If you both select the SAME option, you each get $1.
You cannot communicate - you must try to coordinate.
Note: The other agent sees the SAME options, but in a DIFFERENT order.

中国火锅食材
Options: 羊肉, 牛肉, 豆腐, 白菜

Which option do you choose? Respond with the exact option text.",白菜,白菜,True
中国面食,"[""拉面"", ""刀削面"", ""炸酱面"", ""担担面""]","[""炸酱面"", ""拉面"", ""担担面"", ""刀削面""]","[""担担面"", ""拉面"", ""刀削面"", ""炸酱面""]","You are playing a coordination game with another agent.
If you both select the SAME option, you each get $1.
You cannot communicate - you must try to coordinate.
Note: The other agent sees the SAME options, but in a DIFFERENT order.

中国面食
Options: 炸酱面, 拉面, 担担面, 刀削面

Which option do you choose? Respond with the exact option text.",拉面,拉面,"You are playing a coordination game with another agent.
If you both select the SAME option, you each get $1.
You cannot communicate - you must try to coordinate.
Note: The other agent sees the SAME options, but in a DIFFERENT order.

中国面食
Options: 担担面, 拉面, 刀削面, 炸酱面

Which option do you choose? Respond with the exact option text.",拉面,拉面,True
中国节日食物,"[""饺子"", ""月饼"", ""粽子"", ""汤圆""]","[""汤圆"", ""饺子"", ""粽子"", ""月饼""]","[""月饼"", ""粽子"", ""饺子"", ""汤圆""]","You are playing a coordination game with another agent.
If you both select the SAME option, you each get $1.
You cannot communicate - you must try to coordinate.
Note: The other agent sees the SAME options, but in a DIFFERENT order.

中国节日食物
Options: 汤圆, 饺子, 粽子, 月饼

Which option do you choose? Respond with the exact option text.",饺子,饺子,"You are playing a coordination game with another agent.
If you both select the SAME option, you each get $1.
You cannot communicate - you must try to coordinate.
Note: The other agent sees the SAME options, but in a DIFFERENT order.

中国节日食物
Options: 月饼, 粽子, 饺子, 汤圆

Which option do you choose? Respond with the exact option text.",月饼,月饼,False
American Breakfast Drinks,"[""Coffee"", ""Orange Juice"", ""Milk"", ""Tea""]","[""Milk"", ""Orange Juice"", ""Coffee"", ""Tea""]","[""Coffee"", ""Orange Juice"", ""Milk"", ""Tea""]","You are playing a coordination game with another agent.
If you both select the SAME option, you each get $1.
You cannot communicate - you must try to coordinate.
Note: The other agent sees the SAME options, but in a DIFFERENT order.

American Breakfast Drinks
Options: Milk, Orange Juice, Coffee, Tea

Which option do you choose? Respond with the exact option text.",Coffee,Coffee,"You are playing a coordination game with another agent.
If you both select the SAME option, you each get $1.
You cannot communicate - you must try to coordinate.
Note: The other agent sees the SAME options, but in a DIFFERENT order.

American Breakfast Drinks
Options: Coffee, Orange Juice, Milk, Tea

Which option do you choose? Respond with the exact option text.",Coffee,Coffee,True
American Soft Drinks,"[""Coca-Cola"", ""Pepsi"", ""Sprite"", ""Dr Pepper""]","[""Dr Pepper"", ""Sprite"", ""Coca-Cola"", ""Pepsi""]","[""Pepsi"", ""Dr Pepper"", ""Coca-Cola"", ""Sprite""]","You are playing a coordination game with another agent.
If you both select the SAME option, you each get $1.
You cannot communicate - you must try to coordinate.
Note: The other agent sees the SAME options, but in a DIFFERENT order.

American Soft Drinks
Options: Dr Pepper, Sprite, Coca-Cola, Pepsi

Which option do you choose? Respond with the exact option text.",Coca-Cola,Coca-Cola,"You are playing a coordination game with another agent.
If you both select the SAME option, you each get $1.
You cannot communicate - you must try to coordinate.
Note: The other agent sees the SAME options, but in a DIFFERENT order.

American Soft Drinks
Options: Pepsi, Dr Pepper, Coca-Cola, Sprite

Which option do you choose? Respond with the exact option text.",Coca-Cola,Coca-Cola,True
American Hot Drinks,"[""Coffee"", ""Tea"", ""Hot Chocolate"", ""Cider""]","[""Tea"", ""Hot Chocolate"", ""Coffee"", ""Cider""]","[""Tea"", ""Coffee"", ""Cider"", ""Hot Chocolate""]","You are playing a coordination game with another agent.
If you both select the SAME option, you each get $1.
You cannot communicate - you must try to coordinate.
Note: The other agent sees the SAME options, but in a DIFFERENT order.

American Hot Drinks
Options: Tea, Hot Chocolate, Coffee, Cider

Which option do you choose? Respond with the exact option text.",Tea,Tea,"You are playing a coordination game with another agent.
If you both select the SAME option, you each get $1.
You cannot communicate - you must try to coordinate.
Note: The other agent sees the SAME options, but in a DIFFERENT order.

American Hot Drinks
Options: Tea, Coffee, Cider, Hot Chocolate

Which option do you choose? Respond with the exact option text.",Tea,Tea,True
American Cocktails,"[""Margarita"", ""Mojito"", ""Martini"", ""Old Fashioned""]","[""Margarita"", ""Martini"", ""Mojito"", ""Old Fashioned""]","[""Margarita"", ""Old Fashioned"", ""Martini"", ""Mojito""]","You are playing a coordination game with another agent.
If you both select the SAME option, you each get $1.
You cannot communicate - you must try to coordinate.
Note: The other agent sees the SAME options, but in a DIFFERENT order.

American Cocktails
Options: Margarita, Martini, Mojito, Old Fashioned

Which option do you choose? Respond with the exact option text.",Margarita,Margarita,"You are playing a coordination game with another agent.
If you both select the SAME option, you each get $1.
You cannot communicate - you must try to coordinate.
Note: The other agent sees the SAME options, but in a DIFFERENT order.

American Cocktails
Options: Margarita, Old Fashioned, Martini, Mojito

Which option do you choose? Respond with the exact option text.",Margarita,Margarita,True
American Party Drinks,"[""Beer"", ""Wine"", ""Champagne"", ""Cocktail""]","[""Beer"", ""Cocktail"", ""Champagne"", ""Wine""]","[""Beer"", ""Cocktail"", ""Wine"", ""Champagne""]","You are playing a coordination game with another agent.
If you both select the SAME option, you each get $1.
You cannot communicate - you must try to coordinate.
Note: The other agent sees the SAME options, but in a DIFFERENT order.

American Party Drinks
Options: Beer, Cocktail, Champagne, Wine

Which option do you choose? Respond with the exact option text.",Beer,Beer,"You are playing a coordination game with another agent.
If you both select the SAME option, you each get $1.
You cannot communicate - you must try to coordinate.
Note: The other agent sees the SAME options, but in a DIFFERENT order.

American Party Drinks
Options: Beer, Cocktail, Wine, Champagne

Which option do you choose? Respond with the exact option text.",Beer,Beer,True
中国早餐饮品,"[""豆浆"", ""牛奶"", ""粥"", ""茶""]","[""粥"", ""牛奶"", ""豆浆"", ""茶""]","[""豆浆"", ""粥"", ""茶"", ""牛奶""]","You are playing a coordination game with another agent.
If you both select the SAME option, you each get $1.
You cannot communicate - you must try to coordinate.
Note: The other agent sees the SAME options, but in a DIFFERENT order.

中国早餐饮品
Options: 粥, 牛奶, 豆浆, 茶

Which option do you choose? Respond with the exact option text.",茶,茶,"You are playing a coordination game with another agent.
If you both select the SAME option, you each get $1.
You cannot communicate - you must try to coordinate.
Note: The other agent sees the SAME options, but in a DIFFERENT order.

中国早餐饮品
Options: 豆浆, 粥, 茶, 牛奶

Which option do you choose? Respond with the exact option text.",豆浆,豆浆,False
中国茶类,"[""绿茶"", ""红茶"", ""乌龙茶"", ""普洱茶""]","[""绿茶"", ""普洱茶"", ""乌龙茶"", ""红茶""]","[""红茶"", ""绿茶"", ""普洱茶"", ""乌龙茶""]","You are playing a coordination game with another agent.
If you both select the SAME option, you each get $1.
You cannot communicate - you must try to coordinate.
Note: The other agent sees the SAME options, but in a DIFFERENT order.

中国茶类
Options: 绿茶, 普洱茶, 乌龙茶, 红茶

Which option do you choose? Respond with the exact option text.",普洱茶,普洱茶,"You are playing a coordination game with another agent.
If you both select the SAME option, you each get $1.
You cannot communicate - you must try to coordinate.
Note: The other agent sees the SAME options, but in a DIFFERENT order.

中国茶类
Options: 红茶, 绿茶, 普洱茶, 乌龙茶

Which option do you choose? Respond with the exact option text.",红茶,红茶,False
中国热饮,"[""热水"", ""茶"", ""咖啡"", ""豆浆""]","[""咖啡"", ""热水"", ""茶"", ""豆浆""]","[""咖啡"", ""茶"", ""豆浆"", ""热水""]","You are playing a coordination game with another agent.
If you both select the SAME option, you each get $1.
You cannot communicate - you must try to coordinate.
Note: The other agent sees the SAME options, but in a DIFFERENT order.

中国热饮
Options: 咖啡, 热水, 茶, 豆浆

Which option do you choose? Respond with the exact option text.",咖啡,咖啡,"You are playing a coordination game with another agent.
If you both select the SAME option, you each get $1.
You cannot communicate - you must try to coordinate.
Note: The other agent sees the SAME options, but in a DIFFERENT order.

中国热饮
Options: 咖啡, 茶, 豆浆, 热水

Which option do you choose? Respond with the exact option text.",茶,茶,False
中国酒类,"[""白酒"", ""啤酒"", ""黄酒"", ""米酒""]","[""啤酒"", ""白酒"", ""黄酒"", ""米酒""]","[""米酒"", ""白酒"", ""啤酒"", ""黄酒""]","You are playing a coordination game with another agent.
If you both select the SAME option, you each get $1.
You cannot communicate - you must try to coordinate.
Note: The other agent sees the SAME options, but in a DIFFERENT order.

中国酒类
Options: 啤酒, 白酒, 黄酒, 米酒

Which option do you choose? Respond with the exact option text.",白酒,白酒,"You are playing a coordination game with another agent.
If you both select the SAME option, you each get $1.
You cannot communicate - you must try to coordinate.
Note: The other agent sees the SAME options, but in a DIFFERENT order.

中国酒类
Options: 米酒, 白酒, 啤酒, 黄酒

Which option do you choose? Respond with the exact option text.",黄酒,黄酒,False
中国冷饮,"[""冰红茶"", ""酸梅汤"", ""柠檬水"", ""凉茶""]","[""酸梅汤"", ""柠檬水"", ""冰红茶"", ""凉茶""]","[""酸梅汤"", ""冰红茶"", ""凉茶"", ""柠檬水""]","You are playing a coordination game with another agent.
If you both select the SAME option, you each get $1.
You cannot communicate - you must try to coordinate.
Note: The other agent sees the SAME options, but in a DIFFERENT order.

中国冷饮
Options: 酸梅汤, 柠檬水, 冰红茶, 凉茶

Which option do you choose? Respond with the exact option text.",冰红茶,冰红茶,"You are playing a coordination game with another agent.
If you both select the SAME option, you each get $1.
You cannot communicate - you must try to coordinate.
Note: The other agent sees the SAME options, but in a DIFFERENT order.

中国冷饮
Options: 酸梅汤, 冰红茶, 凉茶, 柠檬水

Which option do you choose? Respond with the exact option text.",冰红茶,冰红茶,True
US Presidents,"[""Washington"", ""Lincoln"", ""Kennedy"", ""Obama""]","[""Obama"", ""Kennedy"", ""Washington"", ""Lincoln""]","[""Kennedy"", ""Obama"", ""Lincoln"", ""Washington""]","You are playing a coordination game with another agent.
If you both select the SAME option, you each get $1.
You cannot communicate - you must try to coordinate.
Note: The other agent sees the SAME options, but in a DIFFERENT order.

US Presidents
Options: Obama, Kennedy, Washington, Lincoln

Which option do you choose? Respond with the exact option text.",Washington,Washington,"You are playing a coordination game with another agent.
If you both select the SAME option, you each get $1.
You cannot communicate - you must try to coordinate.
Note: The other agent sees the SAME options, but in a DIFFERENT order.

US Presidents
Options: Kennedy, Obama, Lincoln, Washington

Which option do you choose? Respond with the exact option text.",Kennedy,Kennedy,False
US Scientists,"[""Einstein"", ""Edison"", ""Tesla"", ""Newton""]","[""Tesla"", ""Einstein"", ""Edison"", ""Newton""]","[""Einstein"", ""Tesla"", ""Newton"", ""Edison""]","You are playing a coordination game with another agent.
If you both select the SAME option, you each get $1.
You cannot communicate - you must try to coordinate.
Note: The other agent sees the SAME options, but in a DIFFERENT order.

US Scientists
Options: Tesla, Einstein, Edison, Newton

Which option do you choose? Respond with the exact option text.",Edison,Edison,"You are playing a coordination game with another agent.
If you both select the SAME option, you each get $1.
You cannot communicate - you must try to coordinate.
Note: The other agent sees the SAME options, but in a DIFFERENT order.

US Scientists
Options: Einstein, Tesla, Newton, Edison

Which option do you choose? Respond with the exact option text.",Einstein,Einstein,False
US Musicians,"[""Elvis"", ""Michael Jackson"", ""Madonna"", ""Beyonce""]","[""Beyonce"", ""Elvis"", ""Michael Jackson"", ""Madonna""]","[""Michael Jackson"", ""Beyonce"", ""Elvis"", ""Madonna""]","You are playing a coordination game with another agent.
If you both select the SAME option, you each get $1.
You cannot communicate - you must try to coordinate.
Note: The other agent sees the SAME options, but in a DIFFERENT order.

US Musicians
Options: Beyonce, Elvis, Michael Jackson, Madonna

Which option do you choose? Respond with the exact option text.",Beyonce,Beyonce,"You are playing a coordination game with another agent.
If you both select the SAME option, you each get $1.
You cannot communicate - you must try to coordinate.
Note: The other agent sees the SAME options, but in a DIFFERENT order.

US Musicians
Options: Michael Jackson, Beyonce, Elvis, Madonna

Which option do you choose? Respond with the exact option text.",Beyonce,Beyonce,True
US Actors,"[""Tom Hanks"", ""Brad Pitt"", ""Meryl Streep"", ""Leonardo DiCaprio""]","[""Tom Hanks"", ""Meryl Streep"", ""Leonardo DiCaprio"", ""Brad Pitt""]","[""Leonardo DiCaprio"", ""Brad Pitt"", ""Meryl Streep"", ""Tom Hanks""]","You are playing a coordination game with another agent.
If you both select the SAME option, you each get $1.
You cannot communicate - you must try to coordinate.
Note: The other agent sees the SAME options, but in a DIFFERENT order.

US Actors
Options: Tom Hanks, Meryl Streep, Leonardo DiCaprio, Brad Pitt

Which option do you choose? Respond with the exact option text.",Brad Pitt,Brad Pitt,"You are playing a coordination game with another agent.
If you both select the SAME option, you each get $1.
You cannot communicate - you must try to coordinate.
Note: The other agent sees the SAME options, but in a DIFFERENT order.

US Actors
Options: Leonardo DiCaprio, Brad Pitt, Meryl Streep, Tom Hanks

Which option do you choose? Respond with the exact option text.",Brad Pitt,Brad Pitt,True
US Athletes,"[""Michael Jordan"", ""LeBron James"", ""Tom Brady"", ""Serena Williams""]","[""Serena Williams"", ""Michael Jordan"", ""Tom Brady"", ""LeBron James""]","[""Serena Williams"", ""LeBron James"", ""Tom Brady"", ""Michael Jordan""]","You are playing a coordination game with another agent.
If you both select the SAME option, you each get $1.
You cannot communicate - you must try to coordinate.
Note: The other agent sees the SAME options, but in a DIFFERENT order.

US Athletes
Options: Serena Williams, Michael Jordan, Tom Brady, LeBron James

Which option do you choose? Respond with the exact option text.",LeBron James,LeBron James,"You are playing a coordination game with another agent.
If you both select the SAME option, you each get $1.
You cannot communicate - you must try to coordinate.
Note: The other agent sees the SAME options, but in a DIFFERENT order.

US Athletes
Options: Serena Williams, LeBron James, Tom Brady, Michael Jordan

Which option do you choose? Respond with the exact option text.",LeBron James,LeBron James,True
US Business Leaders,"[""Elon Musk"", ""Steve Jobs"", ""Bill Gates"", ""Jeff Bezos""]","[""Elon Musk"", ""Steve Jobs"", ""Jeff Bezos"", ""Bill Gates""]","[""Bill Gates"", ""Elon Musk"", ""Jeff Bezos"", ""Steve Jobs""]","You are playing a coordination game with another agent.
If you both select the SAME option, you each get $1.
You cannot communicate - you must try to coordinate.
Note: The other agent sees the SAME options, but in a DIFFERENT order.

US Business Leaders
Options: Elon Musk, Steve Jobs, Jeff Bezos, Bill Gates

Which option do you choose? Respond with the exact option text.",Bill Gates,Bill Gates,"You are playing a coordination game with another agent.
If you both select the SAME option, you each get $1.
You cannot communicate - you must try to coordinate.
Note: The other agent sees the SAME options, but in a DIFFERENT order.

US Business Leaders
Options: Bill Gates, Elon Musk, Jeff Bezos, Steve Jobs

Which option do you choose? Respond with the exact option text.",Bill Gates,Bill Gates,True
US Writers,"[""Mark Twain"", ""Hemingway"", ""Fitzgerald"", ""Stephen King""]","[""Stephen King"", ""Fitzgerald"", ""Mark Twain"", ""Hemingway""]","[""Fitzgerald"", ""Mark Twain"", ""Stephen King"", ""Hemingway""]","You are playing a coordination game with another agent.
If you both select the SAME option, you each get $1.
You cannot communicate - you must try to coordinate.
Note: The other agent sees the SAME options, but in a DIFFERENT order.

US Writers
Options: Stephen King, Fitzgerald, Mark Twain, Hemingway

Which option do you choose? Respond with the exact option text.",Fitzgerald,Fitzgerald,"You are playing a coordination game with another agent.
If you both select the SAME option, you each get $1.
You cannot communicate - you must try to coordinate.
Note: The other agent sees the SAME options, but in a DIFFERENT order.

US Writers
Options: Fitzgerald, Mark Twain, Stephen King, Hemingway

Which option do you choose? Respond with the exact option text.",Fitzgerald,Fitzgerald,True
US Historical Figures,"[""Benjamin Franklin"", ""Martin Luther King Jr."", ""Amelia Earhart"", ""Rosa Parks""]","[""Amelia Earhart"", ""Benjamin Franklin"", ""Rosa Parks"", ""Martin Luther King Jr.""]","[""Rosa Parks"", ""Amelia Earhart"", ""Benjamin Franklin"", ""Martin Luther King Jr.""]","You are playing a coordination game with another agent.
If you both select the SAME option, you each get $1.
You cannot communicate - you must try to coordinate.
Note: The other agent sees the SAME options, but in a DIFFERENT order.

US Historical Figures
Options: Amelia Earhart, Benjamin Franklin, Rosa Parks, Martin Luther King Jr.

Which option do you choose? Respond with the exact option text.",Amelia Earhart,Amelia Earhart,"You are playing a coordination game with another agent.
If you both select the SAME option, you each get $1.
You cannot communicate - you must try to coordinate.
Note: The other agent sees the SAME options, but in a DIFFERENT order.

US Historical Figures
Options: Rosa Parks, Amelia Earhart, Benjamin Franklin, Martin Luther King Jr.

Which option do you choose? Respond with the exact option text.",Martin Luther King Jr.,Martin Luther King Jr.,False
US Directors,"[""Steven Spielberg"", ""Martin Scorsese"", ""Christopher Nolan"", ""Quentin Tarantino""]","[""Quentin Tarantino"", ""Martin Scorsese"", ""Christopher Nolan"", ""Steven Spielberg""]","[""Christopher Nolan"", ""Quentin Tarantino"", ""Martin Scorsese"", ""Steven Spielberg""]","You are playing a coordination game with another agent.
If you both select the SAME option, you each get $1.
You cannot communicate - you must try to coordinate.
Note: The other agent sees the SAME options, but in a DIFFERENT order.

US Directors
Options: Quentin Tarantino, Martin Scorsese, Christopher Nolan, Steven Spielberg

Which option do you choose? Respond with the exact option text.",Christopher Nolan,Christopher Nolan,"You are playing a coordination game with another agent.
If you both select the SAME option, you each get $1.
You cannot communicate - you must try to coordinate.
Note: The other agent sees the SAME options, but in a DIFFERENT order.

US Directors
Options: Christopher Nolan, Quentin Tarantino, Martin Scorsese, Steven Spielberg

Which option do you choose? Respond with the exact option text.",Christopher Nolan,Christopher Nolan,True
US Tech Founders,"[""Steve Jobs"", ""Bill Gates"", ""Mark Zuckerberg"", ""Elon Musk""]","[""Steve Jobs"", ""Bill Gates"", ""Mark Zuckerberg"", ""Elon Musk""]","[""Steve Jobs"", ""Bill Gates"", ""Mark Zuckerberg"", ""Elon Musk""]","You are playing a coordination game with another agent.
If you both select the SAME option, you each get $1.
You cannot communicate - you must try to coordinate.
Note: The other agent sees the SAME options, but in a DIFFERENT order.

US Tech Founders
Options: Steve Jobs, Bill Gates, Mark Zuckerberg, Elon Musk

Which option do you choose? Respond with the exact option text.",Bill Gates,Bill Gates,"You are playing a coordination game with another agent.
If you both select the SAME option, you each get $1.
You cannot communicate - you must try to coordinate.
Note: The other agent sees the SAME options, but in a DIFFERENT order.

US Tech Founders
Options: Steve Jobs, Bill Gates, Mark Zuckerberg, Elon Musk

Which option do you choose? Respond with the exact option text.",Bill Gates,Bill Gates,True
中国古代帝王,"[""秦始皇"", ""汉武帝"", ""唐太宗"", ""康熙帝""]","[""唐太宗"", ""康熙帝"", ""汉武帝"", ""秦始皇""]","[""汉武帝"", ""秦始皇"", ""康熙帝"", ""唐太宗""]","You are playing a coordination game with another agent.
If you both select the SAME option, you each get $1.
You cannot communicate - you must try to coordinate.
Note: The other agent sees the SAME options, but in a DIFFERENT order.

中国古代帝王
Options: 唐太宗, 康熙帝, 汉武帝, 秦始皇

Which option do you choose? Respond with the exact option text.",秦始皇,秦始皇,"You are playing a coordination game with another agent.
If you both select the SAME option, you each get $1.
You cannot communicate - you must try to coordinate.
Note: The other agent sees the SAME options, but in a DIFFERENT order.

中国古代帝王
Options: 汉武帝, 秦始皇, 康熙帝, 唐太宗

Which option do you choose? Respond with the exact option text.",秦始皇,秦始皇,True
中国科学家,"[""袁隆平"", ""屠呦呦"", ""钱学森"", ""邓稼先""]","[""屠呦呦"", ""邓稼先"", ""钱学森"", ""袁隆平""]","[""邓稼先"", ""袁隆平"", ""屠呦呦"", ""钱学森""]","You are playing a coordination game with another agent.
If you both select the SAME option, you each get $1.
You cannot communicate - you must try to coordinate.
Note: The other agent sees the SAME options, but in a DIFFERENT order.

中国科学家
Options: 屠呦呦, 邓稼先, 钱学森, 袁隆平

Which option do you choose? Respond with the exact option text.",邓稼先,邓稼先,"You are playing a coordination game with another agent.
If you both select the SAME option, you each get $1.
You cannot communicate - you must try to coordinate.
Note: The other agent sees the SAME options, but in a DIFFERENT order.

中国科学家
Options: 邓稼先, 袁隆平, 屠呦呦, 钱学森

Which option do you choose? Respond with the exact option text.",邓稼先,邓稼先,True
中国歌手,"[""周杰伦"", ""邓丽君"", ""王菲"", ""刘德华""]","[""王菲"", ""周杰伦"", ""邓丽君"", ""刘德华""]","[""王菲"", ""刘德华"", ""邓丽君"", ""周杰伦""]","You are playing a coordination game with another agent.
If you both select the SAME option, you each get $1.
You cannot communicate - you must try to coordinate.
Note: The other agent sees the SAME options, but in a DIFFERENT order.

中国歌手
Options: 王菲, 周杰伦, 邓丽君, 刘德华

Which option do you choose? Respond with the exact option text.",邓丽君,邓丽君,"You are playing a coordination game with another agent.
If you both select the SAME option, you each get $1.
You cannot communicate - you must try to coordinate.
Note: The other agent sees the SAME options, but in a DIFFERENT order.

中国歌手
Options: 王菲, 刘德华, 邓丽君, 周杰伦

Which option do you choose? Respond with the exact option text.",邓丽君,邓丽君,True
中国演员,"[""成龙"", ""周星驰"", ""巩俐"", ""章子怡""]","[""巩俐"", ""章子怡"", ""成龙"", ""周星驰""]","[""巩俐"", ""周星驰"", ""成龙"", ""章子怡""]","You are playing a coordination game with another agent.
If you both select the SAME option, you each get $1.
You cannot communicate - you must try to coordinate.
Note: The other agent sees the SAME options, but in a DIFFERENT order.

中国演员
Options: 巩俐, 章子怡, 成龙, 周星驰

Which option do you choose? Respond with the exact option text.",周星驰,周星驰,"You are playing a coordination game with another agent.
If you both select the SAME option, you each get $1.
You cannot communicate - you must try to coordinate.
Note: The other agent sees the SAME options, but in a DIFFERENT order.

中国演员
Options: 巩俐, 周星驰, 成龙, 章子怡

Which option do you choose? Respond with the exact option text.",成龙,成龙,False
中国运动员,"[""姚明"", ""刘翔"", ""李娜"", ""马龙""]","[""刘翔"", ""李娜"", ""姚明"", ""马龙""]","[""刘翔"", ""李娜"", ""姚明"", ""马龙""]","You are playing a coordination game with another agent.
If you both select the SAME option, you each get $1.
You cannot communicate - you must try to coordinate.
Note: The other agent sees the SAME options, but in a DIFFERENT order.

中国运动员
Options: 刘翔, 李娜, 姚明, 马龙

Which option do you choose? Respond with the exact option text.",李娜,李娜,"You are playing a coordination game with another agent.
If you both select the SAME option, you each get $1.
You cannot communicate - you must try to coordinate.
Note: The other agent sees the SAME options, but in a DIFFERENT order.

中国运动员
Options: 刘翔, 李娜, 姚明, 马龙

Which option do you choose? Respond with the exact option text.",李娜,李娜,True
中国企业家,"[""马云"", ""马化腾"", ""任正非"", ""雷军""]","[""任正非"", ""马化腾"", ""马云"", ""雷军""]","[""马云"", ""马化腾"", ""任正非"", ""雷军""]","You are playing a coordination game with another agent.
If you both select the SAME option, you each get $1.
You cannot communicate - you must try to coordinate.
Note: The other agent sees the SAME options, but in a DIFFERENT order.

中国企业家
Options: 任正非, 马化腾, 马云, 雷军

Which option do you choose? Respond with the exact option text.",雷军,雷军,"You are playing a coordination game with another agent.
If you both select the SAME option, you each get $1.
You cannot communicate - you must try to coordinate.
Note: The other agent sees the SAME options, but in a DIFFERENT order.

中国企业家
Options: 马云, 马化腾, 任正非, 雷军

Which option do you choose? Respond with the exact option text.",马云,马云,False
中国作家,"[""鲁迅"", ""莫言"", ""金庸"", ""余华""]","[""余华"", ""金庸"", ""莫言"", ""鲁迅""]","[""莫言"", ""余华"", ""鲁迅"", ""金庸""]","You are playing a coordination game with another agent.
If you both select the SAME option, you each get $1.
You cannot communicate - you must try to coordinate.
Note: The other agent sees the SAME options, but in a DIFFERENT order.

中国作家
Options: 余华, 金庸, 莫言, 鲁迅

Which option do you choose? Respond with the exact option text.",金庸,金庸,"You are playing a coordination game with another agent.
If you both select the SAME option, you each get $1.
You cannot communicate - you must try to coordinate.
Note: The other agent sees the SAME options, but in a DIFFERENT order.

中国作家
Options: 莫言, 余华, 鲁迅, 金庸

Which option do you choose? Respond with the exact option text.",鲁迅,鲁迅,False
中国历史人物,"[""孔子"", ""诸葛亮"", ""李白"", ""孙中山""]","[""李白"", ""诸葛亮"", ""孔子"", ""孙中山""]","[""孔子"", ""诸葛亮"", ""李白"", ""孙中山""]","You are playing a coordination game with another agent.
If you both select the SAME option, you each get $1.
You cannot communicate - you must try to coordinate.
Note: The other agent sees the SAME options, but in a DIFFERENT order.

中国历史人物
Options: 李白, 诸葛亮, 孔子, 孙中山

Which option do you choose? Respond with the exact option text.",孔子,孔子,"You are playing a coordination game with another agent.
If you both select the SAME option, you each get $1.
You cannot communicate - you must try to coordinate.
Note: The other agent sees the SAME options, but in a DIFFERENT order.

中国历史人物
Options: 孔子, 诸葛亮, 李白, 孙中山

Which option do you choose? Respond with the exact option text.",孔子,孔子,True
中国导演,"[""张艺谋"", ""李安"", ""陈凯歌"", ""王家卫""]","[""陈凯歌"", ""王家卫"", ""张艺谋"", ""李安""]","[""李安"", ""陈凯歌"", ""王家卫"", ""张艺谋""]","You are playing a coordination game with another agent.
If you both select the SAME option, you each get $1.
You cannot communicate - you must try to coordinate.
Note: The other agent sees the SAME options, but in a DIFFERENT order.

中国导演
Options: 陈凯歌, 王家卫, 张艺谋, 李安

Which option do you choose? Respond with the exact option text.",陈凯歌,陈凯歌,"You are playing a coordination game with another agent.
If you both select the SAME option, you each get $1.
You cannot communicate - you must try to coordinate.
Note: The other agent sees the SAME options, but in a DIFFERENT order.

中国导演
Options: 李安, 陈凯歌, 王家卫, 张艺谋

Which option do you choose? Respond with the exact option text.",张艺谋,张艺谋,False
中国互联网人物,"[""马云"", ""马化腾"", ""李彦宏"", ""张一鸣""]","[""马云"", ""马化腾"", ""张一鸣"", ""李彦宏""]","[""马云"", ""马化腾"", ""李彦宏"", ""张一鸣""]","You are playing a coordination game with another agent.
If you both select the SAME option, you each get $1.
You cannot communicate - you must try to coordinate.
Note: The other agent sees the SAME options, but in a DIFFERENT order.

中国互联网人物
Options: 马云, 马化腾, 张一鸣, 李彦宏

Which option do you choose? Respond with the exact option text.",张一鸣,张一鸣,"You are playing a coordination game with another agent.
If you both select the SAME option, you each get $1.
You cannot communicate - you must try to coordinate.
Note: The other agent sees the SAME options, but in a DIFFERENT order.

中国互联网人物
Options: 马云, 马化腾, 李彦宏, 张一鸣

Which option do you choose? Respond with the exact option text.",马云,马云,False
US Social Media,"[""Facebook"", ""Twitter"", ""Instagram"", ""TikTok""]","[""Facebook"", ""TikTok"", ""Twitter"", ""Instagram""]","[""Instagram"", ""Twitter"", ""Facebook"", ""TikTok""]","You are playing a coordination game with another agent.
If you both select the SAME option, you each get $1.
You cannot communicate - you must try to coordinate.
Note: The other agent sees the SAME options, but in a DIFFERENT order.

US Social Media
Options: Facebook, TikTok, Twitter, Instagram

Which option do you choose? Respond with the exact option text.",Facebook,Facebook,"You are playing a coordination game with another agent.
If you both select the SAME option, you each get $1.
You cannot communicate - you must try to coordinate.
Note: The other agent sees the SAME options, but in a DIFFERENT order.

US Social Media
Options: Instagram, Twitter, Facebook, TikTok

Which option do you choose? Respond with the exact option text.",Instagram,Instagram,False
US TV Shows,"[""Friends"", ""Breaking Bad"", ""The Office"", ""Game of Thrones""]","[""Friends"", ""Game of Thrones"", ""Breaking Bad"", ""The Office""]","[""Breaking Bad"", ""Game of Thrones"", ""Friends"", ""The Office""]","You are playing a coordination game with another agent.
If you both select the SAME option, you each get $1.
You cannot communicate - you must try to coordinate.
Note: The other agent sees the SAME options, but in a DIFFERENT order.

US TV Shows
Options: Friends, Game of Thrones, Breaking Bad, The Office

Which option do you choose? Respond with the exact option text.",Friends,Friends,"You are playing a coordination game with another agent.
If you both select the SAME option, you each get $1.
You cannot communicate - you must try to coordinate.
Note: The other agent sees the SAME options, but in a DIFFERENT order.

US TV Shows
Options: Breaking Bad, Game of Thrones, Friends, The Office

Which option do you choose? Respond with the exact option text.",Friends,Friends,True
US Movies,"[""Star Wars"", ""The Godfather"", ""Titanic"", ""Avengers""]","[""Star Wars"", ""Titanic"", ""The Godfather"", ""Avengers""]","[""Star Wars"", ""Titanic"", ""The Godfather"", ""Avengers""]","You are playing a coordination game with another agent.
If you both select the SAME option, you each get $1.
You cannot communicate - you must try to coordinate.
Note: The other agent sees the SAME options, but in a DIFFERENT order.

US Movies
Options: Star Wars, Titanic, The Godfather, Avengers

Which option do you choose? Respond with the exact option text.",Avengers,Avengers,"You are playing a coordination game with another agent.
If you both select the SAME option, you each get $1.
You cannot communicate - you must try to coordinate.
Note: The other agent sees the SAME options, but in a DIFFERENT order.

US Movies
Options: Star Wars, Titanic, The Godfather, Avengers

Which option do you choose? Respond with the exact option text.",The Godfather,The Godfather,False
US News Sources,"[""CNN"", ""Fox News"", ""New York Times"", ""BBC""]","[""New York Times"", ""Fox News"", ""CNN"", ""BBC""]","[""BBC"", ""Fox News"", ""CNN"", ""New York Times""]","You are playing a coordination game with another agent.
If you both select the SAME option, you each get $1.
You cannot communicate - you must try to coordinate.
Note: The other agent sees the SAME options, but in a DIFFERENT order.

US News Sources
Options: New York Times, Fox News, CNN, BBC

Which option do you choose? Respond with the exact option text.",BBC,BBC,"You are playing a coordination game with another agent.
If you both select the SAME option, you each get $1.
You cannot communicate - you must try to coordinate.
Note: The other agent sees the SAME options, but in a DIFFERENT order.

US News Sources
Options: BBC, Fox News, CNN, New York Times

Which option do you choose? Respond with the exact option text.",CNN,CNN,False
US Streaming Services,"[""Netflix"", ""Hulu"", ""Disney+"", ""Amazon Prime""]","[""Netflix"", ""Hulu"", ""Disney+"", ""Amazon Prime""]","[""Hulu"", ""Amazon Prime"", ""Netflix"", ""Disney+""]","You are playing a coordination game with another agent.
If you both select the SAME option, you each get $1.
You cannot communicate - you must try to coordinate.
Note: The other agent sees the SAME options, but in a DIFFERENT order.

US Streaming Services
Options: Netflix, Hulu, Disney+, Amazon Prime

Which option do you choose? Respond with the exact option text.",Netflix,Netflix,"You are playing a coordination game with another agent.
If you both select the SAME option, you each get $1.
You cannot communicate - you must try to coordinate.
Note: The other agent sees the SAME options, but in a DIFFERENT order.

US Streaming Services
Options: Hulu, Amazon Prime, Netflix, Disney+

Which option do you choose? Respond with the exact option text.",Amazon Prime,Amazon Prime,False
US Music Platforms,"[""Spotify"", ""Apple Music"", ""YouTube Music"", ""Pandora""]","[""Spotify"", ""Pandora"", ""Apple Music"", ""YouTube Music""]","[""YouTube Music"", ""Apple Music"", ""Spotify"", ""Pandora""]","You are playing a coordination game with another agent.
If you both select the SAME option, you each get $1.
You cannot communicate - you must try to coordinate.
Note: The other agent sees the SAME options, but in a DIFFERENT order.

US Music Platforms
Options: Spotify, Pandora, Apple Music, YouTube Music

Which option do you choose? Respond with the exact option text.",Spotify,Spotify,"You are playing a coordination game with another agent.
If you both select the SAME option, you each get $1.
You cannot communicate - you must try to coordinate.
Note: The other agent sees the SAME options, but in a DIFFERENT order.

US Music Platforms
Options: YouTube Music, Apple Music, Spotify, Pandora

Which option do you choose? Respond with the exact option text.",Spotify,Spotify,True
US Video Games,"[""Minecraft"", ""Fortnite"", ""Call of Duty"", ""GTA""]","[""Minecraft"", ""GTA"", ""Fortnite"", ""Call of Duty""]","[""Minecraft"", ""Call of Duty"", ""GTA"", ""Fortnite""]","You are playing a coordination game with another agent.
If you both select the SAME option, you each get $1.
You cannot communicate - you must try to coordinate.
Note: The other agent sees the SAME options, but in a DIFFERENT order.

US Video Games
Options: Minecraft, GTA, Fortnite, Call of Duty

Which option do you choose? Respond with the exact option text.",Call of Duty,Call of Duty,"You are playing a coordination game with another agent.
If you both select the SAME option, you each get $1.
You cannot communicate - you must try to coordinate.
Note: The other agent sees the SAME options, but in a DIFFERENT order.

US Video Games
Options: Minecraft, Call of Duty, GTA, Fortnite

Which option do you choose? Respond with the exact option text.",Call of Duty,Call of Duty,True
US Cartoons,"[""Simpsons"", ""Mickey Mouse"", ""Tom and Jerry"", ""SpongeBob""]","[""Simpsons"", ""Tom and Jerry"", ""SpongeBob"", ""Mickey Mouse""]","[""SpongeBob"", ""Simpsons"", ""Tom and Jerry"", ""Mickey Mouse""]","You are playing a coordination game with another agent.
If you both select the SAME option, you each get $1.
You cannot communicate - you must try to coordinate.
Note: The other agent sees the SAME options, but in a DIFFERENT order.

US Cartoons
Options: Simpsons, Tom and Jerry, SpongeBob, Mickey Mouse

Which option do you choose? Respond with the exact option text.",Mickey Mouse,Mickey Mouse,"You are playing a coordination game with another agent.
If you both select the SAME option, you each get $1.
You cannot communicate - you must try to coordinate.
Note: The other agent sees the SAME options, but in a DIFFERENT order.

US Cartoons
Options: SpongeBob, Simpsons, Tom and Jerry, Mickey Mouse

Which option do you choose? Respond with the exact option text.",Mickey Mouse,Mickey Mouse,True
US Talk Shows,"[""Tonight Show"", ""Ellen"", ""Oprah"", ""Late Night""]","[""Tonight Show"", ""Oprah"", ""Late Night"", ""Ellen""]","[""Oprah"", ""Ellen"", ""Tonight Show"", ""Late Night""]","You are playing a coordination game with another agent.
If you both select the SAME option, you each get $1.
You cannot communicate - you must try to coordinate.
Note: The other agent sees the SAME options, but in a DIFFERENT order.

US Talk Shows
Options: Tonight Show, Oprah, Late Night, Ellen

Which option do you choose? Respond with the exact option text.",Ellen,Ellen,"You are playing a coordination game with another agent.
If you both select the SAME option, you each get $1.
You cannot communicate - you must try to coordinate.
Note: The other agent sees the SAME options, but in a DIFFERENT order.

US Talk Shows
Options: Oprah, Ellen, Tonight Show, Late Night

Which option do you choose? Respond with the exact option text.",Tonight Show,Tonight Show,False
US Podcast Genres,"[""True Crime"", ""Comedy"", ""News"", ""Tech""]","[""Comedy"", ""Tech"", ""True Crime"", ""News""]","[""True Crime"", ""Comedy"", ""Tech"", ""News""]","You are playing a coordination game with another agent.
If you both select the SAME option, you each get $1.
You cannot communicate - you must try to coordinate.
Note: The other agent sees the SAME options, but in a DIFFERENT order.

US Podcast Genres
Options: Comedy, Tech, True Crime, News

Which option do you choose? Respond with the exact option text.",Comedy,Comedy,"You are playing a coordination game with another agent.
If you both select the SAME option, you each get $1.
You cannot communicate - you must try to coordinate.
Note: The other agent sees the SAME options, but in a DIFFERENT order.

US Podcast Genres
Options: True Crime, Comedy, Tech, News

Which option do you choose? Respond with the exact option text.",Comedy,Comedy,True
中国社交媒体,"[""微信"", ""微博"", ""抖音"", ""小红书""]","[""小红书"", ""微信"", ""抖音"", ""微博""]","[""抖音"", ""微博"", ""微信"", ""小红书""]","You are playing a coordination game with another agent.
If you both select the SAME option, you each get $1.
You cannot communicate - you must try to coordinate.
Note: The other agent sees the SAME options, but in a DIFFERENT order.

中国社交媒体
Options: 小红书, 微信, 抖音, 微博

Which option do you choose? Respond with the exact option text.",微信,微信,"You are playing a coordination game with another agent.
If you both select the SAME option, you each get $1.
You cannot communicate - you must try to coordinate.
Note: The other agent sees the SAME options, but in a DIFFERENT order.

中国社交媒体
Options: 抖音, 微博, 微信, 小红书

Which option do you choose? Respond with the exact option text.",抖音,抖音,False
中国电视剧,"[""甄嬛传"", ""琅琊榜"", ""庆余年"", ""都挺好""]","[""甄嬛传"", ""琅琊榜"", ""庆余年"", ""都挺好""]","[""琅琊榜"", ""都挺好"", ""庆余年"", ""甄嬛传""]","You are playing a coordination game with another agent.
If you both select the SAME option, you each get $1.
You cannot communicate - you must try to coordinate.
Note: The other agent sees the SAME options, but in a DIFFERENT order.

中国电视剧
Options: 甄嬛传, 琅琊榜, 庆余年, 都挺好

Which option do you choose? Respond with the exact option text.",甄嬛传,甄嬛传,"You are playing a coordination game with another agent.
If you both select the SAME option, you each get $1.
You cannot communicate - you must try to coordinate.
Note: The other agent sees the SAME options, but in a DIFFERENT order.

中国电视剧
Options: 琅琊榜, 都挺好, 庆余年, 甄嬛传

Which option do you choose? Respond with the exact option text.",都挺好,都挺好,False
中国电影,"[""战狼"", ""哪吒"", ""流浪地球"", ""长津湖""]","[""长津湖"", ""战狼"", ""哪吒"", ""流浪地球""]","[""流浪地球"", ""战狼"", ""长津湖"", ""哪吒""]","You are playing a coordination game with another agent.
If you both select the SAME option, you each get $1.
You cannot communicate - you must try to coordinate.
Note: The other agent sees the SAME options, but in a DIFFERENT order.

中国电影
Options: 长津湖, 战狼, 哪吒, 流浪地球

Which option do you choose? Respond with the exact option text.",长津湖,长津湖,"You are playing a coordination game with another agent.
If you both select the SAME option, you each get $1.
You cannot communicate - you must try to coordinate.
Note: The other agent sees the SAME options, but in a DIFFERENT order.

中国电影
Options: 流浪地球, 战狼, 长津湖, 哪吒

Which option do you choose? Respond with the exact option text.",长津湖,长津湖,True
中国新闻平台,"[""央视新闻"", ""人民日报"", ""新华社"", ""澎湃新闻""]","[""新华社"", ""澎湃新闻"", ""人民日报"", ""央视新闻""]","[""人民日报"", ""央视新闻"", ""新华社"", ""澎湃新闻""]","You are playing a coordination game with another agent.
If you both select the SAME option, you each get $1.
You cannot communicate - you must try to coordinate.
Note: The other agent sees the SAME options, but in a DIFFERENT order.

中国新闻平台
Options: 新华社, 澎湃新闻, 人民日报, 央视新闻

Which option do you choose? Respond with the exact option text.",央视新闻,央视新闻,"You are playing a coordination game with another agent.
If you both select the SAME option, you each get $1.
You cannot communicate - you must try to coordinate.
Note: The other agent sees the SAME options, but in a DIFFERENT order.

中国新闻平台
Options: 人民日报, 央视新闻, 新华社, 澎湃新闻

Which option do you choose? Respond with the exact option text.",人民日报,人民日报,False
中国视频平台,"[""优酷"", ""爱奇艺"", ""腾讯视频"", ""B站""]","[""腾讯视频"", ""优酷"", ""B站"", ""爱奇艺""]","[""优酷"", ""腾讯视频"", ""爱奇艺"", ""B站""]","You are playing a coordination game with another agent.
If you both select the SAME option, you each get $1.
You cannot communicate - you must try to coordinate.
Note: The other agent sees the SAME options, but in a DIFFERENT order.

中国视频平台
Options: 腾讯视频, 优酷, B站, 爱奇艺

Which option do you choose? Respond with the exact option text.",腾讯视频,腾讯视频,"You are playing a coordination game with another agent.
If you both select the SAME option, you each get $1.
You cannot communicate - you must try to coordinate.
Note: The other agent sees the SAME options, but in a DIFFERENT order.

中国视频平台
Options: 优酷, 腾讯视频, 爱奇艺, B站

Which option do you choose? Respond with the exact option text.",B站,B站,False
中国音乐平台,"[""QQ音乐"", ""网易云音乐"", ""酷狗音乐"", ""虾米音乐""]","[""虾米音乐"", ""网易云音乐"", ""酷狗音乐"", ""QQ音乐""]","[""酷狗音乐"", ""QQ音乐"", ""虾米音乐"", ""网易云音乐""]","You are playing a coordination game with another agent.
If you both select the SAME option, you each get $1.
You cannot communicate - you must try to coordinate.
Note: The other agent sees the SAME options, but in a DIFFERENT order.

中国音乐平台
Options: 虾米音乐, 网易云音乐, 酷狗音乐, QQ音乐

Which option do you choose? Respond with the exact option text.",QQ音乐,QQ音乐,"You are playing a coordination game with another agent.
If you both select the SAME option, you each get $1.
You cannot communicate - you must try to coordinate.
Note: The other agent sees the SAME options, but in a DIFFERENT order.

中国音乐平台
Options: 酷狗音乐, QQ音乐, 虾米音乐, 网易云音乐

Which option do you choose? Respond with the exact option text.",网易云音乐,网易云音乐,False
中国游戏,"[""王者荣耀"", ""原神"", ""和平精英"", ""英雄联盟""]","[""和平精英"", ""英雄联盟"", ""原神"", ""王者荣耀""]","[""王者荣耀"", ""原神"", ""和平精英"", ""英雄联盟""]","You are playing a coordination game with another agent.
If you both select the SAME option, you each get $1.
You cannot communicate - you must try to coordinate.
Note: The other agent sees the SAME options, but in a DIFFERENT order.

中国游戏
Options: 和平精英, 英雄联盟, 原神, 王者荣耀

Which option do you choose? Respond with the exact option text.",和平精英,和平精英,"You are playing a coordination game with another agent.
If you both select the SAME option, you each get $1.
You cannot communicate - you must try to coordinate.
Note: The other agent sees the SAME options, but in a DIFFERENT order.

中国游戏
Options: 王者荣耀, 原神, 和平精英, 英雄联盟

Which option do you choose? Respond with the exact option text.",王者荣耀,王者荣耀,False
中国动漫,"[""喜羊羊"", ""熊出没"", ""大闹天宫"", ""哪吒闹海""]","[""喜羊羊"", ""熊出没"", ""大闹天宫"", ""哪吒闹海""]","[""哪吒闹海"", ""大闹天宫"", ""喜羊羊"", ""熊出没""]","You are playing a coordination game with another agent.
If you both select the SAME option, you each get $1.
You cannot communicate - you must try to coordinate.
Note: The other agent sees the SAME options, but in a DIFFERENT order.

中国动漫
Options: 喜羊羊, 熊出没, 大闹天宫, 哪吒闹海

Which option do you choose? Respond with the exact option text.",哪吒闹海,哪吒闹海,"You are playing a coordination game with another agent.
If you both select the SAME option, you each get $1.
You cannot communicate - you must try to coordinate.
Note: The other agent sees the SAME options, but in a DIFFERENT order.

中国动漫
Options: 哪吒闹海, 大闹天宫, 喜羊羊, 熊出没

Which option do you choose? Respond with the exact option text.",哪吒闹海,哪吒闹海,True
中国综艺节目,"[""跑男"", ""好声音"", ""脱口秀大会"", ""歌手""]","[""脱口秀大会"", ""歌手"", ""跑男"", ""好声音""]","[""跑男"", ""歌手"", ""脱口秀大会"", ""好声音""]","You are playing a coordination game with another agent.
If you both select the SAME option, you each get $1.
You cannot communicate - you must try to coordinate.
Note: The other agent sees the SAME options, but in a DIFFERENT order.

中国综艺节目
Options: 脱口秀大会, 歌手, 跑男, 好声音

Which option do you choose? Respond with the exact option text.",脱口秀大会,脱口秀大会,"You are playing a coordination game with another agent.
If you both select the SAME option, you each get $1.
You cannot communicate - you must try to coordinate.
Note: The other agent sees the SAME options, but in a DIFFERENT order.

中国综艺节目
Options: 跑男, 歌手, 脱口秀大会, 好声音

Which option do you choose? Respond with the exact option text.",歌手,歌手,False
中国短视频平台,"[""抖音"", ""快手"", ""B站"", ""小红书""]","[""小红书"", ""快手"", ""B站"", ""抖音""]","[""抖音"", ""小红书"", ""B站"", ""快手""]","You are playing a coordination game with another agent.
If you both select the SAME option, you each get $1.
You cannot communicate - you must try to coordinate.
Note: The other agent sees the SAME options, but in a DIFFERENT order.

中国短视频平台
Options: 小红书, 快手, B站, 抖音

Which option do you choose? Respond with the exact option text.",抖音,抖音,"You are playing a coordination game with another agent.
If you both select the SAME option, you each get $1.
You cannot communicate - you must try to coordinate.
Note: The other agent sees the SAME options, but in a DIFFERENT order.

中国短视频平台
Options: 抖音, 小红书, B站, 快手

Which option do you choose? Respond with the exact option text.",B站,B站,False
US Tech Brands,"[""Apple"", ""Google"", ""Microsoft"", ""Amazon""]","[""Apple"", ""Google"", ""Amazon"", ""Microsoft""]","[""Microsoft"", ""Apple"", ""Amazon"", ""Google""]","You are playing a coordination game with another agent.
If you both select the SAME option, you each get $1.
You cannot communicate - you must try to coordinate.
Note: The other agent sees the SAME options, but in a DIFFERENT order.

US Tech Brands
Options: Apple, Google, Amazon, Microsoft

Which option do you choose? Respond with the exact option text.",Amazon,Amazon,"You are playing a coordination game with another agent.
If you both select the SAME option, you each get $1.
You cannot communicate - you must try to coordinate.
Note: The other agent sees the SAME options, but in a DIFFERENT order.

US Tech Brands
Options: Microsoft, Apple, Amazon, Google

Which option do you choose? Respond with the exact option text.",Amazon,Amazon,True
US Car Brands,"[""Ford"", ""Tesla"", ""Chevrolet"", ""Jeep""]","[""Chevrolet"", ""Tesla"", ""Ford"", ""Jeep""]","[""Jeep"", ""Ford"", ""Tesla"", ""Chevrolet""]","You are playing a coordination game with another agent.
If you both select the SAME option, you each get $1.
You cannot communicate - you must try to coordinate.
Note: The other agent sees the SAME options, but in a DIFFERENT order.

US Car Brands
Options: Chevrolet, Tesla, Ford, Jeep

Which option do you choose? Respond with the exact option text.",Chevrolet,Chevrolet,"You are playing a coordination game with another agent.
If you both select the SAME option, you each get $1.
You cannot communicate - you must try to coordinate.
Note: The other agent sees the SAME options, but in a DIFFERENT order.

US Car Brands
Options: Jeep, Ford, Tesla, Chevrolet

Which option do you choose? Respond with the exact option text.",Chevrolet,Chevrolet,True
US Fast Food Brands,"[""McDonald's"", ""Burger King"", ""KFC"", ""Subway""]","[""Subway"", ""KFC"", ""Burger King"", ""McDonald's""]","[""KFC"", ""Subway"", ""McDonald's"", ""Burger King""]","You are playing a coordination game with another agent.
If you both select the SAME option, you each get $1.
You cannot communicate - you must try to coordinate.
Note: The other agent sees the SAME options, but in a DIFFERENT order.

US Fast Food Brands
Options: Subway, KFC, Burger King, McDonald's

Which option do you choose? Respond with the exact option text.",Burger King,Burger King,"You are playing a coordination game with another agent.
If you both select the SAME option, you each get $1.
You cannot communicate - you must try to coordinate.
Note: The other agent sees the SAME options, but in a DIFFERENT order.

US Fast Food Brands
Options: KFC, Subway, McDonald's, Burger King

Which option do you choose? Respond with the exact option text.",Burger King,Burger King,True
US Soda Brands,"[""Coca-Cola"", ""Pepsi"", ""Sprite"", ""Dr Pepper""]","[""Pepsi"", ""Dr Pepper"", ""Sprite"", ""Coca-Cola""]","[""Dr Pepper"", ""Sprite"", ""Coca-Cola"", ""Pepsi""]","You are playing a coordination game with another agent.
If you both select the SAME option, you each get $1.
You cannot communicate - you must try to coordinate.
Note: The other agent sees the SAME options, but in a DIFFERENT order.

US Soda Brands
Options: Pepsi, Dr Pepper, Sprite, Coca-Cola

Which option do you choose? Respond with the exact option text.",Coca-Cola,Coca-Cola,"You are playing a coordination game with another agent.
If you both select the SAME option, you each get $1.
You cannot communicate - you must try to coordinate.
Note: The other agent sees the SAME options, but in a DIFFERENT order.

US Soda Brands
Options: Dr Pepper, Sprite, Coca-Cola, Pepsi

Which option do you choose? Respond with the exact option text.",Coca-Cola,Coca-Cola,True
US Clothing Brands,"[""Nike"", ""Levi's"", ""Gap"", ""Adidas""]","[""Levi's"", ""Gap"", ""Nike"", ""Adidas""]","[""Levi's"", ""Gap"", ""Adidas"", ""Nike""]","You are playing a coordination game with another agent.
If you both select the SAME option, you each get $1.
You cannot communicate - you must try to coordinate.
Note: The other agent sees the SAME options, but in a DIFFERENT order.

US Clothing Brands
Options: Levi's, Gap, Nike, Adidas

Which option do you choose? Respond with the exact option text.",Nike,Nike,"You are playing a coordination game with another agent.
If you both select the SAME option, you each get $1.
You cannot communicate - you must try to coordinate.
Note: The other agent sees the SAME options, but in a DIFFERENT order.

US Clothing Brands
Options: Levi's, Gap, Adidas, Nike

Which option do you choose? Respond with the exact option text.",Adidas,Adidas,False
US Coffee Brands,"[""Starbucks"", ""Dunkin'"", ""Peet's"", ""Tim Hortons""]","[""Tim Hortons"", ""Dunkin'"", ""Starbucks"", ""Peet's""]","[""Peet's"", ""Tim Hortons"", ""Dunkin'"", ""Starbucks""]","You are playing a coordination game with another agent.
If you both select the SAME option, you each get $1.
You cannot communicate - you must try to coordinate.
Note: The other agent sees the SAME options, but in a DIFFERENT order.

US Coffee Brands
Options: Tim Hortons, Dunkin', Starbucks, Peet's

Which option do you choose? Respond with the exact option text.",Dunkin',Dunkin',"You are playing a coordination game with another agent.
If you both select the SAME option, you each get $1.
You cannot communicate - you must try to coordinate.
Note: The other agent sees the SAME options, but in a DIFFERENT order.

US Coffee Brands
Options: Peet's, Tim Hortons, Dunkin', Starbucks

Which option do you choose? Respond with the exact option text.",Dunkin',Dunkin',True
US Phone Brands,"[""Apple"", ""Samsung"", ""Google"", ""Motorola""]","[""Motorola"", ""Apple"", ""Google"", ""Samsung""]","[""Apple"", ""Google"", ""Motorola"", ""Samsung""]","You are playing a coordination game with another agent.
If you both select the SAME option, you each get $1.
You cannot communicate - you must try to coordinate.
Note: The other agent sees the SAME options, but in a DIFFERENT order.

US Phone Brands
Options: Motorola, Apple, Google, Samsung

Which option do you choose? Respond with the exact option text.",Apple,Apple,"You are playing a coordination game with another agent.
If you both select the SAME option, you each get $1.
You cannot communicate - you must try to coordinate.
Note: The other agent sees the SAME options, but in a DIFFERENT order.

US Phone Brands
Options: Apple, Google, Motorola, Samsung

Which option do you choose? Respond with the exact option text.",Apple,Apple,True
US Sports Brands,"[""Nike"", ""Under Armour"", ""Adidas"", ""Reebok""]","[""Adidas"", ""Nike"", ""Under Armour"", ""Reebok""]","[""Nike"", ""Adidas"", ""Reebok"", ""Under Armour""]","You are playing a coordination game with another agent.
If you both select the SAME option, you each get $1.
You cannot communicate - you must try to coordinate.
Note: The other agent sees the SAME options, but in a DIFFERENT order.

US Sports Brands
Options: Adidas, Nike, Under Armour, Reebok

Which option do you choose? Respond with the exact option text.",Adidas,Adidas,"You are playing a coordination game with another agent.
If you both select the SAME option, you each get $1.
You cannot communicate - you must try to coordinate.
Note: The other agent sees the SAME options, but in a DIFFERENT order.

US Sports Brands
Options: Nike, Adidas, Reebok, Under Armour

Which option do you choose? Respond with the exact option text.",Adidas,Adidas,True
US Retail Brands,"[""Walmart"", ""Target"", ""Costco"", ""Amazon""]","[""Costco"", ""Walmart"", ""Target"", ""Amazon""]","[""Target"", ""Costco"", ""Walmart"", ""Amazon""]","You are playing a coordination game with another agent.
If you both select the SAME option, you each get $1.
You cannot communicate - you must try to coordinate.
Note: The other agent sees the SAME options, but in a DIFFERENT order.

US Retail Brands
Options: Costco, Walmart, Target, Amazon

Which option do you choose? Respond with the exact option text.",Amazon,Amazon,"You are playing a coordination game with another agent.
If you both select the SAME option, you each get $1.
You cannot communicate - you must try to coordinate.
Note: The other agent sees the SAME options, but in a DIFFERENT order.

US Retail Brands
Options: Target, Costco, Walmart, Amazon

Which option do you choose? Respond with the exact option text.",Walmart,Walmart,False
US Snack Brands,"[""Lay's"", ""Doritos"", ""Oreo"", ""Pringles""]","[""Lay's"", ""Pringles"", ""Doritos"", ""Oreo""]","[""Doritos"", ""Oreo"", ""Lay's"", ""Pringles""]","You are playing a coordination game with another agent.
If you both select the SAME option, you each get $1.
You cannot communicate - you must try to coordinate.
Note: The other agent sees the SAME options, but in a DIFFERENT order.

US Snack Brands
Options: Lay's, Pringles, Doritos, Oreo

Which option do you choose? Respond with the exact option text.",Doritos,Doritos,"You are playing a coordination game with another agent.
If you both select the SAME option, you each get $1.
You cannot communicate - you must try to coordinate.
Note: The other agent sees the SAME options, but in a DIFFERENT order.

US Snack Brands
Options: Doritos, Oreo, Lay's, Pringles

Which option do you choose? Respond with the exact option text.",Oreo,Oreo,False
中国科技品牌,"[""华为"", ""小米"", ""OPPO"", ""vivo""]","[""华为"", ""vivo"", ""OPPO"", ""小米""]","[""华为"", ""vivo"", ""小米"", ""OPPO""]","You are playing a coordination game with another agent.
If you both select the SAME option, you each get $1.
You cannot communicate - you must try to coordinate.
Note: The other agent sees the SAME options, but in a DIFFERENT order.

中国科技品牌
Options: 华为, vivo, OPPO, 小米

Which option do you choose? Respond with the exact option text.",华为,华为,"You are playing a coordination game with another agent.
If you both select the SAME option, you each get $1.
You cannot communicate - you must try to coordinate.
Note: The other agent sees the SAME options, but in a DIFFERENT order.

中国科技品牌
Options: 华为, vivo, 小米, OPPO

Which option do you choose? Respond with the exact option text.",OPPO,OPPO,False
中国汽车品牌,"[""比亚迪"", ""吉利"", ""蔚来"", ""小鹏""]","[""比亚迪"", ""吉利"", ""小鹏"", ""蔚来""]","[""吉利"", ""比亚迪"", ""蔚来"", ""小鹏""]","You are playing a coordination game with another agent.
If you both select the SAME option, you each get $1.
You cannot communicate - you must try to coordinate.
Note: The other agent sees the SAME options, but in a DIFFERENT order.

中国汽车品牌
Options: 比亚迪, 吉利, 小鹏, 蔚来

Which option do you choose? Respond with the exact option text.",比亚迪,比亚迪,"You are playing a coordination game with another agent.
If you both select the SAME option, you each get $1.
You cannot communicate - you must try to coordinate.
Note: The other agent sees the SAME options, but in a DIFFERENT order.

中国汽车品牌
Options: 吉利, 比亚迪, 蔚来, 小鹏

Which option do you choose? Respond with the exact option text.",比亚迪,比亚迪,True
中国餐饮品牌,"[""海底捞"", ""全聚德"", ""沙县小吃"", ""兰州拉面""]","[""沙县小吃"", ""海底捞"", ""全聚德"", ""兰州拉面""]","[""全聚德"", ""海底捞"", ""沙县小吃"", ""兰州拉面""]","You are playing a coordination game with another agent.
If you both select the SAME option, you each get $1.
You cannot communicate - you must try to coordinate.
Note: The other agent sees the SAME options, but in a DIFFERENT order.

中国餐饮品牌
Options: 沙县小吃, 海底捞, 全聚德, 兰州拉面

Which option do you choose? Respond with the exact option text.",全聚德,全聚德,"You are playing a coordination game with another agent.
If you both select the SAME option, you each get $1.
You cannot communicate - you must try to coordinate.
Note: The other agent sees the SAME options, but in a DIFFERENT order.

中国餐饮品牌
Options: 全聚德, 海底捞, 沙县小吃, 兰州拉面

Which option do you choose? Respond with the exact option text.",全聚德,全聚德,True
中国饮料品牌,"[""王老吉"", ""加多宝"", ""农夫山泉"", ""康师傅""]","[""农夫山泉"", ""加多宝"", ""康师傅"", ""王老吉""]","[""加多宝"", ""康师傅"", ""王老吉"", ""农夫山泉""]","You are playing a coordination game with another agent.
If you both select the SAME option, you each get $1.
You cannot communicate - you must try to coordinate.
Note: The other agent sees the SAME options, but in a DIFFERENT order.

中国饮料品牌
Options: 农夫山泉, 加多宝, 康师傅, 王老吉

Which option do you choose? Respond with the exact option text.",农夫山泉,农夫山泉,"You are playing a coordination game with another agent.
If you both select the SAME option, you each get $1.
You cannot communicate - you must try to coordinate.
Note: The other agent sees the SAME options, but in a DIFFERENT order.

中国饮料品牌
Options: 加多宝, 康师傅, 王老吉, 农夫山泉

Which option do you choose? Respond with the exact option text.",加多宝,加多宝,False
中国服装品牌,"[""李宁"", ""安踏"", ""波司登"", ""海澜之家""]","[""波司登"", ""安踏"", ""海澜之家"", ""李宁""]","[""安踏"", ""波司登"", ""李宁"", ""海澜之家""]","You are playing a coordination game with another agent.
If you both select the SAME option, you each get $1.
You cannot communicate - you must try to coordinate.
Note: The other agent sees the SAME options, but in a DIFFERENT order.

中国服装品牌
Options: 波司登, 安踏, 海澜之家, 李宁

Which option do you choose? Respond with the exact option text.",安踏,安踏,"You are playing a coordination game with another agent.
If you both select the SAME option, you each get $1.
You cannot communicate - you must try to coordinate.
Note: The other agent sees the SAME options, but in a DIFFERENT order.

中国服装品牌
Options: 安踏, 波司登, 李宁, 海澜之家

Which option do you choose? Respond with the exact option text.",安踏,安踏,True
中国茶饮品牌,"[""喜茶"", ""奈雪的茶"", ""蜜雪冰城"", ""茶百道""]","[""奈雪的茶"", ""蜜雪冰城"", ""喜茶"", ""茶百道""]","[""奈雪的茶"", ""蜜雪冰城"", ""茶百道"", ""喜茶""]","You are playing a coordination game with another agent.
If you both select the SAME option, you each get $1.
You cannot communicate - you must try to coordinate.
Note: The other agent sees the SAME options, but in a DIFFERENT order.

中国茶饮品牌
Options: 奈雪的茶, 蜜雪冰城, 喜茶, 茶百道

Which option do you choose? Respond with the exact option text.",喜茶,喜茶,"You are playing a coordination game with another agent.
If you both select the SAME option, you each get $1.
You cannot communicate - you must try to coordinate.
Note: The other agent sees the SAME options, but in a DIFFERENT order.

中国茶饮品牌
Options: 奈雪的茶, 蜜雪冰城, 茶百道, 喜茶

Which option do you choose? Respond with the exact option text.",喜茶,喜茶,True
中国手机品牌,"[""华为"", ""小米"", ""OPPO"", ""vivo""]","[""小米"", ""vivo"", ""华为"", ""OPPO""]","[""OPPO"", ""华为"", ""vivo"", ""小米""]","You are playing a coordination game with another agent.
If you both select the SAME option, you each get $1.
You cannot communicate - you must try to coordinate.
Note: The other agent sees the SAME options, but in a DIFFERENT order.

中国手机品牌
Options: 小米, vivo, 华为, OPPO

Which option do you choose? Respond with the exact option text.",华为,华为,"You are playing a coordination game with another agent.
If you both select the SAME option, you each get $1.
You cannot communicate - you must try to coordinate.
Note: The other agent sees the SAME options, but in a DIFFERENT order.

中国手机品牌
Options: OPPO, 华为, vivo, 小米

Which option do you choose? Respond with the exact option text.",OPPO,OPPO,False
中国运动品牌,"[""李宁"", ""安踏"", ""特步"", ""361度""]","[""361度"", ""安踏"", ""李宁"", ""特步""]","[""李宁"", ""安踏"", ""特步"", ""361度""]","You are playing a coordination game with another agent.
If you both select the SAME option, you each get $1.
You cannot communicate - you must try to coordinate.
Note: The other agent sees the SAME options, but in a DIFFERENT order.

中国运动品牌
Options: 361度, 安踏, 李宁, 特步

Which option do you choose? Respond with the exact option text.",361度,361度,"You are playing a coordination game with another agent.
If you both select the SAME option, you each get $1.
You cannot communicate - you must try to coordinate.
Note: The other agent sees the SAME options, but in a DIFFERENT order.

中国运动品牌
Options: 李宁, 安踏, 特步, 361度

Which option do you choose? Respond with the exact option text.",李宁,李宁,False
中国电商平台,"[""淘宝"", ""京东"", ""拼多多"", ""抖音商城""]","[""京东"", ""淘宝"", ""拼多多"", ""抖音商城""]","[""拼多多"", ""淘宝"", ""抖音商城"", ""京东""]","You are playing a coordination game with another agent.
If you both select the SAME option, you each get $1.
You cannot communicate - you must try to coordinate.
Note: The other agent sees the SAME options, but in a DIFFERENT order.

中国电商平台
Options: 京东, 淘宝, 拼多多, 抖音商城

Which option do you choose? Respond with the exact option text.",京东,京东,"You are playing a coordination game with another agent.
If you both select the SAME option, you each get $1.
You cannot communicate - you must try to coordinate.
Note: The other agent sees the SAME options, but in a DIFFERENT order.

中国电商平台
Options: 拼多多, 淘宝, 抖音商城, 京东

Which option do you choose? Respond with the exact option text.",淘宝,淘宝,False
中国食品品牌,"[""卫龙"", ""三只松鼠"", ""良品铺子"", ""百草味""]","[""百草味"", ""卫龙"", ""三只松鼠"", ""良品铺子""]","[""卫龙"", ""三只松鼠"", ""良品铺子"", ""百草味""]","You are playing a coordination game with another agent.
If you both select the SAME option, you each get $1.
You cannot communicate - you must try to coordinate.
Note: The other agent sees the SAME options, but in a DIFFERENT order.

中国食品品牌
Options: 百草味, 卫龙, 三只松鼠, 良品铺子

Which option do you choose? Respond with the exact option text.",百草味,百草味,"You are playing a coordination game with another agent.
If you both select the SAME option, you each get $1.
You cannot communicate - you must try to coordinate.
Note: The other agent sees the SAME options, but in a DIFFERENT order.

中国食品品牌
Options: 卫龙, 三只松鼠, 良品铺子, 百草味

Which option do you choose? Respond with the exact option text.",三只松鼠,三只松鼠,False
US Search Engines,"[""Google"", ""Bing"", ""Yahoo"", ""DuckDuckGo""]","[""Bing"", ""Google"", ""Yahoo"", ""DuckDuckGo""]","[""Bing"", ""Google"", ""DuckDuckGo"", ""Yahoo""]","You are playing a coordination game with another agent.
If you both select the SAME option, you each get $1.
You cannot communicate - you must try to coordinate.
Note: The other agent sees the SAME options, but in a DIFFERENT order.

US Search Engines
Options: Bing, Google, Yahoo, DuckDuckGo

Which option do you choose? Respond with the exact option text.",Google,Google,"You are playing a coordination game with another agent.
If you both select the SAME option, you each get $1.
You cannot communicate - you must try to coordinate.
Note: The other agent sees the SAME options, but in a DIFFERENT order.

US Search Engines
Options: Bing, Google, DuckDuckGo, Yahoo

Which option do you choose? Respond with the exact option text.",Bing,Bing,False
US Email Providers,"[""Gmail"", ""Outlook"", ""Yahoo Mail"", ""AOL""]","[""Yahoo Mail"", ""Outlook"", ""Gmail"", ""AOL""]","[""AOL"", ""Yahoo Mail"", ""Gmail"", ""Outlook""]","You are playing a coordination game with another agent.
If you both select the SAME option, you each get $1.
You cannot communicate - you must try to coordinate.
Note: The other agent sees the SAME options, but in a DIFFERENT order.

US Email Providers
Options: Yahoo Mail, Outlook, Gmail, AOL

Which option do you choose? Respond with the exact option text.",AOL,AOL,"You are playing a coordination game with another agent.
If you both select the SAME option, you each get $1.
You cannot communicate - you must try to coordinate.
Note: The other agent sees the SAME options, but in a DIFFERENT order.

US Email Providers
Options: AOL, Yahoo Mail, Gmail, Outlook

Which option do you choose? Respond with the exact option text.",AOL,AOL,True
US Cloud Services,"[""AWS"", ""Google Cloud"", ""Azure"", ""Dropbox""]","[""Dropbox"", ""Azure"", ""Google Cloud"", ""AWS""]","[""Azure"", ""Dropbox"", ""AWS"", ""Google Cloud""]","You are playing a coordination game with another agent.
If you both select the SAME option, you each get $1.
You cannot communicate - you must try to coordinate.
Note: The other agent sees the SAME options, but in a DIFFERENT order.

US Cloud Services
Options: Dropbox, Azure, Google Cloud, AWS

Which option do you choose? Respond with the exact option text.",AWS,AWS,"You are playing a coordination game with another agent.
If you both select the SAME option, you each get $1.
You cannot communicate - you must try to coordinate.
Note: The other agent sees the SAME options, but in a DIFFERENT order.

US Cloud Services
Options: Azure, Dropbox, AWS, Google Cloud

Which option do you choose? Respond with the exact option text.",AWS,AWS,True
US Payment Platforms,"[""PayPal"", ""Venmo"", ""Cash App"", ""Zelle""]","[""PayPal"", ""Venmo"", ""Zelle"", ""Cash App""]","[""PayPal"", ""Venmo"", ""Cash App"", ""Zelle""]","You are playing a coordination game with another agent.
If you both select the SAME option, you each get $1.
You cannot communicate - you must try to coordinate.
Note: The other agent sees the SAME options, but in a DIFFERENT order.

US Payment Platforms
Options: PayPal, Venmo, Zelle, Cash App

Which option do you choose? Respond with the exact option text.",PayPal,PayPal,"You are playing a coordination game with another agent.
If you both select the SAME option, you each get $1.
You cannot communicate - you must try to coordinate.
Note: The other agent sees the SAME options, but in a DIFFERENT order.

US Payment Platforms
Options: PayPal, Venmo, Cash App, Zelle

Which option do you choose? Respond with the exact option text.",PayPal,PayPal,True
US E-commerce Platforms,"[""Amazon"", ""eBay"", ""Etsy"", ""Walmart Online""]","[""Walmart Online"", ""Amazon"", ""eBay"", ""Etsy""]","[""Walmart Online"", ""eBay"", ""Etsy"", ""Amazon""]","You are playing a coordination game with another agent.
If you both select the SAME option, you each get $1.
You cannot communicate - you must try to coordinate.
Note: The other agent sees the SAME options, but in a DIFFERENT order.

US E-commerce Platforms
Options: Walmart Online, Amazon, eBay, Etsy

Which option do you choose? Respond with the exact option text.",Amazon,Amazon,"You are playing a coordination game with another agent.
If you both select the SAME option, you each get $1.
You cannot communicate - you must try to coordinate.
Note: The other agent sees the SAME options, but in a DIFFERENT order.

US E-commerce Platforms
Options: Walmart Online, eBay, Etsy, Amazon

Which option do you choose? Respond with the exact option text.",Amazon,Amazon,True
US Ride-sharing Apps,"[""Uber"", ""Lyft"", ""Via"", ""Curb""]","[""Via"", ""Curb"", ""Uber"", ""Lyft""]","[""Uber"", ""Via"", ""Curb"", ""Lyft""]","You are playing a coordination game with another agent.
If you both select the SAME option, you each get $1.
You cannot communicate - you must try to coordinate.
Note: The other agent sees the SAME options, but in a DIFFERENT order.

US Ride-sharing Apps
Options: Via, Curb, Uber, Lyft

Which option do you choose? Respond with the exact option text.",Curb,Curb,"You are playing a coordination game with another agent.
If you both select the SAME option, you each get $1.
You cannot communicate - you must try to coordinate.
Note: The other agent sees the SAME options, but in a DIFFERENT order.

US Ride-sharing Apps
Options: Uber, Via, Curb, Lyft

Which option do you choose? Respond with the exact option text.",Uber,Uber,False
US Food Delivery,"[""DoorDash"", ""Uber Eats"", ""Grubhub"", ""Postmates""]","[""Grubhub"", ""DoorDash"", ""Postmates"", ""Uber Eats""]","[""Grubhub"", ""Postmates"", ""DoorDash"", ""Uber Eats""]","You are playing a coordination game with another agent.
If you both select the SAME option, you each get $1.
You cannot communicate - you must try to coordinate.
Note: The other agent sees the SAME options, but in a DIFFERENT order.

US Food Delivery
Options: Grubhub, DoorDash, Postmates, Uber Eats

Which option do you choose? Respond with the exact option text.",DoorDash,DoorDash,"You are playing a coordination game with another agent.
If you both select the SAME option, you each get $1.
You cannot communicate - you must try to coordinate.
Note: The other agent sees the SAME options, but in a DIFFERENT order.

US Food Delivery
Options: Grubhub, Postmates, DoorDash, Uber Eats

Which option do you choose? Respond with the exact option text.",DoorDash,DoorDash,True
US Messaging Apps,"[""WhatsApp"", ""iMessage"", ""Telegram"", ""Signal""]","[""iMessage"", ""Signal"", ""Telegram"", ""WhatsApp""]","[""Telegram"", ""iMessage"", ""WhatsApp"", ""Signal""]","You are playing a coordination game with another agent.
If you both select the SAME option, you each get $1.
You cannot communicate - you must try to coordinate.
Note: The other agent sees the SAME options, but in a DIFFERENT order.

US Messaging Apps
Options: iMessage, Signal, Telegram, WhatsApp

Which option do you choose? Respond with the exact option text.",WhatsApp,WhatsApp,"You are playing a coordination game with another agent.
If you both select the SAME option, you each get $1.
You cannot communicate - you must try to coordinate.
Note: The other agent sees the SAME options, but in a DIFFERENT order.

US Messaging Apps
Options: Telegram, iMessage, WhatsApp, Signal

Which option do you choose? Respond with the exact option text.",iMessage,iMessage,False
US Productivity Tools,"[""Google Docs"", ""Microsoft Office"", ""Notion"", ""Slack""]","[""Notion"", ""Microsoft Office"", ""Slack"", ""Google Docs""]","[""Google Docs"", ""Slack"", ""Microsoft Office"", ""Notion""]","You are playing a coordination game with another agent.
If you both select the SAME option, you each get $1.
You cannot communicate - you must try to coordinate.
Note: The other agent sees the SAME options, but in a DIFFERENT order.

US Productivity Tools
Options: Notion, Microsoft Office, Slack, Google Docs

Which option do you choose? Respond with the exact option text.",Microsoft Office,Microsoft Office,"You are playing a coordination game with another agent.
If you both select the SAME option, you each get $1.
You cannot communicate - you must try to coordinate.
Note: The other agent sees the SAME options, but in a DIFFERENT order.

US Productivity Tools
Options: Google Docs, Slack, Microsoft Office, Notion

Which option do you choose? Respond with the exact option text.",Google Docs,Google Docs,False
US Dating Apps,"[""Tinder"", ""Bumble"", ""Hinge"", ""OkCupid""]","[""Tinder"", ""Hinge"", ""OkCupid"", ""Bumble""]","[""OkCupid"", ""Bumble"", ""Tinder"", ""Hinge""]","You are playing a coordination game with another agent.
If you both select the SAME option, you each get $1.
You cannot communicate - you must try to coordinate.
Note: The other agent sees the SAME options, but in a DIFFERENT order.

US Dating Apps
Options: Tinder, Hinge, OkCupid, Bumble

Which option do you choose? Respond with the exact option text.",Bumble,Bumble,"You are playing a coordination game with another agent.
If you both select the SAME option, you each get $1.
You cannot communicate - you must try to coordinate.
Note: The other agent sees the SAME options, but in a DIFFERENT order.

US Dating Apps
Options: OkCupid, Bumble, Tinder, Hinge

Which option do you choose? Respond with the exact option text.",Bumble,Bumble,True
中国搜索引擎,"[""百度"", ""搜狗"", ""360搜索"", ""必应""]","[""360搜索"", ""百度"", ""搜狗"", ""必应""]","[""360搜索"", ""搜狗"", ""必应"", ""百度""]","You are playing a coordination game with another agent.
If you both select the SAME option, you each get $1.
You cannot communicate - you must try to coordinate.
Note: The other agent sees the SAME options, but in a DIFFERENT order.

中国搜索引擎
Options: 360搜索, 百度, 搜狗, 必应

Which option do you choose? Respond with the exact option text.",百度,百度,"You are playing a coordination game with another agent.
If you both select the SAME option, you each get $1.
You cannot communicate - you must try to coordinate.
Note: The other agent sees the SAME options, but in a DIFFERENT order.

中国搜索引擎
Options: 360搜索, 搜狗, 必应, 百度

Which option do you choose? Respond with the exact option text.",360搜索,360搜索,False
中国邮箱服务,"[""QQ邮箱"", ""网易邮箱"", ""139邮箱"", ""新浪邮箱""]","[""QQ邮箱"", ""139邮箱"", ""网易邮箱"", ""新浪邮箱""]","[""新浪邮箱"", ""QQ邮箱"", ""139邮箱"", ""网易邮箱""]","You are playing a coordination game with another agent.
If you both select the SAME option, you each get $1.
You cannot communicate - you must try to coordinate.
Note: The other agent sees the SAME options, but in a DIFFERENT order.

中国邮箱服务
Options: QQ邮箱, 139邮箱, 网易邮箱, 新浪邮箱

Which option do you choose? Respond with the exact option text.",QQ邮箱,QQ邮箱,"You are playing a coordination game with another agent.
If you both select the SAME option, you each get $1.
You cannot communicate - you must try to coordinate.
Note: The other agent sees the SAME options, but in a DIFFERENT order.

中国邮箱服务
Options: 新浪邮箱, QQ邮箱, 139邮箱, 网易邮箱

Which option do you choose? Respond with the exact option text.",QQ邮箱,QQ邮箱,True
中国云服务,"[""阿里云"", ""腾讯云"", ""华为云"", ""百度云""]","[""华为云"", ""腾讯云"", ""百度云"", ""阿里云""]","[""腾讯云"", ""华为云"", ""百度云"", ""阿里云""]","You are playing a coordination game with another agent.
If you both select the SAME option, you each get $1.
You cannot communicate - you must try to coordinate.
Note: The other agent sees the SAME options, but in a DIFFERENT order.

中国云服务
Options: 华为云, 腾讯云, 百度云, 阿里云

Which option do you choose? Respond with the exact option text.",阿里云,阿里云,"You are playing a coordination game with another agent.
If you both select the SAME option, you each get $1.
You cannot communicate - you must try to coordinate.
Note: The other agent sees the SAME options, but in a DIFFERENT order.

中国云服务
Options: 腾讯云, 华为云, 百度云, 阿里云

Which option do you choose? Respond with the exact option text.",阿里云,阿里云,True
中国支付平台,"[""支付宝"", ""微信支付"", ""银联"", ""云闪付""]","[""云闪付"", ""支付宝"", ""微信支付"", ""银联""]","[""微信支付"", ""云闪付"", ""银联"", ""支付宝""]","You are playing a coordination game with another agent.
If you both select the SAME option, you each get $1.
You cannot communicate - you must try to coordinate.
Note: The other agent sees the SAME options, but in a DIFFERENT order.

中国支付平台
Options: 云闪付, 支付宝, 微信支付, 银联

Which option do you choose? Respond with the exact option text.",微信支付,微信支付,"You are playing a coordination game with another agent.
If you both select the SAME option, you each get $1.
You cannot communicate - you must try to coordinate.
Note: The other agent sees the SAME options, but in a DIFFERENT order.

中国支付平台
Options: 微信支付, 云闪付, 银联, 支付宝

Which option do you choose? Respond with the exact option text.",支付宝,支付宝,False
中国电商平台,"[""淘宝"", ""京东"", ""拼多多"", ""唯品会""]","[""京东"", ""淘宝"", ""拼多多"", ""唯品会""]","[""拼多多"", ""淘宝"", ""京东"", ""唯品会""]","You are playing a coordination game with another agent.
If you both select the SAME option, you each get $1.
You cannot communicate - you must try to coordinate.
Note: The other agent sees the SAME options, but in a DIFFERENT order.

中国电商平台
Options: 京东, 淘宝, 拼多多, 唯品会

Which option do you choose? Respond with the exact option text.",京东,京东,"You are playing a coordination game with another agent.
If you both select the SAME option, you each get $1.
You cannot communicate - you must try to coordinate.
Note: The other agent sees the SAME options, but in a DIFFERENT order.

中国电商平台
Options: 拼多多, 淘宝, 京东, 唯品会

Which option do you choose? Respond with the exact option text.",京东,京东,True
中国出行平台,"[""滴滴"", ""高德打车"", ""曹操出行"", ""美团打车""]","[""高德打车"", ""曹操出行"", ""美团打车"", ""滴滴""]","[""曹操出行"", ""高德打车"", ""美团打车"", ""滴滴""]","You are playing a coordination game with another agent.
If you both select the SAME option, you each get $1.
You cannot communicate - you must try to coordinate.
Note: The other agent sees the SAME options, but in a DIFFERENT order.

中国出行平台
Options: 高德打车, 曹操出行, 美团打车, 滴滴

Which option do you choose? Respond with the exact option text.",曹操出行,曹操出行,"You are playing a coordination game with another agent.
If you both select the SAME option, you each get $1.
You cannot communicate - you must try to coordinate.
Note: The other agent sees the SAME options, but in a DIFFERENT order.

中国出行平台
Options: 曹操出行, 高德打车, 美团打车, 滴滴

Which option do you choose? Respond with the exact option text.",曹操出行,曹操出行,True
中国外卖平台,"[""美团"", ""饿了么"", ""百度外卖"", ""大众点评""]","[""饿了么"", ""大众点评"", ""百度外卖"", ""美团""]","[""大众点评"", ""美团"", ""百度外卖"", ""饿了么""]","You are playing a coordination game with another agent.
If you both select the SAME option, you each get $1.
You cannot communicate - you must try to coordinate.
Note: The other agent sees the SAME options, but in a DIFFERENT order.

中国外卖平台
Options: 饿了么, 大众点评, 百度外卖, 美团

Which option do you choose? Respond with the exact option text.",百度外卖,百度外卖,"You are playing a coordination game with another agent.
If you both select the SAME option, you each get $1.
You cannot communicate - you must try to coordinate.
Note: The other agent sees the SAME options, but in a DIFFERENT order.

中国外卖平台
Options: 大众点评, 美团, 百度外卖, 饿了么

Which option do you choose? Respond with the exact option text.",百度外卖,百度外卖,True
中国聊天工具,"[""微信"", ""QQ"", ""钉钉"", ""飞书""]","[""QQ"", ""飞书"", ""微信"", ""钉钉""]","[""QQ"", ""微信"", ""钉钉"", ""飞书""]","You are playing a coordination game with another agent.
If you both select the SAME option, you each get $1.
You cannot communicate - you must try to coordinate.
Note: The other agent sees the SAME options, but in a DIFFERENT order.

中国聊天工具
Options: QQ, 飞书, 微信, 钉钉

Which option do you choose? Respond with the exact option text.",微信,微信,"You are playing a coordination game with another agent.
If you both select the SAME option, you each get $1.
You cannot communicate - you must try to coordinate.
Note: The other agent sees the SAME options, but in a DIFFERENT order.

中国聊天工具
Options: QQ, 微信, 钉钉, 飞书

Which option do you choose? Respond with the exact option text.",微信,微信,True
中国办公工具,"[""钉钉"", ""飞书"", ""企业微信"", ""WPS""]","[""钉钉"", ""企业微信"", ""WPS"", ""飞书""]","[""企业微信"", ""飞书"", ""WPS"", ""钉钉""]","You are playing a coordination game with another agent.
If you both select the SAME option, you each get $1.
You cannot communicate - you must try to coordinate.
Note: The other agent sees the SAME options, but in a DIFFERENT order.

中国办公工具
Options: 钉钉, 企业微信, WPS, 飞书

Which option do you choose? Respond with the exact option text.",钉钉,钉钉,"You are playing a coordination game with another agent.
If you both select the SAME option, you each get $1.
You cannot communicate - you must try to coordinate.
Note: The other agent sees the SAME options, but in a DIFFERENT order.

中国办公工具
Options: 企业微信, 飞书, WPS, 钉钉

Which option do you choose? Respond with the exact option text.",企业微信,企业微信,False
中国社交平台,"[""微信"", ""微博"", ""小红书"", ""知乎""]","[""微博"", ""微信"", ""小红书"", ""知乎""]","[""微博"", ""知乎"", ""小红书"", ""微信""]","You are playing a coordination game with another agent.
If you both select the SAME option, you each get $1.
You cannot communicate - you must try to coordinate.
Note: The other agent sees the SAME options, but in a DIFFERENT order.

中国社交平台
Options: 微博, 微信, 小红书, 知乎

Which option do you choose? Respond with the exact option text.",微信,微信,"You are playing a coordination game with another agent.
If you both select the SAME option, you each get $1.
You cannot communicate - you must try to coordinate.
Note: The other agent sees the SAME options, but in a DIFFERENT order.

中国社交平台
Options: 微博, 知乎, 小红书, 微信

Which option do you choose? Respond with the exact option text.",微信,微信,True
US Meme Formats,"[""Distracted Boyfriend"", ""This Is Fine"", ""Drake Meme"", ""Woman Yelling at Cat""]","[""Drake Meme"", ""Distracted Boyfriend"", ""This Is Fine"", ""Woman Yelling at Cat""]","[""This Is Fine"", ""Drake Meme"", ""Woman Yelling at Cat"", ""Distracted Boyfriend""]","You are playing a coordination game with another agent.
If you both select the SAME option, you each get $1.
You cannot communicate - you must try to coordinate.
Note: The other agent sees the SAME options, but in a DIFFERENT order.

US Meme Formats
Options: Drake Meme, Distracted Boyfriend, This Is Fine, Woman Yelling at Cat

Which option do you choose? Respond with the exact option text.",Distracted Boyfriend,Distracted Boyfriend,"You are playing a coordination game with another agent.
If you both select the SAME option, you each get $1.
You cannot communicate - you must try to coordinate.
Note: The other agent sees the SAME options, but in a DIFFERENT order.

US Meme Formats
Options: This Is Fine, Drake Meme, Woman Yelling at Cat, Distracted Boyfriend

Which option do you choose? Respond with the exact option text.",This Is Fine,This Is Fine,False
US Online Slang,"[""LOL"", ""BRB"", ""TL;DR"", ""FOMO""]","[""FOMO"", ""LOL"", ""TL;DR"", ""BRB""]","[""TL;DR"", ""LOL"", ""BRB"", ""FOMO""]","You are playing a coordination game with another agent.
If you both select the SAME option, you each get $1.
You cannot communicate - you must try to coordinate.
Note: The other agent sees the SAME options, but in a DIFFERENT order.

US Online Slang
Options: FOMO, LOL, TL;DR, BRB

Which option do you choose? Respond with the exact option text.",BRB,BRB,"You are playing a coordination game with another agent.
If you both select the SAME option, you each get $1.
You cannot communicate - you must try to coordinate.
Note: The other agent sees the SAME options, but in a DIFFERENT order.

US Online Slang
Options: TL;DR, LOL, BRB, FOMO

Which option do you choose? Respond with the exact option text.",LOL,LOL,False
US Viral Challenges,"[""Ice Bucket Challenge"", ""Mannequin Challenge"", ""Harlem Shake"", ""Tide Pod""]","[""Mannequin Challenge"", ""Ice Bucket Challenge"", ""Harlem Shake"", ""Tide Pod""]","[""Ice Bucket Challenge"", ""Harlem Shake"", ""Mannequin Challenge"", ""Tide Pod""]","You are playing a coordination game with another agent.
If you both select the SAME option, you each get $1.
You cannot communicate - you must try to coordinate.
Note: The other agent sees the SAME options, but in a DIFFERENT order.

US Viral Challenges
Options: Mannequin Challenge, Ice Bucket Challenge, Harlem Shake, Tide Pod

Which option do you choose? Respond with the exact option text.",Harlem Shake,Harlem Shake,"You are playing a coordination game with another agent.
If you both select the SAME option, you each get $1.
You cannot communicate - you must try to coordinate.
Note: The other agent sees the SAME options, but in a DIFFERENT order.

US Viral Challenges
Options: Ice Bucket Challenge, Harlem Shake, Mannequin Challenge, Tide Pod

Which option do you choose? Respond with the exact option text.",Ice Bucket Challenge,Ice Bucket Challenge,False
US Online Communities,"[""Reddit"", ""4chan"", ""Discord"", ""Tumblr""]","[""4chan"", ""Discord"", ""Reddit"", ""Tumblr""]","[""4chan"", ""Tumblr"", ""Reddit"", ""Discord""]","You are playing a coordination game with another agent.
If you both select the SAME option, you each get $1.
You cannot communicate - you must try to coordinate.
Note: The other agent sees the SAME options, but in a DIFFERENT order.

US Online Communities
Options: 4chan, Discord, Reddit, Tumblr

Which option do you choose? Respond with the exact option text.",Reddit,Reddit,"You are playing a coordination game with another agent.
If you both select the SAME option, you each get $1.
You cannot communicate - you must try to coordinate.
Note: The other agent sees the SAME options, but in a DIFFERENT order.

US Online Communities
Options: 4chan, Tumblr, Reddit, Discord

Which option do you choose? Respond with the exact option text.",4chan,4chan,False
US Streaming Culture,"[""Twitch"", ""YouTube Live"", ""Kick"", ""Facebook Live""]","[""Kick"", ""Facebook Live"", ""Twitch"", ""YouTube Live""]","[""YouTube Live"", ""Facebook Live"", ""Kick"", ""Twitch""]","You are playing a coordination game with another agent.
If you both select the SAME option, you each get $1.
You cannot communicate - you must try to coordinate.
Note: The other agent sees the SAME options, but in a DIFFERENT order.

US Streaming Culture
Options: Kick, Facebook Live, Twitch, YouTube Live

Which option do you choose? Respond with the exact option text.",Twitch,Twitch,"You are playing a coordination game with another agent.
If you both select the SAME option, you each get $1.
You cannot communicate - you must try to coordinate.
Note: The other agent sees the SAME options, but in a DIFFERENT order.

US Streaming Culture
Options: YouTube Live, Facebook Live, Kick, Twitch

Which option do you choose? Respond with the exact option text.",Twitch,Twitch,True
US Hashtag Trends,"[""#TBT"", ""#OOTD"", ""#Goals"", ""#Viral""]","[""#OOTD"", ""#Goals"", ""#Viral"", ""#TBT""]","[""#Goals"", ""#TBT"", ""#OOTD"", ""#Viral""]","You are playing a coordination game with another agent.
If you both select the SAME option, you each get $1.
You cannot communicate - you must try to coordinate.
Note: The other agent sees the SAME options, but in a DIFFERENT order.

US Hashtag Trends
Options: #OOTD, #Goals, #Viral, #TBT

Which option do you choose? Respond with the exact option text.",#OOTD,#OOTD,"You are playing a coordination game with another agent.
If you both select the SAME option, you each get $1.
You cannot communicate - you must try to coordinate.
Note: The other agent sees the SAME options, but in a DIFFERENT order.

US Hashtag Trends
Options: #Goals, #TBT, #OOTD, #Viral

Which option do you choose? Respond with the exact option text.",#Goals,#Goals,False
US Online Gaming Terms,"[""GG"", ""NPC"", ""AFK"", ""Noob""]","[""Noob"", ""NPC"", ""AFK"", ""GG""]","[""AFK"", ""Noob"", ""NPC"", ""GG""]","You are playing a coordination game with another agent.
If you both select the SAME option, you each get $1.
You cannot communicate - you must try to coordinate.
Note: The other agent sees the SAME options, but in a DIFFERENT order.

US Online Gaming Terms
Options: Noob, NPC, AFK, GG

Which option do you choose? Respond with the exact option text.",GG,GG,"You are playing a coordination game with another agent.
If you both select the SAME option, you each get $1.
You cannot communicate - you must try to coordinate.
Note: The other agent sees the SAME options, but in a DIFFERENT order.

US Online Gaming Terms
Options: AFK, Noob, NPC, GG

Which option do you choose? Respond with the exact option text.",GG,GG,True
US Tech Buzzwords,"[""AI"", ""Blockchain"", ""Cloud"", ""Metaverse""]","[""AI"", ""Metaverse"", ""Blockchain"", ""Cloud""]","[""Cloud"", ""Metaverse"", ""Blockchain"", ""AI""]","You are playing a coordination game with another agent.
If you both select the SAME option, you each get $1.
You cannot communicate - you must try to coordinate.
Note: The other agent sees the SAME options, but in a DIFFERENT order.

US Tech Buzzwords
Options: AI, Metaverse, Blockchain, Cloud

Which option do you choose? Respond with the exact option text.",AI,AI,"You are playing a coordination game with another agent.
If you both select the SAME option, you each get $1.
You cannot communicate - you must try to coordinate.
Note: The other agent sees the SAME options, but in a DIFFERENT order.

US Tech Buzzwords
Options: Cloud, Metaverse, Blockchain, AI

Which option do you choose? Respond with the exact option text.",AI,AI,True
US Emoji Usage,"[""😂"", ""❤️"", ""🔥"", ""👍""]","[""❤️"", ""👍"", ""🔥"", ""😂""]","[""👍"", ""😂"", ""❤️"", ""🔥""]","You are playing a coordination game with another agent.
If you both select the SAME option, you each get $1.
You cannot communicate - you must try to coordinate.
Note: The other agent sees the SAME options, but in a DIFFERENT order.

US Emoji Usage
Options: ❤️, 👍, 🔥, 😂

Which option do you choose? Respond with the exact option text.",❤️,❤️,"You are playing a coordination game with another agent.
If you both select the SAME option, you each get $1.
You cannot communicate - you must try to coordinate.
Note: The other agent sees the SAME options, but in a DIFFERENT order.

US Emoji Usage
Options: 👍, 😂, ❤️, 🔥

Which option do you choose? Respond with the exact option text.",❤️,❤️,True
US Online Habits,"[""Scrolling"", ""Binge-watching"", ""Doom-scrolling"", ""Lurking""]","[""Doom-scrolling"", ""Binge-watching"", ""Lurking"", ""Scrolling""]","[""Lurking"", ""Scrolling"", ""Doom-scrolling"", ""Binge-watching""]","You are playing a coordination game with another agent.
If you both select the SAME option, you each get $1.
You cannot communicate - you must try to coordinate.
Note: The other agent sees the SAME options, but in a DIFFERENT order.

US Online Habits
Options: Doom-scrolling, Binge-watching, Lurking, Scrolling

Which option do you choose? Respond with the exact option text.",Binge-watching,Binge-watching,"You are playing a coordination game with another agent.
If you both select the SAME option, you each get $1.
You cannot communicate - you must try to coordinate.
Note: The other agent sees the SAME options, but in a DIFFERENT order.

US Online Habits
Options: Lurking, Scrolling, Doom-scrolling, Binge-watching

Which option do you choose? Respond with the exact option text.",Lurking,Lurking,False
中国网络梗,"[""社会性死亡"", ""凡尔赛"", ""内卷"", ""躺平""]","[""内卷"", ""社会性死亡"", ""躺平"", ""凡尔赛""]","[""内卷"", ""凡尔赛"", ""社会性死亡"", ""躺平""]","You are playing a coordination game with another agent.
If you both select the SAME option, you each get $1.
You cannot communicate - you must try to coordinate.
Note: The other agent sees the SAME options, but in a DIFFERENT order.

中国网络梗
Options: 内卷, 社会性死亡, 躺平, 凡尔赛

Which option do you choose? Respond with the exact option text.",内卷,内卷,"You are playing a coordination game with another agent.
If you both select the SAME option, you each get $1.
You cannot communicate - you must try to coordinate.
Note: The other agent sees the SAME options, but in a DIFFERENT order.

中国网络梗
Options: 内卷, 凡尔赛, 社会性死亡, 躺平

Which option do you choose? Respond with the exact option text.",内卷,内卷,True
中国网络用语,"[""666"", ""yyds"", ""绝绝子"", ""emo""]","[""666"", ""yyds"", ""绝绝子"", ""emo""]","[""666"", ""yyds"", ""绝绝子"", ""emo""]","You are playing a coordination game with another agent.
If you both select the SAME option, you each get $1.
You cannot communicate - you must try to coordinate.
Note: The other agent sees the SAME options, but in a DIFFERENT order.

中国网络用语
Options: 666, yyds, 绝绝子, emo

Which option do you choose? Respond with the exact option text.",666,666,"You are playing a coordination game with another agent.
If you both select the SAME option, you each get $1.
You cannot communicate - you must try to coordinate.
Note: The other agent sees the SAME options, but in a DIFFERENT order.

中国网络用语
Options: 666, yyds, 绝绝子, emo

Which option do you choose? Respond with the exact option text.",666,666,True
中国网络挑战,"[""冰桶挑战"", ""A4腰"", ""反手摸肚脐"", ""手指舞""]","[""冰桶挑战"", ""A4腰"", ""反手摸肚脐"", ""手指舞""]","[""A4腰"", ""冰桶挑战"", ""手指舞"", ""反手摸肚脐""]","You are playing a coordination game with another agent.
If you both select the SAME option, you each get $1.
You cannot communicate - you must try to coordinate.
Note: The other agent sees the SAME options, but in a DIFFERENT order.

中国网络挑战
Options: 冰桶挑战, A4腰, 反手摸肚脐, 手指舞

Which option do you choose? Respond with the exact option text.",A4腰,A4腰,"You are playing a coordination game with another agent.
If you both select the SAME option, you each get $1.
You cannot communicate - you must try to coordinate.
Note: The other agent sees the SAME options, but in a DIFFERENT order.

中国网络挑战
Options: A4腰, 冰桶挑战, 手指舞, 反手摸肚脐

Which option do you choose? Respond with the exact option text.",A4腰,A4腰,True
中国网络社区,"[""贴吧"", ""知乎"", ""豆瓣"", ""B站""]","[""B站"", ""贴吧"", ""豆瓣"", ""知乎""]","[""知乎"", ""B站"", ""贴吧"", ""豆瓣""]","You are playing a coordination game with another agent.
If you both select the SAME option, you each get $1.
You cannot communicate - you must try to coordinate.
Note: The other agent sees the SAME options, but in a DIFFERENT order.

中国网络社区
Options: B站, 贴吧, 豆瓣, 知乎

Which option do you choose? Respond with the exact option text.",B站,B站,"You are playing a coordination game with another agent.
If you both select the SAME option, you each get $1.
You cannot communicate - you must try to coordinate.
Note: The other agent sees the SAME options, but in a DIFFERENT order.

中国网络社区
Options: 知乎, B站, 贴吧, 豆瓣

Which option do you choose? Respond with the exact option text.",B站,B站,True
中国直播文化,"[""直播带货"", ""弹幕"", ""刷礼物"", ""打赏""]","[""直播带货"", ""弹幕"", ""刷礼物"", ""打赏""]","[""刷礼物"", ""弹幕"", ""打赏"", ""直播带货""]","You are playing a coordination game with another agent.
If you both select the SAME option, you each get $1.
You cannot communicate - you must try to coordinate.
Note: The other agent sees the SAME options, but in a DIFFERENT order.

中国直播文化
Options: 直播带货, 弹幕, 刷礼物, 打赏

Which option do you choose? Respond with the exact option text.",打赏,打赏,"You are playing a coordination game with another agent.
If you both select the SAME option, you each get $1.
You cannot communicate - you must try to coordinate.
Note: The other agent sees the SAME options, but in a DIFFERENT order.

中国直播文化
Options: 刷礼物, 弹幕, 打赏, 直播带货

Which option do you choose? Respond with the exact option text.",直播带货,直播带货,False
中国热搜话题,"[""热搜"", ""话题"", ""超话"", ""榜单""]","[""榜单"", ""热搜"", ""话题"", ""超话""]","[""榜单"", ""热搜"", ""超话"", ""话题""]","You are playing a coordination game with another agent.
If you both select the SAME option, you each get $1.
You cannot communicate - you must try to coordinate.
Note: The other agent sees the SAME options, but in a DIFFERENT order.

中国热搜话题
Options: 榜单, 热搜, 话题, 超话

Which option do you choose? Respond with the exact option text.",榜单,榜单,"You are playing a coordination game with another agent.
If you both select the SAME option, you each get $1.
You cannot communicate - you must try to coordinate.
Note: The other agent sees the SAME options, but in a DIFFERENT order.

中国热搜话题
Options: 榜单, 热搜, 超话, 话题

Which option do you choose? Respond with the exact option text.",热搜,热搜,False
中国游戏用语,"[""GG"", ""菜鸡"", ""带飞"", ""躺赢""]","[""躺赢"", ""菜鸡"", ""GG"", ""带飞""]","[""GG"", ""带飞"", ""躺赢"", ""菜鸡""]","You are playing a coordination game with another agent.
If you both select the SAME option, you each get $1.
You cannot communicate - you must try to coordinate.
Note: The other agent sees the SAME options, but in a DIFFERENT order.

中国游戏用语
Options: 躺赢, 菜鸡, GG, 带飞

Which option do you choose? Respond with the exact option text.",GG,GG,"You are playing a coordination game with another agent.
If you both select the SAME option, you each get $1.
You cannot communicate - you must try to coordinate.
Note: The other agent sees the SAME options, but in a DIFFERENT order.

中国游戏用语
Options: GG, 带飞, 躺赢, 菜鸡

Which option do you choose? Respond with the exact option text.",GG,GG,True
中国科技热词,"[""人工智能"", ""大数据"", ""云计算"", ""元宇宙""]","[""元宇宙"", ""人工智能"", ""云计算"", ""大数据""]","[""人工智能"", ""元宇宙"", ""云计算"", ""大数据""]","You are playing a coordination game with another agent.
If you both select the SAME option, you each get $1.
You cannot communicate - you must try to coordinate.
Note: The other agent sees the SAME options, but in a DIFFERENT order.

中国科技热词
Options: 元宇宙, 人工智能, 云计算, 大数据

Which option do you choose? Respond with the exact option text.",人工智能,人工智能,"You are playing a coordination game with another agent.
If you both select the SAME option, you each get $1.
You cannot communicate - you must try to coordinate.
Note: The other agent sees the SAME options, but in a DIFFERENT order.

中国科技热词
Options: 人工智能, 元宇宙, 云计算, 大数据

Which option do you choose? Respond with the exact option text.",人工智能,人工智能,True
中国表情包,"[""狗头"", ""微笑"", ""捂脸"", ""滑稽""]","[""微笑"", ""狗头"", ""捂脸"", ""滑稽""]","[""狗头"", ""微笑"", ""捂脸"", ""滑稽""]","You are playing a coordination game with another agent.
If you both select the SAME option, you each get $1.
You cannot communicate - you must try to coordinate.
Note: The other agent sees the SAME options, but in a DIFFERENT order.

中国表情包
Options: 微笑, 狗头, 捂脸, 滑稽

Which option do you choose? Respond with the exact option text.",微笑,微笑,"You are playing a coordination game with another agent.
If you both select the SAME option, you each get $1.
You cannot communicate - you must try to coordinate.
Note: The other agent sees the SAME options, but in a DIFFERENT order.

中国表情包
Options: 狗头, 微笑, 捂脸, 滑稽

Which option do you choose? Respond with the exact option text.",狗头,狗头,False
中国网络习惯,"[""刷手机"", ""追剧"", ""网购"", ""打卡""]","[""网购"", ""刷手机"", ""追剧"", ""打卡""]","[""打卡"", ""刷手机"", ""追剧"", ""网购""]","You are playing a coordination game with another agent.
If you both select the SAME option, you each get $1.
You cannot communicate - you must try to coordinate.
Note: The other agent sees the SAME options, but in a DIFFERENT order.

中国网络习惯
Options: 网购, 刷手机, 追剧, 打卡

Which option do you choose? Respond with the exact option text.",网购,网购,"You are playing a coordination game with another agent.
If you both select the SAME option, you each get $1.
You cannot communicate - you must try to coordinate.
Note: The other agent sees the SAME options, but in a DIFFERENT order.

中国网络习惯
Options: 打卡, 刷手机, 追剧, 网购

Which option do you choose? Respond with the exact option text.",打卡,打卡,False
