category,options,order_a,order_b,prompt_a,response_a,choice_a,prompt_b,response_b,choice_b,success
Primary Colors,"[""Red"", ""Blue"", ""Green"", ""Yellow""]","[""Red"", ""Green"", ""Yellow"", ""Blue""]","[""Yellow"", ""Blue"", ""Green"", ""Red""]","You are playing a coordination game with another agent.
If you both select the SAME option, you each get $1.
You cannot communicate - you must try to coordinate.
Note: The other agent sees the SAME options, but in a DIFFERENT order.

Primary Colors
Options: Red, Green, Yellow, Blue

Which option do you choose? Respond with the exact option text.",Red,Red,"You are playing a coordination game with another agent.
If you both select the SAME option, you each get $1.
You cannot communicate - you must try to coordinate.
Note: The other agent sees the SAME options, but in a DIFFERENT order.

Primary Colors
Options: Yellow, Blue, Green, Red

Which option do you choose? Respond with the exact option text.",Red,Red,True
Warm Colors,"[""Red"", ""Orange"", ""Yellow"", ""Pink""]","[""Orange"", ""Pink"", ""Red"", ""Yellow""]","[""Orange"", ""Yellow"", ""Red"", ""Pink""]","You are playing a coordination game with another agent.
If you both select the SAME option, you each get $1.
You cannot communicate - you must try to coordinate.
Note: The other agent sees the SAME options, but in a DIFFERENT order.

Warm Colors
Options: Orange, Pink, Red, Yellow

Which option do you choose? Respond with the exact option text.",Red,Red,"You are playing a coordination game with another agent.
If you both select the SAME option, you each get $1.
You cannot communicate - you must try to coordinate.
Note: The other agent sees the SAME options, but in a DIFFERENT order.

Warm Colors
Options: Orange, Yellow, Red, Pink

Which option do you choose? Respond with the exact option text.",Red,Red,True
Cool Colors,"[""Blue"", ""Green"", ""Purple"", ""Teal""]","[""Teal"", ""Purple"", ""Green"", ""Blue""]","[""Blue"", ""Purple"", ""Green"", ""Teal""]","You are playing a coordination game with another agent.
If you both select the SAME option, you each get $1.
You cannot communicate - you must try to coordinate.
Note: The other agent sees the SAME options, but in a DIFFERENT order.

Cool Colors
Options: Teal, Purple, Green, Blue

Which option do you choose? Respond with the exact option text.",Blue,Blue,"You are playing a coordination game with another agent.
If you both select the SAME option, you each get $1.
You cannot communicate - you must try to coordinate.
Note: The other agent sees the SAME options, but in a DIFFERENT order.

Cool Colors
Options: Blue, Purple, Green, Teal

Which option do you choose? Respond with the exact option text.",Blue,Blue,True
Basic Shapes,"[""Circle"", ""Square"", ""Triangle"", ""Rectangle""]","[""Triangle"", ""Square"", ""Rectangle"", ""Circle""]","[""Circle"", ""Square"", ""Rectangle"", ""Triangle""]","You are playing a coordination game with another agent.
If you both select the SAME option, you each get $1.
You cannot communicate - you must try to coordinate.
Note: The other agent sees the SAME options, but in a DIFFERENT order.

Basic Shapes
Options: Triangle, Square, Rectangle, Circle

Which option do you choose? Respond with the exact option text.",Circle,Circle,"You are playing a coordination game with another agent.
If you both select the SAME option, you each get $1.
You cannot communicate - you must try to coordinate.
Note: The other agent sees the SAME options, but in a DIFFERENT order.

Basic Shapes
Options: Circle, Square, Rectangle, Triangle

Which option do you choose? Respond with the exact option text.",Circle,Circle,True
Geometric Shapes,"[""Triangle"", ""Square"", ""Pentagon"", ""Hexagon""]","[""Hexagon"", ""Pentagon"", ""Square"", ""Triangle""]","[""Square"", ""Hexagon"", ""Triangle"", ""Pentagon""]","You are playing a coordination game with another agent.
If you both select the SAME option, you each get $1.
You cannot communicate - you must try to coordinate.
Note: The other agent sees the SAME options, but in a DIFFERENT order.

Geometric Shapes
Options: Hexagon, Pentagon, Square, Triangle

Which option do you choose? Respond with the exact option text.",Triangle,Triangle,"You are playing a coordination game with another agent.
If you both select the SAME option, you each get $1.
You cannot communicate - you must try to coordinate.
Note: The other agent sees the SAME options, but in a DIFFERENT order.

Geometric Shapes
Options: Square, Hexagon, Triangle, Pentagon

Which option do you choose? Respond with the exact option text.",Square,Square,False
基本颜色,"[""红色"", ""蓝色"", ""绿色"", ""黄色""]","[""红色"", ""黄色"", ""蓝色"", ""绿色""]","[""红色"", ""蓝色"", ""绿色"", ""黄色""]","You are playing a coordination game with another agent.
If you both select the SAME option, you each get $1.
You cannot communicate - you must try to coordinate.
Note: The other agent sees the SAME options, but in a DIFFERENT order.

基本颜色
Options: 红色, 黄色, 蓝色, 绿色

Which option do you choose? Respond with the exact option text.",红色,红色,"You are playing a coordination game with another agent.
If you both select the SAME option, you each get $1.
You cannot communicate - you must try to coordinate.
Note: The other agent sees the SAME options, but in a DIFFERENT order.

基本颜色
Options: 红色, 蓝色, 绿色, 黄色

Which option do you choose? Respond with the exact option text.",红色,红色,True
暖色,"[""红色"", ""橙色"", ""黄色"", ""粉色""]","[""橙色"", ""红色"", ""黄色"", ""粉色""]","[""粉色"", ""黄色"", ""橙色"", ""红色""]","You are playing a coordination game with another agent.
If you both select the SAME option, you each get $1.
You cannot communicate - you must try to coordinate.
Note: The other agent sees the SAME options, but in a DIFFERENT order.

暖色
Options: 橙色, 红色, 黄色, 粉色

Which option do you choose? Respond with the exact option text.",红色,红色,"You are playing a coordination game with another agent.
If you both select the SAME option, you each get $1.
You cannot communicate - you must try to coordinate.
Note: The other agent sees the SAME options, but in a DIFFERENT order.

暖色
Options: 粉色, 黄色, 橙色, 红色

Which option do you choose? Respond with the exact option text.",红色,红色,True
冷色,"[""蓝色"", ""绿色"", ""紫色"", ""青色""]","[""紫色"", ""蓝色"", ""青色"", ""绿色""]","[""蓝色"", ""青色"", ""绿色"", ""紫色""]","You are playing a coordination game with another agent.
If you both select the SAME option, you each get $1.
You cannot communicate - you must try to coordinate.
Note: The other agent sees the SAME options, but in a DIFFERENT order.

冷色
Options: 紫色, 蓝色, 青色, 绿色

Which option do you choose? Respond with the exact option text.",蓝色,蓝色,"You are playing a coordination game with another agent.
If you both select the SAME option, you each get $1.
You cannot communicate - you must try to coordinate.
Note: The other agent sees the SAME options, but in a DIFFERENT order.

冷色
Options: 蓝色, 青色, 绿色, 紫色

Which option do you choose? Respond with the exact option text.",蓝色,蓝色,True
基本形状,"[""圆形"", ""方形"", ""三角形"", ""矩形""]","[""方形"", ""圆形"", ""矩形"", ""三角形""]","[""方形"", ""三角形"", ""矩形"", ""圆形""]","You are playing a coordination game with another agent.
If you both select the SAME option, you each get $1.
You cannot communicate - you must try to coordinate.
Note: The other agent sees the SAME options, but in a DIFFERENT order.

基本形状
Options: 方形, 圆形, 矩形, 三角形

Which option do you choose? Respond with the exact option text.",圆形,圆形,"You are playing a coordination game with another agent.
If you both select the SAME option, you each get $1.
You cannot communicate - you must try to coordinate.
Note: The other agent sees the SAME options, but in a DIFFERENT order.

基本形状
Options: 方形, 三角形, 矩形, 圆形

Which option do you choose? Respond with the exact option text.",圆形,圆形,True
几何图形,"[""三角形"", ""正方形"", ""五边形"", ""六边形""]","[""正方形"", ""六边形"", ""三角形"", ""五边形""]","[""六边形"", ""五边形"", ""正方形"", ""三角形""]","You are playing a coordination game with another agent.
If you both select the SAME option, you each get $1.
You cannot communicate - you must try to coordinate.
Note: The other agent sees the SAME options, but in a DIFFERENT order.

几何图形
Options: 正方形, 六边形, 三角形, 五边形

Which option do you choose? Respond with the exact option text.",正方形,正方形,"You are playing a coordination game with another agent.
If you both select the SAME option, you each get $1.
You cannot communicate - you must try to coordinate.
Note: The other agent sees the SAME options, but in a DIFFERENT order.

几何图形
Options: 六边形, 五边形, 正方形, 三角形

Which option do you choose? Respond with the exact option text.",三角形,三角形,False
Compass Directions,"[""North"", ""South"", ""East"", ""West""]","[""West"", ""South"", ""North"", ""East""]","[""West"", ""East"", ""South"", ""North""]","You are playing a coordination game with another agent.
If you both select the SAME option, you each get $1.
You cannot communicate - you must try to coordinate.
Note: The other agent sees the SAME options, but in a DIFFERENT order.

Compass Directions
Options: West, South, North, East

Which option do you choose? Respond with the exact option text.",North,North,"You are playing a coordination game with another agent.
If you both select the SAME option, you each get $1.
You cannot communicate - you must try to coordinate.
Note: The other agent sees the SAME options, but in a DIFFERENT order.

Compass Directions
Options: West, East, South, North

Which option do you choose? Respond with the exact option text.",North,North,True
Vertical Directions,"[""Up"", ""Down"", ""Left"", ""Right""]","[""Right"", ""Up"", ""Down"", ""Left""]","[""Up"", ""Right"", ""Down"", ""Left""]","You are playing a coordination game with another agent.
If you both select the SAME option, you each get $1.
You cannot communicate - you must try to coordinate.
Note: The other agent sees the SAME options, but in a DIFFERENT order.

Vertical Directions
Options: Right, Up, Down, Left

Which option do you choose? Respond with the exact option text.",Up,Up,"You are playing a coordination game with another agent.
If you both select the SAME option, you each get $1.
You cannot communicate - you must try to coordinate.
Note: The other agent sees the SAME options, but in a DIFFERENT order.

Vertical Directions
Options: Up, Right, Down, Left

Which option do you choose? Respond with the exact option text.",Up,Up,True
Spatial Relations,"[""Above"", ""Below"", ""Left"", ""Right""]","[""Left"", ""Right"", ""Below"", ""Above""]","[""Below"", ""Right"", ""Left"", ""Above""]","You are playing a coordination game with another agent.
If you both select the SAME option, you each get $1.
You cannot communicate - you must try to coordinate.
Note: The other agent sees the SAME options, but in a DIFFERENT order.

Spatial Relations
Options: Left, Right, Below, Above

Which option do you choose? Respond with the exact option text.",Above,Above,"You are playing a coordination game with another agent.
If you both select the SAME option, you each get $1.
You cannot communicate - you must try to coordinate.
Note: The other agent sees the SAME options, but in a DIFFERENT order.

Spatial Relations
Options: Below, Right, Left, Above

Which option do you choose? Respond with the exact option text.",Above,Above,True
Extremes of Size,"[""Tiny"", ""Small"", ""Large"", ""Huge""]","[""Tiny"", ""Small"", ""Large"", ""Huge""]","[""Large"", ""Small"", ""Huge"", ""Tiny""]","You are playing a coordination game with another agent.
If you both select the SAME option, you each get $1.
You cannot communicate - you must try to coordinate.
Note: The other agent sees the SAME options, but in a DIFFERENT order.

Extremes of Size
Options: Tiny, Small, Large, Huge

Which option do you choose? Respond with the exact option text.",Tiny,Tiny,"You are playing a coordination game with another agent.
If you both select the SAME option, you each get $1.
You cannot communicate - you must try to coordinate.
Note: The other agent sees the SAME options, but in a DIFFERENT order.

Extremes of Size
Options: Large, Small, Huge, Tiny

Which option do you choose? Respond with the exact option text.",Huge,Huge,False
Extremes of Temperature,"[""Freezing"", ""Cold"", ""Hot"", ""Boiling""]","[""Hot"", ""Boiling"", ""Freezing"", ""Cold""]","[""Hot"", ""Cold"", ""Freezing"", ""Boiling""]","You are playing a coordination game with another agent.
If you both select the SAME option, you each get $1.
You cannot communicate - you must try to coordinate.
Note: The other agent sees the SAME options, but in a DIFFERENT order.

Extremes of Temperature
Options: Hot, Boiling, Freezing, Cold

Which option do you choose? Respond with the exact option text.",Hot,Hot,"You are playing a coordination game with another agent.
If you both select the SAME option, you each get $1.
You cannot communicate - you must try to coordinate.
Note: The other agent sees the SAME options, but in a DIFFERENT order.

Extremes of Temperature
Options: Hot, Cold, Freezing, Boiling

Which option do you choose? Respond with the exact option text.",Hot,Hot,True
方向,"[""东"", ""南"", ""西"", ""北""]","[""北"", ""西"", ""南"", ""东""]","[""南"", ""西"", ""北"", ""东""]","You are playing a coordination game with another agent.
If you both select the SAME option, you each get $1.
You cannot communicate - you must try to coordinate.
Note: The other agent sees the SAME options, but in a DIFFERENT order.

方向
Options: 北, 西, 南, 东

Which option do you choose? Respond with the exact option text.",北,北,"You are playing a coordination game with another agent.
If you both select the SAME option, you each get $1.
You cannot communicate - you must try to coordinate.
Note: The other agent sees the SAME options, but in a DIFFERENT order.

方向
Options: 南, 西, 北, 东

Which option do you choose? Respond with the exact option text.",北,北,True
空间方位,"[""上"", ""下"", ""左"", ""右""]","[""左"", ""上"", ""下"", ""右""]","[""左"", ""上"", ""下"", ""右""]","You are playing a coordination game with another agent.
If you both select the SAME option, you each get $1.
You cannot communicate - you must try to coordinate.
Note: The other agent sees the SAME options, but in a DIFFERENT order.

空间方位
Options: 左, 上, 下, 右

Which option do you choose? Respond with the exact option text.",上,上,"You are playing a coordination game with another agent.
If you both select the SAME option, you each get $1.
You cannot communicate - you must try to coordinate.
Note: The other agent sees the SAME options, but in a DIFFERENT order.

空间方位
Options: 左, 上, 下, 右

Which option do you choose? Respond with the exact option text.",上,上,True
大小极端,"[""极小"", ""小"", ""大"", ""极大""]","[""极大"", ""大"", ""极小"", ""小""]","[""极小"", ""极大"", ""大"", ""小""]","You are playing a coordination game with another agent.
If you both select the SAME option, you each get $1.
You cannot communicate - you must try to coordinate.
Note: The other agent sees the SAME options, but in a DIFFERENT order.

大小极端
Options: 极大, 大, 极小, 小

Which option do you choose? Respond with the exact option text.",极大,极大,"You are playing a coordination game with another agent.
If you both select the SAME option, you each get $1.
You cannot communicate - you must try to coordinate.
Note: The other agent sees the SAME options, but in a DIFFERENT order.

大小极端
Options: 极小, 极大, 大, 小

Which option do you choose? Respond with the exact option text.",极小,极小,False
温度极端,"[""冰冷"", ""冷"", ""热"", ""滚烫""]","[""冰冷"", ""冷"", ""滚烫"", ""热""]","[""滚烫"", ""冰冷"", ""热"", ""冷""]","You are playing a coordination game with another agent.
If you both select the SAME option, you each get $1.
You cannot communicate - you must try to coordinate.
Note: The other agent sees the SAME options, but in a DIFFERENT order.

温度极端
Options: 冰冷, 冷, 滚烫, 热

Which option do you choose? Respond with the exact option text.",冰冷,冰冷,"You are playing a coordination game with another agent.
If you both select the SAME option, you each get $1.
You cannot communicate - you must try to coordinate.
Note: The other agent sees the SAME options, but in a DIFFERENT order.

温度极端
Options: 滚烫, 冰冷, 热, 冷

Which option do you choose? Respond with the exact option text.",滚烫,滚烫,False
速度,"[""缓慢"", ""快"", ""迅速"", ""飞速""]","[""快"", ""迅速"", ""飞速"", ""缓慢""]","[""缓慢"", ""飞速"", ""迅速"", ""快""]","You are playing a coordination game with another agent.
If you both select the SAME option, you each get $1.
You cannot communicate - you must try to coordinate.
Note: The other agent sees the SAME options, but in a DIFFERENT order.

速度
Options: 快, 迅速, 飞速, 缓慢

Which option do you choose? Respond with the exact option text.",快,快,"You are playing a coordination game with another agent.
If you both select the SAME option, you each get $1.
You cannot communicate - you must try to coordinate.
Note: The other agent sees the SAME options, but in a DIFFERENT order.

速度
Options: 缓慢, 飞速, 迅速, 快

Which option do you choose? Respond with the exact option text.",快,快,True
Extremes of Speed,"[""Slow"", ""Fast"", ""Quick"", ""Rapid""]","[""Fast"", ""Rapid"", ""Slow"", ""Quick""]","[""Slow"", ""Rapid"", ""Fast"", ""Quick""]","You are playing a coordination game with another agent.
If you both select the SAME option, you each get $1.
You cannot communicate - you must try to coordinate.
Note: The other agent sees the SAME options, but in a DIFFERENT order.

Extremes of Speed
Options: Fast, Rapid, Slow, Quick

Which option do you choose? Respond with the exact option text.",Slow,Slow,"You are playing a coordination game with another agent.
If you both select the SAME option, you each get $1.
You cannot communicate - you must try to coordinate.
Note: The other agent sees the SAME options, but in a DIFFERENT order.

Extremes of Speed
Options: Slow, Rapid, Fast, Quick

Which option do you choose? Respond with the exact option text.",Slow,Slow,True
Extremes of Weight,"[""Feather"", ""Stone"", ""Boulder"", ""Mountain""]","[""Boulder"", ""Mountain"", ""Stone"", ""Feather""]","[""Feather"", ""Boulder"", ""Mountain"", ""Stone""]","You are playing a coordination game with another agent.
If you both select the SAME option, you each get $1.
You cannot communicate - you must try to coordinate.
Note: The other agent sees the SAME options, but in a DIFFERENT order.

Extremes of Weight
Options: Boulder, Mountain, Stone, Feather

Which option do you choose? Respond with the exact option text.",Feather,Feather,"You are playing a coordination game with another agent.
If you both select the SAME option, you each get $1.
You cannot communicate - you must try to coordinate.
Note: The other agent sees the SAME options, but in a DIFFERENT order.

Extremes of Weight
Options: Feather, Boulder, Mountain, Stone

Which option do you choose? Respond with the exact option text.",Feather,Feather,True
Light and Dark,"[""Dawn"", ""Dusk"", ""Midnight"", ""Noon""]","[""Midnight"", ""Noon"", ""Dawn"", ""Dusk""]","[""Dawn"", ""Midnight"", ""Noon"", ""Dusk""]","You are playing a coordination game with another agent.
If you both select the SAME option, you each get $1.
You cannot communicate - you must try to coordinate.
Note: The other agent sees the SAME options, but in a DIFFERENT order.

Light and Dark
Options: Midnight, Noon, Dawn, Dusk

Which option do you choose? Respond with the exact option text.",Noon,Noon,"You are playing a coordination game with another agent.
If you both select the SAME option, you each get $1.
You cannot communicate - you must try to coordinate.
Note: The other agent sees the SAME options, but in a DIFFERENT order.

Light and Dark
Options: Dawn, Midnight, Noon, Dusk

Which option do you choose? Respond with the exact option text.",Noon,Noon,True
Sound Levels,"[""Whisper"", ""Murmur"", ""Shout"", ""Scream""]","[""Whisper"", ""Scream"", ""Shout"", ""Murmur""]","[""Scream"", ""Murmur"", ""Shout"", ""Whisper""]","You are playing a coordination game with another agent.
If you both select the SAME option, you each get $1.
You cannot communicate - you must try to coordinate.
Note: The other agent sees the SAME options, but in a DIFFERENT order.

Sound Levels
Options: Whisper, Scream, Shout, Murmur

Which option do you choose? Respond with the exact option text.",Whisper,Whisper,"You are playing a coordination game with another agent.
If you both select the SAME option, you each get $1.
You cannot communicate - you must try to coordinate.
Note: The other agent sees the SAME options, but in a DIFFERENT order.

Sound Levels
Options: Scream, Murmur, Shout, Whisper

Which option do you choose? Respond with the exact option text.",Whisper,Whisper,True
Texture Words,"[""Smooth"", ""Rough"", ""Soft"", ""Hard""]","[""Soft"", ""Rough"", ""Smooth"", ""Hard""]","[""Rough"", ""Soft"", ""Hard"", ""Smooth""]","You are playing a coordination game with another agent.
If you both select the SAME option, you each get $1.
You cannot communicate - you must try to coordinate.
Note: The other agent sees the SAME options, but in a DIFFERENT order.

Texture Words
Options: Soft, Rough, Smooth, Hard

Which option do you choose? Respond with the exact option text.",Soft,Soft,"You are playing a coordination game with another agent.
If you both select the SAME option, you each get $1.
You cannot communicate - you must try to coordinate.
Note: The other agent sees the SAME options, but in a DIFFERENT order.

Texture Words
Options: Rough, Soft, Hard, Smooth

Which option do you choose? Respond with the exact option text.",Hard,Hard,False
明暗程度,"[""昏暗"", ""微光"", ""明亮"", ""刺眼""]","[""刺眼"", ""明亮"", ""微光"", ""昏暗""]","[""明亮"", ""昏暗"", ""刺眼"", ""微光""]","You are playing a coordination game with another agent.
If you both select the SAME option, you each get $1.
You cannot communicate - you must try to coordinate.
Note: The other agent sees the SAME options, but in a DIFFERENT order.

明暗程度
Options: 刺眼, 明亮, 微光, 昏暗

Which option do you choose? Respond with the exact option text.",明亮,明亮,"You are playing a coordination game with another agent.
If you both select the SAME option, you each get $1.
You cannot communicate - you must try to coordinate.
Note: The other agent sees the SAME options, but in a DIFFERENT order.

明暗程度
Options: 明亮, 昏暗, 刺眼, 微光

Which option do you choose? Respond with the exact option text.",明亮,明亮,True
声音大小,"[""耳语"", ""低语"", ""喊叫"", ""尖叫""]","[""尖叫"", ""耳语"", ""喊叫"", ""低语""]","[""低语"", ""喊叫"", ""耳语"", ""尖叫""]","You are playing a coordination game with another agent.
If you both select the SAME option, you each get $1.
You cannot communicate - you must try to coordinate.
Note: The other agent sees the SAME options, but in a DIFFERENT order.

声音大小
Options: 尖叫, 耳语, 喊叫, 低语

Which option do you choose? Respond with the exact option text.",喊叫,喊叫,"You are playing a coordination game with another agent.
If you both select the SAME option, you each get $1.
You cannot communicate - you must try to coordinate.
Note: The other agent sees the SAME options, but in a DIFFERENT order.

声音大小
Options: 低语, 喊叫, 耳语, 尖叫

Which option do you choose? Respond with the exact option text.",喊叫,喊叫,True
质感,"[""光滑"", ""粗糙"", ""柔软"", ""坚硬""]","[""柔软"", ""粗糙"", ""坚硬"", ""光滑""]","[""坚硬"", ""粗糙"", ""柔软"", ""光滑""]","You are playing a coordination game with another agent.
If you both select the SAME option, you each get $1.
You cannot communicate - you must try to coordinate.
Note: The other agent sees the SAME options, but in a DIFFERENT order.

质感
Options: 柔软, 粗糙, 坚硬, 光滑

Which option do you choose? Respond with the exact option text.",光滑,光滑,"You are playing a coordination game with another agent.
If you both select the SAME option, you each get $1.
You cannot communicate - you must try to coordinate.
Note: The other agent sees the SAME options, but in a DIFFERENT order.

质感
Options: 坚硬, 粗糙, 柔软, 光滑

Which option do you choose? Respond with the exact option text.",光滑,光滑,True
线条类型,"[""直线"", ""曲线"", ""折线"", ""螺旋""]","[""螺旋"", ""折线"", ""曲线"", ""直线""]","[""曲线"", ""直线"", ""螺旋"", ""折线""]","You are playing a coordination game with another agent.
If you both select the SAME option, you each get $1.
You cannot communicate - you must try to coordinate.
Note: The other agent sees the SAME options, but in a DIFFERENT order.

线条类型
Options: 螺旋, 折线, 曲线, 直线

Which option do you choose? Respond with the exact option text.",螺旋,螺旋,"You are playing a coordination game with another agent.
If you both select the SAME option, you each get $1.
You cannot communicate - you must try to coordinate.
Note: The other agent sees the SAME options, but in a DIFFERENT order.

线条类型
Options: 曲线, 直线, 螺旋, 折线

Which option do you choose? Respond with the exact option text.",直线,直线,False
亮度级别,"[""暗淡"", ""微亮"", ""明亮"", ""耀眼""]","[""明亮"", ""微亮"", ""耀眼"", ""暗淡""]","[""明亮"", ""微亮"", ""耀眼"", ""暗淡""]","You are playing a coordination game with another agent.
If you both select the SAME option, you each get $1.
You cannot communicate - you must try to coordinate.
Note: The other agent sees the SAME options, but in a DIFFERENT order.

亮度级别
Options: 明亮, 微亮, 耀眼, 暗淡

Which option do you choose? Respond with the exact option text.",明亮,明亮,"You are playing a coordination game with another agent.
If you both select the SAME option, you each get $1.
You cannot communicate - you must try to coordinate.
Note: The other agent sees the SAME options, but in a DIFFERENT order.

亮度级别
Options: 明亮, 微亮, 耀眼, 暗淡

Which option do you choose? Respond with the exact option text.",明亮,明亮,True
Basic Patterns,"[""Stripe"", ""Dot"", ""Check"", ""Wave""]","[""Dot"", ""Wave"", ""Check"", ""Stripe""]","[""Dot"", ""Stripe"", ""Wave"", ""Check""]","You are playing a coordination game with another agent.
If you both select the SAME option, you each get $1.
You cannot communicate - you must try to coordinate.
Note: The other agent sees the SAME options, but in a DIFFERENT order.

Basic Patterns
Options: Dot, Wave, Check, Stripe

Which option do you choose? Respond with the exact option text.",Dot,Dot,"You are playing a coordination game with another agent.
If you both select the SAME option, you each get $1.
You cannot communicate - you must try to coordinate.
Note: The other agent sees the SAME options, but in a DIFFERENT order.

Basic Patterns
Options: Dot, Stripe, Wave, Check

Which option do you choose? Respond with the exact option text.",Check,Check,False
Line Types,"[""Straight"", ""Curved"", ""Zigzag"", ""Spiral""]","[""Curved"", ""Straight"", ""Zigzag"", ""Spiral""]","[""Curved"", ""Zigzag"", ""Spiral"", ""Straight""]","You are playing a coordination game with another agent.
If you both select the SAME option, you each get $1.
You cannot communicate - you must try to coordinate.
Note: The other agent sees the SAME options, but in a DIFFERENT order.

Line Types
Options: Curved, Straight, Zigzag, Spiral

Which option do you choose? Respond with the exact option text.",Straight,Straight,"You are playing a coordination game with another agent.
If you both select the SAME option, you each get $1.
You cannot communicate - you must try to coordinate.
Note: The other agent sees the SAME options, but in a DIFFERENT order.

Line Types
Options: Curved, Zigzag, Spiral, Straight

Which option do you choose? Respond with the exact option text.",Straight,Straight,True
Depth Levels,"[""Surface"", ""Shallow"", ""Deep"", ""Bottomless""]","[""Bottomless"", ""Surface"", ""Shallow"", ""Deep""]","[""Bottomless"", ""Deep"", ""Surface"", ""Shallow""]","You are playing a coordination game with another agent.
If you both select the SAME option, you each get $1.
You cannot communicate - you must try to coordinate.
Note: The other agent sees the SAME options, but in a DIFFERENT order.

Depth Levels
Options: Bottomless, Surface, Shallow, Deep

Which option do you choose? Respond with the exact option text.",Surface,Surface,"You are playing a coordination game with another agent.
If you both select the SAME option, you each get $1.
You cannot communicate - you must try to coordinate.
Note: The other agent sees the SAME options, but in a DIFFERENT order.

Depth Levels
Options: Bottomless, Deep, Surface, Shallow

Which option do you choose? Respond with the exact option text.",Bottomless,Bottomless,False
Brightness Levels,"[""Dim"", ""Glow"", ""Bright"", ""Blinding""]","[""Blinding"", ""Dim"", ""Bright"", ""Glow""]","[""Glow"", ""Blinding"", ""Dim"", ""Bright""]","You are playing a coordination game with another agent.
If you both select the SAME option, you each get $1.
You cannot communicate - you must try to coordinate.
Note: The other agent sees the SAME options, but in a DIFFERENT order.

Brightness Levels
Options: Blinding, Dim, Bright, Glow

Which option do you choose? Respond with the exact option text.",Bright,Bright,"You are playing a coordination game with another agent.
If you both select the SAME option, you each get $1.
You cannot communicate - you must try to coordinate.
Note: The other agent sees the SAME options, but in a DIFFERENT order.

Brightness Levels
Options: Glow, Blinding, Dim, Bright

Which option do you choose? Respond with the exact option text.",Bright,Bright,True
Color Families,"[""Red"", ""Blue"", ""Green"", ""Black""]","[""Red"", ""Black"", ""Blue"", ""Green""]","[""Black"", ""Blue"", ""Red"", ""Green""]","You are playing a coordination game with another agent.
If you both select the SAME option, you each get $1.
You cannot communicate - you must try to coordinate.
Note: The other agent sees the SAME options, but in a DIFFERENT order.

Color Families
Options: Red, Black, Blue, Green

Which option do you choose? Respond with the exact option text.",Red,Red,"You are playing a coordination game with another agent.
If you both select the SAME option, you each get $1.
You cannot communicate - you must try to coordinate.
Note: The other agent sees the SAME options, but in a DIFFERENT order.

Color Families
Options: Black, Blue, Red, Green

Which option do you choose? Respond with the exact option text.",Black,Black,False
深浅程度,"[""表面"", ""浅"", ""深"", ""极深""]","[""极深"", ""浅"", ""深"", ""表面""]","[""极深"", ""深"", ""浅"", ""表面""]","You are playing a coordination game with another agent.
If you both select the SAME option, you each get $1.
You cannot communicate - you must try to coordinate.
Note: The other agent sees the SAME options, but in a DIFFERENT order.

深浅程度
Options: 极深, 浅, 深, 表面

Which option do you choose? Respond with the exact option text.",深,深,"You are playing a coordination game with another agent.
If you both select the SAME option, you each get $1.
You cannot communicate - you must try to coordinate.
Note: The other agent sees the SAME options, but in a DIFFERENT order.

深浅程度
Options: 极深, 深, 浅, 表面

Which option do you choose? Respond with the exact option text.",深,深,True
图案,"[""条纹"", ""圆点"", ""格子"", ""波浪""]","[""格子"", ""条纹"", ""波浪"", ""圆点""]","[""条纹"", ""波浪"", ""圆点"", ""格子""]","You are playing a coordination game with another agent.
If you both select the SAME option, you each get $1.
You cannot communicate - you must try to coordinate.
Note: The other agent sees the SAME options, but in a DIFFERENT order.

图案
Options: 格子, 条纹, 波浪, 圆点

Which option do you choose? Respond with the exact option text.",格子,格子,"You are playing a coordination game with another agent.
If you both select the SAME option, you each get $1.
You cannot communicate - you must try to coordinate.
Note: The other agent sees the SAME options, but in a DIFFERENT order.

图案
Options: 条纹, 波浪, 圆点, 格子

Which option do you choose? Respond with the exact option text.",条纹,条纹,False
颜色系列,"[""红色"", ""蓝色"", ""绿色"", ""黑色""]","[""红色"", ""蓝色"", ""黑色"", ""绿色""]","[""蓝色"", ""红色"", ""绿色"", ""黑色""]","You are playing a coordination game with another agent.
If you both select the SAME option, you each get $1.
You cannot communicate - you must try to coordinate.
Note: The other agent sees the SAME options, but in a DIFFERENT order.

颜色系列
Options: 红色, 蓝色, 黑色, 绿色

Which option do you choose? Respond with the exact option text.",红色,红色,"You are playing a coordination game with another agent.
If you both select the SAME option, you each get $1.
You cannot communicate - you must try to coordinate.
Note: The other agent sees the SAME options, but in a DIFFERENT order.

颜色系列
Options: 蓝色, 红色, 绿色, 黑色

Which option do you choose? Respond with the exact option text.",红色,红色,True
光线,"[""晨光"", ""暮光"", ""正午"", ""午夜""]","[""午夜"", ""正午"", ""晨光"", ""暮光""]","[""晨光"", ""正午"", ""暮光"", ""午夜""]","You are playing a coordination game with another agent.
If you both select the SAME option, you each get $1.
You cannot communicate - you must try to coordinate.
Note: The other agent sees the SAME options, but in a DIFFERENT order.

光线
Options: 午夜, 正午, 晨光, 暮光

Which option do you choose? Respond with the exact option text.",正午,正午,"You are playing a coordination game with another agent.
If you both select the SAME option, you each get $1.
You cannot communicate - you must try to coordinate.
Note: The other agent sees the SAME options, but in a DIFFERENT order.

光线
Options: 晨光, 正午, 暮光, 午夜

Which option do you choose? Respond with the exact option text.",正午,正午,True
声音频率,"[""低沉"", ""柔和"", ""响亮"", ""尖锐""]","[""尖锐"", ""低沉"", ""响亮"", ""柔和""]","[""低沉"", ""响亮"", ""柔和"", ""尖锐""]","You are playing a coordination game with another agent.
If you both select the SAME option, you each get $1.
You cannot communicate - you must try to coordinate.
Note: The other agent sees the SAME options, but in a DIFFERENT order.

声音频率
Options: 尖锐, 低沉, 响亮, 柔和

Which option do you choose? Respond with the exact option text.",低沉,低沉,"You are playing a coordination game with another agent.
If you both select the SAME option, you each get $1.
You cannot communicate - you must try to coordinate.
Note: The other agent sees the SAME options, but in a DIFFERENT order.

声音频率
Options: 低沉, 响亮, 柔和, 尖锐

Which option do you choose? Respond with the exact option text.",低沉,低沉,True
Single Digit Numbers,"[""7"", ""3"", ""5"", ""9""]","[""5"", ""3"", ""9"", ""7""]","[""5"", ""9"", ""7"", ""3""]","You are playing a coordination game with another agent.
If you both select the SAME option, you each get $1.
You cannot communicate - you must try to coordinate.
Note: The other agent sees the SAME options, but in a DIFFERENT order.

Single Digit Numbers
Options: 5, 3, 9, 7

Which option do you choose? Respond with the exact option text.",9,9,"You are playing a coordination game with another agent.
If you both select the SAME option, you each get $1.
You cannot communicate - you must try to coordinate.
Note: The other agent sees the SAME options, but in a DIFFERENT order.

Single Digit Numbers
Options: 5, 9, 7, 3

Which option do you choose? Respond with the exact option text.",9,9,True
Round Numbers,"[""10"", ""50"", ""100"", ""1000""]","[""10"", ""100"", ""50"", ""1000""]","[""50"", ""10"", ""1000"", ""100""]","You are playing a coordination game with another agent.
If you both select the SAME option, you each get $1.
You cannot communicate - you must try to coordinate.
Note: The other agent sees the SAME options, but in a DIFFERENT order.

Round Numbers
Options: 10, 100, 50, 1000

Which option do you choose? Respond with the exact option text.",100,100,"You are playing a coordination game with another agent.
If you both select the SAME option, you each get $1.
You cannot communicate - you must try to coordinate.
Note: The other agent sees the SAME options, but in a DIFFERENT order.

Round Numbers
Options: 50, 10, 1000, 100

Which option do you choose? Respond with the exact option text.",1000,1000,False
Lucky Numbers,"[""7"", ""8"", ""3"", ""11""]","[""7"", ""11"", ""3"", ""8""]","[""8"", ""11"", ""7"", ""3""]","You are playing a coordination game with another agent.
If you both select the SAME option, you each get $1.
You cannot communicate - you must try to coordinate.
Note: The other agent sees the SAME options, but in a DIFFERENT order.

Lucky Numbers
Options: 7, 11, 3, 8

Which option do you choose? Respond with the exact option text.",7,7,"You are playing a coordination game with another agent.
If you both select the SAME option, you each get $1.
You cannot communicate - you must try to coordinate.
Note: The other agent sees the SAME options, but in a DIFFERENT order.

Lucky Numbers
Options: 8, 11, 7, 3

Which option do you choose? Respond with the exact option text.",7,7,True
Even Numbers,"[""2"", ""4"", ""6"", ""8""]","[""2"", ""6"", ""4"", ""8""]","[""4"", ""6"", ""2"", ""8""]","You are playing a coordination game with another agent.
If you both select the SAME option, you each get $1.
You cannot communicate - you must try to coordinate.
Note: The other agent sees the SAME options, but in a DIFFERENT order.

Even Numbers
Options: 2, 6, 4, 8

Which option do you choose? Respond with the exact option text.",2,2,"You are playing a coordination game with another agent.
If you both select the SAME option, you each get $1.
You cannot communicate - you must try to coordinate.
Note: The other agent sees the SAME options, but in a DIFFERENT order.

Even Numbers
Options: 4, 6, 2, 8

Which option do you choose? Respond with the exact option text.",2,2,True
Odd Numbers,"[""3"", ""5"", ""7"", ""9""]","[""7"", ""3"", ""9"", ""5""]","[""3"", ""7"", ""5"", ""9""]","You are playing a coordination game with another agent.
If you both select the SAME option, you each get $1.
You cannot communicate - you must try to coordinate.
Note: The other agent sees the SAME options, but in a DIFFERENT order.

Odd Numbers
Options: 7, 3, 9, 5

Which option do you choose? Respond with the exact option text.",3,3,"You are playing a coordination game with another agent.
If you both select the SAME option, you each get $1.
You cannot communicate - you must try to coordinate.
Note: The other agent sees the SAME options, but in a DIFFERENT order.

Odd Numbers
Options: 3, 7, 5, 9

Which option do you choose? Respond with the exact option text.",3,3,True
个位数字,"[""7"", ""3"", ""5"", ""9""]","[""7"", ""9"", ""3"", ""5""]","[""7"", ""3"", ""5"", ""9""]","You are playing a coordination game with another agent.
If you both select the SAME option, you each get $1.
You cannot communicate - you must try to coordinate.
Note: The other agent sees the SAME options, but in a DIFFERENT order.

个位数字
Options: 7, 9, 3, 5

Which option do you choose? Respond with the exact option text.",5,5,"You are playing a coordination game with another agent.
If you both select the SAME option, you each get $1.
You cannot communicate - you must try to coordinate.
Note: The other agent sees the SAME options, but in a DIFFERENT order.

个位数字
Options: 7, 3, 5, 9

Which option do you choose? Respond with the exact option text.",5,5,True
整数,"[""10"", ""50"", ""100"", ""1000""]","[""100"", ""50"", ""1000"", ""10""]","[""50"", ""10"", ""1000"", ""100""]","You are playing a coordination game with another agent.
If you both select the SAME option, you each get $1.
You cannot communicate - you must try to coordinate.
Note: The other agent sees the SAME options, but in a DIFFERENT order.

整数
Options: 100, 50, 1000, 10

Which option do you choose? Respond with the exact option text.",1000,1000,"You are playing a coordination game with another agent.
If you both select the SAME option, you each get $1.
You cannot communicate - you must try to coordinate.
Note: The other agent sees the SAME options, but in a DIFFERENT order.

整数
Options: 50, 10, 1000, 100

Which option do you choose? Respond with the exact option text.",1000,1000,True
幸运数字,"[""8"", ""6"", ""9"", ""3""]","[""3"", ""6"", ""8"", ""9""]","[""3"", ""8"", ""9"", ""6""]","You are playing a coordination game with another agent.
If you both select the SAME option, you each get $1.
You cannot communicate - you must try to coordinate.
Note: The other agent sees the SAME options, but in a DIFFERENT order.

幸运数字
Options: 3, 6, 8, 9

Which option do you choose? Respond with the exact option text.",8,8,"You are playing a coordination game with another agent.
If you both select the SAME option, you each get $1.
You cannot communicate - you must try to coordinate.
Note: The other agent sees the SAME options, but in a DIFFERENT order.

幸运数字
Options: 3, 8, 9, 6

Which option do you choose? Respond with the exact option text.",8,8,True
偶数,"[""2"", ""4"", ""6"", ""8""]","[""6"", ""4"", ""2"", ""8""]","[""6"", ""8"", ""2"", ""4""]","You are playing a coordination game with another agent.
If you both select the SAME option, you each get $1.
You cannot communicate - you must try to coordinate.
Note: The other agent sees the SAME options, but in a DIFFERENT order.

偶数
Options: 6, 4, 2, 8

Which option do you choose? Respond with the exact option text.",2,2,"You are playing a coordination game with another agent.
If you both select the SAME option, you each get $1.
You cannot communicate - you must try to coordinate.
Note: The other agent sees the SAME options, but in a DIFFERENT order.

偶数
Options: 6, 8, 2, 4

Which option do you choose? Respond with the exact option text.",2,2,True
奇数,"[""3"", ""5"", ""7"", ""9""]","[""5"", ""3"", ""9"", ""7""]","[""7"", ""3"", ""9"", ""5""]","You are playing a coordination game with another agent.
If you both select the SAME option, you each get $1.
You cannot communicate - you must try to coordinate.
Note: The other agent sees the SAME options, but in a DIFFERENT order.

奇数
Options: 5, 3, 9, 7

Which option do you choose? Respond with the exact option text.",9,9,"You are playing a coordination game with another agent.
If you both select the SAME option, you each get $1.
You cannot communicate - you must try to coordinate.
Note: The other agent sees the SAME options, but in a DIFFERENT order.

奇数
Options: 7, 3, 9, 5

Which option do you choose? Respond with the exact option text.",3,3,False
Times of Day,"[""Morning"", ""Afternoon"", ""Evening"", ""Night""]","[""Evening"", ""Afternoon"", ""Morning"", ""Night""]","[""Afternoon"", ""Night"", ""Evening"", ""Morning""]","You are playing a coordination game with another agent.
If you both select the SAME option, you each get $1.
You cannot communicate - you must try to coordinate.
Note: The other agent sees the SAME options, but in a DIFFERENT order.

Times of Day
Options: Evening, Afternoon, Morning, Night

Which option do you choose? Respond with the exact option text.",Morning,Morning,"You are playing a coordination game with another agent.
If you both select the SAME option, you each get $1.
You cannot communicate - you must try to coordinate.
Note: The other agent sees the SAME options, but in a DIFFERENT order.

Times of Day
Options: Afternoon, Night, Evening, Morning

Which option do you choose? Respond with the exact option text.",Morning,Morning,True
Days of the Week,"[""Monday"", ""Wednesday"", ""Friday"", ""Sunday""]","[""Friday"", ""Sunday"", ""Wednesday"", ""Monday""]","[""Wednesday"", ""Monday"", ""Sunday"", ""Friday""]","You are playing a coordination game with another agent.
If you both select the SAME option, you each get $1.
You cannot communicate - you must try to coordinate.
Note: The other agent sees the SAME options, but in a DIFFERENT order.

Days of the Week
Options: Friday, Sunday, Wednesday, Monday

Which option do you choose? Respond with the exact option text.",Monday,Monday,"You are playing a coordination game with another agent.
If you both select the SAME option, you each get $1.
You cannot communicate - you must try to coordinate.
Note: The other agent sees the SAME options, but in a DIFFERENT order.

Days of the Week
Options: Wednesday, Monday, Sunday, Friday

Which option do you choose? Respond with the exact option text.",Monday,Monday,True
Seasons,"[""Spring"", ""Summer"", ""Autumn"", ""Winter""]","[""Summer"", ""Spring"", ""Autumn"", ""Winter""]","[""Autumn"", ""Summer"", ""Winter"", ""Spring""]","You are playing a coordination game with another agent.
If you both select the SAME option, you each get $1.
You cannot communicate - you must try to coordinate.
Note: The other agent sees the SAME options, but in a DIFFERENT order.

Seasons
Options: Summer, Spring, Autumn, Winter

Which option do you choose? Respond with the exact option text.",Spring,Spring,"You are playing a coordination game with another agent.
If you both select the SAME option, you each get $1.
You cannot communicate - you must try to coordinate.
Note: The other agent sees the SAME options, but in a DIFFERENT order.

Seasons
Options: Autumn, Summer, Winter, Spring

Which option do you choose? Respond with the exact option text.",Autumn,Autumn,False
Months,"[""January"", ""June"", ""September"", ""December""]","[""January"", ""September"", ""June"", ""December""]","[""September"", ""January"", ""December"", ""June""]","You are playing a coordination game with another agent.
If you both select the SAME option, you each get $1.
You cannot communicate - you must try to coordinate.
Note: The other agent sees the SAME options, but in a DIFFERENT order.

Months
Options: January, September, June, December

Which option do you choose? Respond with the exact option text.",January,January,"You are playing a coordination game with another agent.
If you both select the SAME option, you each get $1.
You cannot communicate - you must try to coordinate.
Note: The other agent sees the SAME options, but in a DIFFERENT order.

Months
Options: September, January, December, June

Which option do you choose? Respond with the exact option text.",January,January,True
Basic Emotions,"[""Happy"", ""Sad"", ""Angry"", ""Afraid""]","[""Happy"", ""Sad"", ""Afraid"", ""Angry""]","[""Angry"", ""Afraid"", ""Sad"", ""Happy""]","You are playing a coordination game with another agent.
If you both select the SAME option, you each get $1.
You cannot communicate - you must try to coordinate.
Note: The other agent sees the SAME options, but in a DIFFERENT order.

Basic Emotions
Options: Happy, Sad, Afraid, Angry

Which option do you choose? Respond with the exact option text.",Happy,Happy,"You are playing a coordination game with another agent.
If you both select the SAME option, you each get $1.
You cannot communicate - you must try to coordinate.
Note: The other agent sees the SAME options, but in a DIFFERENT order.

Basic Emotions
Options: Angry, Afraid, Sad, Happy

Which option do you choose? Respond with the exact option text.",Happy,Happy,True
一天中的时间,"[""早上"", ""下午"", ""傍晚"", ""深夜""]","[""傍晚"", ""深夜"", ""早上"", ""下午""]","[""下午"", ""早上"", ""傍晚"", ""深夜""]","You are playing a coordination game with another agent.
If you both select the SAME option, you each get $1.
You cannot communicate - you must try to coordinate.
Note: The other agent sees the SAME options, but in a DIFFERENT order.

一天中的时间
Options: 傍晚, 深夜, 早上, 下午

Which option do you choose? Respond with the exact option text.",早上,早上,"You are playing a coordination game with another agent.
If you both select the SAME option, you each get $1.
You cannot communicate - you must try to coordinate.
Note: The other agent sees the SAME options, but in a DIFFERENT order.

一天中的时间
Options: 下午, 早上, 傍晚, 深夜

Which option do you choose? Respond with the exact option text.",早上,早上,True
一周的日子,"[""周一"", ""周三"", ""周五"", ""周日""]","[""周五"", ""周三"", ""周一"", ""周日""]","[""周日"", ""周五"", ""周一"", ""周三""]","You are playing a coordination game with another agent.
If you both select the SAME option, you each get $1.
You cannot communicate - you must try to coordinate.
Note: The other agent sees the SAME options, but in a DIFFERENT order.

一周的日子
Options: 周五, 周三, 周一, 周日

Which option do you choose? Respond with the exact option text.",周一,周一,"You are playing a coordination game with another agent.
If you both select the SAME option, you each get $1.
You cannot communicate - you must try to coordinate.
Note: The other agent sees the SAME options, but in a DIFFERENT order.

一周的日子
Options: 周日, 周五, 周一, 周三

Which option do you choose? Respond with the exact option text.",周一,周一,True
季节,"[""春天"", ""夏天"", ""秋天"", ""冬天""]","[""秋天"", ""夏天"", ""春天"", ""冬天""]","[""冬天"", ""夏天"", ""秋天"", ""春天""]","You are playing a coordination game with another agent.
If you both select the SAME option, you each get $1.
You cannot communicate - you must try to coordinate.
Note: The other agent sees the SAME options, but in a DIFFERENT order.

季节
Options: 秋天, 夏天, 春天, 冬天

Which option do you choose? Respond with the exact option text.",春天,春天,"You are playing a coordination game with another agent.
If you both select the SAME option, you each get $1.
You cannot communicate - you must try to coordinate.
Note: The other agent sees the SAME options, but in a DIFFERENT order.

季节
Options: 冬天, 夏天, 秋天, 春天

Which option do you choose? Respond with the exact option text.",春天,春天,True
月份,"[""一月"", ""六月"", ""九月"", ""十二月""]","[""一月"", ""九月"", ""十二月"", ""六月""]","[""六月"", ""一月"", ""九月"", ""十二月""]","You are playing a coordination game with another agent.
If you both select the SAME option, you each get $1.
You cannot communicate - you must try to coordinate.
Note: The other agent sees the SAME options, but in a DIFFERENT order.

月份
Options: 一月, 九月, 十二月, 六月

Which option do you choose? Respond with the exact option text.",一月,一月,"You are playing a coordination game with another agent.
If you both select the SAME option, you each get $1.
You cannot communicate - you must try to coordinate.
Note: The other agent sees the SAME options, but in a DIFFERENT order.

月份
Options: 六月, 一月, 九月, 十二月

Which option do you choose? Respond with the exact option text.",一月,一月,True
基本情绪,"[""开心"", ""难过"", ""生气"", ""害怕""]","[""开心"", ""难过"", ""生气"", ""害怕""]","[""难过"", ""开心"", ""害怕"", ""生气""]","You are playing a coordination game with another agent.
If you both select the SAME option, you each get $1.
You cannot communicate - you must try to coordinate.
Note: The other agent sees the SAME options, but in a DIFFERENT order.

基本情绪
Options: 开心, 难过, 生气, 害怕

Which option do you choose? Respond with the exact option text.",开心,开心,"You are playing a coordination game with another agent.
If you both select the SAME option, you each get $1.
You cannot communicate - you must try to coordinate.
Note: The other agent sees the SAME options, but in a DIFFERENT order.

基本情绪
Options: 难过, 开心, 害怕, 生气

Which option do you choose? Respond with the exact option text.",开心,开心,True
Positive Feelings,"[""Joy"", ""Love"", ""Hope"", ""Gratitude""]","[""Hope"", ""Love"", ""Gratitude"", ""Joy""]","[""Hope"", ""Gratitude"", ""Joy"", ""Love""]","You are playing a coordination game with another agent.
If you both select the SAME option, you each get $1.
You cannot communicate - you must try to coordinate.
Note: The other agent sees the SAME options, but in a DIFFERENT order.

Positive Feelings
Options: Hope, Love, Gratitude, Joy

Which option do you choose? Respond with the exact option text.",Love,Love,"You are playing a coordination game with another agent.
If you both select the SAME option, you each get $1.
You cannot communicate - you must try to coordinate.
Note: The other agent sees the SAME options, but in a DIFFERENT order.

Positive Feelings
Options: Hope, Gratitude, Joy, Love

Which option do you choose? Respond with the exact option text.",Love,Love,True
Negative Feelings,"[""Anger"", ""Sadness"", ""Fear"", ""Disgust""]","[""Disgust"", ""Sadness"", ""Fear"", ""Anger""]","[""Sadness"", ""Anger"", ""Disgust"", ""Fear""]","You are playing a coordination game with another agent.
If you both select the SAME option, you each get $1.
You cannot communicate - you must try to coordinate.
Note: The other agent sees the SAME options, but in a DIFFERENT order.

Negative Feelings
Options: Disgust, Sadness, Fear, Anger

Which option do you choose? Respond with the exact option text.",Anger,Anger,"You are playing a coordination game with another agent.
If you both select the SAME option, you each get $1.
You cannot communicate - you must try to coordinate.
Note: The other agent sees the SAME options, but in a DIFFERENT order.

Negative Feelings
Options: Sadness, Anger, Disgust, Fear

Which option do you choose? Respond with the exact option text.",Anger,Anger,True
Social Emotions,"[""Pride"", ""Shame"", ""Guilt"", ""Envy""]","[""Pride"", ""Shame"", ""Guilt"", ""Envy""]","[""Envy"", ""Guilt"", ""Pride"", ""Shame""]","You are playing a coordination game with another agent.
If you both select the SAME option, you each get $1.
You cannot communicate - you must try to coordinate.
Note: The other agent sees the SAME options, but in a DIFFERENT order.

Social Emotions
Options: Pride, Shame, Guilt, Envy

Which option do you choose? Respond with the exact option text.",Pride,Pride,"You are playing a coordination game with another agent.
If you both select the SAME option, you each get $1.
You cannot communicate - you must try to coordinate.
Note: The other agent sees the SAME options, but in a DIFFERENT order.

Social Emotions
Options: Envy, Guilt, Pride, Shame

Which option do you choose? Respond with the exact option text.",Pride,Pride,True
Calm Emotions,"[""Peace"", ""Contentment"", ""Serenity"", ""Relief""]","[""Contentment"", ""Relief"", ""Peace"", ""Serenity""]","[""Contentment"", ""Peace"", ""Relief"", ""Serenity""]","You are playing a coordination game with another agent.
If you both select the SAME option, you each get $1.
You cannot communicate - you must try to coordinate.
Note: The other agent sees the SAME options, but in a DIFFERENT order.

Calm Emotions
Options: Contentment, Relief, Peace, Serenity

Which option do you choose? Respond with the exact option text.",Peace,Peace,"You are playing a coordination game with another agent.
If you both select the SAME option, you each get $1.
You cannot communicate - you must try to coordinate.
Note: The other agent sees the SAME options, but in a DIFFERENT order.

Calm Emotions
Options: Contentment, Peace, Relief, Serenity

Which option do you choose? Respond with the exact option text.",Peace,Peace,True
Intense Emotions,"[""Rage"", ""Euphoria"", ""Terror"", ""Ecstasy""]","[""Terror"", ""Euphoria"", ""Ecstasy"", ""Rage""]","[""Euphoria"", ""Ecstasy"", ""Terror"", ""Rage""]","You are playing a coordination game with another agent.
If you both select the SAME option, you each get $1.
You cannot communicate - you must try to coordinate.
Note: The other agent sees the SAME options, but in a DIFFERENT order.

Intense Emotions
Options: Terror, Euphoria, Ecstasy, Rage

Which option do you choose? Respond with the exact option text.",Ecstasy,Ecstasy,"You are playing a coordination game with another agent.
If you both select the SAME option, you each get $1.
You cannot communicate - you must try to coordinate.
Note: The other agent sees the SAME options, but in a DIFFERENT order.

Intense Emotions
Options: Euphoria, Ecstasy, Terror, Rage

Which option do you choose? Respond with the exact option text.",Euphoria,Euphoria,False
积极情绪,"[""喜悦"", ""爱"", ""希望"", ""感恩""]","[""希望"", ""喜悦"", ""感恩"", ""爱""]","[""希望"", ""爱"", ""喜悦"", ""感恩""]","You are playing a coordination game with another agent.
If you both select the SAME option, you each get $1.
You cannot communicate - you must try to coordinate.
Note: The other agent sees the SAME options, but in a DIFFERENT order.

积极情绪
Options: 希望, 喜悦, 感恩, 爱

Which option do you choose? Respond with the exact option text.",爱,爱,"You are playing a coordination game with another agent.
If you both select the SAME option, you each get $1.
You cannot communicate - you must try to coordinate.
Note: The other agent sees the SAME options, but in a DIFFERENT order.

积极情绪
Options: 希望, 爱, 喜悦, 感恩

Which option do you choose? Respond with the exact option text.",爱,爱,True
消极情绪,"[""愤怒"", ""悲伤"", ""恐惧"", ""厌恶""]","[""愤怒"", ""恐惧"", ""悲伤"", ""厌恶""]","[""厌恶"", ""恐惧"", ""悲伤"", ""愤怒""]","You are playing a coordination game with another agent.
If you both select the SAME option, you each get $1.
You cannot communicate - you must try to coordinate.
Note: The other agent sees the SAME options, but in a DIFFERENT order.

消极情绪
Options: 愤怒, 恐惧, 悲伤, 厌恶

Which option do you choose? Respond with the exact option text.",愤怒,愤怒,"You are playing a coordination game with another agent.
If you both select the SAME option, you each get $1.
You cannot communicate - you must try to coordinate.
Note: The other agent sees the SAME options, but in a DIFFERENT order.

消极情绪
Options: 厌恶, 恐惧, 悲伤, 愤怒

Which option do you choose? Respond with the exact option text.",愤怒,愤怒,True
社会情绪,"[""骄傲"", ""羞耻"", ""内疚"", ""嫉妒""]","[""羞耻"", ""骄傲"", ""嫉妒"", ""内疚""]","[""骄傲"", ""内疚"", ""羞耻"", ""嫉妒""]","You are playing a coordination game with another agent.
If you both select the SAME option, you each get $1.
You cannot communicate - you must try to coordinate.
Note: The other agent sees the SAME options, but in a DIFFERENT order.

社会情绪
Options: 羞耻, 骄傲, 嫉妒, 内疚

Which option do you choose? Respond with the exact option text.",骄傲,骄傲,"You are playing a coordination game with another agent.
If you both select the SAME option, you each get $1.
You cannot communicate - you must try to coordinate.
Note: The other agent sees the SAME options, but in a DIFFERENT order.

社会情绪
Options: 骄傲, 内疚, 羞耻, 嫉妒

Which option do you choose? Respond with the exact option text.",骄傲,骄傲,True
平静情绪,"[""平和"", ""满足"", ""安宁"", ""释然""]","[""释然"", ""满足"", ""平和"", ""安宁""]","[""平和"", ""满足"", ""释然"", ""安宁""]","You are playing a coordination game with another agent.
If you both select the SAME option, you each get $1.
You cannot communicate - you must try to coordinate.
Note: The other agent sees the SAME options, but in a DIFFERENT order.

平静情绪
Options: 释然, 满足, 平和, 安宁

Which option do you choose? Respond with the exact option text.",平和,平和,"You are playing a coordination game with another agent.
If you both select the SAME option, you each get $1.
You cannot communicate - you must try to coordinate.
Note: The other agent sees the SAME options, but in a DIFFERENT order.

平静情绪
Options: 平和, 满足, 释然, 安宁

Which option do you choose? Respond with the exact option text.",平和,平和,True
强烈情绪,"[""暴怒"", ""狂喜"", ""恐惧"", ""兴奋""]","[""暴怒"", ""狂喜"", ""兴奋"", ""恐惧""]","[""兴奋"", ""暴怒"", ""狂喜"", ""恐惧""]","You are playing a coordination game with another agent.
If you both select the SAME option, you each get $1.
You cannot communicate - you must try to coordinate.
Note: The other agent sees the SAME options, but in a DIFFERENT order.

强烈情绪
Options: 暴怒, 狂喜, 兴奋, 恐惧

Which option do you choose? Respond with the exact option text.",兴奋,兴奋,"You are playing a coordination game with another agent.
If you both select the SAME option, you each get $1.
You cannot communicate - you must try to coordinate.
Note: The other agent sees the SAME options, but in a DIFFERENT order.

强烈情绪
Options: 兴奋, 暴怒, 狂喜, 恐惧

Which option do you choose? Respond with the exact option text.",兴奋,兴奋,True
Morning Hours,"[""6 AM"", ""7 AM"", ""8 AM"", ""9 AM""]","[""9 AM"", ""8 AM"", ""6 AM"", ""7 AM""]","[""9 AM"", ""6 AM"", ""7 AM"", ""8 AM""]","You are playing a coordination game with another agent.
If you both select the SAME option, you each get $1.
You cannot communicate - you must try to coordinate.
Note: The other agent sees the SAME options, but in a DIFFERENT order.

Morning Hours
Options: 9 AM, 8 AM, 6 AM, 7 AM

Which option do you choose? Respond with the exact option text.",9 AM,9 AM,"You are playing a coordination game with another agent.
If you both select the SAME option, you each get $1.
You cannot communicate - you must try to coordinate.
Note: The other agent sees the SAME options, but in a DIFFERENT order.

Morning Hours
Options: 9 AM, 6 AM, 7 AM, 8 AM

Which option do you choose? Respond with the exact option text.",6 AM,6 AM,False
Time Periods,"[""Hour"", ""Day"", ""Week"", ""Month""]","[""Month"", ""Hour"", ""Day"", ""Week""]","[""Hour"", ""Week"", ""Day"", ""Month""]","You are playing a coordination game with another agent.
If you both select the SAME option, you each get $1.
You cannot communicate - you must try to coordinate.
Note: The other agent sees the SAME options, but in a DIFFERENT order.

Time Periods
Options: Month, Hour, Day, Week

Which option do you choose? Respond with the exact option text.",Day,Day,"You are playing a coordination game with another agent.
If you both select the SAME option, you each get $1.
You cannot communicate - you must try to coordinate.
Note: The other agent sees the SAME options, but in a DIFFERENT order.

Time Periods
Options: Hour, Week, Day, Month

Which option do you choose? Respond with the exact option text.",Hour,Hour,False
Clock Times,"[""12:00"", ""3:00"", ""6:00"", ""9:00""]","[""9:00"", ""3:00"", ""6:00"", ""12:00""]","[""9:00"", ""6:00"", ""3:00"", ""12:00""]","You are playing a coordination game with another agent.
If you both select the SAME option, you each get $1.
You cannot communicate - you must try to coordinate.
Note: The other agent sees the SAME options, but in a DIFFERENT order.

Clock Times
Options: 9:00, 3:00, 6:00, 12:00

Which option do you choose? Respond with the exact option text.",12:00,12:00,"You are playing a coordination game with another agent.
If you both select the SAME option, you each get $1.
You cannot communicate - you must try to coordinate.
Note: The other agent sees the SAME options, but in a DIFFERENT order.

Clock Times
Options: 9:00, 6:00, 3:00, 12:00

Which option do you choose? Respond with the exact option text.",12:00,12:00,True
Holiday Seasons,"[""Christmas"", ""New Year"", ""Halloween"", ""Easter""]","[""Christmas"", ""Easter"", ""New Year"", ""Halloween""]","[""Halloween"", ""New Year"", ""Easter"", ""Christmas""]","You are playing a coordination game with another agent.
If you both select the SAME option, you each get $1.
You cannot communicate - you must try to coordinate.
Note: The other agent sees the SAME options, but in a DIFFERENT order.

Holiday Seasons
Options: Christmas, Easter, New Year, Halloween

Which option do you choose? Respond with the exact option text.",Christmas,Christmas,"You are playing a coordination game with another agent.
If you both select the SAME option, you each get $1.
You cannot communicate - you must try to coordinate.
Note: The other agent sees the SAME options, but in a DIFFERENT order.

Holiday Seasons
Options: Halloween, New Year, Easter, Christmas

Which option do you choose? Respond with the exact option text.",Christmas,Christmas,True
Year Divisions,"[""January"", ""April"", ""July"", ""October""]","[""October"", ""July"", ""April"", ""January""]","[""January"", ""October"", ""April"", ""July""]","You are playing a coordination game with another agent.
If you both select the SAME option, you each get $1.
You cannot communicate - you must try to coordinate.
Note: The other agent sees the SAME options, but in a DIFFERENT order.

Year Divisions
Options: October, July, April, January

Which option do you choose? Respond with the exact option text.",January,January,"You are playing a coordination game with another agent.
If you both select the SAME option, you each get $1.
You cannot communicate - you must try to coordinate.
Note: The other agent sees the SAME options, but in a DIFFERENT order.

Year Divisions
Options: January, October, April, July

Which option do you choose? Respond with the exact option text.",January,January,True
时段,"[""清晨"", ""上午"", ""下午"", ""傍晚""]","[""上午"", ""清晨"", ""下午"", ""傍晚""]","[""傍晚"", ""上午"", ""清晨"", ""下午""]","You are playing a coordination game with another agent.
If you both select the SAME option, you each get $1.
You cannot communicate - you must try to coordinate.
Note: The other agent sees the SAME options, but in a DIFFERENT order.

时段
Options: 上午, 清晨, 下午, 傍晚

Which option do you choose? Respond with the exact option text.",上午,上午,"You are playing a coordination game with another agent.
If you both select the SAME option, you each get $1.
You cannot communicate - you must try to coordinate.
Note: The other agent sees the SAME options, but in a DIFFERENT order.

时段
Options: 傍晚, 上午, 清晨, 下午

Which option do you choose? Respond with the exact option text.",上午,上午,True
时间单位,"[""小时"", ""天"", ""周"", ""月""]","[""小时"", ""周"", ""天"", ""月""]","[""周"", ""天"", ""小时"", ""月""]","You are playing a coordination game with another agent.
If you both select the SAME option, you each get $1.
You cannot communicate - you must try to coordinate.
Note: The other agent sees the SAME options, but in a DIFFERENT order.

时间单位
Options: 小时, 周, 天, 月

Which option do you choose? Respond with the exact option text.",小时,小时,"You are playing a coordination game with another agent.
If you both select the SAME option, you each get $1.
You cannot communicate - you must try to coordinate.
Note: The other agent sees the SAME options, but in a DIFFERENT order.

时间单位
Options: 周, 天, 小时, 月

Which option do you choose? Respond with the exact option text.",天,天,False
钟点,"[""12点"", ""3点"", ""6点"", ""9点""]","[""12点"", ""6点"", ""3点"", ""9点""]","[""9点"", ""6点"", ""12点"", ""3点""]","You are playing a coordination game with another agent.
If you both select the SAME option, you each get $1.
You cannot communicate - you must try to coordinate.
Note: The other agent sees the SAME options, but in a DIFFERENT order.

钟点
Options: 12点, 6点, 3点, 9点

Which option do you choose? Respond with the exact option text.",12点,12点,"You are playing a coordination game with another agent.
If you both select the SAME option, you each get $1.
You cannot communicate - you must try to coordinate.
Note: The other agent sees the SAME options, but in a DIFFERENT order.

钟点
Options: 9点, 6点, 12点, 3点

Which option do you choose? Respond with the exact option text.",12点,12点,True
节气,"[""立春"", ""清明"", ""立秋"", ""冬至""]","[""冬至"", ""清明"", ""立春"", ""立秋""]","[""冬至"", ""立秋"", ""清明"", ""立春""]","You are playing a coordination game with another agent.
If you both select the SAME option, you each get $1.
You cannot communicate - you must try to coordinate.
Note: The other agent sees the SAME options, but in a DIFFERENT order.

节气
Options: 冬至, 清明, 立春, 立秋

Which option do you choose? Respond with the exact option text.",立春,立春,"You are playing a coordination game with another agent.
If you both select the SAME option, you each get $1.
You cannot communicate - you must try to coordinate.
Note: The other agent sees the SAME options, but in a DIFFERENT order.

节气
Options: 冬至, 立秋, 清明, 立春

Which option do you choose? Respond with the exact option text.",清明,清明,False
年份划分,"[""正月"", ""四月"", ""七月"", ""十月""]","[""正月"", ""七月"", ""十月"", ""四月""]","[""十月"", ""正月"", ""四月"", ""七月""]","You are playing a coordination game with another agent.
If you both select the SAME option, you each get $1.
You cannot communicate - you must try to coordinate.
Note: The other agent sees the SAME options, but in a DIFFERENT order.

年份划分
Options: 正月, 七月, 十月, 四月

Which option do you choose? Respond with the exact option text.",正月,正月,"You are playing a coordination game with another agent.
If you both select the SAME option, you each get $1.
You cannot communicate - you must try to coordinate.
Note: The other agent sees the SAME options, but in a DIFFERENT order.

年份划分
Options: 十月, 正月, 四月, 七月

Which option do you choose? Respond with the exact option text.",正月,正月,True
Farm Animals,"[""Cow"", ""Pig"", ""Sheep"", ""Chicken""]","[""Sheep"", ""Chicken"", ""Cow"", ""Pig""]","[""Chicken"", ""Pig"", ""Cow"", ""Sheep""]","You are playing a coordination game with another agent.
If you both select the SAME option, you each get $1.
You cannot communicate - you must try to coordinate.
Note: The other agent sees the SAME options, but in a DIFFERENT order.

Farm Animals
Options: Sheep, Chicken, Cow, Pig

Which option do you choose? Respond with the exact option text.",Chicken,Chicken,"You are playing a coordination game with another agent.
If you both select the SAME option, you each get $1.
You cannot communicate - you must try to coordinate.
Note: The other agent sees the SAME options, but in a DIFFERENT order.

Farm Animals
Options: Chicken, Pig, Cow, Sheep

Which option do you choose? Respond with the exact option text.",Chicken,Chicken,True
Wild Animals,"[""Lion"", ""Elephant"", ""Tiger"", ""Bear""]","[""Tiger"", ""Bear"", ""Elephant"", ""Lion""]","[""Bear"", ""Lion"", ""Elephant"", ""Tiger""]","You are playing a coordination game with another agent.
If you both select the SAME option, you each get $1.
You cannot communicate - you must try to coordinate.
Note: The other agent sees the SAME options, but in a DIFFERENT order.

Wild Animals
Options: Tiger, Bear, Elephant, Lion

Which option do you choose? Respond with the exact option text.",Lion,Lion,"You are playing a coordination game with another agent.
If you both select the SAME option, you each get $1.
You cannot communicate - you must try to coordinate.
Note: The other agent sees the SAME options, but in a DIFFERENT order.

Wild Animals
Options: Bear, Lion, Elephant, Tiger

Which option do you choose? Respond with the exact option text.",Bear,Bear,False
Pet Animals,"[""Dog"", ""Cat"", ""Fish"", ""Hamster""]","[""Dog"", ""Cat"", ""Hamster"", ""Fish""]","[""Hamster"", ""Cat"", ""Dog"", ""Fish""]","You are playing a coordination game with another agent.
If you both select the SAME option, you each get $1.
You cannot communicate - you must try to coordinate.
Note: The other agent sees the SAME options, but in a DIFFERENT order.

Pet Animals
Options: Dog, Cat, Hamster, Fish

Which option do you choose? Respond with the exact option text.",Dog,Dog,"You are playing a coordination game with another agent.
If you both select the SAME option, you each get $1.
You cannot communicate - you must try to coordinate.
Note: The other agent sees the SAME options, but in a DIFFERENT order.

Pet Animals
Options: Hamster, Cat, Dog, Fish

Which option do you choose? Respond with the exact option text.",Dog,Dog,True
Sea Animals,"[""Dolphin"", ""Shark"", ""Whale"", ""Octopus""]","[""Dolphin"", ""Octopus"", ""Whale"", ""Shark""]","[""Dolphin"", ""Whale"", ""Octopus"", ""Shark""]","You are playing a coordination game with another agent.
If you both select the SAME option, you each get $1.
You cannot communicate - you must try to coordinate.
Note: The other agent sees the SAME options, but in a DIFFERENT order.

Sea Animals
Options: Dolphin, Octopus, Whale, Shark

Which option do you choose? Respond with the exact option text.",Dolphin,Dolphin,"You are playing a coordination game with another agent.
If you both select the SAME option, you each get $1.
You cannot communicate - you must try to coordinate.
Note: The other agent sees the SAME options, but in a DIFFERENT order.

Sea Animals
Options: Dolphin, Whale, Octopus, Shark

Which option do you choose? Respond with the exact option text.",Dolphin,Dolphin,True
Flying Animals,"[""Eagle"", ""Owl"", ""Parrot"", ""Sparrow""]","[""Owl"", ""Sparrow"", ""Eagle"", ""Parrot""]","[""Eagle"", ""Owl"", ""Sparrow"", ""Parrot""]","You are playing a coordination game with another agent.
If you both select the SAME option, you each get $1.
You cannot communicate - you must try to coordinate.
Note: The other agent sees the SAME options, but in a DIFFERENT order.

Flying Animals
Options: Owl, Sparrow, Eagle, Parrot

Which option do you choose? Respond with the exact option text.",Eagle,Eagle,"You are playing a coordination game with another agent.
If you both select the SAME option, you each get $1.
You cannot communicate - you must try to coordinate.
Note: The other agent sees the SAME options, but in a DIFFERENT order.

Flying Animals
Options: Eagle, Owl, Sparrow, Parrot

Which option do you choose? Respond with the exact option text.",Eagle,Eagle,True
农场动物,"[""牛"", ""猪"", ""羊"", ""鸡""]","[""鸡"", ""猪"", ""牛"", ""羊""]","[""牛"", ""猪"", ""鸡"", ""羊""]","You are playing a coordination game with another agent.
If you both select the SAME option, you each get $1.
You cannot communicate - you must try to coordinate.
Note: The other agent sees the SAME options, but in a DIFFERENT order.

农场动物
Options: 鸡, 猪, 牛, 羊

Which option do you choose? Respond with the exact option text.",鸡,鸡,"You are playing a coordination game with another agent.
If you both select the SAME option, you each get $1.
You cannot communicate - you must try to coordinate.
Note: The other agent sees the SAME options, but in a DIFFERENT order.

农场动物
Options: 牛, 猪, 鸡, 羊

Which option do you choose? Respond with the exact option text.",牛,牛,False
野生动物,"[""狮子"", ""大象"", ""老虎"", ""熊""]","[""大象"", ""熊"", ""老虎"", ""狮子""]","[""老虎"", ""狮子"", ""熊"", ""大象""]","You are playing a coordination game with another agent.
If you both select the SAME option, you each get $1.
You cannot communicate - you must try to coordinate.
Note: The other agent sees the SAME options, but in a DIFFERENT order.

野生动物
Options: 大象, 熊, 老虎, 狮子

Which option do you choose? Respond with the exact option text.",狮子,狮子,"You are playing a coordination game with another agent.
If you both select the SAME option, you each get $1.
You cannot communicate - you must try to coordinate.
Note: The other agent sees the SAME options, but in a DIFFERENT order.

野生动物
Options: 老虎, 狮子, 熊, 大象

Which option do you choose? Respond with the exact option text.",老虎,老虎,False
宠物,"[""狗"", ""猫"", ""鱼"", ""仓鼠""]","[""狗"", ""鱼"", ""仓鼠"", ""猫""]","[""猫"", ""鱼"", ""仓鼠"", ""狗""]","You are playing a coordination game with another agent.
If you both select the SAME option, you each get $1.
You cannot communicate - you must try to coordinate.
Note: The other agent sees the SAME options, but in a DIFFERENT order.

宠物
Options: 狗, 鱼, 仓鼠, 猫

Which option do you choose? Respond with the exact option text.",狗,狗,"You are playing a coordination game with another agent.
If you both select the SAME option, you each get $1.
You cannot communicate - you must try to coordinate.
Note: The other agent sees the SAME options, but in a DIFFERENT order.

宠物
Options: 猫, 鱼, 仓鼠, 狗

Which option do you choose? Respond with the exact option text.",猫,猫,False
海洋动物,"[""海豚"", ""鲨鱼"", ""鲸鱼"", ""章鱼""]","[""鲨鱼"", ""章鱼"", ""鲸鱼"", ""海豚""]","[""鲸鱼"", ""鲨鱼"", ""海豚"", ""章鱼""]","You are playing a coordination game with another agent.
If you both select the SAME option, you each get $1.
You cannot communicate - you must try to coordinate.
Note: The other agent sees the SAME options, but in a DIFFERENT order.

海洋动物
Options: 鲨鱼, 章鱼, 鲸鱼, 海豚

Which option do you choose? Respond with the exact option text.",鲨鱼,鲨鱼,"You are playing a coordination game with another agent.
If you both select the SAME option, you each get $1.
You cannot communicate - you must try to coordinate.
Note: The other agent sees the SAME options, but in a DIFFERENT order.

海洋动物
Options: 鲸鱼, 鲨鱼, 海豚, 章鱼

Which option do you choose? Respond with the exact option text.",鲸鱼,鲸鱼,False
飞行动物,"[""鹰"", ""猫头鹰"", ""鹦鹉"", ""麻雀""]","[""麻雀"", ""鹦鹉"", ""猫头鹰"", ""鹰""]","[""猫头鹰"", ""鹰"", ""麻雀"", ""鹦鹉""]","You are playing a coordination game with another agent.
If you both select the SAME option, you each get $1.
You cannot communicate - you must try to coordinate.
Note: The other agent sees the SAME options, but in a DIFFERENT order.

飞行动物
Options: 麻雀, 鹦鹉, 猫头鹰, 鹰

Which option do you choose? Respond with the exact option text.",鹰,鹰,"You are playing a coordination game with another agent.
If you both select the SAME option, you each get $1.
You cannot communicate - you must try to coordinate.
Note: The other agent sees the SAME options, but in a DIFFERENT order.

飞行动物
Options: 猫头鹰, 鹰, 麻雀, 鹦鹉

Which option do you choose? Respond with the exact option text.",鹰,鹰,True
Garden Flowers,"[""Rose"", ""Tulip"", ""Daisy"", ""Lily""]","[""Rose"", ""Daisy"", ""Tulip"", ""Lily""]","[""Lily"", ""Daisy"", ""Rose"", ""Tulip""]","You are playing a coordination game with another agent.
If you both select the SAME option, you each get $1.
You cannot communicate - you must try to coordinate.
Note: The other agent sees the SAME options, but in a DIFFERENT order.

Garden Flowers
Options: Rose, Daisy, Tulip, Lily

Which option do you choose? Respond with the exact option text.",Rose,Rose,"You are playing a coordination game with another agent.
If you both select the SAME option, you each get $1.
You cannot communicate - you must try to coordinate.
Note: The other agent sees the SAME options, but in a DIFFERENT order.

Garden Flowers
Options: Lily, Daisy, Rose, Tulip

Which option do you choose? Respond with the exact option text.",Rose,Rose,True
Trees,"[""Oak"", ""Pine"", ""Maple"", ""Birch""]","[""Oak"", ""Maple"", ""Pine"", ""Birch""]","[""Birch"", ""Pine"", ""Oak"", ""Maple""]","You are playing a coordination game with another agent.
If you both select the SAME option, you each get $1.
You cannot communicate - you must try to coordinate.
Note: The other agent sees the SAME options, but in a DIFFERENT order.

Trees
Options: Oak, Maple, Pine, Birch

Which option do you choose? Respond with the exact option text.",Birch,Birch,"You are playing a coordination game with another agent.
If you both select the SAME option, you each get $1.
You cannot communicate - you must try to coordinate.
Note: The other agent sees the SAME options, but in a DIFFERENT order.

Trees
Options: Birch, Pine, Oak, Maple

Which option do you choose? Respond with the exact option text.",Birch,Birch,True
Indoor Plants,"[""Cactus"", ""Fern"", ""Orchid"", ""Aloe""]","[""Orchid"", ""Aloe"", ""Fern"", ""Cactus""]","[""Aloe"", ""Orchid"", ""Fern"", ""Cactus""]","You are playing a coordination game with another agent.
If you both select the SAME option, you each get $1.
You cannot communicate - you must try to coordinate.
Note: The other agent sees the SAME options, but in a DIFFERENT order.

Indoor Plants
Options: Orchid, Aloe, Fern, Cactus

Which option do you choose? Respond with the exact option text.",Orchid,Orchid,"You are playing a coordination game with another agent.
If you both select the SAME option, you each get $1.
You cannot communicate - you must try to coordinate.
Note: The other agent sees the SAME options, but in a DIFFERENT order.

Indoor Plants
Options: Aloe, Orchid, Fern, Cactus

Which option do you choose? Respond with the exact option text.",Aloe,Aloe,False
Wildflowers,"[""Dandelion"", ""Sunflower"", ""Lavender"", ""Poppy""]","[""Lavender"", ""Poppy"", ""Dandelion"", ""Sunflower""]","[""Lavender"", ""Dandelion"", ""Sunflower"", ""Poppy""]","You are playing a coordination game with another agent.
If you both select the SAME option, you each get $1.
You cannot communicate - you must try to coordinate.
Note: The other agent sees the SAME options, but in a DIFFERENT order.

Wildflowers
Options: Lavender, Poppy, Dandelion, Sunflower

Which option do you choose? Respond with the exact option text.",Dandelion,Dandelion,"You are playing a coordination game with another agent.
If you both select the SAME option, you each get $1.
You cannot communicate - you must try to coordinate.
Note: The other agent sees the SAME options, but in a DIFFERENT order.

Wildflowers
Options: Lavender, Dandelion, Sunflower, Poppy

Which option do you choose? Respond with the exact option text.",Sunflower,Sunflower,False
Shrubs,"[""Hedge"", ""Azalea"", ""Hydrangea"", ""Bamboo""]","[""Bamboo"", ""Azalea"", ""Hydrangea"", ""Hedge""]","[""Hydrangea"", ""Azalea"", ""Bamboo"", ""Hedge""]","You are playing a coordination game with another agent.
If you both select the SAME option, you each get $1.
You cannot communicate - you must try to coordinate.
Note: The other agent sees the SAME options, but in a DIFFERENT order.

Shrubs
Options: Bamboo, Azalea, Hydrangea, Hedge

Which option do you choose? Respond with the exact option text.",Azalea,Azalea,"You are playing a coordination game with another agent.
If you both select the SAME option, you each get $1.
You cannot communicate - you must try to coordinate.
Note: The other agent sees the SAME options, but in a DIFFERENT order.

Shrubs
Options: Hydrangea, Azalea, Bamboo, Hedge

Which option do you choose? Respond with the exact option text.",Azalea,Azalea,True
花园花卉,"[""玫瑰"", ""郁金香"", ""雏菊"", ""百合""]","[""百合"", ""郁金香"", ""玫瑰"", ""雏菊""]","[""玫瑰"", ""雏菊"", ""郁金香"", ""百合""]","You are playing a coordination game with another agent.
If you both select the SAME option, you each get $1.
You cannot communicate - you must try to coordinate.
Note: The other agent sees the SAME options, but in a DIFFERENT order.

花园花卉
Options: 百合, 郁金香, 玫瑰, 雏菊

Which option do you choose? Respond with the exact option text.",玫瑰,玫瑰,"You are playing a coordination game with another agent.
If you both select the SAME option, you each get $1.
You cannot communicate - you must try to coordinate.
Note: The other agent sees the SAME options, but in a DIFFERENT order.

花园花卉
Options: 玫瑰, 雏菊, 郁金香, 百合

Which option do you choose? Respond with the exact option text.",玫瑰,玫瑰,True
树木,"[""橡树"", ""松树"", ""枫树"", ""白桦""]","[""枫树"", ""松树"", ""橡树"", ""白桦""]","[""枫树"", ""白桦"", ""橡树"", ""松树""]","You are playing a coordination game with another agent.
If you both select the SAME option, you each get $1.
You cannot communicate - you must try to coordinate.
Note: The other agent sees the SAME options, but in a DIFFERENT order.

树木
Options: 枫树, 松树, 橡树, 白桦

Which option do you choose? Respond with the exact option text.",松树,松树,"You are playing a coordination game with another agent.
If you both select the SAME option, you each get $1.
You cannot communicate - you must try to coordinate.
Note: The other agent sees the SAME options, but in a DIFFERENT order.

树木
Options: 枫树, 白桦, 橡树, 松树

Which option do you choose? Respond with the exact option text.",松树,松树,True
室内植物,"[""仙人掌"", ""蕨类"", ""兰花"", ""芦荟""]","[""芦荟"", ""兰花"", ""蕨类"", ""仙人掌""]","[""兰花"", ""芦荟"", ""仙人掌"", ""蕨类""]","You are playing a coordination game with another agent.
If you both select the SAME option, you each get $1.
You cannot communicate - you must try to coordinate.
Note: The other agent sees the SAME options, but in a DIFFERENT order.

室内植物
Options: 芦荟, 兰花, 蕨类, 仙人掌

Which option do you choose? Respond with the exact option text.",仙人掌,仙人掌,"You are playing a coordination game with another agent.
If you both select the SAME option, you each get $1.
You cannot communicate - you must try to coordinate.
Note: The other agent sees the SAME options, but in a DIFFERENT order.

室内植物
Options: 兰花, 芦荟, 仙人掌, 蕨类

Which option do you choose? Respond with the exact option text.",兰花,兰花,False
野花,"[""蒲公英"", ""向日葵"", ""薰衣草"", ""罂粟花""]","[""罂粟花"", ""薰衣草"", ""蒲公英"", ""向日葵""]","[""向日葵"", ""罂粟花"", ""蒲公英"", ""薰衣草""]","You are playing a coordination game with another agent.
If you both select the SAME option, you each get $1.
You cannot communicate - you must try to coordinate.
Note: The other agent sees the SAME options, but in a DIFFERENT order.

野花
Options: 罂粟花, 薰衣草, 蒲公英, 向日葵

Which option do you choose? Respond with the exact option text.",蒲公英,蒲公英,"You are playing a coordination game with another agent.
If you both select the SAME option, you each get $1.
You cannot communicate - you must try to coordinate.
Note: The other agent sees the SAME options, but in a DIFFERENT order.

野花
Options: 向日葵, 罂粟花, 蒲公英, 薰衣草

Which option do you choose? Respond with the exact option text.",蒲公英,蒲公英,True
灌木,"[""灌木"", ""杜鹃"", ""绣球"", ""竹子""]","[""灌木"", ""竹子"", ""绣球"", ""杜鹃""]","[""绣球"", ""灌木"", ""杜鹃"", ""竹子""]","You are playing a coordination game with another agent.
If you both select the SAME option, you each get $1.
You cannot communicate - you must try to coordinate.
Note: The other agent sees the SAME options, but in a DIFFERENT order.

灌木
Options: 灌木, 竹子, 绣球, 杜鹃

Which option do you choose? Respond with the exact option text.",灌木,灌木,"You are playing a coordination game with another agent.
If you both select the SAME option, you each get $1.
You cannot communicate - you must try to coordinate.
Note: The other agent sees the SAME options, but in a DIFFERENT order.

灌木
Options: 绣球, 灌木, 杜鹃, 竹子

Which option do you choose? Respond with the exact option text.",灌木,灌木,True
Common Fruits,"[""Apple"", ""Banana"", ""Orange"", ""Grape""]","[""Orange"", ""Apple"", ""Grape"", ""Banana""]","[""Banana"", ""Apple"", ""Orange"", ""Grape""]","You are playing a coordination game with another agent.
If you both select the SAME option, you each get $1.
You cannot communicate - you must try to coordinate.
Note: The other agent sees the SAME options, but in a DIFFERENT order.

Common Fruits
Options: Orange, Apple, Grape, Banana

Which option do you choose? Respond with the exact option text.",Apple,Apple,"You are playing a coordination game with another agent.
If you both select the SAME option, you each get $1.
You cannot communicate - you must try to coordinate.
Note: The other agent sees the SAME options, but in a DIFFERENT order.

Common Fruits
Options: Banana, Apple, Orange, Grape

Which option do you choose? Respond with the exact option text.",Apple,Apple,True
Berries,"[""Strawberry"", ""Blueberry"", ""Raspberry"", ""Blackberry""]","[""Raspberry"", ""Blackberry"", ""Blueberry"", ""Strawberry""]","[""Strawberry"", ""Raspberry"", ""Blueberry"", ""Blackberry""]","You are playing a coordination game with another agent.
If you both select the SAME option, you each get $1.
You cannot communicate - you must try to coordinate.
Note: The other agent sees the SAME options, but in a DIFFERENT order.

Berries
Options: Raspberry, Blackberry, Blueberry, Strawberry

Which option do you choose? Respond with the exact option text.",Blackberry,Blackberry,"You are playing a coordination game with another agent.
If you both select the SAME option, you each get $1.
You cannot communicate - you must try to coordinate.
Note: The other agent sees the SAME options, but in a DIFFERENT order.

Berries
Options: Strawberry, Raspberry, Blueberry, Blackberry

Which option do you choose? Respond with the exact option text.",Strawberry,Strawberry,False
Tropical Fruits,"[""Mango"", ""Pineapple"", ""Papaya"", ""Coconut""]","[""Coconut"", ""Papaya"", ""Mango"", ""Pineapple""]","[""Pineapple"", ""Mango"", ""Coconut"", ""Papaya""]","You are playing a coordination game with another agent.
If you both select the SAME option, you each get $1.
You cannot communicate - you must try to coordinate.
Note: The other agent sees the SAME options, but in a DIFFERENT order.

Tropical Fruits
Options: Coconut, Papaya, Mango, Pineapple

Which option do you choose? Respond with the exact option text.",Coconut,Coconut,"You are playing a coordination game with another agent.
If you both select the SAME option, you each get $1.
You cannot communicate - you must try to coordinate.
Note: The other agent sees the SAME options, but in a DIFFERENT order.

Tropical Fruits
Options: Pineapple, Mango, Coconut, Papaya

Which option do you choose? Respond with the exact option text.",Mango,Mango,False
Stone Fruits,"[""Peach"", ""Plum"", ""Cherry"", ""Apricot""]","[""Cherry"", ""Peach"", ""Plum"", ""Apricot""]","[""Plum"", ""Apricot"", ""Cherry"", ""Peach""]","You are playing a coordination game with another agent.
If you both select the SAME option, you each get $1.
You cannot communicate - you must try to coordinate.
Note: The other agent sees the SAME options, but in a DIFFERENT order.

Stone Fruits
Options: Cherry, Peach, Plum, Apricot

Which option do you choose? Respond with the exact option text.",Apricot,Apricot,"You are playing a coordination game with another agent.
If you both select the SAME option, you each get $1.
You cannot communicate - you must try to coordinate.
Note: The other agent sees the SAME options, but in a DIFFERENT order.

Stone Fruits
Options: Plum, Apricot, Cherry, Peach

Which option do you choose? Respond with the exact option text.",Apricot,Apricot,True
Citrus Fruits,"[""Orange"", ""Lemon"", ""Lime"", ""Grapefruit""]","[""Lime"", ""Orange"", ""Lemon"", ""Grapefruit""]","[""Lemon"", ""Orange"", ""Grapefruit"", ""Lime""]","You are playing a coordination game with another agent.
If you both select the SAME option, you each get $1.
You cannot communicate - you must try to coordinate.
Note: The other agent sees the SAME options, but in a DIFFERENT order.

Citrus Fruits
Options: Lime, Orange, Lemon, Grapefruit

Which option do you choose? Respond with the exact option text.",Orange,Orange,"You are playing a coordination game with another agent.
If you both select the SAME option, you each get $1.
You cannot communicate - you must try to coordinate.
Note: The other agent sees the SAME options, but in a DIFFERENT order.

Citrus Fruits
Options: Lemon, Orange, Grapefruit, Lime

Which option do you choose? Respond with the exact option text.",Orange,Orange,True
常见水果,"[""苹果"", ""香蕉"", ""橙子"", ""葡萄""]","[""香蕉"", ""苹果"", ""葡萄"", ""橙子""]","[""苹果"", ""橙子"", ""香蕉"", ""葡萄""]","You are playing a coordination game with another agent.
If you both select the SAME option, you each get $1.
You cannot communicate - you must try to coordinate.
Note: The other agent sees the SAME options, but in a DIFFERENT order.

常见水果
Options: 香蕉, 苹果, 葡萄, 橙子

Which option do you choose? Respond with the exact option text.",苹果,苹果,"You are playing a coordination game with another agent.
If you both select the SAME option, you each get $1.
You cannot communicate - you must try to coordinate.
Note: The other agent sees the SAME options, but in a DIFFERENT order.

常见水果
Options: 苹果, 橙子, 香蕉, 葡萄

Which option do you choose? Respond with the exact option text.",苹果,苹果,True
浆果,"[""草莓"", ""蓝莓"", ""树莓"", ""黑莓""]","[""树莓"", ""草莓"", ""黑莓"", ""蓝莓""]","[""树莓"", ""草莓"", ""黑莓"", ""蓝莓""]","You are playing a coordination game with another agent.
If you both select the SAME option, you each get $1.
You cannot communicate - you must try to coordinate.
Note: The other agent sees the SAME options, but in a DIFFERENT order.

浆果
Options: 树莓, 草莓, 黑莓, 蓝莓

Which option do you choose? Respond with the exact option text.",草莓,草莓,"You are playing a coordination game with another agent.
If you both select the SAME option, you each get $1.
You cannot communicate - you must try to coordinate.
Note: The other agent sees the SAME options, but in a DIFFERENT order.

浆果
Options: 树莓, 草莓, 黑莓, 蓝莓

Which option do you choose? Respond with the exact option text.",草莓,草莓,True
热带水果,"[""芒果"", ""菠萝"", ""木瓜"", ""椰子""]","[""菠萝"", ""木瓜"", ""椰子"", ""芒果""]","[""菠萝"", ""芒果"", ""木瓜"", ""椰子""]","You are playing a coordination game with another agent.
If you both select the SAME option, you each get $1.
You cannot communicate - you must try to coordinate.
Note: The other agent sees the SAME options, but in a DIFFERENT order.

热带水果
Options: 菠萝, 木瓜, 椰子, 芒果

Which option do you choose? Respond with the exact option text.",芒果,芒果,"You are playing a coordination game with another agent.
If you both select the SAME option, you each get $1.
You cannot communicate - you must try to coordinate.
Note: The other agent sees the SAME options, but in a DIFFERENT order.

热带水果
Options: 菠萝, 芒果, 木瓜, 椰子

Which option do you choose? Respond with the exact option text.",菠萝,菠萝,False
核果,"[""桃子"", ""李子"", ""樱桃"", ""杏""]","[""李子"", ""樱桃"", ""桃子"", ""杏""]","[""桃子"", ""樱桃"", ""李子"", ""杏""]","You are playing a coordination game with another agent.
If you both select the SAME option, you each get $1.
You cannot communicate - you must try to coordinate.
Note: The other agent sees the SAME options, but in a DIFFERENT order.

核果
Options: 李子, 樱桃, 桃子, 杏

Which option do you choose? Respond with the exact option text.",杏,杏,"You are playing a coordination game with another agent.
If you both select the SAME option, you each get $1.
You cannot communicate - you must try to coordinate.
Note: The other agent sees the SAME options, but in a DIFFERENT order.

核果
Options: 桃子, 樱桃, 李子, 杏

Which option do you choose? Respond with the exact option text.",桃子,桃子,False
柑橘类,"[""橙子"", ""柠檬"", ""青柠"", ""柚子""]","[""柠檬"", ""青柠"", ""柚子"", ""橙子""]","[""柠檬"", ""柚子"", ""橙子"", ""青柠""]","You are playing a coordination game with another agent.
If you both select the SAME option, you each get $1.
You cannot communicate - you must try to coordinate.
Note: The other agent sees the SAME options, but in a DIFFERENT order.

柑橘类
Options: 柠檬, 青柠, 柚子, 橙子

Which option do you choose? Respond with the exact option text.",橙子,橙子,"You are playing a coordination game with another agent.
If you both select the SAME option, you each get $1.
You cannot communicate - you must try to coordinate.
Note: The other agent sees the SAME options, but in a DIFFERENT order.

柑橘类
Options: 柠檬, 柚子, 橙子, 青柠

Which option do you choose? Respond with the exact option text.",橙子,橙子,True
Head Parts,"[""Eye"", ""Nose"", ""Mouth"", ""Ear""]","[""Ear"", ""Eye"", ""Mouth"", ""Nose""]","[""Eye"", ""Nose"", ""Mouth"", ""Ear""]","You are playing a coordination game with another agent.
If you both select the SAME option, you each get $1.
You cannot communicate - you must try to coordinate.
Note: The other agent sees the SAME options, but in a DIFFERENT order.

Head Parts
Options: Ear, Eye, Mouth, Nose

Which option do you choose? Respond with the exact option text.",Nose,Nose,"You are playing a coordination game with another agent.
If you both select the SAME option, you each get $1.
You cannot communicate - you must try to coordinate.
Note: The other agent sees the SAME options, but in a DIFFERENT order.

Head Parts
Options: Eye, Nose, Mouth, Ear

Which option do you choose? Respond with the exact option text.",Eye,Eye,False
Hand Parts,"[""Finger"", ""Thumb"", ""Palm"", ""Wrist""]","[""Thumb"", ""Finger"", ""Wrist"", ""Palm""]","[""Finger"", ""Palm"", ""Wrist"", ""Thumb""]","You are playing a coordination game with another agent.
If you both select the SAME option, you each get $1.
You cannot communicate - you must try to coordinate.
Note: The other agent sees the SAME options, but in a DIFFERENT order.

Hand Parts
Options: Thumb, Finger, Wrist, Palm

Which option do you choose? Respond with the exact option text.",Thumb,Thumb,"You are playing a coordination game with another agent.
If you both select the SAME option, you each get $1.
You cannot communicate - you must try to coordinate.
Note: The other agent sees the SAME options, but in a DIFFERENT order.

Hand Parts
Options: Finger, Palm, Wrist, Thumb

Which option do you choose? Respond with the exact option text.",Thumb,Thumb,True
Body Systems,"[""Heart"", ""Brain"", ""Lung"", ""Stomach""]","[""Heart"", ""Lung"", ""Stomach"", ""Brain""]","[""Stomach"", ""Heart"", ""Lung"", ""Brain""]","You are playing a coordination game with another agent.
If you both select the SAME option, you each get $1.
You cannot communicate - you must try to coordinate.
Note: The other agent sees the SAME options, but in a DIFFERENT order.

Body Systems
Options: Heart, Lung, Stomach, Brain

Which option do you choose? Respond with the exact option text.",Brain,Brain,"You are playing a coordination game with another agent.
If you both select the SAME option, you each get $1.
You cannot communicate - you must try to coordinate.
Note: The other agent sees the SAME options, but in a DIFFERENT order.

Body Systems
Options: Stomach, Heart, Lung, Brain

Which option do you choose? Respond with the exact option text.",Brain,Brain,True
Limbs,"[""Arm"", ""Leg"", ""Hand"", ""Foot""]","[""Arm"", ""Hand"", ""Leg"", ""Foot""]","[""Hand"", ""Leg"", ""Foot"", ""Arm""]","You are playing a coordination game with another agent.
If you both select the SAME option, you each get $1.
You cannot communicate - you must try to coordinate.
Note: The other agent sees the SAME options, but in a DIFFERENT order.

Limbs
Options: Arm, Hand, Leg, Foot

Which option do you choose? Respond with the exact option text.",Arm,Arm,"You are playing a coordination game with another agent.
If you both select the SAME option, you each get $1.
You cannot communicate - you must try to coordinate.
Note: The other agent sees the SAME options, but in a DIFFERENT order.

Limbs
Options: Hand, Leg, Foot, Arm

Which option do you choose? Respond with the exact option text.",Hand,Hand,False
External Features,"[""Hair"", ""Skin"", ""Nail"", ""Teeth""]","[""Nail"", ""Skin"", ""Teeth"", ""Hair""]","[""Hair"", ""Nail"", ""Skin"", ""Teeth""]","You are playing a coordination game with another agent.
If you both select the SAME option, you each get $1.
You cannot communicate - you must try to coordinate.
Note: The other agent sees the SAME options, but in a DIFFERENT order.

External Features
Options: Nail, Skin, Teeth, Hair

Which option do you choose? Respond with the exact option text.",Skin,Skin,"You are playing a coordination game with another agent.
If you both select the SAME option, you each get $1.
You cannot communicate - you must try to coordinate.
Note: The other agent sees the SAME options, but in a DIFFERENT order.

External Features
Options: Hair, Nail, Skin, Teeth

Which option do you choose? Respond with the exact option text.",Hair,Hair,False
头部器官,"[""眼睛"", ""鼻子"", ""嘴巴"", ""耳朵""]","[""嘴巴"", ""耳朵"", ""眼睛"", ""鼻子""]","[""眼睛"", ""鼻子"", ""耳朵"", ""嘴巴""]","You are playing a coordination game with another agent.
If you both select the SAME option, you each get $1.
You cannot communicate - you must try to coordinate.
Note: The other agent sees the SAME options, but in a DIFFERENT order.

头部器官
Options: 嘴巴, 耳朵, 眼睛, 鼻子

Which option do you choose? Respond with the exact option text.",眼睛,眼睛,"You are playing a coordination game with another agent.
If you both select the SAME option, you each get $1.
You cannot communicate - you must try to coordinate.
Note: The other agent sees the SAME options, but in a DIFFERENT order.

头部器官
Options: 眼睛, 鼻子, 耳朵, 嘴巴

Which option do you choose? Respond with the exact option text.",眼睛,眼睛,True
手部,"[""手指"", ""拇指"", ""手掌"", ""手腕""]","[""手掌"", ""拇指"", ""手指"", ""手腕""]","[""手腕"", ""手掌"", ""手指"", ""拇指""]","You are playing a coordination game with another agent.
If you both select the SAME option, you each get $1.
You cannot communicate - you must try to coordinate.
Note: The other agent sees the SAME options, but in a DIFFERENT order.

手部
Options: 手掌, 拇指, 手指, 手腕

Which option do you choose? Respond with the exact option text.",手掌,手掌,"You are playing a coordination game with another agent.
If you both select the SAME option, you each get $1.
You cannot communicate - you must try to coordinate.
Note: The other agent sees the SAME options, but in a DIFFERENT order.

手部
Options: 手腕, 手掌, 手指, 拇指

Which option do you choose? Respond with the exact option text.",拇指,拇指,False
内部器官,"[""心脏"", ""大脑"", ""肺"", ""胃""]","[""肺"", ""心脏"", ""胃"", ""大脑""]","[""心脏"", ""胃"", ""肺"", ""大脑""]","You are playing a coordination game with another agent.
If you both select the SAME option, you each get $1.
You cannot communicate - you must try to coordinate.
Note: The other agent sees the SAME options, but in a DIFFERENT order.

内部器官
Options: 肺, 心脏, 胃, 大脑

Which option do you choose? Respond with the exact option text.",心脏,心脏,"You are playing a coordination game with another agent.
If you both select the SAME option, you each get $1.
You cannot communicate - you must try to coordinate.
Note: The other agent sees the SAME options, but in a DIFFERENT order.

内部器官
Options: 心脏, 胃, 肺, 大脑

Which option do you choose? Respond with the exact option text.",心脏,心脏,True
四肢,"[""手臂"", ""腿"", ""手"", ""脚""]","[""手臂"", ""手"", ""脚"", ""腿""]","[""手臂"", ""脚"", ""腿"", ""手""]","You are playing a coordination game with another agent.
If you both select the SAME option, you each get $1.
You cannot communicate - you must try to coordinate.
Note: The other agent sees the SAME options, but in a DIFFERENT order.

四肢
Options: 手臂, 手, 脚, 腿

Which option do you choose? Respond with the exact option text.",手,手,"You are playing a coordination game with another agent.
If you both select the SAME option, you each get $1.
You cannot communicate - you must try to coordinate.
Note: The other agent sees the SAME options, but in a DIFFERENT order.

四肢
Options: 手臂, 脚, 腿, 手

Which option do you choose? Respond with the exact option text.",手臂,手臂,False
外部特征,"[""头发"", ""皮肤"", ""指甲"", ""牙齿""]","[""皮肤"", ""牙齿"", ""指甲"", ""头发""]","[""指甲"", ""头发"", ""皮肤"", ""牙齿""]","You are playing a coordination game with another agent.
If you both select the SAME option, you each get $1.
You cannot communicate - you must try to coordinate.
Note: The other agent sees the SAME options, but in a DIFFERENT order.

外部特征
Options: 皮肤, 牙齿, 指甲, 头发

Which option do you choose? Respond with the exact option text.",皮肤,皮肤,"You are playing a coordination game with another agent.
If you both select the SAME option, you each get $1.
You cannot communicate - you must try to coordinate.
Note: The other agent sees the SAME options, but in a DIFFERENT order.

外部特征
Options: 指甲, 头发, 皮肤, 牙齿

Which option do you choose? Respond with the exact option text.",皮肤,皮肤,True
Five Senses,"[""Sight"", ""Hearing"", ""Touch"", ""Smell""]","[""Touch"", ""Smell"", ""Sight"", ""Hearing""]","[""Touch"", ""Hearing"", ""Sight"", ""Smell""]","You are playing a coordination game with another agent.
If you both select the SAME option, you each get $1.
You cannot communicate - you must try to coordinate.
Note: The other agent sees the SAME options, but in a DIFFERENT order.

Five Senses
Options: Touch, Smell, Sight, Hearing

Which option do you choose? Respond with the exact option text.",Sight,Sight,"You are playing a coordination game with another agent.
If you both select the SAME option, you each get $1.
You cannot communicate - you must try to coordinate.
Note: The other agent sees the SAME options, but in a DIFFERENT order.

Five Senses
Options: Touch, Hearing, Sight, Smell

Which option do you choose? Respond with the exact option text.",Sight,Sight,True
Taste Types,"[""Sweet"", ""Sour"", ""Salty"", ""Bitter""]","[""Sour"", ""Bitter"", ""Sweet"", ""Salty""]","[""Bitter"", ""Sweet"", ""Salty"", ""Sour""]","You are playing a coordination game with another agent.
If you both select the SAME option, you each get $1.
You cannot communicate - you must try to coordinate.
Note: The other agent sees the SAME options, but in a DIFFERENT order.

Taste Types
Options: Sour, Bitter, Sweet, Salty

Which option do you choose? Respond with the exact option text.",Sweet,Sweet,"You are playing a coordination game with another agent.
If you both select the SAME option, you each get $1.
You cannot communicate - you must try to coordinate.
Note: The other agent sees the SAME options, but in a DIFFERENT order.

Taste Types
Options: Bitter, Sweet, Salty, Sour

Which option do you choose? Respond with the exact option text.",Sweet,Sweet,True
Touch Sensations,"[""Hot"", ""Cold"", ""Rough"", ""Smooth""]","[""Rough"", ""Cold"", ""Smooth"", ""Hot""]","[""Rough"", ""Cold"", ""Smooth"", ""Hot""]","You are playing a coordination game with another agent.
If you both select the SAME option, you each get $1.
You cannot communicate - you must try to coordinate.
Note: The other agent sees the SAME options, but in a DIFFERENT order.

Touch Sensations
Options: Rough, Cold, Smooth, Hot

Which option do you choose? Respond with the exact option text.",Smooth,Smooth,"You are playing a coordination game with another agent.
If you both select the SAME option, you each get $1.
You cannot communicate - you must try to coordinate.
Note: The other agent sees the SAME options, but in a DIFFERENT order.

Touch Sensations
Options: Rough, Cold, Smooth, Hot

Which option do you choose? Respond with the exact option text.",Smooth,Smooth,True
Visual Qualities,"[""Bright"", ""Dark"", ""Colorful"", ""Plain""]","[""Bright"", ""Plain"", ""Dark"", ""Colorful""]","[""Plain"", ""Colorful"", ""Dark"", ""Bright""]","You are playing a coordination game with another agent.
If you both select the SAME option, you each get $1.
You cannot communicate - you must try to coordinate.
Note: The other agent sees the SAME options, but in a DIFFERENT order.

Visual Qualities
Options: Bright, Plain, Dark, Colorful

Which option do you choose? Respond with the exact option text.",Bright,Bright,"You are playing a coordination game with another agent.
If you both select the SAME option, you each get $1.
You cannot communicate - you must try to coordinate.
Note: The other agent sees the SAME options, but in a DIFFERENT order.

Visual Qualities
Options: Plain, Colorful, Dark, Bright

Which option do you choose? Respond with the exact option text.",Plain,Plain,False
Sound Qualities,"[""Loud"", ""Soft"", ""High"", ""Low""]","[""Soft"", ""High"", ""Low"", ""Loud""]","[""Soft"", ""High"", ""Loud"", ""Low""]","You are playing a coordination game with another agent.
If you both select the SAME option, you each get $1.
You cannot communicate - you must try to coordinate.
Note: The other agent sees the SAME options, but in a DIFFERENT order.

Sound Qualities
Options: Soft, High, Low, Loud

Which option do you choose? Respond with the exact option text.",High,High,"You are playing a coordination game with another agent.
If you both select the SAME option, you each get $1.
You cannot communicate - you must try to coordinate.
Note: The other agent sees the SAME options, but in a DIFFERENT order.

Sound Qualities
Options: Soft, High, Loud, Low

Which option do you choose? Respond with the exact option text.",Loud,Loud,False
五种感官,"[""视觉"", ""听觉"", ""触觉"", ""嗅觉""]","[""触觉"", ""嗅觉"", ""听觉"", ""视觉""]","[""听觉"", ""触觉"", ""嗅觉"", ""视觉""]","You are playing a coordination game with another agent.
If you both select the SAME option, you each get $1.
You cannot communicate - you must try to coordinate.
Note: The other agent sees the SAME options, but in a DIFFERENT order.

五种感官
Options: 触觉, 嗅觉, 听觉, 视觉

Which option do you choose? Respond with the exact option text.",视觉,视觉,"You are playing a coordination game with another agent.
If you both select the SAME option, you each get $1.
You cannot communicate - you must try to coordinate.
Note: The other agent sees the SAME options, but in a DIFFERENT order.

五种感官
Options: 听觉, 触觉, 嗅觉, 视觉

Which option do you choose? Respond with the exact option text.",视觉,视觉,True
味觉类型,"[""甜"", ""酸"", ""咸"", ""苦""]","[""咸"", ""苦"", ""甜"", ""酸""]","[""苦"", ""酸"", ""咸"", ""甜""]","You are playing a coordination game with another agent.
If you both select the SAME option, you each get $1.
You cannot communicate - you must try to coordinate.
Note: The other agent sees the SAME options, but in a DIFFERENT order.

味觉类型
Options: 咸, 苦, 甜, 酸

Which option do you choose? Respond with the exact option text.",甜,甜,"You are playing a coordination game with another agent.
If you both select the SAME option, you each get $1.
You cannot communicate - you must try to coordinate.
Note: The other agent sees the SAME options, but in a DIFFERENT order.

味觉类型
Options: 苦, 酸, 咸, 甜

Which option do you choose? Respond with the exact option text.",酸,酸,False
触感,"[""热"", ""冷"", ""粗糙"", ""光滑""]","[""冷"", ""热"", ""光滑"", ""粗糙""]","[""冷"", ""光滑"", ""热"", ""粗糙""]","You are playing a coordination game with another agent.
If you both select the SAME option, you each get $1.
You cannot communicate - you must try to coordinate.
Note: The other agent sees the SAME options, but in a DIFFERENT order.

触感
Options: 冷, 热, 光滑, 粗糙

Which option do you choose? Respond with the exact option text.",冷,冷,"You are playing a coordination game with another agent.
If you both select the SAME option, you each get $1.
You cannot communicate - you must try to coordinate.
Note: The other agent sees the SAME options, but in a DIFFERENT order.

触感
Options: 冷, 光滑, 热, 粗糙

Which option do you choose? Respond with the exact option text.",光滑,光滑,False
视觉特征,"[""明亮"", ""黑暗"", ""多彩"", ""朴素""]","[""明亮"", ""多彩"", ""黑暗"", ""朴素""]","[""黑暗"", ""朴素"", ""多彩"", ""明亮""]","You are playing a coordination game with another agent.
If you both select the SAME option, you each get $1.
You cannot communicate - you must try to coordinate.
Note: The other agent sees the SAME options, but in a DIFFERENT order.

视觉特征
Options: 明亮, 多彩, 黑暗, 朴素

Which option do you choose? Respond with the exact option text.",明亮,明亮,"You are playing a coordination game with another agent.
If you both select the SAME option, you each get $1.
You cannot communicate - you must try to coordinate.
Note: The other agent sees the SAME options, but in a DIFFERENT order.

视觉特征
Options: 黑暗, 朴素, 多彩, 明亮

Which option do you choose? Respond with the exact option text.",多彩,多彩,False
声音特征,"[""响亮"", ""柔和"", ""高音"", ""低音""]","[""低音"", ""高音"", ""响亮"", ""柔和""]","[""高音"", ""响亮"", ""低音"", ""柔和""]","You are playing a coordination game with another agent.
If you both select the SAME option, you each get $1.
You cannot communicate - you must try to coordinate.
Note: The other agent sees the SAME options, but in a DIFFERENT order.

声音特征
Options: 低音, 高音, 响亮, 柔和

Which option do you choose? Respond with the exact option text.",低音,低音,"You are playing a coordination game with another agent.
If you both select the SAME option, you each get $1.
You cannot communicate - you must try to coordinate.
Note: The other agent sees the SAME options, but in a DIFFERENT order.

声音特征
Options: 高音, 响亮, 低音, 柔和

Which option do you choose? Respond with the exact option text.",高音,高音,False
Hand Tools,"[""Hammer"", ""Screwdriver"", ""Wrench"", ""Pliers""]","[""Wrench"", ""Pliers"", ""Hammer"", ""Screwdriver""]","[""Screwdriver"", ""Hammer"", ""Pliers"", ""Wrench""]","You are playing a coordination game with another agent.
If you both select the SAME option, you each get $1.
You cannot communicate - you must try to coordinate.
Note: The other agent sees the SAME options, but in a DIFFERENT order.

Hand Tools
Options: Wrench, Pliers, Hammer, Screwdriver

Which option do you choose? Respond with the exact option text.",Hammer,Hammer,"You are playing a coordination game with another agent.
If you both select the SAME option, you each get $1.
You cannot communicate - you must try to coordinate.
Note: The other agent sees the SAME options, but in a DIFFERENT order.

Hand Tools
Options: Screwdriver, Hammer, Pliers, Wrench

Which option do you choose? Respond with the exact option text.",Hammer,Hammer,True
Cutting Tools,"[""Knife"", ""Scissors"", ""Axe"", ""Saw""]","[""Axe"", ""Saw"", ""Knife"", ""Scissors""]","[""Knife"", ""Axe"", ""Saw"", ""Scissors""]","You are playing a coordination game with another agent.
If you both select the SAME option, you each get $1.
You cannot communicate - you must try to coordinate.
Note: The other agent sees the SAME options, but in a DIFFERENT order.

Cutting Tools
Options: Axe, Saw, Knife, Scissors

Which option do you choose? Respond with the exact option text.",Axe,Axe,"You are playing a coordination game with another agent.
If you both select the SAME option, you each get $1.
You cannot communicate - you must try to coordinate.
Note: The other agent sees the SAME options, but in a DIFFERENT order.

Cutting Tools
Options: Knife, Axe, Saw, Scissors

Which option do you choose? Respond with the exact option text.",Axe,Axe,True
Measuring Tools,"[""Ruler"", ""Scale"", ""Compass"", ""Thermometer""]","[""Compass"", ""Scale"", ""Thermometer"", ""Ruler""]","[""Scale"", ""Thermometer"", ""Ruler"", ""Compass""]","You are playing a coordination game with another agent.
If you both select the SAME option, you each get $1.
You cannot communicate - you must try to coordinate.
Note: The other agent sees the SAME options, but in a DIFFERENT order.

Measuring Tools
Options: Compass, Scale, Thermometer, Ruler

Which option do you choose? Respond with the exact option text.",Compass,Compass,"You are playing a coordination game with another agent.
If you both select the SAME option, you each get $1.
You cannot communicate - you must try to coordinate.
Note: The other agent sees the SAME options, but in a DIFFERENT order.

Measuring Tools
Options: Scale, Thermometer, Ruler, Compass

Which option do you choose? Respond with the exact option text.",Scale,Scale,False
Writing Tools,"[""Pen"", ""Pencil"", ""Marker"", ""Chalk""]","[""Pen"", ""Chalk"", ""Pencil"", ""Marker""]","[""Pen"", ""Pencil"", ""Marker"", ""Chalk""]","You are playing a coordination game with another agent.
If you both select the SAME option, you each get $1.
You cannot communicate - you must try to coordinate.
Note: The other agent sees the SAME options, but in a DIFFERENT order.

Writing Tools
Options: Pen, Chalk, Pencil, Marker

Which option do you choose? Respond with the exact option text.",Pen,Pen,"You are playing a coordination game with another agent.
If you both select the SAME option, you each get $1.
You cannot communicate - you must try to coordinate.
Note: The other agent sees the SAME options, but in a DIFFERENT order.

Writing Tools
Options: Pen, Pencil, Marker, Chalk

Which option do you choose? Respond with the exact option text.",Pen,Pen,True
Garden Tools,"[""Shovel"", ""Rake"", ""Hoe"", ""Trowel""]","[""Rake"", ""Trowel"", ""Hoe"", ""Shovel""]","[""Shovel"", ""Rake"", ""Trowel"", ""Hoe""]","You are playing a coordination game with another agent.
If you both select the SAME option, you each get $1.
You cannot communicate - you must try to coordinate.
Note: The other agent sees the SAME options, but in a DIFFERENT order.

Garden Tools
Options: Rake, Trowel, Hoe, Shovel

Which option do you choose? Respond with the exact option text.",Hoe,Hoe,"You are playing a coordination game with another agent.
If you both select the SAME option, you each get $1.
You cannot communicate - you must try to coordinate.
Note: The other agent sees the SAME options, but in a DIFFERENT order.

Garden Tools
Options: Shovel, Rake, Trowel, Hoe

Which option do you choose? Respond with the exact option text.",Shovel,Shovel,False
手动工具,"[""锤子"", ""螺丝刀"", ""扳手"", ""钳子""]","[""锤子"", ""扳手"", ""钳子"", ""螺丝刀""]","[""螺丝刀"", ""锤子"", ""钳子"", ""扳手""]","You are playing a coordination game with another agent.
If you both select the SAME option, you each get $1.
You cannot communicate - you must try to coordinate.
Note: The other agent sees the SAME options, but in a DIFFERENT order.

手动工具
Options: 锤子, 扳手, 钳子, 螺丝刀

Which option do you choose? Respond with the exact option text.",锤子,锤子,"You are playing a coordination game with another agent.
If you both select the SAME option, you each get $1.
You cannot communicate - you must try to coordinate.
Note: The other agent sees the SAME options, but in a DIFFERENT order.

手动工具
Options: 螺丝刀, 锤子, 钳子, 扳手

Which option do you choose? Respond with the exact option text.",螺丝刀,螺丝刀,False
切割工具,"[""刀"", ""剪刀"", ""斧头"", ""锯子""]","[""斧头"", ""锯子"", ""剪刀"", ""刀""]","[""斧头"", ""剪刀"", ""刀"", ""锯子""]","You are playing a coordination game with another agent.
If you both select the SAME option, you each get $1.
You cannot communicate - you must try to coordinate.
Note: The other agent sees the SAME options, but in a DIFFERENT order.

切割工具
Options: 斧头, 锯子, 剪刀, 刀

Which option do you choose? Respond with the exact option text.",刀,刀,"You are playing a coordination game with another agent.
If you both select the SAME option, you each get $1.
You cannot communicate - you must try to coordinate.
Note: The other agent sees the SAME options, but in a DIFFERENT order.

切割工具
Options: 斧头, 剪刀, 刀, 锯子

Which option do you choose? Respond with the exact option text.",刀,刀,True
测量工具,"[""尺子"", ""秤"", ""指南针"", ""温度计""]","[""尺子"", ""指南针"", ""温度计"", ""秤""]","[""尺子"", ""温度计"", ""指南针"", ""秤""]","You are playing a coordination game with another agent.
If you both select the SAME option, you each get $1.
You cannot communicate - you must try to coordinate.
Note: The other agent sees the SAME options, but in a DIFFERENT order.

测量工具
Options: 尺子, 指南针, 温度计, 秤

Which option do you choose? Respond with the exact option text.",尺子,尺子,"You are playing a coordination game with another agent.
If you both select the SAME option, you each get $1.
You cannot communicate - you must try to coordinate.
Note: The other agent sees the SAME options, but in a DIFFERENT order.

测量工具
Options: 尺子, 温度计, 指南针, 秤

Which option do you choose? Respond with the exact option text.",尺子,尺子,True
书写工具,"[""钢笔"", ""铅笔"", ""记号笔"", ""粉笔""]","[""铅笔"", ""粉笔"", ""记号笔"", ""钢笔""]","[""记号笔"", ""铅笔"", ""粉笔"", ""钢笔""]","You are playing a coordination game with another agent.
If you both select the SAME option, you each get $1.
You cannot communicate - you must try to coordinate.
Note: The other agent sees the SAME options, but in a DIFFERENT order.

书写工具
Options: 铅笔, 粉笔, 记号笔, 钢笔

Which option do you choose? Respond with the exact option text.",铅笔,铅笔,"You are playing a coordination game with another agent.
If you both select the SAME option, you each get $1.
You cannot communicate - you must try to coordinate.
Note: The other agent sees the SAME options, but in a DIFFERENT order.

书写工具
Options: 记号笔, 铅笔, 粉笔, 钢笔

Which option do you choose? Respond with the exact option text.",铅笔,铅笔,True
园艺工具,"[""铲子"", ""耙子"", ""锄头"", ""小铲""]","[""锄头"", ""耙子"", ""铲子"", ""小铲""]","[""铲子"", ""小铲"", ""锄头"", ""耙子""]","You are playing a coordination game with another agent.
If you both select the SAME option, you each get $1.
You cannot communicate - you must try to coordinate.
Note: The other agent sees the SAME options, but in a DIFFERENT order.

园艺工具
Options: 锄头, 耙子, 铲子, 小铲

Which option do you choose? Respond with the exact option text.",锄头,锄头,"You are playing a coordination game with another agent.
If you both select the SAME option, you each get $1.
You cannot communicate - you must try to coordinate.
Note: The other agent sees the SAME options, but in a DIFFERENT order.

园艺工具
Options: 铲子, 小铲, 锄头, 耙子

Which option do you choose? Respond with the exact option text.",铲子,铲子,False
Upper Body Clothing,"[""Shirt"", ""Jacket"", ""Sweater"", ""Coat""]","[""Coat"", ""Jacket"", ""Shirt"", ""Sweater""]","[""Coat"", ""Sweater"", ""Shirt"", ""Jacket""]","You are playing a coordination game with another agent.
If you both select the SAME option, you each get $1.
You cannot communicate - you must try to coordinate.
Note: The other agent sees the SAME options, but in a DIFFERENT order.

Upper Body Clothing
Options: Coat, Jacket, Shirt, Sweater

Which option do you choose? Respond with the exact option text.",Shirt,Shirt,"You are playing a coordination game with another agent.
If you both select the SAME option, you each get $1.
You cannot communicate - you must try to coordinate.
Note: The other agent sees the SAME options, but in a DIFFERENT order.

Upper Body Clothing
Options: Coat, Sweater, Shirt, Jacket

Which option do you choose? Respond with the exact option text.",Shirt,Shirt,True
Lower Body Clothing,"[""Pants"", ""Jeans"", ""Shorts"", ""Skirt""]","[""Shorts"", ""Skirt"", ""Pants"", ""Jeans""]","[""Pants"", ""Shorts"", ""Jeans"", ""Skirt""]","You are playing a coordination game with another agent.
If you both select the SAME option, you each get $1.
You cannot communicate - you must try to coordinate.
Note: The other agent sees the SAME options, but in a DIFFERENT order.

Lower Body Clothing
Options: Shorts, Skirt, Pants, Jeans

Which option do you choose? Respond with the exact option text.",Pants,Pants,"You are playing a coordination game with another agent.
If you both select the SAME option, you each get $1.
You cannot communicate - you must try to coordinate.
Note: The other agent sees the SAME options, but in a DIFFERENT order.

Lower Body Clothing
Options: Pants, Shorts, Jeans, Skirt

Which option do you choose? Respond with the exact option text.",Pants,Pants,True
Footwear,"[""Sneakers"", ""Boots"", ""Sandals"", ""Dress Shoes""]","[""Sandals"", ""Dress Shoes"", ""Boots"", ""Sneakers""]","[""Dress Shoes"", ""Boots"", ""Sneakers"", ""Sandals""]","You are playing a coordination game with another agent.
If you both select the SAME option, you each get $1.
You cannot communicate - you must try to coordinate.
Note: The other agent sees the SAME options, but in a DIFFERENT order.

Footwear
Options: Sandals, Dress Shoes, Boots, Sneakers

Which option do you choose? Respond with the exact option text.",Boots,Boots,"You are playing a coordination game with another agent.
If you both select the SAME option, you each get $1.
You cannot communicate - you must try to coordinate.
Note: The other agent sees the SAME options, but in a DIFFERENT order.

Footwear
Options: Dress Shoes, Boots, Sneakers, Sandals

Which option do you choose? Respond with the exact option text.",Dress Shoes,Dress Shoes,False
Headwear,"[""Cap"", ""Hat"", ""Beanie"", ""Helmet""]","[""Hat"", ""Cap"", ""Helmet"", ""Beanie""]","[""Beanie"", ""Hat"", ""Helmet"", ""Cap""]","You are playing a coordination game with another agent.
If you both select the SAME option, you each get $1.
You cannot communicate - you must try to coordinate.
Note: The other agent sees the SAME options, but in a DIFFERENT order.

Headwear
Options: Hat, Cap, Helmet, Beanie

Which option do you choose? Respond with the exact option text.",Hat,Hat,"You are playing a coordination game with another agent.
If you both select the SAME option, you each get $1.
You cannot communicate - you must try to coordinate.
Note: The other agent sees the SAME options, but in a DIFFERENT order.

Headwear
Options: Beanie, Hat, Helmet, Cap

Which option do you choose? Respond with the exact option text.",Hat,Hat,True
Formal Wear,"[""Suit"", ""Dress"", ""Tuxedo"", ""Gown""]","[""Suit"", ""Gown"", ""Tuxedo"", ""Dress""]","[""Dress"", ""Suit"", ""Tuxedo"", ""Gown""]","You are playing a coordination game with another agent.
If you both select the SAME option, you each get $1.
You cannot communicate - you must try to coordinate.
Note: The other agent sees the SAME options, but in a DIFFERENT order.

Formal Wear
Options: Suit, Gown, Tuxedo, Dress

Which option do you choose? Respond with the exact option text.",Suit,Suit,"You are playing a coordination game with another agent.
If you both select the SAME option, you each get $1.
You cannot communicate - you must try to coordinate.
Note: The other agent sees the SAME options, but in a DIFFERENT order.

Formal Wear
Options: Dress, Suit, Tuxedo, Gown

Which option do you choose? Respond with the exact option text.",Suit,Suit,True
上装,"[""衬衫"", ""夹克"", ""毛衣"", ""外套""]","[""夹克"", ""衬衫"", ""毛衣"", ""外套""]","[""外套"", ""夹克"", ""衬衫"", ""毛衣""]","You are playing a coordination game with another agent.
If you both select the SAME option, you each get $1.
You cannot communicate - you must try to coordinate.
Note: The other agent sees the SAME options, but in a DIFFERENT order.

上装
Options: 夹克, 衬衫, 毛衣, 外套

Which option do you choose? Respond with the exact option text.",夹克,夹克,"You are playing a coordination game with another agent.
If you both select the SAME option, you each get $1.
You cannot communicate - you must try to coordinate.
Note: The other agent sees the SAME options, but in a DIFFERENT order.

上装
Options: 外套, 夹克, 衬衫, 毛衣

Which option do you choose? Respond with the exact option text.",衬衫,衬衫,False
下装,"[""裤子"", ""牛仔裤"", ""短裤"", ""裙子""]","[""裤子"", ""裙子"", ""牛仔裤"", ""短裤""]","[""裤子"", ""牛仔裤"", ""裙子"", ""短裤""]","You are playing a coordination game with another agent.
If you both select the SAME option, you each get $1.
You cannot communicate - you must try to coordinate.
Note: The other agent sees the SAME options, but in a DIFFERENT order.

下装
Options: 裤子, 裙子, 牛仔裤, 短裤

Which option do you choose? Respond with the exact option text.",裤子,裤子,"You are playing a coordination game with another agent.
If you both select the SAME option, you each get $1.
You cannot communicate - you must try to coordinate.
Note: The other agent sees the SAME options, but in a DIFFERENT order.

下装
Options: 裤子, 牛仔裤, 裙子, 短裤

Which option do you choose? Respond with the exact option text.",裤子,裤子,True
鞋类,"[""运动鞋"", ""靴子"", ""凉鞋"", ""皮鞋""]","[""皮鞋"", ""运动鞋"", ""靴子"", ""凉鞋""]","[""靴子"", ""凉鞋"", ""运动鞋"", ""皮鞋""]","You are playing a coordination game with another agent.
If you both select the SAME option, you each get $1.
You cannot communicate - you must try to coordinate.
Note: The other agent sees the SAME options, but in a DIFFERENT order.

鞋类
Options: 皮鞋, 运动鞋, 靴子, 凉鞋

Which option do you choose? Respond with the exact option text.",运动鞋,运动鞋,"You are playing a coordination game with another agent.
If you both select the SAME option, you each get $1.
You cannot communicate - you must try to coordinate.
Note: The other agent sees the SAME options, but in a DIFFERENT order.

鞋类
Options: 靴子, 凉鞋, 运动鞋, 皮鞋

Which option do you choose? Respond with the exact option text.",运动鞋,运动鞋,True
帽子,"[""鸭舌帽"", ""礼帽"", ""毛线帽"", ""头盔""]","[""头盔"", ""鸭舌帽"", ""毛线帽"", ""礼帽""]","[""毛线帽"", ""头盔"", ""鸭舌帽"", ""礼帽""]","You are playing a coordination game with another agent.
If you both select the SAME option, you each get $1.
You cannot communicate - you must try to coordinate.
Note: The other agent sees the SAME options, but in a DIFFERENT order.

帽子
Options: 头盔, 鸭舌帽, 毛线帽, 礼帽

Which option do you choose? Respond with the exact option text.",头盔,头盔,"You are playing a coordination game with another agent.
If you both select the SAME option, you each get $1.
You cannot communicate - you must try to coordinate.
Note: The other agent sees the SAME options, but in a DIFFERENT order.

帽子
Options: 毛线帽, 头盔, 鸭舌帽, 礼帽

Which option do you choose? Respond with the exact option text.",鸭舌帽,鸭舌帽,False
正装,"[""西装"", ""连衣裙"", ""燕尾服"", ""礼服""]","[""燕尾服"", ""礼服"", ""连衣裙"", ""西装""]","[""燕尾服"", ""连衣裙"", ""西装"", ""礼服""]","You are playing a coordination game with another agent.
If you both select the SAME option, you each get $1.
You cannot communicate - you must try to coordinate.
Note: The other agent sees the SAME options, but in a DIFFERENT order.

正装
Options: 燕尾服, 礼服, 连衣裙, 西装

Which option do you choose? Respond with the exact option text.",西装,西装,"You are playing a coordination game with another agent.
If you both select the SAME option, you each get $1.
You cannot communicate - you must try to coordinate.
Note: The other agent sees the SAME options, but in a DIFFERENT order.

正装
Options: 燕尾服, 连衣裙, 西装, 礼服

Which option do you choose? Respond with the exact option text.",西装,西装,True
Road Vehicles,"[""Car"", ""Bus"", ""Truck"", ""Motorcycle""]","[""Motorcycle"", ""Bus"", ""Car"", ""Truck""]","[""Bus"", ""Motorcycle"", ""Truck"", ""Car""]","You are playing a coordination game with another agent.
If you both select the SAME option, you each get $1.
You cannot communicate - you must try to coordinate.
Note: The other agent sees the SAME options, but in a DIFFERENT order.

Road Vehicles
Options: Motorcycle, Bus, Car, Truck

Which option do you choose? Respond with the exact option text.",Car,Car,"You are playing a coordination game with another agent.
If you both select the SAME option, you each get $1.
You cannot communicate - you must try to coordinate.
Note: The other agent sees the SAME options, but in a DIFFERENT order.

Road Vehicles
Options: Bus, Motorcycle, Truck, Car

Which option do you choose? Respond with the exact option text.",Car,Car,True
Two-Wheel Vehicles,"[""Bicycle"", ""Motorcycle"", ""Scooter"", ""Skateboard""]","[""Scooter"", ""Motorcycle"", ""Bicycle"", ""Skateboard""]","[""Motorcycle"", ""Scooter"", ""Skateboard"", ""Bicycle""]","You are playing a coordination game with another agent.
If you both select the SAME option, you each get $1.
You cannot communicate - you must try to coordinate.
Note: The other agent sees the SAME options, but in a DIFFERENT order.

Two-Wheel Vehicles
Options: Scooter, Motorcycle, Bicycle, Skateboard

Which option do you choose? Respond with the exact option text.",Bicycle,Bicycle,"You are playing a coordination game with another agent.
If you both select the SAME option, you each get $1.
You cannot communicate - you must try to coordinate.
Note: The other agent sees the SAME options, but in a DIFFERENT order.

Two-Wheel Vehicles
Options: Motorcycle, Scooter, Skateboard, Bicycle

Which option do you choose? Respond with the exact option text.",Motorcycle,Motorcycle,False
Water Vehicles,"[""Boat"", ""Ship"", ""Canoe"", ""Yacht""]","[""Yacht"", ""Ship"", ""Canoe"", ""Boat""]","[""Canoe"", ""Ship"", ""Yacht"", ""Boat""]","You are playing a coordination game with another agent.
If you both select the SAME option, you each get $1.
You cannot communicate - you must try to coordinate.
Note: The other agent sees the SAME options, but in a DIFFERENT order.

Water Vehicles
Options: Yacht, Ship, Canoe, Boat

Which option do you choose? Respond with the exact option text.",Boat,Boat,"You are playing a coordination game with another agent.
If you both select the SAME option, you each get $1.
You cannot communicate - you must try to coordinate.
Note: The other agent sees the SAME options, but in a DIFFERENT order.

Water Vehicles
Options: Canoe, Ship, Yacht, Boat

Which option do you choose? Respond with the exact option text.",Boat,Boat,True
Air Vehicles,"[""Airplane"", ""Helicopter"", ""Balloon"", ""Glider""]","[""Glider"", ""Airplane"", ""Balloon"", ""Helicopter""]","[""Helicopter"", ""Glider"", ""Balloon"", ""Airplane""]","You are playing a coordination game with another agent.
If you both select the SAME option, you each get $1.
You cannot communicate - you must try to coordinate.
Note: The other agent sees the SAME options, but in a DIFFERENT order.

Air Vehicles
Options: Glider, Airplane, Balloon, Helicopter

Which option do you choose? Respond with the exact option text.",Airplane,Airplane,"You are playing a coordination game with another agent.
If you both select the SAME option, you each get $1.
You cannot communicate - you must try to coordinate.
Note: The other agent sees the SAME options, but in a DIFFERENT order.

Air Vehicles
Options: Helicopter, Glider, Balloon, Airplane

Which option do you choose? Respond with the exact option text.",Airplane,Airplane,True
Public Transport,"[""Bus"", ""Subway"", ""Taxi"", ""Train""]","[""Subway"", ""Bus"", ""Taxi"", ""Train""]","[""Bus"", ""Taxi"", ""Subway"", ""Train""]","You are playing a coordination game with another agent.
If you both select the SAME option, you each get $1.
You cannot communicate - you must try to coordinate.
Note: The other agent sees the SAME options, but in a DIFFERENT order.

Public Transport
Options: Subway, Bus, Taxi, Train

Which option do you choose? Respond with the exact option text.",Subway,Subway,"You are playing a coordination game with another agent.
If you both select the SAME option, you each get $1.
You cannot communicate - you must try to coordinate.
Note: The other agent sees the SAME options, but in a DIFFERENT order.

Public Transport
Options: Bus, Taxi, Subway, Train

Which option do you choose? Respond with the exact option text.",Bus,Bus,False
道路车辆,"[""汽车"", ""公交车"", ""卡车"", ""摩托车""]","[""卡车"", ""摩托车"", ""公交车"", ""汽车""]","[""摩托车"", ""卡车"", ""公交车"", ""汽车""]","You are playing a coordination game with another agent.
If you both select the SAME option, you each get $1.
You cannot communicate - you must try to coordinate.
Note: The other agent sees the SAME options, but in a DIFFERENT order.

道路车辆
Options: 卡车, 摩托车, 公交车, 汽车

Which option do you choose? Respond with the exact option text.",汽车,汽车,"You are playing a coordination game with another agent.
If you both select the SAME option, you each get $1.
You cannot communicate - you must try to coordinate.
Note: The other agent sees the SAME options, but in a DIFFERENT order.

道路车辆
Options: 摩托车, 卡车, 公交车, 汽车

Which option do you choose? Respond with the exact option text.",汽车,汽车,True
两轮车,"[""自行车"", ""摩托车"", ""滑板车"", ""滑板""]","[""滑板车"", ""自行车"", ""摩托车"", ""滑板""]","[""摩托车"", ""自行车"", ""滑板"", ""滑板车""]","You are playing a coordination game with another agent.
If you both select the SAME option, you each get $1.
You cannot communicate - you must try to coordinate.
Note: The other agent sees the SAME options, but in a DIFFERENT order.

两轮车
Options: 滑板车, 自行车, 摩托车, 滑板

Which option do you choose? Respond with the exact option text.",自行车,自行车,"You are playing a coordination game with another agent.
If you both select the SAME option, you each get $1.
You cannot communicate - you must try to coordinate.
Note: The other agent sees the SAME options, but in a DIFFERENT order.

两轮车
Options: 摩托车, 自行车, 滑板, 滑板车

Which option do you choose? Respond with the exact option text.",自行车,自行车,True
水上交通,"[""船"", ""轮船"", ""独木舟"", ""游艇""]","[""船"", ""轮船"", ""游艇"", ""独木舟""]","[""独木舟"", ""轮船"", ""船"", ""游艇""]","You are playing a coordination game with another agent.
If you both select the SAME option, you each get $1.
You cannot communicate - you must try to coordinate.
Note: The other agent sees the SAME options, but in a DIFFERENT order.

水上交通
Options: 船, 轮船, 游艇, 独木舟

Which option do you choose? Respond with the exact option text.",船,船,"You are playing a coordination game with another agent.
If you both select the SAME option, you each get $1.
You cannot communicate - you must try to coordinate.
Note: The other agent sees the SAME options, but in a DIFFERENT order.

水上交通
Options: 独木舟, 轮船, 船, 游艇

Which option do you choose? Respond with the exact option text.",船,船,True
空中交通,"[""飞机"", ""直升机"", ""热气球"", ""滑翔机""]","[""热气球"", ""滑翔机"", ""直升机"", ""飞机""]","[""热气球"", ""飞机"", ""滑翔机"", ""直升机""]","You are playing a coordination game with another agent.
If you both select the SAME option, you each get $1.
You cannot communicate - you must try to coordinate.
Note: The other agent sees the SAME options, but in a DIFFERENT order.

空中交通
Options: 热气球, 滑翔机, 直升机, 飞机

Which option do you choose? Respond with the exact option text.",飞机,飞机,"You are playing a coordination game with another agent.
If you both select the SAME option, you each get $1.
You cannot communicate - you must try to coordinate.
Note: The other agent sees the SAME options, but in a DIFFERENT order.

空中交通
Options: 热气球, 飞机, 滑翔机, 直升机

Which option do you choose? Respond with the exact option text.",飞机,飞机,True
公共交通,"[""公交车"", ""地铁"", ""出租车"", ""火车""]","[""地铁"", ""出租车"", ""火车"", ""公交车""]","[""火车"", ""地铁"", ""公交车"", ""出租车""]","You are playing a coordination game with another agent.
If you both select the SAME option, you each get $1.
You cannot communicate - you must try to coordinate.
Note: The other agent sees the SAME options, but in a DIFFERENT order.

公共交通
Options: 地铁, 出租车, 火车, 公交车

Which option do you choose? Respond with the exact option text.",地铁,地铁,"You are playing a coordination game with another agent.
If you both select the SAME option, you each get $1.
You cannot communicate - you must try to coordinate.
Note: The other agent sees the SAME options, but in a DIFFERENT order.

公共交通
Options: 火车, 地铁, 公交车, 出租车

Which option do you choose? Respond with the exact option text.",火车,火车,False
Living Room Furniture,"[""Sofa"", ""Table"", ""Chair"", ""Shelf""]","[""Chair"", ""Shelf"", ""Sofa"", ""Table""]","[""Shelf"", ""Sofa"", ""Chair"", ""Table""]","You are playing a coordination game with another agent.
If you both select the SAME option, you each get $1.
You cannot communicate - you must try to coordinate.
Note: The other agent sees the SAME options, but in a DIFFERENT order.

Living Room Furniture
Options: Chair, Shelf, Sofa, Table

Which option do you choose? Respond with the exact option text.",Chair,Chair,"You are playing a coordination game with another agent.
If you both select the SAME option, you each get $1.
You cannot communicate - you must try to coordinate.
Note: The other agent sees the SAME options, but in a DIFFERENT order.

Living Room Furniture
Options: Shelf, Sofa, Chair, Table

Which option do you choose? Respond with the exact option text.",Sofa,Sofa,False
Bedroom Furniture,"[""Bed"", ""Wardrobe"", ""Dresser"", ""Nightstand""]","[""Nightstand"", ""Dresser"", ""Bed"", ""Wardrobe""]","[""Dresser"", ""Bed"", ""Nightstand"", ""Wardrobe""]","You are playing a coordination game with another agent.
If you both select the SAME option, you each get $1.
You cannot communicate - you must try to coordinate.
Note: The other agent sees the SAME options, but in a DIFFERENT order.

Bedroom Furniture
Options: Nightstand, Dresser, Bed, Wardrobe

Which option do you choose? Respond with the exact option text.",Bed,Bed,"You are playing a coordination game with another agent.
If you both select the SAME option, you each get $1.
You cannot communicate - you must try to coordinate.
Note: The other agent sees the SAME options, but in a DIFFERENT order.

Bedroom Furniture
Options: Dresser, Bed, Nightstand, Wardrobe

Which option do you choose? Respond with the exact option text.",Bed,Bed,True
Office Furniture,"[""Desk"", ""Chair"", ""Filing Cabinet"", ""Bookshelf""]","[""Bookshelf"", ""Desk"", ""Chair"", ""Filing Cabinet""]","[""Filing Cabinet"", ""Chair"", ""Bookshelf"", ""Desk""]","You are playing a coordination game with another agent.
If you both select the SAME option, you each get $1.
You cannot communicate - you must try to coordinate.
Note: The other agent sees the SAME options, but in a DIFFERENT order.

Office Furniture
Options: Bookshelf, Desk, Chair, Filing Cabinet

Which option do you choose? Respond with the exact option text.",Desk,Desk,"You are playing a coordination game with another agent.
If you both select the SAME option, you each get $1.
You cannot communicate - you must try to coordinate.
Note: The other agent sees the SAME options, but in a DIFFERENT order.

Office Furniture
Options: Filing Cabinet, Chair, Bookshelf, Desk

Which option do you choose? Respond with the exact option text.",Chair,Chair,False
Dining Furniture,"[""Dining Table"", ""Chair"", ""Cabinet"", ""Sideboard""]","[""Cabinet"", ""Sideboard"", ""Chair"", ""Dining Table""]","[""Dining Table"", ""Sideboard"", ""Cabinet"", ""Chair""]","You are playing a coordination game with another agent.
If you both select the SAME option, you each get $1.
You cannot communicate - you must try to coordinate.
Note: The other agent sees the SAME options, but in a DIFFERENT order.

Dining Furniture
Options: Cabinet, Sideboard, Chair, Dining Table

Which option do you choose? Respond with the exact option text.",Dining Table,Dining Table,"You are playing a coordination game with another agent.
If you both select the SAME option, you each get $1.
You cannot communicate - you must try to coordinate.
Note: The other agent sees the SAME options, but in a DIFFERENT order.

Dining Furniture
Options: Dining Table, Sideboard, Cabinet, Chair

Which option do you choose? Respond with the exact option text.",Dining Table,Dining Table,True
Storage Furniture,"[""Cabinet"", ""Shelf"", ""Drawer"", ""Closet""]","[""Cabinet"", ""Drawer"", ""Closet"", ""Shelf""]","[""Drawer"", ""Cabinet"", ""Closet"", ""Shelf""]","You are playing a coordination game with another agent.
If you both select the SAME option, you each get $1.
You cannot communicate - you must try to coordinate.
Note: The other agent sees the SAME options, but in a DIFFERENT order.

Storage Furniture
Options: Cabinet, Drawer, Closet, Shelf

Which option do you choose? Respond with the exact option text.",Cabinet,Cabinet,"You are playing a coordination game with another agent.
If you both select the SAME option, you each get $1.
You cannot communicate - you must try to coordinate.
Note: The other agent sees the SAME options, but in a DIFFERENT order.

Storage Furniture
Options: Drawer, Cabinet, Closet, Shelf

Which option do you choose? Respond with the exact option text.",Cabinet,Cabinet,True
客厅家具,"[""沙发"", ""桌子"", ""椅子"", ""书架""]","[""桌子"", ""书架"", ""沙发"", ""椅子""]","[""桌子"", ""椅子"", ""书架"", ""沙发""]","You are playing a coordination game with another agent.
If you both select the SAME option, you each get $1.
You cannot communicate - you must try to coordinate.
Note: The other agent sees the SAME options, but in a DIFFERENT order.

客厅家具
Options: 桌子, 书架, 沙发, 椅子

Which option do you choose? Respond with the exact option text.",沙发,沙发,"You are playing a coordination game with another agent.
If you both select the SAME option, you each get $1.
You cannot communicate - you must try to coordinate.
Note: The other agent sees the SAME options, but in a DIFFERENT order.

客厅家具
Options: 桌子, 椅子, 书架, 沙发

Which option do you choose? Respond with the exact option text.",沙发,沙发,True
卧室家具,"[""床"", ""衣柜"", ""梳妆台"", ""床头柜""]","[""床头柜"", ""梳妆台"", ""床"", ""衣柜""]","[""衣柜"", ""梳妆台"", ""床头柜"", ""床""]","You are playing a coordination game with another agent.
If you both select the SAME option, you each get $1.
You cannot communicate - you must try to coordinate.
Note: The other agent sees the SAME options, but in a DIFFERENT order.

卧室家具
Options: 床头柜, 梳妆台, 床, 衣柜

Which option do you choose? Respond with the exact option text.",床,床,"You are playing a coordination game with another agent.
If you both select the SAME option, you each get $1.
You cannot communicate - you must try to coordinate.
Note: The other agent sees the SAME options, but in a DIFFERENT order.

卧室家具
Options: 衣柜, 梳妆台, 床头柜, 床

Which option do you choose? Respond with the exact option text.",床,床,True
办公家具,"[""书桌"", ""椅子"", ""文件柜"", ""书架""]","[""文件柜"", ""书桌"", ""椅子"", ""书架""]","[""书桌"", ""椅子"", ""书架"", ""文件柜""]","You are playing a coordination game with another agent.
If you both select the SAME option, you each get $1.
You cannot communicate - you must try to coordinate.
Note: The other agent sees the SAME options, but in a DIFFERENT order.

办公家具
Options: 文件柜, 书桌, 椅子, 书架

Which option do you choose? Respond with the exact option text.",椅子,椅子,"You are playing a coordination game with another agent.
If you both select the SAME option, you each get $1.
You cannot communicate - you must try to coordinate.
Note: The other agent sees the SAME options, but in a DIFFERENT order.

办公家具
Options: 书桌, 椅子, 书架, 文件柜

Which option do you choose? Respond with the exact option text.",书桌,书桌,False
餐厅家具,"[""餐桌"", ""餐椅"", ""餐柜"", ""边柜""]","[""边柜"", ""餐桌"", ""餐椅"", ""餐柜""]","[""餐桌"", ""餐柜"", ""餐椅"", ""边柜""]","You are playing a coordination game with another agent.
If you both select the SAME option, you each get $1.
You cannot communicate - you must try to coordinate.
Note: The other agent sees the SAME options, but in a DIFFERENT order.

餐厅家具
Options: 边柜, 餐桌, 餐椅, 餐柜

Which option do you choose? Respond with the exact option text.",餐桌,餐桌,"You are playing a coordination game with another agent.
If you both select the SAME option, you each get $1.
You cannot communicate - you must try to coordinate.
Note: The other agent sees the SAME options, but in a DIFFERENT order.

餐厅家具
Options: 餐桌, 餐柜, 餐椅, 边柜

Which option do you choose? Respond with the exact option text.",餐桌,餐桌,True
收纳家具,"[""柜子"", ""架子"", ""抽屉"", ""衣橱""]","[""架子"", ""抽屉"", ""柜子"", ""衣橱""]","[""抽屉"", ""柜子"", ""衣橱"", ""架子""]","You are playing a coordination game with another agent.
If you both select the SAME option, you each get $1.
You cannot communicate - you must try to coordinate.
Note: The other agent sees the SAME options, but in a DIFFERENT order.

收纳家具
Options: 架子, 抽屉, 柜子, 衣橱

Which option do you choose? Respond with the exact option text.",柜子,柜子,"You are playing a coordination game with another agent.
If you both select the SAME option, you each get $1.
You cannot communicate - you must try to coordinate.
Note: The other agent sees the SAME options, but in a DIFFERENT order.

收纳家具
Options: 抽屉, 柜子, 衣橱, 架子

Which option do you choose? Respond with the exact option text.",柜子,柜子,True
Home Rooms,"[""Bedroom"", ""Kitchen"", ""Bathroom"", ""Living Room""]","[""Kitchen"", ""Bathroom"", ""Bedroom"", ""Living Room""]","[""Bedroom"", ""Kitchen"", ""Living Room"", ""Bathroom""]","You are playing a coordination game with another agent.
If you both select the SAME option, you each get $1.
You cannot communicate - you must try to coordinate.
Note: The other agent sees the SAME options, but in a DIFFERENT order.

Home Rooms
Options: Kitchen, Bathroom, Bedroom, Living Room

Which option do you choose? Respond with the exact option text.",Kitchen,Kitchen,"You are playing a coordination game with another agent.
If you both select the SAME option, you each get $1.
You cannot communicate - you must try to coordinate.
Note: The other agent sees the SAME options, but in a DIFFERENT order.

Home Rooms
Options: Bedroom, Kitchen, Living Room, Bathroom

Which option do you choose? Respond with the exact option text.",Bathroom,Bathroom,False
Kitchen Areas,"[""Counter"", ""Stove"", ""Sink"", ""Refrigerator""]","[""Sink"", ""Refrigerator"", ""Counter"", ""Stove""]","[""Counter"", ""Refrigerator"", ""Sink"", ""Stove""]","You are playing a coordination game with another agent.
If you both select the SAME option, you each get $1.
You cannot communicate - you must try to coordinate.
Note: The other agent sees the SAME options, but in a DIFFERENT order.

Kitchen Areas
Options: Sink, Refrigerator, Counter, Stove

Which option do you choose? Respond with the exact option text.",Sink,Sink,"You are playing a coordination game with another agent.
If you both select the SAME option, you each get $1.
You cannot communicate - you must try to coordinate.
Note: The other agent sees the SAME options, but in a DIFFERENT order.

Kitchen Areas
Options: Counter, Refrigerator, Sink, Stove

Which option do you choose? Respond with the exact option text.",Counter,Counter,False
Bathroom Features,"[""Shower"", ""Toilet"", ""Sink"", ""Bathtub""]","[""Shower"", ""Sink"", ""Bathtub"", ""Toilet""]","[""Toilet"", ""Shower"", ""Sink"", ""Bathtub""]","You are playing a coordination game with another agent.
If you both select the SAME option, you each get $1.
You cannot communicate - you must try to coordinate.
Note: The other agent sees the SAME options, but in a DIFFERENT order.

Bathroom Features
Options: Shower, Sink, Bathtub, Toilet

Which option do you choose? Respond with the exact option text.",Toilet,Toilet,"You are playing a coordination game with another agent.
If you both select the SAME option, you each get $1.
You cannot communicate - you must try to coordinate.
Note: The other agent sees the SAME options, but in a DIFFERENT order.

Bathroom Features
Options: Toilet, Shower, Sink, Bathtub

Which option do you choose? Respond with the exact option text.",Toilet,Toilet,True
Living Room Items,"[""Sofa"", ""TV"", ""Carpet"", ""Window""]","[""Sofa"", ""Carpet"", ""Window"", ""TV""]","[""Carpet"", ""Sofa"", ""TV"", ""Window""]","You are playing a coordination game with another agent.
If you both select the SAME option, you each get $1.
You cannot communicate - you must try to coordinate.
Note: The other agent sees the SAME options, but in a DIFFERENT order.

Living Room Items
Options: Sofa, Carpet, Window, TV

Which option do you choose? Respond with the exact option text.",Sofa,Sofa,"You are playing a coordination game with another agent.
If you both select the SAME option, you each get $1.
You cannot communicate - you must try to coordinate.
Note: The other agent sees the SAME options, but in a DIFFERENT order.

Living Room Items
Options: Carpet, Sofa, TV, Window

Which option do you choose? Respond with the exact option text.",Sofa,Sofa,True
Bedroom Furniture,"[""Bed"", ""Closet"", ""Desk"", ""Mirror""]","[""Desk"", ""Bed"", ""Closet"", ""Mirror""]","[""Bed"", ""Desk"", ""Mirror"", ""Closet""]","You are playing a coordination game with another agent.
If you both select the SAME option, you each get $1.
You cannot communicate - you must try to coordinate.
Note: The other agent sees the SAME options, but in a DIFFERENT order.

Bedroom Furniture
Options: Desk, Bed, Closet, Mirror

Which option do you choose? Respond with the exact option text.",Bed,Bed,"You are playing a coordination game with another agent.
If you both select the SAME option, you each get $1.
You cannot communicate - you must try to coordinate.
Note: The other agent sees the SAME options, but in a DIFFERENT order.

Bedroom Furniture
Options: Bed, Desk, Mirror, Closet

Which option do you choose? Respond with the exact option text.",Bed,Bed,True
家庭房间,"[""卧室"", ""厨房"", ""浴室"", ""客厅""]","[""卧室"", ""客厅"", ""浴室"", ""厨房""]","[""卧室"", ""客厅"", ""浴室"", ""厨房""]","You are playing a coordination game with another agent.
If you both select the SAME option, you each get $1.
You cannot communicate - you must try to coordinate.
Note: The other agent sees the SAME options, but in a DIFFERENT order.

家庭房间
Options: 卧室, 客厅, 浴室, 厨房

Which option do you choose? Respond with the exact option text.",卧室,卧室,"You are playing a coordination game with another agent.
If you both select the SAME option, you each get $1.
You cannot communicate - you must try to coordinate.
Note: The other agent sees the SAME options, but in a DIFFERENT order.

家庭房间
Options: 卧室, 客厅, 浴室, 厨房

Which option do you choose? Respond with the exact option text.",卧室,卧室,True
厨房区域,"[""台面"", ""炉灶"", ""水槽"", ""冰箱""]","[""台面"", ""炉灶"", ""冰箱"", ""水槽""]","[""水槽"", ""炉灶"", ""冰箱"", ""台面""]","You are playing a coordination game with another agent.
If you both select the SAME option, you each get $1.
You cannot communicate - you must try to coordinate.
Note: The other agent sees the SAME options, but in a DIFFERENT order.

厨房区域
Options: 台面, 炉灶, 冰箱, 水槽

Which option do you choose? Respond with the exact option text.",台面,台面,"You are playing a coordination game with another agent.
If you both select the SAME option, you each get $1.
You cannot communicate - you must try to coordinate.
Note: The other agent sees the SAME options, but in a DIFFERENT order.

厨房区域
Options: 水槽, 炉灶, 冰箱, 台面

Which option do you choose? Respond with the exact option text.",冰箱,冰箱,False
浴室设施,"[""淋浴"", ""马桶"", ""洗手台"", ""浴缸""]","[""浴缸"", ""马桶"", ""淋浴"", ""洗手台""]","[""浴缸"", ""淋浴"", ""洗手台"", ""马桶""]","You are playing a coordination game with another agent.
If you both select the SAME option, you each get $1.
You cannot communicate - you must try to coordinate.
Note: The other agent sees the SAME options, but in a DIFFERENT order.

浴室设施
Options: 浴缸, 马桶, 淋浴, 洗手台

Which option do you choose? Respond with the exact option text.",马桶,马桶,"You are playing a coordination game with another agent.
If you both select the SAME option, you each get $1.
You cannot communicate - you must try to coordinate.
Note: The other agent sees the SAME options, but in a DIFFERENT order.

浴室设施
Options: 浴缸, 淋浴, 洗手台, 马桶

Which option do you choose? Respond with the exact option text.",浴缸,浴缸,False
客厅陈设,"[""沙发"", ""电视"", ""地毯"", ""窗户""]","[""电视"", ""窗户"", ""沙发"", ""地毯""]","[""电视"", ""窗户"", ""地毯"", ""沙发""]","You are playing a coordination game with another agent.
If you both select the SAME option, you each get $1.
You cannot communicate - you must try to coordinate.
Note: The other agent sees the SAME options, but in a DIFFERENT order.

客厅陈设
Options: 电视, 窗户, 沙发, 地毯

Which option do you choose? Respond with the exact option text.",沙发,沙发,"You are playing a coordination game with another agent.
If you both select the SAME option, you each get $1.
You cannot communicate - you must try to coordinate.
Note: The other agent sees the SAME options, but in a DIFFERENT order.

客厅陈设
Options: 电视, 窗户, 地毯, 沙发

Which option do you choose? Respond with the exact option text.",沙发,沙发,True
卧室家具,"[""床"", ""衣柜"", ""书桌"", ""镜子""]","[""书桌"", ""镜子"", ""衣柜"", ""床""]","[""书桌"", ""衣柜"", ""床"", ""镜子""]","You are playing a coordination game with another agent.
If you both select the SAME option, you each get $1.
You cannot communicate - you must try to coordinate.
Note: The other agent sees the SAME options, but in a DIFFERENT order.

卧室家具
Options: 书桌, 镜子, 衣柜, 床

Which option do you choose? Respond with the exact option text.",床,床,"You are playing a coordination game with another agent.
If you both select the SAME option, you each get $1.
You cannot communicate - you must try to coordinate.
Note: The other agent sees the SAME options, but in a DIFFERENT order.

卧室家具
Options: 书桌, 衣柜, 床, 镜子

Which option do you choose? Respond with the exact option text.",床,床,True
Educational Institutions,"[""School"", ""University"", ""College"", ""Academy""]","[""Academy"", ""School"", ""University"", ""College""]","[""School"", ""University"", ""College"", ""Academy""]","You are playing a coordination game with another agent.
If you both select the SAME option, you each get $1.
You cannot communicate - you must try to coordinate.
Note: The other agent sees the SAME options, but in a DIFFERENT order.

Educational Institutions
Options: Academy, School, University, College

Which option do you choose? Respond with the exact option text.",University,University,"You are playing a coordination game with another agent.
If you both select the SAME option, you each get $1.
You cannot communicate - you must try to coordinate.
Note: The other agent sees the SAME options, but in a DIFFERENT order.

Educational Institutions
Options: School, University, College, Academy

Which option do you choose? Respond with the exact option text.",University,University,True
Government Buildings,"[""City Hall"", ""Court"", ""Post Office"", ""Library""]","[""Court"", ""City Hall"", ""Post Office"", ""Library""]","[""Court"", ""City Hall"", ""Library"", ""Post Office""]","You are playing a coordination game with another agent.
If you both select the SAME option, you each get $1.
You cannot communicate - you must try to coordinate.
Note: The other agent sees the SAME options, but in a DIFFERENT order.

Government Buildings
Options: Court, City Hall, Post Office, Library

Which option do you choose? Respond with the exact option text.",City Hall,City Hall,"You are playing a coordination game with another agent.
If you both select the SAME option, you each get $1.
You cannot communicate - you must try to coordinate.
Note: The other agent sees the SAME options, but in a DIFFERENT order.

Government Buildings
Options: Court, City Hall, Library, Post Office

Which option do you choose? Respond with the exact option text.",City Hall,City Hall,True
Healthcare Facilities,"[""Hospital"", ""Clinic"", ""Pharmacy"", ""Lab""]","[""Clinic"", ""Lab"", ""Pharmacy"", ""Hospital""]","[""Clinic"", ""Hospital"", ""Lab"", ""Pharmacy""]","You are playing a coordination game with another agent.
If you both select the SAME option, you each get $1.
You cannot communicate - you must try to coordinate.
Note: The other agent sees the SAME options, but in a DIFFERENT order.

Healthcare Facilities
Options: Clinic, Lab, Pharmacy, Hospital

Which option do you choose? Respond with the exact option text.",Hospital,Hospital,"You are playing a coordination game with another agent.
If you both select the SAME option, you each get $1.
You cannot communicate - you must try to coordinate.
Note: The other agent sees the SAME options, but in a DIFFERENT order.

Healthcare Facilities
Options: Clinic, Hospital, Lab, Pharmacy

Which option do you choose? Respond with the exact option text.",Hospital,Hospital,True
Cultural Institutions,"[""Museum"", ""Theater"", ""Gallery"", ""Library""]","[""Library"", ""Museum"", ""Theater"", ""Gallery""]","[""Gallery"", ""Museum"", ""Library"", ""Theater""]","You are playing a coordination game with another agent.
If you both select the SAME option, you each get $1.
You cannot communicate - you must try to coordinate.
Note: The other agent sees the SAME options, but in a DIFFERENT order.

Cultural Institutions
Options: Library, Museum, Theater, Gallery

Which option do you choose? Respond with the exact option text.",Museum,Museum,"You are playing a coordination game with another agent.
If you both select the SAME option, you each get $1.
You cannot communicate - you must try to coordinate.
Note: The other agent sees the SAME options, but in a DIFFERENT order.

Cultural Institutions
Options: Gallery, Museum, Library, Theater

Which option do you choose? Respond with the exact option text.",Museum,Museum,True
Financial Institutions,"[""Bank"", ""Insurance"", ""Stock Exchange"", ""Credit Union""]","[""Stock Exchange"", ""Insurance"", ""Credit Union"", ""Bank""]","[""Stock Exchange"", ""Bank"", ""Insurance"", ""Credit Union""]","You are playing a coordination game with another agent.
If you both select the SAME option, you each get $1.
You cannot communicate - you must try to coordinate.
Note: The other agent sees the SAME options, but in a DIFFERENT order.

Financial Institutions
Options: Stock Exchange, Insurance, Credit Union, Bank

Which option do you choose? Respond with the exact option text.",Bank,Bank,"You are playing a coordination game with another agent.
If you both select the SAME option, you each get $1.
You cannot communicate - you must try to coordinate.
Note: The other agent sees the SAME options, but in a DIFFERENT order.

Financial Institutions
Options: Stock Exchange, Bank, Insurance, Credit Union

Which option do you choose? Respond with the exact option text.",Bank,Bank,True
教育机构,"[""学校"", ""大学"", ""学院"", ""研究院""]","[""研究院"", ""学院"", ""学校"", ""大学""]","[""研究院"", ""大学"", ""学校"", ""学院""]","You are playing a coordination game with another agent.
If you both select the SAME option, you each get $1.
You cannot communicate - you must try to coordinate.
Note: The other agent sees the SAME options, but in a DIFFERENT order.

教育机构
Options: 研究院, 学院, 学校, 大学

Which option do you choose? Respond with the exact option text.",大学,大学,"You are playing a coordination game with another agent.
If you both select the SAME option, you each get $1.
You cannot communicate - you must try to coordinate.
Note: The other agent sees the SAME options, but in a DIFFERENT order.

教育机构
Options: 研究院, 大学, 学校, 学院

Which option do you choose? Respond with the exact option text.",大学,大学,True
政府建筑,"[""市政厅"", ""法院"", ""邮局"", ""图书馆""]","[""法院"", ""图书馆"", ""邮局"", ""市政厅""]","[""邮局"", ""图书馆"", ""法院"", ""市政厅""]","You are playing a coordination game with another agent.
If you both select the SAME option, you each get $1.
You cannot communicate - you must try to coordinate.
Note: The other agent sees the SAME options, but in a DIFFERENT order.

政府建筑
Options: 法院, 图书馆, 邮局, 市政厅

Which option do you choose? Respond with the exact option text.",市政厅,市政厅,"You are playing a coordination game with another agent.
If you both select the SAME option, you each get $1.
You cannot communicate - you must try to coordinate.
Note: The other agent sees the SAME options, but in a DIFFERENT order.

政府建筑
Options: 邮局, 图书馆, 法院, 市政厅

Which option do you choose? Respond with the exact option text.",市政厅,市政厅,True
医疗机构,"[""医院"", ""诊所"", ""药房"", ""实验室""]","[""医院"", ""诊所"", ""药房"", ""实验室""]","[""诊所"", ""医院"", ""实验室"", ""药房""]","You are playing a coordination game with another agent.
If you both select the SAME option, you each get $1.
You cannot communicate - you must try to coordinate.
Note: The other agent sees the SAME options, but in a DIFFERENT order.

医疗机构
Options: 医院, 诊所, 药房, 实验室

Which option do you choose? Respond with the exact option text.",医院,医院,"You are playing a coordination game with another agent.
If you both select the SAME option, you each get $1.
You cannot communicate - you must try to coordinate.
Note: The other agent sees the SAME options, but in a DIFFERENT order.

医疗机构
Options: 诊所, 医院, 实验室, 药房

Which option do you choose? Respond with the exact option text.",医院,医院,True
文化机构,"[""博物馆"", ""剧院"", ""画廊"", ""图书馆""]","[""画廊"", ""图书馆"", ""博物馆"", ""剧院""]","[""剧院"", ""画廊"", ""图书馆"", ""博物馆""]","You are playing a coordination game with another agent.
If you both select the SAME option, you each get $1.
You cannot communicate - you must try to coordinate.
Note: The other agent sees the SAME options, but in a DIFFERENT order.

文化机构
Options: 画廊, 图书馆, 博物馆, 剧院

Which option do you choose? Respond with the exact option text.",博物馆,博物馆,"You are playing a coordination game with another agent.
If you both select the SAME option, you each get $1.
You cannot communicate - you must try to coordinate.
Note: The other agent sees the SAME options, but in a DIFFERENT order.

文化机构
Options: 剧院, 画廊, 图书馆, 博物馆

Which option do you choose? Respond with the exact option text.",博物馆,博物馆,True
金融机构,"[""银行"", ""保险"", ""证券交易所"", ""信用社""]","[""保险"", ""信用社"", ""证券交易所"", ""银行""]","[""证券交易所"", ""银行"", ""信用社"", ""保险""]","You are playing a coordination game with another agent.
If you both select the SAME option, you each get $1.
You cannot communicate - you must try to coordinate.
Note: The other agent sees the SAME options, but in a DIFFERENT order.

金融机构
Options: 保险, 信用社, 证券交易所, 银行

Which option do you choose? Respond with the exact option text.",银行,银行,"You are playing a coordination game with another agent.
If you both select the SAME option, you each get $1.
You cannot communicate - you must try to coordinate.
Note: The other agent sees the SAME options, but in a DIFFERENT order.

金融机构
Options: 证券交易所, 银行, 信用社, 保险

Which option do you choose? Respond with the exact option text.",银行,银行,True
US Meeting Spots,"[""Starbucks"", ""McDonald's"", ""Library"", ""Park""]","[""McDonald's"", ""Starbucks"", ""Park"", ""Library""]","[""Park"", ""Library"", ""Starbucks"", ""McDonald's""]","You are playing a coordination game with another agent.
If you both select the SAME option, you each get $1.
You cannot communicate - you must try to coordinate.
Note: The other agent sees the SAME options, but in a DIFFERENT order.

US Meeting Spots
Options: McDonald's, Starbucks, Park, Library

Which option do you choose? Respond with the exact option text.",Starbucks,Starbucks,"You are playing a coordination game with another agent.
If you both select the SAME option, you each get $1.
You cannot communicate - you must try to coordinate.
Note: The other agent sees the SAME options, but in a DIFFERENT order.

US Meeting Spots
Options: Park, Library, Starbucks, McDonald's

Which option do you choose? Respond with the exact option text.",Starbucks,Starbucks,True
US Shopping Centers,"[""Walmart"", ""Target"", ""Mall"", ""Costco""]","[""Target"", ""Mall"", ""Costco"", ""Walmart""]","[""Walmart"", ""Costco"", ""Target"", ""Mall""]","You are playing a coordination game with another agent.
If you both select the SAME option, you each get $1.
You cannot communicate - you must try to coordinate.
Note: The other agent sees the SAME options, but in a DIFFERENT order.

US Shopping Centers
Options: Target, Mall, Costco, Walmart

Which option do you choose? Respond with the exact option text.",Mall,Mall,"You are playing a coordination game with another agent.
If you both select the SAME option, you each get $1.
You cannot communicate - you must try to coordinate.
Note: The other agent sees the SAME options, but in a DIFFERENT order.

US Shopping Centers
Options: Walmart, Costco, Target, Mall

Which option do you choose? Respond with the exact option text.",Walmart,Walmart,False
US Hangout Places,"[""Coffee Shop"", ""Bar"", ""Gym"", ""Beach""]","[""Bar"", ""Coffee Shop"", ""Gym"", ""Beach""]","[""Bar"", ""Beach"", ""Coffee Shop"", ""Gym""]","You are playing a coordination game with another agent.
If you both select the SAME option, you each get $1.
You cannot communicate - you must try to coordinate.
Note: The other agent sees the SAME options, but in a DIFFERENT order.

US Hangout Places
Options: Bar, Coffee Shop, Gym, Beach

Which option do you choose? Respond with the exact option text.",Coffee Shop,Coffee Shop,"You are playing a coordination game with another agent.
If you both select the SAME option, you each get $1.
You cannot communicate - you must try to coordinate.
Note: The other agent sees the SAME options, but in a DIFFERENT order.

US Hangout Places
Options: Bar, Beach, Coffee Shop, Gym

Which option do you choose? Respond with the exact option text.",Bar,Bar,False
US Public Squares,"[""Times Square"", ""National Mall"", ""Central Park"", ""Pier""]","[""Times Square"", ""Central Park"", ""National Mall"", ""Pier""]","[""Central Park"", ""National Mall"", ""Times Square"", ""Pier""]","You are playing a coordination game with another agent.
If you both select the SAME option, you each get $1.
You cannot communicate - you must try to coordinate.
Note: The other agent sees the SAME options, but in a DIFFERENT order.

US Public Squares
Options: Times Square, Central Park, National Mall, Pier

Which option do you choose? Respond with the exact option text.",Times Square,Times Square,"You are playing a coordination game with another agent.
If you both select the SAME option, you each get $1.
You cannot communicate - you must try to coordinate.
Note: The other agent sees the SAME options, but in a DIFFERENT order.

US Public Squares
Options: Central Park, National Mall, Times Square, Pier

Which option do you choose? Respond with the exact option text.",Times Square,Times Square,True
US Dining Venues,"[""Restaurant"", ""Diner"", ""Food Court"", ""Cafe""]","[""Diner"", ""Cafe"", ""Restaurant"", ""Food Court""]","[""Food Court"", ""Restaurant"", ""Diner"", ""Cafe""]","You are playing a coordination game with another agent.
If you both select the SAME option, you each get $1.
You cannot communicate - you must try to coordinate.
Note: The other agent sees the SAME options, but in a DIFFERENT order.

US Dining Venues
Options: Diner, Cafe, Restaurant, Food Court

Which option do you choose? Respond with the exact option text.",Restaurant,Restaurant,"You are playing a coordination game with another agent.
If you both select the SAME option, you each get $1.
You cannot communicate - you must try to coordinate.
Note: The other agent sees the SAME options, but in a DIFFERENT order.

US Dining Venues
Options: Food Court, Restaurant, Diner, Cafe

Which option do you choose? Respond with the exact option text.",Restaurant,Restaurant,True
US Entertainment Venues,"[""Movie Theater"", ""Stadium"", ""Concert Hall"", ""Arcade""]","[""Concert Hall"", ""Stadium"", ""Movie Theater"", ""Arcade""]","[""Arcade"", ""Stadium"", ""Concert Hall"", ""Movie Theater""]","You are playing a coordination game with another agent.
If you both select the SAME option, you each get $1.
You cannot communicate - you must try to coordinate.
Note: The other agent sees the SAME options, but in a DIFFERENT order.

US Entertainment Venues
Options: Concert Hall, Stadium, Movie Theater, Arcade

Which option do you choose? Respond with the exact option text.",Movie Theater,Movie Theater,"You are playing a coordination game with another agent.
If you both select the SAME option, you each get $1.
You cannot communicate - you must try to coordinate.
Note: The other agent sees the SAME options, but in a DIFFERENT order.

US Entertainment Venues
Options: Arcade, Stadium, Concert Hall, Movie Theater

Which option do you choose? Respond with the exact option text.",Arcade,Arcade,False
US Parks,"[""Central Park"", ""Golden Gate Park"", ""Millennium Park"", ""Griffith Park""]","[""Millennium Park"", ""Central Park"", ""Golden Gate Park"", ""Griffith Park""]","[""Central Park"", ""Griffith Park"", ""Golden Gate Park"", ""Millennium Park""]","You are playing a coordination game with another agent.
If you both select the SAME option, you each get $1.
You cannot communicate - you must try to coordinate.
Note: The other agent sees the SAME options, but in a DIFFERENT order.

US Parks
Options: Millennium Park, Central Park, Golden Gate Park, Griffith Park

Which option do you choose? Respond with the exact option text.",Central Park,Central Park,"You are playing a coordination game with another agent.
If you both select the SAME option, you each get $1.
You cannot communicate - you must try to coordinate.
Note: The other agent sees the SAME options, but in a DIFFERENT order.

US Parks
Options: Central Park, Griffith Park, Golden Gate Park, Millennium Park

Which option do you choose? Respond with the exact option text.",Central Park,Central Park,True
US Transport Hubs,"[""Airport"", ""Train Station"", ""Bus Terminal"", ""Subway Station""]","[""Bus Terminal"", ""Train Station"", ""Subway Station"", ""Airport""]","[""Airport"", ""Subway Station"", ""Bus Terminal"", ""Train Station""]","You are playing a coordination game with another agent.
If you both select the SAME option, you each get $1.
You cannot communicate - you must try to coordinate.
Note: The other agent sees the SAME options, but in a DIFFERENT order.

US Transport Hubs
Options: Bus Terminal, Train Station, Subway Station, Airport

Which option do you choose? Respond with the exact option text.",Airport,Airport,"You are playing a coordination game with another agent.
If you both select the SAME option, you each get $1.
You cannot communicate - you must try to coordinate.
Note: The other agent sees the SAME options, but in a DIFFERENT order.

US Transport Hubs
Options: Airport, Subway Station, Bus Terminal, Train Station

Which option do you choose? Respond with the exact option text.",Airport,Airport,True
US Recreational Places,"[""Beach"", ""Hiking Trail"", ""Playground"", ""Pool""]","[""Pool"", ""Playground"", ""Hiking Trail"", ""Beach""]","[""Pool"", ""Playground"", ""Beach"", ""Hiking Trail""]","You are playing a coordination game with another agent.
If you both select the SAME option, you each get $1.
You cannot communicate - you must try to coordinate.
Note: The other agent sees the SAME options, but in a DIFFERENT order.

US Recreational Places
Options: Pool, Playground, Hiking Trail, Beach

Which option do you choose? Respond with the exact option text.",Beach,Beach,"You are playing a coordination game with another agent.
If you both select the SAME option, you each get $1.
You cannot communicate - you must try to coordinate.
Note: The other agent sees the SAME options, but in a DIFFERENT order.

US Recreational Places
Options: Pool, Playground, Beach, Hiking Trail

Which option do you choose? Respond with the exact option text.",Beach,Beach,True
US Nightlife Spots,"[""Bar"", ""Club"", ""Lounge"", ""Karaoke""]","[""Lounge"", ""Club"", ""Bar"", ""Karaoke""]","[""Karaoke"", ""Bar"", ""Lounge"", ""Club""]","You are playing a coordination game with another agent.
If you both select the SAME option, you each get $1.
You cannot communicate - you must try to coordinate.
Note: The other agent sees the SAME options, but in a DIFFERENT order.

US Nightlife Spots
Options: Lounge, Club, Bar, Karaoke

Which option do you choose? Respond with the exact option text.",Bar,Bar,"You are playing a coordination game with another agent.
If you both select the SAME option, you each get $1.
You cannot communicate - you must try to coordinate.
Note: The other agent sees the SAME options, but in a DIFFERENT order.

US Nightlife Spots
Options: Karaoke, Bar, Lounge, Club

Which option do you choose? Respond with the exact option text.",Bar,Bar,True
中国聚会场所,"[""星巴克"", ""麦当劳"", ""图书馆"", ""公园""]","[""公园"", ""星巴克"", ""图书馆"", ""麦当劳""]","[""星巴克"", ""公园"", ""麦当劳"", ""图书馆""]","You are playing a coordination game with another agent.
If you both select the SAME option, you each get $1.
You cannot communicate - you must try to coordinate.
Note: The other agent sees the SAME options, but in a DIFFERENT order.

中国聚会场所
Options: 公园, 星巴克, 图书馆, 麦当劳

Which option do you choose? Respond with the exact option text.",星巴克,星巴克,"You are playing a coordination game with another agent.
If you both select the SAME option, you each get $1.
You cannot communicate - you must try to coordinate.
Note: The other agent sees the SAME options, but in a DIFFERENT order.

中国聚会场所
Options: 星巴克, 公园, 麦当劳, 图书馆

Which option do you choose? Respond with the exact option text.",星巴克,星巴克,True
中国购物场所,"[""淘宝"", ""京东"", ""万达广场"", ""超市""]","[""淘宝"", ""超市"", ""京东"", ""万达广场""]","[""淘宝"", ""万达广场"", ""超市"", ""京东""]","You are playing a coordination game with another agent.
If you both select the SAME option, you each get $1.
You cannot communicate - you must try to coordinate.
Note: The other agent sees the SAME options, but in a DIFFERENT order.

中国购物场所
Options: 淘宝, 超市, 京东, 万达广场

Which option do you choose? Respond with the exact option text.",淘宝,淘宝,"You are playing a coordination game with another agent.
If you both select the SAME option, you each get $1.
You cannot communicate - you must try to coordinate.
Note: The other agent sees the SAME options, but in a DIFFERENT order.

中国购物场所
Options: 淘宝, 万达广场, 超市, 京东

Which option do you choose? Respond with the exact option text.",淘宝,淘宝,True
中国休闲场所,"[""茶馆"", ""KTV"", ""健身房"", ""公园""]","[""健身房"", ""公园"", ""茶馆"", ""KTV""]","[""KTV"", ""健身房"", ""茶馆"", ""公园""]","You are playing a coordination game with another agent.
If you both select the SAME option, you each get $1.
You cannot communicate - you must try to coordinate.
Note: The other agent sees the SAME options, but in a DIFFERENT order.

中国休闲场所
Options: 健身房, 公园, 茶馆, KTV

Which option do you choose? Respond with the exact option text.",公园,公园,"You are playing a coordination game with another agent.
If you both select the SAME option, you each get $1.
You cannot communicate - you must try to coordinate.
Note: The other agent sees the SAME options, but in a DIFFERENT order.

中国休闲场所
Options: KTV, 健身房, 茶馆, 公园

Which option do you choose? Respond with the exact option text.",KTV,KTV,False
中国公共广场,"[""天安门广场"", ""人民广场"", ""中心广场"", ""步行街""]","[""步行街"", ""人民广场"", ""中心广场"", ""天安门广场""]","[""步行街"", ""人民广场"", ""天安门广场"", ""中心广场""]","You are playing a coordination game with another agent.
If you both select the SAME option, you each get $1.
You cannot communicate - you must try to coordinate.
Note: The other agent sees the SAME options, but in a DIFFERENT order.

中国公共广场
Options: 步行街, 人民广场, 中心广场, 天安门广场

Which option do you choose? Respond with the exact option text.",天安门广场,天安门广场,"You are playing a coordination game with another agent.
If you both select the SAME option, you each get $1.
You cannot communicate - you must try to coordinate.
Note: The other agent sees the SAME options, but in a DIFFERENT order.

中国公共广场
Options: 步行街, 人民广场, 天安门广场, 中心广场

Which option do you choose? Respond with the exact option text.",天安门广场,天安门广场,True
中国餐饮场所,"[""饭店"", ""小吃街"", ""食堂"", ""奶茶店""]","[""奶茶店"", ""小吃街"", ""饭店"", ""食堂""]","[""食堂"", ""奶茶店"", ""小吃街"", ""饭店""]","You are playing a coordination game with another agent.
If you both select the SAME option, you each get $1.
You cannot communicate - you must try to coordinate.
Note: The other agent sees the SAME options, but in a DIFFERENT order.

中国餐饮场所
Options: 奶茶店, 小吃街, 饭店, 食堂

Which option do you choose? Respond with the exact option text.",饭店,饭店,"You are playing a coordination game with another agent.
If you both select the SAME option, you each get $1.
You cannot communicate - you must try to coordinate.
Note: The other agent sees the SAME options, but in a DIFFERENT order.

中国餐饮场所
Options: 食堂, 奶茶店, 小吃街, 饭店

Which option do you choose? Respond with the exact option text.",饭店,饭店,True
中国娱乐场所,"[""电影院"", ""KTV"", ""网吧"", ""游乐场""]","[""KTV"", ""电影院"", ""游乐场"", ""网吧""]","[""电影院"", ""游乐场"", ""网吧"", ""KTV""]","You are playing a coordination game with another agent.
If you both select the SAME option, you each get $1.
You cannot communicate - you must try to coordinate.
Note: The other agent sees the SAME options, but in a DIFFERENT order.

中国娱乐场所
Options: KTV, 电影院, 游乐场, 网吧

Which option do you choose? Respond with the exact option text.",KTV,KTV,"You are playing a coordination game with another agent.
If you both select the SAME option, you each get $1.
You cannot communicate - you must try to coordinate.
Note: The other agent sees the SAME options, but in a DIFFERENT order.

中国娱乐场所
Options: 电影院, 游乐场, 网吧, KTV

Which option do you choose? Respond with the exact option text.",KTV,KTV,True
中国公园,"[""颐和园"", ""西湖"", ""人民公园"", ""植物园""]","[""植物园"", ""人民公园"", ""颐和园"", ""西湖""]","[""西湖"", ""颐和园"", ""人民公园"", ""植物园""]","You are playing a coordination game with another agent.
If you both select the SAME option, you each get $1.
You cannot communicate - you must try to coordinate.
Note: The other agent sees the SAME options, but in a DIFFERENT order.

中国公园
Options: 植物园, 人民公园, 颐和园, 西湖

Which option do you choose? Respond with the exact option text.",西湖,西湖,"You are playing a coordination game with another agent.
If you both select the SAME option, you each get $1.
You cannot communicate - you must try to coordinate.
Note: The other agent sees the SAME options, but in a DIFFERENT order.

中国公园
Options: 西湖, 颐和园, 人民公园, 植物园

Which option do you choose? Respond with the exact option text.",西湖,西湖,True
中国交通枢纽,"[""机场"", ""火车站"", ""地铁站"", ""汽车站""]","[""火车站"", ""机场"", ""地铁站"", ""汽车站""]","[""地铁站"", ""机场"", ""火车站"", ""汽车站""]","You are playing a coordination game with another agent.
If you both select the SAME option, you each get $1.
You cannot communicate - you must try to coordinate.
Note: The other agent sees the SAME options, but in a DIFFERENT order.

中国交通枢纽
Options: 火车站, 机场, 地铁站, 汽车站

Which option do you choose? Respond with the exact option text.",火车站,火车站,"You are playing a coordination game with another agent.
If you both select the SAME option, you each get $1.
You cannot communicate - you must try to coordinate.
Note: The other agent sees the SAME options, but in a DIFFERENT order.

中国交通枢纽
Options: 地铁站, 机场, 火车站, 汽车站

Which option do you choose? Respond with the exact option text.",机场,机场,False
中国休闲去处,"[""公园"", ""河边"", ""广场"", ""商场""]","[""商场"", ""公园"", ""广场"", ""河边""]","[""河边"", ""商场"", ""公园"", ""广场""]","You are playing a coordination game with another agent.
If you both select the SAME option, you each get $1.
You cannot communicate - you must try to coordinate.
Note: The other agent sees the SAME options, but in a DIFFERENT order.

中国休闲去处
Options: 商场, 公园, 广场, 河边

Which option do you choose? Respond with the exact option text.",公园,公园,"You are playing a coordination game with another agent.
If you both select the SAME option, you each get $1.
You cannot communicate - you must try to coordinate.
Note: The other agent sees the SAME options, but in a DIFFERENT order.

中国休闲去处
Options: 河边, 商场, 公园, 广场

Which option do you choose? Respond with the exact option text.",公园,公园,True
中国夜生活,"[""酒吧"", ""KTV"", ""夜市"", ""烧烤摊""]","[""夜市"", ""KTV"", ""烧烤摊"", ""酒吧""]","[""烧烤摊"", ""KTV"", ""夜市"", ""酒吧""]","You are playing a coordination game with another agent.
If you both select the SAME option, you each get $1.
You cannot communicate - you must try to coordinate.
Note: The other agent sees the SAME options, but in a DIFFERENT order.

中国夜生活
Options: 夜市, KTV, 烧烤摊, 酒吧

Which option do you choose? Respond with the exact option text.",夜市,夜市,"You are playing a coordination game with another agent.
If you both select the SAME option, you each get $1.
You cannot communicate - you must try to coordinate.
Note: The other agent sees the SAME options, but in a DIFFERENT order.

中国夜生活
Options: 烧烤摊, KTV, 夜市, 酒吧

Which option do you choose? Respond with the exact option text.",烧烤摊,烧烤摊,False
US Regions,"[""Northeast"", ""South"", ""Midwest"", ""West""]","[""Midwest"", ""West"", ""South"", ""Northeast""]","[""Northeast"", ""Midwest"", ""South"", ""West""]","You are playing a coordination game with another agent.
If you both select the SAME option, you each get $1.
You cannot communicate - you must try to coordinate.
Note: The other agent sees the SAME options, but in a DIFFERENT order.

US Regions
Options: Midwest, West, South, Northeast

Which option do you choose? Respond with the exact option text.",Midwest,Midwest,"You are playing a coordination game with another agent.
If you both select the SAME option, you each get $1.
You cannot communicate - you must try to coordinate.
Note: The other agent sees the SAME options, but in a DIFFERENT order.

US Regions
Options: Northeast, Midwest, South, West

Which option do you choose? Respond with the exact option text.",Midwest,Midwest,True
US Landmarks,"[""Grand Canyon"", ""Statue of Liberty"", ""Mount Rushmore"", ""Golden Gate Bridge""]","[""Golden Gate Bridge"", ""Statue of Liberty"", ""Grand Canyon"", ""Mount Rushmore""]","[""Golden Gate Bridge"", ""Statue of Liberty"", ""Mount Rushmore"", ""Grand Canyon""]","You are playing a coordination game with another agent.
If you both select the SAME option, you each get $1.
You cannot communicate - you must try to coordinate.
Note: The other agent sees the SAME options, but in a DIFFERENT order.

US Landmarks
Options: Golden Gate Bridge, Statue of Liberty, Grand Canyon, Mount Rushmore

Which option do you choose? Respond with the exact option text.",Statue of Liberty,Statue of Liberty,"You are playing a coordination game with another agent.
If you both select the SAME option, you each get $1.
You cannot communicate - you must try to coordinate.
Note: The other agent sees the SAME options, but in a DIFFERENT order.

US Landmarks
Options: Golden Gate Bridge, Statue of Liberty, Mount Rushmore, Grand Canyon

Which option do you choose? Respond with the exact option text.",Statue of Liberty,Statue of Liberty,True
US National Parks,"[""Yellowstone"", ""Yosemite"", ""Grand Canyon"", ""Zion""]","[""Yellowstone"", ""Yosemite"", ""Zion"", ""Grand Canyon""]","[""Grand Canyon"", ""Yosemite"", ""Zion"", ""Yellowstone""]","You are playing a coordination game with another agent.
If you both select the SAME option, you each get $1.
You cannot communicate - you must try to coordinate.
Note: The other agent sees the SAME options, but in a DIFFERENT order.

US National Parks
Options: Yellowstone, Yosemite, Zion, Grand Canyon

Which option do you choose? Respond with the exact option text.",Grand Canyon,Grand Canyon,"You are playing a coordination game with another agent.
If you both select the SAME option, you each get $1.
You cannot communicate - you must try to coordinate.
Note: The other agent sees the SAME options, but in a DIFFERENT order.

US National Parks
Options: Grand Canyon, Yosemite, Zion, Yellowstone

Which option do you choose? Respond with the exact option text.",Grand Canyon,Grand Canyon,True
US Rivers,"[""Mississippi"", ""Colorado"", ""Missouri"", ""Ohio""]","[""Ohio"", ""Missouri"", ""Mississippi"", ""Colorado""]","[""Colorado"", ""Missouri"", ""Ohio"", ""Mississippi""]","You are playing a coordination game with another agent.
If you both select the SAME option, you each get $1.
You cannot communicate - you must try to coordinate.
Note: The other agent sees the SAME options, but in a DIFFERENT order.

US Rivers
Options: Ohio, Missouri, Mississippi, Colorado

Which option do you choose? Respond with the exact option text.",Mississippi,Mississippi,"You are playing a coordination game with another agent.
If you both select the SAME option, you each get $1.
You cannot communicate - you must try to coordinate.
Note: The other agent sees the SAME options, but in a DIFFERENT order.

US Rivers
Options: Colorado, Missouri, Ohio, Mississippi

Which option do you choose? Respond with the exact option text.",Mississippi,Mississippi,True
US Mountain Ranges,"[""Rockies"", ""Appalachians"", ""Sierra Nevada"", ""Cascades""]","[""Cascades"", ""Sierra Nevada"", ""Rockies"", ""Appalachians""]","[""Rockies"", ""Appalachians"", ""Cascades"", ""Sierra Nevada""]","You are playing a coordination game with another agent.
If you both select the SAME option, you each get $1.
You cannot communicate - you must try to coordinate.
Note: The other agent sees the SAME options, but in a DIFFERENT order.

US Mountain Ranges
Options: Cascades, Sierra Nevada, Rockies, Appalachians

Which option do you choose? Respond with the exact option text.",Rockies,Rockies,"You are playing a coordination game with another agent.
If you both select the SAME option, you each get $1.
You cannot communicate - you must try to coordinate.
Note: The other agent sees the SAME options, but in a DIFFERENT order.

US Mountain Ranges
Options: Rockies, Appalachians, Cascades, Sierra Nevada

Which option do you choose? Respond with the exact option text.",Rockies,Rockies,True
US Coastlines,"[""East Coast"", ""West Coast"", ""Gulf Coast"", ""Great Lakes""]","[""East Coast"", ""Great Lakes"", ""West Coast"", ""Gulf Coast""]","[""Great Lakes"", ""West Coast"", ""Gulf Coast"", ""East Coast""]","You are playing a coordination game with another agent.
If you both select the SAME option, you each get $1.
You cannot communicate - you must try to coordinate.
Note: The other agent sees the SAME options, but in a DIFFERENT order.

US Coastlines
Options: East Coast, Great Lakes, West Coast, Gulf Coast

Which option do you choose? Respond with the exact option text.",East Coast,East Coast,"You are playing a coordination game with another agent.
If you both select the SAME option, you each get $1.
You cannot communicate - you must try to coordinate.
Note: The other agent sees the SAME options, but in a DIFFERENT order.

US Coastlines
Options: Great Lakes, West Coast, Gulf Coast, East Coast

Which option do you choose? Respond with the exact option text.",East Coast,East Coast,True
US Climate Zones,"[""Tropical"", ""Arid"", ""Temperate"", ""Continental""]","[""Arid"", ""Continental"", ""Temperate"", ""Tropical""]","[""Temperate"", ""Tropical"", ""Arid"", ""Continental""]","You are playing a coordination game with another agent.
If you both select the SAME option, you each get $1.
You cannot communicate - you must try to coordinate.
Note: The other agent sees the SAME options, but in a DIFFERENT order.

US Climate Zones
Options: Arid, Continental, Temperate, Tropical

Which option do you choose? Respond with the exact option text.",Temperate,Temperate,"You are playing a coordination game with another agent.
If you both select the SAME option, you each get $1.
You cannot communicate - you must try to coordinate.
Note: The other agent sees the SAME options, but in a DIFFERENT order.

US Climate Zones
Options: Temperate, Tropical, Arid, Continental

Which option do you choose? Respond with the exact option text.",Temperate,Temperate,True
US States by Size,"[""Alaska"", ""Texas"", ""California"", ""Montana""]","[""Montana"", ""Texas"", ""Alaska"", ""California""]","[""Texas"", ""Montana"", ""California"", ""Alaska""]","You are playing a coordination game with another agent.
If you both select the SAME option, you each get $1.
You cannot communicate - you must try to coordinate.
Note: The other agent sees the SAME options, but in a DIFFERENT order.

US States by Size
Options: Montana, Texas, Alaska, California

Which option do you choose? Respond with the exact option text.",Alaska,Alaska,"You are playing a coordination game with another agent.
If you both select the SAME option, you each get $1.
You cannot communicate - you must try to coordinate.
Note: The other agent sees the SAME options, but in a DIFFERENT order.

US States by Size
Options: Texas, Montana, California, Alaska

Which option do you choose? Respond with the exact option text.",Alaska,Alaska,True
US Islands,"[""Hawaii"", ""Manhattan"", ""Long Island"", ""Maui""]","[""Manhattan"", ""Long Island"", ""Maui"", ""Hawaii""]","[""Manhattan"", ""Hawaii"", ""Long Island"", ""Maui""]","You are playing a coordination game with another agent.
If you both select the SAME option, you each get $1.
You cannot communicate - you must try to coordinate.
Note: The other agent sees the SAME options, but in a DIFFERENT order.

US Islands
Options: Manhattan, Long Island, Maui, Hawaii

Which option do you choose? Respond with the exact option text.",Manhattan,Manhattan,"You are playing a coordination game with another agent.
If you both select the SAME option, you each get $1.
You cannot communicate - you must try to coordinate.
Note: The other agent sees the SAME options, but in a DIFFERENT order.

US Islands
Options: Manhattan, Hawaii, Long Island, Maui

Which option do you choose? Respond with the exact option text.",Manhattan,Manhattan,True
US Borders,"[""Canada"", ""Mexico"", ""Pacific Ocean"", ""Atlantic Ocean""]","[""Pacific Ocean"", ""Canada"", ""Atlantic Ocean"", ""Mexico""]","[""Canada"", ""Atlantic Ocean"", ""Pacific Ocean"", ""Mexico""]","You are playing a coordination game with another agent.
If you both select the SAME option, you each get $1.
You cannot communicate - you must try to coordinate.
Note: The other agent sees the SAME options, but in a DIFFERENT order.

US Borders
Options: Pacific Ocean, Canada, Atlantic Ocean, Mexico

Which option do you choose? Respond with the exact option text.",Canada,Canada,"You are playing a coordination game with another agent.
If you both select the SAME option, you each get $1.
You cannot communicate - you must try to coordinate.
Note: The other agent sees the SAME options, but in a DIFFERENT order.

US Borders
Options: Canada, Atlantic Ocean, Pacific Ocean, Mexico

Which option do you choose? Respond with the exact option text.",Canada,Canada,True
中国地区,"[""华东"", ""华南"", ""华北"", ""西南""]","[""西南"", ""华北"", ""华东"", ""华南""]","[""华北"", ""华南"", ""华东"", ""西南""]","You are playing a coordination game with another agent.
If you both select the SAME option, you each get $1.
You cannot communicate - you must try to coordinate.
Note: The other agent sees the SAME options, but in a DIFFERENT order.

中国地区
Options: 西南, 华北, 华东, 华南

Which option do you choose? Respond with the exact option text.",西南,西南,"You are playing a coordination game with another agent.
If you both select the SAME option, you each get $1.
You cannot communicate - you must try to coordinate.
Note: The other agent sees the SAME options, but in a DIFFERENT order.

中国地区
Options: 华北, 华南, 华东, 西南

Which option do you choose? Respond with the exact option text.",华北,华北,False
中国名胜,"[""长城"", ""故宫"", ""兵马俑"", ""黄山""]","[""故宫"", ""黄山"", ""兵马俑"", ""长城""]","[""黄山"", ""故宫"", ""长城"", ""兵马俑""]","You are playing a coordination game with another agent.
If you both select the SAME option, you each get $1.
You cannot communicate - you must try to coordinate.
Note: The other agent sees the SAME options, but in a DIFFERENT order.

中国名胜
Options: 故宫, 黄山, 兵马俑, 长城

Which option do you choose? Respond with the exact option text.",长城,长城,"You are playing a coordination game with another agent.
If you both select the SAME option, you each get $1.
You cannot communicate - you must try to coordinate.
Note: The other agent sees the SAME options, but in a DIFFERENT order.

中国名胜
Options: 黄山, 故宫, 长城, 兵马俑

Which option do you choose? Respond with the exact option text.",长城,长城,True
中国名山,"[""泰山"", ""黄山"", ""华山"", ""峨眉山""]","[""峨眉山"", ""黄山"", ""泰山"", ""华山""]","[""泰山"", ""黄山"", ""华山"", ""峨眉山""]","You are playing a coordination game with another agent.
If you both select the SAME option, you each get $1.
You cannot communicate - you must try to coordinate.
Note: The other agent sees the SAME options, but in a DIFFERENT order.

中国名山
Options: 峨眉山, 黄山, 泰山, 华山

Which option do you choose? Respond with the exact option text.",泰山,泰山,"You are playing a coordination game with another agent.
If you both select the SAME option, you each get $1.
You cannot communicate - you must try to coordinate.
Note: The other agent sees the SAME options, but in a DIFFERENT order.

中国名山
Options: 泰山, 黄山, 华山, 峨眉山

Which option do you choose? Respond with the exact option text.",泰山,泰山,True
中国河流,"[""长江"", ""黄河"", ""珠江"", ""淮河""]","[""长江"", ""黄河"", ""珠江"", ""淮河""]","[""珠江"", ""淮河"", ""长江"", ""黄河""]","You are playing a coordination game with another agent.
If you both select the SAME option, you each get $1.
You cannot communicate - you must try to coordinate.
Note: The other agent sees the SAME options, but in a DIFFERENT order.

中国河流
Options: 长江, 黄河, 珠江, 淮河

Which option do you choose? Respond with the exact option text.",长江,长江,"You are playing a coordination game with another agent.
If you both select the SAME option, you each get $1.
You cannot communicate - you must try to coordinate.
Note: The other agent sees the SAME options, but in a DIFFERENT order.

中国河流
Options: 珠江, 淮河, 长江, 黄河

Which option do you choose? Respond with the exact option text.",长江,长江,True
中国湖泊,"[""西湖"", ""太湖"", ""鄱阳湖"", ""洞庭湖""]","[""西湖"", ""鄱阳湖"", ""洞庭湖"", ""太湖""]","[""鄱阳湖"", ""洞庭湖"", ""太湖"", ""西湖""]","You are playing a coordination game with another agent.
If you both select the SAME option, you each get $1.
You cannot communicate - you must try to coordinate.
Note: The other agent sees the SAME options, but in a DIFFERENT order.

中国湖泊
Options: 西湖, 鄱阳湖, 洞庭湖, 太湖

Which option do you choose? Respond with the exact option text.",西湖,西湖,"You are playing a coordination game with another agent.
If you both select the SAME option, you each get $1.
You cannot communicate - you must try to coordinate.
Note: The other agent sees the SAME options, but in a DIFFERENT order.

中国湖泊
Options: 鄱阳湖, 洞庭湖, 太湖, 西湖

Which option do you choose? Respond with the exact option text.",鄱阳湖,鄱阳湖,False
中国气候带,"[""热带"", ""亚热带"", ""温带"", ""寒带""]","[""亚热带"", ""寒带"", ""热带"", ""温带""]","[""寒带"", ""温带"", ""热带"", ""亚热带""]","You are playing a coordination game with another agent.
If you both select the SAME option, you each get $1.
You cannot communicate - you must try to coordinate.
Note: The other agent sees the SAME options, but in a DIFFERENT order.

中国气候带
Options: 亚热带, 寒带, 热带, 温带

Which option do you choose? Respond with the exact option text.",温带,温带,"You are playing a coordination game with another agent.
If you both select the SAME option, you each get $1.
You cannot communicate - you must try to coordinate.
Note: The other agent sees the SAME options, but in a DIFFERENT order.

中国气候带
Options: 寒带, 温带, 热带, 亚热带

Which option do you choose? Respond with the exact option text.",温带,温带,True
中国省份,"[""广东"", ""江苏"", ""山东"", ""四川""]","[""江苏"", ""广东"", ""山东"", ""四川""]","[""四川"", ""江苏"", ""山东"", ""广东""]","You are playing a coordination game with another agent.
If you both select the SAME option, you each get $1.
You cannot communicate - you must try to coordinate.
Note: The other agent sees the SAME options, but in a DIFFERENT order.

中国省份
Options: 江苏, 广东, 山东, 四川

Which option do you choose? Respond with the exact option text.",广东,广东,"You are playing a coordination game with another agent.
If you both select the SAME option, you each get $1.
You cannot communicate - you must try to coordinate.
Note: The other agent sees the SAME options, but in a DIFFERENT order.

中国省份
Options: 四川, 江苏, 山东, 广东

Which option do you choose? Respond with the exact option text.",广东,广东,True
中国城市带,"[""长三角"", ""珠三角"", ""京津冀"", ""成渝""]","[""成渝"", ""长三角"", ""京津冀"", ""珠三角""]","[""珠三角"", ""长三角"", ""成渝"", ""京津冀""]","You are playing a coordination game with another agent.
If you both select the SAME option, you each get $1.
You cannot communicate - you must try to coordinate.
Note: The other agent sees the SAME options, but in a DIFFERENT order.

中国城市带
Options: 成渝, 长三角, 京津冀, 珠三角

Which option do you choose? Respond with the exact option text.",长三角,长三角,"You are playing a coordination game with another agent.
If you both select the SAME option, you each get $1.
You cannot communicate - you must try to coordinate.
Note: The other agent sees the SAME options, but in a DIFFERENT order.

中国城市带
Options: 珠三角, 长三角, 成渝, 京津冀

Which option do you choose? Respond with the exact option text.",长三角,长三角,True
中国海,"[""南海"", ""东海"", ""黄海"", ""渤海""]","[""黄海"", ""南海"", ""渤海"", ""东海""]","[""南海"", ""渤海"", ""东海"", ""黄海""]","You are playing a coordination game with another agent.
If you both select the SAME option, you each get $1.
You cannot communicate - you must try to coordinate.
Note: The other agent sees the SAME options, but in a DIFFERENT order.

中国海
Options: 黄海, 南海, 渤海, 东海

Which option do you choose? Respond with the exact option text.",渤海,渤海,"You are playing a coordination game with another agent.
If you both select the SAME option, you each get $1.
You cannot communicate - you must try to coordinate.
Note: The other agent sees the SAME options, but in a DIFFERENT order.

中国海
Options: 南海, 渤海, 东海, 黄海

Which option do you choose? Respond with the exact option text.",南海,南海,False
中国边界,"[""俄罗斯"", ""蒙古"", ""印度"", ""越南""]","[""印度"", ""越南"", ""俄罗斯"", ""蒙古""]","[""蒙古"", ""印度"", ""俄罗斯"", ""越南""]","You are playing a coordination game with another agent.
If you both select the SAME option, you each get $1.
You cannot communicate - you must try to coordinate.
Note: The other agent sees the SAME options, but in a DIFFERENT order.

中国边界
Options: 印度, 越南, 俄罗斯, 蒙古

Which option do you choose? Respond with the exact option text.",俄罗斯,俄罗斯,"You are playing a coordination game with another agent.
If you both select the SAME option, you each get $1.
You cannot communicate - you must try to coordinate.
Note: The other agent sees the SAME options, but in a DIFFERENT order.

中国边界
Options: 蒙古, 印度, 俄罗斯, 越南

Which option do you choose? Respond with the exact option text.",俄罗斯,俄罗斯,True
Immediate Family,"[""Mother"", ""Father"", ""Sister"", ""Brother""]","[""Father"", ""Brother"", ""Mother"", ""Sister""]","[""Brother"", ""Father"", ""Mother"", ""Sister""]","You are playing a coordination game with another agent.
If you both select the SAME option, you each get $1.
You cannot communicate - you must try to coordinate.
Note: The other agent sees the SAME options, but in a DIFFERENT order.

Immediate Family
Options: Father, Brother, Mother, Sister

Which option do you choose? Respond with the exact option text.",Mother,Mother,"You are playing a coordination game with another agent.
If you both select the SAME option, you each get $1.
You cannot communicate - you must try to coordinate.
Note: The other agent sees the SAME options, but in a DIFFERENT order.

Immediate Family
Options: Brother, Father, Mother, Sister

Which option do you choose? Respond with the exact option text.",Brother,Brother,False
Extended Family,"[""Grandmother"", ""Grandfather"", ""Aunt"", ""Uncle""]","[""Aunt"", ""Uncle"", ""Grandfather"", ""Grandmother""]","[""Grandfather"", ""Aunt"", ""Uncle"", ""Grandmother""]","You are playing a coordination game with another agent.
If you both select the SAME option, you each get $1.
You cannot communicate - you must try to coordinate.
Note: The other agent sees the SAME options, but in a DIFFERENT order.

Extended Family
Options: Aunt, Uncle, Grandfather, Grandmother

Which option do you choose? Respond with the exact option text.",Aunt,Aunt,"You are playing a coordination game with another agent.
If you both select the SAME option, you each get $1.
You cannot communicate - you must try to coordinate.
Note: The other agent sees the SAME options, but in a DIFFERENT order.

Extended Family
Options: Grandfather, Aunt, Uncle, Grandmother

Which option do you choose? Respond with the exact option text.",Aunt,Aunt,True
In-Law Relations,"[""Mother-in-law"", ""Father-in-law"", ""Sister-in-law"", ""Brother-in-law""]","[""Father-in-law"", ""Brother-in-law"", ""Sister-in-law"", ""Mother-in-law""]","[""Mother-in-law"", ""Brother-in-law"", ""Father-in-law"", ""Sister-in-law""]","You are playing a coordination game with another agent.
If you both select the SAME option, you each get $1.
You cannot communicate - you must try to coordinate.
Note: The other agent sees the SAME options, but in a DIFFERENT order.

In-Law Relations
Options: Father-in-law, Brother-in-law, Sister-in-law, Mother-in-law

Which option do you choose? Respond with the exact option text.",Brother-in-law,Brother-in-law,"You are playing a coordination game with another agent.
If you both select the SAME option, you each get $1.
You cannot communicate - you must try to coordinate.
Note: The other agent sees the SAME options, but in a DIFFERENT order.

In-Law Relations
Options: Mother-in-law, Brother-in-law, Father-in-law, Sister-in-law

Which option do you choose? Respond with the exact option text.",Mother-in-law,Mother-in-law,False
Parent-Child Roles,"[""Parent"", ""Child"", ""Sibling"", ""Cousin""]","[""Child"", ""Sibling"", ""Cousin"", ""Parent""]","[""Cousin"", ""Sibling"", ""Child"", ""Parent""]","You are playing a coordination game with another agent.
If you both select the SAME option, you each get $1.
You cannot communicate - you must try to coordinate.
Note: The other agent sees the SAME options, but in a DIFFERENT order.

Parent-Child Roles
Options: Child, Sibling, Cousin, Parent

Which option do you choose? Respond with the exact option text.",Child,Child,"You are playing a coordination game with another agent.
If you both select the SAME option, you each get $1.
You cannot communicate - you must try to coordinate.
Note: The other agent sees the SAME options, but in a DIFFERENT order.

Parent-Child Roles
Options: Cousin, Sibling, Child, Parent

Which option do you choose? Respond with the exact option text.",Parent,Parent,False
Generational Roles,"[""Grandparent"", ""Parent"", ""Child"", ""Grandchild""]","[""Parent"", ""Child"", ""Grandchild"", ""Grandparent""]","[""Grandchild"", ""Parent"", ""Child"", ""Grandparent""]","You are playing a coordination game with another agent.
If you both select the SAME option, you each get $1.
You cannot communicate - you must try to coordinate.
Note: The other agent sees the SAME options, but in a DIFFERENT order.

Generational Roles
Options: Parent, Child, Grandchild, Grandparent

Which option do you choose? Respond with the exact option text.",Child,Child,"You are playing a coordination game with another agent.
If you both select the SAME option, you each get $1.
You cannot communicate - you must try to coordinate.
Note: The other agent sees the SAME options, but in a DIFFERENT order.

Generational Roles
Options: Grandchild, Parent, Child, Grandparent

Which option do you choose? Respond with the exact option text.",Child,Child,True
直系亲属,"[""妈妈"", ""爸爸"", ""姐妹"", ""兄弟""]","[""爸爸"", ""兄弟"", ""姐妹"", ""妈妈""]","[""姐妹"", ""妈妈"", ""爸爸"", ""兄弟""]","You are playing a coordination game with another agent.
If you both select the SAME option, you each get $1.
You cannot communicate - you must try to coordinate.
Note: The other agent sees the SAME options, but in a DIFFERENT order.

直系亲属
Options: 爸爸, 兄弟, 姐妹, 妈妈

Which option do you choose? Respond with the exact option text.",爸爸,爸爸,"You are playing a coordination game with another agent.
If you both select the SAME option, you each get $1.
You cannot communicate - you must try to coordinate.
Note: The other agent sees the SAME options, but in a DIFFERENT order.

直系亲属
Options: 姐妹, 妈妈, 爸爸, 兄弟

Which option do you choose? Respond with the exact option text.",爸爸,爸爸,True
旁系亲属,"[""奶奶"", ""爷爷"", ""阿姨"", ""叔叔""]","[""叔叔"", ""爷爷"", ""奶奶"", ""阿姨""]","[""叔叔"", ""奶奶"", ""阿姨"", ""爷爷""]","You are playing a coordination game with another agent.
If you both select the SAME option, you each get $1.
You cannot communicate - you must try to coordinate.
Note: The other agent sees the SAME options, but in a DIFFERENT order.

旁系亲属
Options: 叔叔, 爷爷, 奶奶, 阿姨

Which option do you choose? Respond with the exact option text.",叔叔,叔叔,"You are playing a coordination game with another agent.
If you both select the SAME option, you each get $1.
You cannot communicate - you must try to coordinate.
Note: The other agent sees the SAME options, but in a DIFFERENT order.

旁系亲属
Options: 叔叔, 奶奶, 阿姨, 爷爷

Which option do you choose? Respond with the exact option text.",叔叔,叔叔,True
姻亲关系,"[""婆婆"", ""岳父"", ""嫂子"", ""姐夫""]","[""姐夫"", ""岳父"", ""婆婆"", ""嫂子""]","[""嫂子"", ""姐夫"", ""婆婆"", ""岳父""]","You are playing a coordination game with another agent.
If you both select the SAME option, you each get $1.
You cannot communicate - you must try to coordinate.
Note: The other agent sees the SAME options, but in a DIFFERENT order.

姻亲关系
Options: 姐夫, 岳父, 婆婆, 嫂子

Which option do you choose? Respond with the exact option text.",婆婆,婆婆,"You are playing a coordination game with another agent.
If you both select the SAME option, you each get $1.
You cannot communicate - you must try to coordinate.
Note: The other agent sees the SAME options, but in a DIFFERENT order.

姻亲关系
Options: 嫂子, 姐夫, 婆婆, 岳父

Which option do you choose? Respond with the exact option text.",婆婆,婆婆,True
亲子角色,"[""父母"", ""子女"", ""兄弟姐妹"", ""表亲""]","[""子女"", ""父母"", ""表亲"", ""兄弟姐妹""]","[""子女"", ""兄弟姐妹"", ""父母"", ""表亲""]","You are playing a coordination game with another agent.
If you both select the SAME option, you each get $1.
You cannot communicate - you must try to coordinate.
Note: The other agent sees the SAME options, but in a DIFFERENT order.

亲子角色
Options: 子女, 父母, 表亲, 兄弟姐妹

Which option do you choose? Respond with the exact option text.",父母,父母,"You are playing a coordination game with another agent.
If you both select the SAME option, you each get $1.
You cannot communicate - you must try to coordinate.
Note: The other agent sees the SAME options, but in a DIFFERENT order.

亲子角色
Options: 子女, 兄弟姐妹, 父母, 表亲

Which option do you choose? Respond with the exact option text.",子女,子女,False
世代角色,"[""祖辈"", ""父辈"", ""子女"", ""孙辈""]","[""子女"", ""父辈"", ""孙辈"", ""祖辈""]","[""孙辈"", ""祖辈"", ""父辈"", ""子女""]","You are playing a coordination game with another agent.
If you both select the SAME option, you each get $1.
You cannot communicate - you must try to coordinate.
Note: The other agent sees the SAME options, but in a DIFFERENT order.

世代角色
Options: 子女, 父辈, 孙辈, 祖辈

Which option do you choose? Respond with the exact option text.",子女,子女,"You are playing a coordination game with another agent.
If you both select the SAME option, you each get $1.
You cannot communicate - you must try to coordinate.
Note: The other agent sees the SAME options, but in a DIFFERENT order.

世代角色
Options: 孙辈, 祖辈, 父辈, 子女

Which option do you choose? Respond with the exact option text.",子女,子女,True
Medical Professions,"[""Doctor"", ""Nurse"", ""Surgeon"", ""Pharmacist""]","[""Doctor"", ""Nurse"", ""Pharmacist"", ""Surgeon""]","[""Surgeon"", ""Pharmacist"", ""Doctor"", ""Nurse""]","You are playing a coordination game with another agent.
If you both select the SAME option, you each get $1.
You cannot communicate - you must try to coordinate.
Note: The other agent sees the SAME options, but in a DIFFERENT order.

Medical Professions
Options: Doctor, Nurse, Pharmacist, Surgeon

Which option do you choose? Respond with the exact option text.",Doctor,Doctor,"You are playing a coordination game with another agent.
If you both select the SAME option, you each get $1.
You cannot communicate - you must try to coordinate.
Note: The other agent sees the SAME options, but in a DIFFERENT order.

Medical Professions
Options: Surgeon, Pharmacist, Doctor, Nurse

Which option do you choose? Respond with the exact option text.",Doctor,Doctor,True
Education Professions,"[""Teacher"", ""Professor"", ""Principal"", ""Tutor""]","[""Principal"", ""Tutor"", ""Professor"", ""Teacher""]","[""Teacher"", ""Professor"", ""Principal"", ""Tutor""]","You are playing a coordination game with another agent.
If you both select the SAME option, you each get $1.
You cannot communicate - you must try to coordinate.
Note: The other agent sees the SAME options, but in a DIFFERENT order.

Education Professions
Options: Principal, Tutor, Professor, Teacher

Which option do you choose? Respond with the exact option text.",Teacher,Teacher,"You are playing a coordination game with another agent.
If you both select the SAME option, you each get $1.
You cannot communicate - you must try to coordinate.
Note: The other agent sees the SAME options, but in a DIFFERENT order.

Education Professions
Options: Teacher, Professor, Principal, Tutor

Which option do you choose? Respond with the exact option text.",Teacher,Teacher,True
Tech Professions,"[""Programmer"", ""Designer"", ""Engineer"", ""Analyst""]","[""Engineer"", ""Analyst"", ""Designer"", ""Programmer""]","[""Designer"", ""Analyst"", ""Programmer"", ""Engineer""]","You are playing a coordination game with another agent.
If you both select the SAME option, you each get $1.
You cannot communicate - you must try to coordinate.
Note: The other agent sees the SAME options, but in a DIFFERENT order.

Tech Professions
Options: Engineer, Analyst, Designer, Programmer

Which option do you choose? Respond with the exact option text.",Analyst,Analyst,"You are playing a coordination game with another agent.
If you both select the SAME option, you each get $1.
You cannot communicate - you must try to coordinate.
Note: The other agent sees the SAME options, but in a DIFFERENT order.

Tech Professions
Options: Designer, Analyst, Programmer, Engineer

Which option do you choose? Respond with the exact option text.",Analyst,Analyst,True
Service Professions,"[""Waiter"", ""Cashier"", ""Receptionist"", ""Driver""]","[""Driver"", ""Waiter"", ""Cashier"", ""Receptionist""]","[""Receptionist"", ""Cashier"", ""Driver"", ""Waiter""]","You are playing a coordination game with another agent.
If you both select the SAME option, you each get $1.
You cannot communicate - you must try to coordinate.
Note: The other agent sees the SAME options, but in a DIFFERENT order.

Service Professions
Options: Driver, Waiter, Cashier, Receptionist

Which option do you choose? Respond with the exact option text.",Cashier,Cashier,"You are playing a coordination game with another agent.
If you both select the SAME option, you each get $1.
You cannot communicate - you must try to coordinate.
Note: The other agent sees the SAME options, but in a DIFFERENT order.

Service Professions
Options: Receptionist, Cashier, Driver, Waiter

Which option do you choose? Respond with the exact option text.",Cashier,Cashier,True
Creative Professions,"[""Artist"", ""Writer"", ""Musician"", ""Actor""]","[""Musician"", ""Actor"", ""Writer"", ""Artist""]","[""Writer"", ""Artist"", ""Actor"", ""Musician""]","You are playing a coordination game with another agent.
If you both select the SAME option, you each get $1.
You cannot communicate - you must try to coordinate.
Note: The other agent sees the SAME options, but in a DIFFERENT order.

Creative Professions
Options: Musician, Actor, Writer, Artist

Which option do you choose? Respond with the exact option text.",Artist,Artist,"You are playing a coordination game with another agent.
If you both select the SAME option, you each get $1.
You cannot communicate - you must try to coordinate.
Note: The other agent sees the SAME options, but in a DIFFERENT order.

Creative Professions
Options: Writer, Artist, Actor, Musician

Which option do you choose? Respond with the exact option text.",Actor,Actor,False
医疗职业,"[""医生"", ""护士"", ""外科医生"", ""药剂师""]","[""药剂师"", ""医生"", ""护士"", ""外科医生""]","[""医生"", ""外科医生"", ""药剂师"", ""护士""]","You are playing a coordination game with another agent.
If you both select the SAME option, you each get $1.
You cannot communicate - you must try to coordinate.
Note: The other agent sees the SAME options, but in a DIFFERENT order.

医疗职业
Options: 药剂师, 医生, 护士, 外科医生

Which option do you choose? Respond with the exact option text.",医生,医生,"You are playing a coordination game with another agent.
If you both select the SAME option, you each get $1.
You cannot communicate - you must try to coordinate.
Note: The other agent sees the SAME options, but in a DIFFERENT order.

医疗职业
Options: 医生, 外科医生, 药剂师, 护士

Which option do you choose? Respond with the exact option text.",医生,医生,True
教育职业,"[""教师"", ""教授"", ""校长"", ""辅导员""]","[""辅导员"", ""教授"", ""校长"", ""教师""]","[""教师"", ""校长"", ""教授"", ""辅导员""]","You are playing a coordination game with another agent.
If you both select the SAME option, you each get $1.
You cannot communicate - you must try to coordinate.
Note: The other agent sees the SAME options, but in a DIFFERENT order.

教育职业
Options: 辅导员, 教授, 校长, 教师

Which option do you choose? Respond with the exact option text.",教师,教师,"You are playing a coordination game with another agent.
If you both select the SAME option, you each get $1.
You cannot communicate - you must try to coordinate.
Note: The other agent sees the SAME options, but in a DIFFERENT order.

教育职业
Options: 教师, 校长, 教授, 辅导员

Which option do you choose? Respond with the exact option text.",教师,教师,True
科技职业,"[""程序员"", ""设计师"", ""工程师"", ""分析师""]","[""设计师"", ""程序员"", ""工程师"", ""分析师""]","[""分析师"", ""设计师"", ""程序员"", ""工程师""]","You are playing a coordination game with another agent.
If you both select the SAME option, you each get $1.
You cannot communicate - you must try to coordinate.
Note: The other agent sees the SAME options, but in a DIFFERENT order.

科技职业
Options: 设计师, 程序员, 工程师, 分析师

Which option do you choose? Respond with the exact option text.",程序员,程序员,"You are playing a coordination game with another agent.
If you both select the SAME option, you each get $1.
You cannot communicate - you must try to coordinate.
Note: The other agent sees the SAME options, but in a DIFFERENT order.

科技职业
Options: 分析师, 设计师, 程序员, 工程师

Which option do you choose? Respond with the exact option text.",程序员,程序员,True
服务职业,"[""服务员"", ""收银员"", ""前台"", ""司机""]","[""前台"", ""司机"", ""收银员"", ""服务员""]","[""服务员"", ""前台"", ""司机"", ""收银员""]","You are playing a coordination game with another agent.
If you both select the SAME option, you each get $1.
You cannot communicate - you must try to coordinate.
Note: The other agent sees the SAME options, but in a DIFFERENT order.

服务职业
Options: 前台, 司机, 收银员, 服务员

Which option do you choose? Respond with the exact option text.",服务员,服务员,"You are playing a coordination game with another agent.
If you both select the SAME option, you each get $1.
You cannot communicate - you must try to coordinate.
Note: The other agent sees the SAME options, but in a DIFFERENT order.

服务职业
Options: 服务员, 前台, 司机, 收银员

Which option do you choose? Respond with the exact option text.",服务员,服务员,True
创意职业,"[""画家"", ""作家"", ""音乐家"", ""演员""]","[""作家"", ""演员"", ""音乐家"", ""画家""]","[""画家"", ""作家"", ""演员"", ""音乐家""]","You are playing a coordination game with another agent.
If you both select the SAME option, you each get $1.
You cannot communicate - you must try to coordinate.
Note: The other agent sees the SAME options, but in a DIFFERENT order.

创意职业
Options: 作家, 演员, 音乐家, 画家

Which option do you choose? Respond with the exact option text.",作家,作家,"You are playing a coordination game with another agent.
If you both select the SAME option, you each get $1.
You cannot communicate - you must try to coordinate.
Note: The other agent sees the SAME options, but in a DIFFERENT order.

创意职业
Options: 画家, 作家, 演员, 音乐家

Which option do you choose? Respond with the exact option text.",画家,画家,False
US Table Manners,"[""Don't talk with mouth full"", ""Elbows off table"", ""Use napkin"", ""Chew quietly""]","[""Chew quietly"", ""Don't talk with mouth full"", ""Use napkin"", ""Elbows off table""]","[""Use napkin"", ""Chew quietly"", ""Don't talk with mouth full"", ""Elbows off table""]","You are playing a coordination game with another agent.
If you both select the SAME option, you each get $1.
You cannot communicate - you must try to coordinate.
Note: The other agent sees the SAME options, but in a DIFFERENT order.

US Table Manners
Options: Chew quietly, Don't talk with mouth full, Use napkin, Elbows off table

Which option do you choose? Respond with the exact option text.",Chew quietly,Chew quietly,"You are playing a coordination game with another agent.
If you both select the SAME option, you each get $1.
You cannot communicate - you must try to coordinate.
Note: The other agent sees the SAME options, but in a DIFFERENT order.

US Table Manners
Options: Use napkin, Chew quietly, Don't talk with mouth full, Elbows off table

Which option do you choose? Respond with the exact option text.",Use napkin,Use napkin,False
US Greetings,"[""Handshake"", ""Wave"", ""Hug"", ""Nod""]","[""Hug"", ""Wave"", ""Nod"", ""Handshake""]","[""Handshake"", ""Wave"", ""Nod"", ""Hug""]","You are playing a coordination game with another agent.
If you both select the SAME option, you each get $1.
You cannot communicate - you must try to coordinate.
Note: The other agent sees the SAME options, but in a DIFFERENT order.

US Greetings
Options: Hug, Wave, Nod, Handshake

Which option do you choose? Respond with the exact option text.",Handshake,Handshake,"You are playing a coordination game with another agent.
If you both select the SAME option, you each get $1.
You cannot communicate - you must try to coordinate.
Note: The other agent sees the SAME options, but in a DIFFERENT order.

US Greetings
Options: Handshake, Wave, Nod, Hug

Which option do you choose? Respond with the exact option text.",Handshake,Handshake,True
US Dining Etiquette,"[""Wait for everyone"", ""No phones at table"", ""Tip 20%"", ""Say please/thank you""]","[""No phones at table"", ""Tip 20%"", ""Wait for everyone"", ""Say please/thank you""]","[""Tip 20%"", ""No phones at table"", ""Wait for everyone"", ""Say please/thank you""]","You are playing a coordination game with another agent.
If you both select the SAME option, you each get $1.
You cannot communicate - you must try to coordinate.
Note: The other agent sees the SAME options, but in a DIFFERENT order.

US Dining Etiquette
Options: No phones at table, Tip 20%, Wait for everyone, Say please/thank you

Which option do you choose? Respond with the exact option text.",Say please/thank you,Say please/thank you,"You are playing a coordination game with another agent.
If you both select the SAME option, you each get $1.
You cannot communicate - you must try to coordinate.
Note: The other agent sees the SAME options, but in a DIFFERENT order.

US Dining Etiquette
Options: Tip 20%, No phones at table, Wait for everyone, Say please/thank you

Which option do you choose? Respond with the exact option text.",Tip 20%,Tip 20%,False
US Public Behavior,"[""Queue in line"", ""Hold door open"", ""Say excuse me"", ""Don't litter""]","[""Don't litter"", ""Hold door open"", ""Say excuse me"", ""Queue in line""]","[""Don't litter"", ""Say excuse me"", ""Queue in line"", ""Hold door open""]","You are playing a coordination game with another agent.
If you both select the SAME option, you each get $1.
You cannot communicate - you must try to coordinate.
Note: The other agent sees the SAME options, but in a DIFFERENT order.

US Public Behavior
Options: Don't litter, Hold door open, Say excuse me, Queue in line

Which option do you choose? Respond with the exact option text.",Don't litter,Don't litter,"You are playing a coordination game with another agent.
If you both select the SAME option, you each get $1.
You cannot communicate - you must try to coordinate.
Note: The other agent sees the SAME options, but in a DIFFERENT order.

US Public Behavior
Options: Don't litter, Say excuse me, Queue in line, Hold door open

Which option do you choose? Respond with the exact option text.",Don't litter,Don't litter,True
US Gift Customs,"[""Birthday gifts"", ""Christmas gifts"", ""Wedding gifts"", ""Thank you notes""]","[""Birthday gifts"", ""Wedding gifts"", ""Thank you notes"", ""Christmas gifts""]","[""Christmas gifts"", ""Thank you notes"", ""Wedding gifts"", ""Birthday gifts""]","You are playing a coordination game with another agent.
If you both select the SAME option, you each get $1.
You cannot communicate - you must try to coordinate.
Note: The other agent sees the SAME options, but in a DIFFERENT order.

US Gift Customs
Options: Birthday gifts, Wedding gifts, Thank you notes, Christmas gifts

Which option do you choose? Respond with the exact option text.",Christmas gifts,Christmas gifts,"You are playing a coordination game with another agent.
If you both select the SAME option, you each get $1.
You cannot communicate - you must try to coordinate.
Note: The other agent sees the SAME options, but in a DIFFERENT order.

US Gift Customs
Options: Christmas gifts, Thank you notes, Wedding gifts, Birthday gifts

Which option do you choose? Respond with the exact option text.",Christmas gifts,Christmas gifts,True
US Meeting Norms,"[""Arrive on time"", ""Make eye contact"", ""Business cards"", ""Firm handshake""]","[""Make eye contact"", ""Arrive on time"", ""Firm handshake"", ""Business cards""]","[""Make eye contact"", ""Business cards"", ""Firm handshake"", ""Arrive on time""]","You are playing a coordination game with another agent.
If you both select the SAME option, you each get $1.
You cannot communicate - you must try to coordinate.
Note: The other agent sees the SAME options, but in a DIFFERENT order.

US Meeting Norms
Options: Make eye contact, Arrive on time, Firm handshake, Business cards

Which option do you choose? Respond with the exact option text.",Arrive on time,Arrive on time,"You are playing a coordination game with another agent.
If you both select the SAME option, you each get $1.
You cannot communicate - you must try to coordinate.
Note: The other agent sees the SAME options, but in a DIFFERENT order.

US Meeting Norms
Options: Make eye contact, Business cards, Firm handshake, Arrive on time

Which option do you choose? Respond with the exact option text.",Firm handshake,Firm handshake,False
US Dress Codes,"[""Business suit"", ""Smart casual"", ""Casual"", ""Formal""]","[""Formal"", ""Smart casual"", ""Business suit"", ""Casual""]","[""Formal"", ""Smart casual"", ""Casual"", ""Business suit""]","You are playing a coordination game with another agent.
If you both select the SAME option, you each get $1.
You cannot communicate - you must try to coordinate.
Note: The other agent sees the SAME options, but in a DIFFERENT order.

US Dress Codes
Options: Formal, Smart casual, Business suit, Casual

Which option do you choose? Respond with the exact option text.",Formal,Formal,"You are playing a coordination game with another agent.
If you both select the SAME option, you each get $1.
You cannot communicate - you must try to coordinate.
Note: The other agent sees the SAME options, but in a DIFFERENT order.

US Dress Codes
Options: Formal, Smart casual, Casual, Business suit

Which option do you choose? Respond with the exact option text.",Formal,Formal,True
US Conversation Norms,"[""Small talk"", ""Eye contact"", ""Personal space"", ""No interrupting""]","[""Personal space"", ""Small talk"", ""Eye contact"", ""No interrupting""]","[""Eye contact"", ""No interrupting"", ""Personal space"", ""Small talk""]","You are playing a coordination game with another agent.
If you both select the SAME option, you each get $1.
You cannot communicate - you must try to coordinate.
Note: The other agent sees the SAME options, but in a DIFFERENT order.

US Conversation Norms
Options: Personal space, Small talk, Eye contact, No interrupting

Which option do you choose? Respond with the exact option text.",Eye contact,Eye contact,"You are playing a coordination game with another agent.
If you both select the SAME option, you each get $1.
You cannot communicate - you must try to coordinate.
Note: The other agent sees the SAME options, but in a DIFFERENT order.

US Conversation Norms
Options: Eye contact, No interrupting, Personal space, Small talk

Which option do you choose? Respond with the exact option text.",Eye contact,Eye contact,True
US Holiday Customs,"[""Turkey on Thanksgiving"", ""Fireworks on July 4th"", ""Trick-or-treat"", ""Easter eggs""]","[""Turkey on Thanksgiving"", ""Fireworks on July 4th"", ""Easter eggs"", ""Trick-or-treat""]","[""Trick-or-treat"", ""Fireworks on July 4th"", ""Turkey on Thanksgiving"", ""Easter eggs""]","You are playing a coordination game with another agent.
If you both select the SAME option, you each get $1.
You cannot communicate - you must try to coordinate.
Note: The other agent sees the SAME options, but in a DIFFERENT order.

US Holiday Customs
Options: Turkey on Thanksgiving, Fireworks on July 4th, Easter eggs, Trick-or-treat

Which option do you choose? Respond with the exact option text.",Turkey on Thanksgiving,Turkey on Thanksgiving,"You are playing a coordination game with another agent.
If you both select the SAME option, you each get $1.
You cannot communicate - you must try to coordinate.
Note: The other agent sees the SAME options, but in a DIFFERENT order.

US Holiday Customs
Options: Trick-or-treat, Fireworks on July 4th, Turkey on Thanksgiving, Easter eggs

Which option do you choose? Respond with the exact option text.",Easter eggs,Easter eggs,False
US Wedding Customs,"[""White dress"", ""Best man"", ""Wedding cake"", ""First dance""]","[""First dance"", ""Wedding cake"", ""Best man"", ""White dress""]","[""White dress"", ""First dance"", ""Wedding cake"", ""Best man""]","You are playing a coordination game with another agent.
If you both select the SAME option, you each get $1.
You cannot communicate - you must try to coordinate.
Note: The other agent sees the SAME options, but in a DIFFERENT order.

US Wedding Customs
Options: First dance, Wedding cake, Best man, White dress

Which option do you choose? Respond with the exact option text.",Wedding cake,Wedding cake,"You are playing a coordination game with another agent.
If you both select the SAME option, you each get $1.
You cannot communicate - you must try to coordinate.
Note: The other agent sees the SAME options, but in a DIFFERENT order.

US Wedding Customs
Options: White dress, First dance, Wedding cake, Best man

Which option do you choose? Respond with the exact option text.",White dress,White dress,False
中国餐桌礼仪,"[""不吧唧嘴"", ""长辈先动筷"", ""筷子不插饭"", ""不翻菜""]","[""长辈先动筷"", ""筷子不插饭"", ""不翻菜"", ""不吧唧嘴""]","[""不吧唧嘴"", ""长辈先动筷"", ""不翻菜"", ""筷子不插饭""]","You are playing a coordination game with another agent.
If you both select the SAME option, you each get $1.
You cannot communicate - you must try to coordinate.
Note: The other agent sees the SAME options, but in a DIFFERENT order.

中国餐桌礼仪
Options: 长辈先动筷, 筷子不插饭, 不翻菜, 不吧唧嘴

Which option do you choose? Respond with the exact option text.",长辈先动筷,长辈先动筷,"You are playing a coordination game with another agent.
If you both select the SAME option, you each get $1.
You cannot communicate - you must try to coordinate.
Note: The other agent sees the SAME options, but in a DIFFERENT order.

中国餐桌礼仪
Options: 不吧唧嘴, 长辈先动筷, 不翻菜, 筷子不插饭

Which option do you choose? Respond with the exact option text.",筷子不插饭,筷子不插饭,False
中国问候方式,"[""握手"", ""点头"", ""鞠躬"", ""拱手""]","[""点头"", ""握手"", ""鞠躬"", ""拱手""]","[""鞠躬"", ""拱手"", ""握手"", ""点头""]","You are playing a coordination game with another agent.
If you both select the SAME option, you each get $1.
You cannot communicate - you must try to coordinate.
Note: The other agent sees the SAME options, but in a DIFFERENT order.

中国问候方式
Options: 点头, 握手, 鞠躬, 拱手

Which option do you choose? Respond with the exact option text.",拱手,拱手,"You are playing a coordination game with another agent.
If you both select the SAME option, you each get $1.
You cannot communicate - you must try to coordinate.
Note: The other agent sees the SAME options, but in a DIFFERENT order.

中国问候方式
Options: 鞠躬, 拱手, 握手, 点头

Which option do you choose? Respond with the exact option text.",握手,握手,False
中国用餐礼仪,"[""等人齐了再吃"", ""敬酒"", ""长辈坐主位"", ""使用公筷""]","[""长辈坐主位"", ""敬酒"", ""使用公筷"", ""等人齐了再吃""]","[""长辈坐主位"", ""敬酒"", ""使用公筷"", ""等人齐了再吃""]","You are playing a coordination game with another agent.
If you both select the SAME option, you each get $1.
You cannot communicate - you must try to coordinate.
Note: The other agent sees the SAME options, but in a DIFFERENT order.

中国用餐礼仪
Options: 长辈坐主位, 敬酒, 使用公筷, 等人齐了再吃

Which option do you choose? Respond with the exact option text.",长辈坐主位,长辈坐主位,"You are playing a coordination game with another agent.
If you both select the SAME option, you each get $1.
You cannot communicate - you must try to coordinate.
Note: The other agent sees the SAME options, but in a DIFFERENT order.

中国用餐礼仪
Options: 长辈坐主位, 敬酒, 使用公筷, 等人齐了再吃

Which option do you choose? Respond with the exact option text.",使用公筷,使用公筷,False
中国公共行为,"[""排队"", ""不让座不礼貌"", ""不大声喧哗"", ""不乱丢垃圾""]","[""不大声喧哗"", ""不让座不礼貌"", ""不乱丢垃圾"", ""排队""]","[""不让座不礼貌"", ""不大声喧哗"", ""排队"", ""不乱丢垃圾""]","You are playing a coordination game with another agent.
If you both select the SAME option, you each get $1.
You cannot communicate - you must try to coordinate.
Note: The other agent sees the SAME options, but in a DIFFERENT order.

中国公共行为
Options: 不大声喧哗, 不让座不礼貌, 不乱丢垃圾, 排队

Which option do you choose? Respond with the exact option text.",排队,排队,"You are playing a coordination game with another agent.
If you both select the SAME option, you each get $1.
You cannot communicate - you must try to coordinate.
Note: The other agent sees the SAME options, but in a DIFFERENT order.

中国公共行为
Options: 不让座不礼貌, 不大声喧哗, 排队, 不乱丢垃圾

Which option do you choose? Respond with the exact option text.",排队,排队,True
中国送礼习俗,"[""红包"", ""生日礼物"", ""过年礼物"", ""双数吉利""]","[""双数吉利"", ""生日礼物"", ""红包"", ""过年礼物""]","[""过年礼物"", ""生日礼物"", ""双数吉利"", ""红包""]","You are playing a coordination game with another agent.
If you both select the SAME option, you each get $1.
You cannot communicate - you must try to coordinate.
Note: The other agent sees the SAME options, but in a DIFFERENT order.

中国送礼习俗
Options: 双数吉利, 生日礼物, 红包, 过年礼物

Which option do you choose? Respond with the exact option text.",红包,红包,"You are playing a coordination game with another agent.
If you both select the SAME option, you each get $1.
You cannot communicate - you must try to coordinate.
Note: The other agent sees the SAME options, but in a DIFFERENT order.

中国送礼习俗
Options: 过年礼物, 生日礼物, 双数吉利, 红包

Which option do you choose? Respond with the exact option text.",红包,红包,True
中国见面礼仪,"[""握手"", ""称呼对方"", ""交换名片"", ""双手递物""]","[""双手递物"", ""交换名片"", ""称呼对方"", ""握手""]","[""握手"", ""双手递物"", ""称呼对方"", ""交换名片""]","You are playing a coordination game with another agent.
If you both select the SAME option, you each get $1.
You cannot communicate - you must try to coordinate.
Note: The other agent sees the SAME options, but in a DIFFERENT order.

中国见面礼仪
Options: 双手递物, 交换名片, 称呼对方, 握手

Which option do you choose? Respond with the exact option text.",交换名片,交换名片,"You are playing a coordination game with another agent.
If you both select the SAME option, you each get $1.
You cannot communicate - you must try to coordinate.
Note: The other agent sees the SAME options, but in a DIFFERENT order.

中国见面礼仪
Options: 握手, 双手递物, 称呼对方, 交换名片

Which option do you choose? Respond with the exact option text.",握手,握手,False
中国着装规范,"[""正装"", ""休闲装"", ""商务装"", ""运动装""]","[""运动装"", ""商务装"", ""休闲装"", ""正装""]","[""运动装"", ""休闲装"", ""商务装"", ""正装""]","You are playing a coordination game with another agent.
If you both select the SAME option, you each get $1.
You cannot communicate - you must try to coordinate.
Note: The other agent sees the SAME options, but in a DIFFERENT order.

中国着装规范
Options: 运动装, 商务装, 休闲装, 正装

Which option do you choose? Respond with the exact option text.",正装,正装,"You are playing a coordination game with another agent.
If you both select the SAME option, you each get $1.
You cannot communicate - you must try to coordinate.
Note: The other agent sees the SAME options, but in a DIFFERENT order.

中国着装规范
Options: 运动装, 休闲装, 商务装, 正装

Which option do you choose? Respond with the exact option text.",商务装,商务装,False
中国社交规范,"[""寒暄"", ""敬语"", ""让座"", ""不直接拒绝""]","[""敬语"", ""寒暄"", ""让座"", ""不直接拒绝""]","[""不直接拒绝"", ""敬语"", ""寒暄"", ""让座""]","You are playing a coordination game with another agent.
If you both select the SAME option, you each get $1.
You cannot communicate - you must try to coordinate.
Note: The other agent sees the SAME options, but in a DIFFERENT order.

中国社交规范
Options: 敬语, 寒暄, 让座, 不直接拒绝

Which option do you choose? Respond with the exact option text.",让座,让座,"You are playing a coordination game with another agent.
If you both select the SAME option, you each get $1.
You cannot communicate - you must try to coordinate.
Note: The other agent sees the SAME options, but in a DIFFERENT order.

中国社交规范
Options: 不直接拒绝, 敬语, 寒暄, 让座

Which option do you choose? Respond with the exact option text.",敬语,敬语,False
中国节日习俗,"[""过年放鞭炮"", ""中秋节吃月饼"", ""端午节吃粽子"", ""清明扫墓""]","[""端午节吃粽子"", ""过年放鞭炮"", ""中秋节吃月饼"", ""清明扫墓""]","[""中秋节吃月饼"", ""过年放鞭炮"", ""端午节吃粽子"", ""清明扫墓""]","You are playing a coordination game with another agent.
If you both select the SAME option, you each get $1.
You cannot communicate - you must try to coordinate.
Note: The other agent sees the SAME options, but in a DIFFERENT order.

中国节日习俗
Options: 端午节吃粽子, 过年放鞭炮, 中秋节吃月饼, 清明扫墓

Which option do you choose? Respond with the exact option text.",过年放鞭炮,过年放鞭炮,"You are playing a coordination game with another agent.
If you both select the SAME option, you each get $1.
You cannot communicate - you must try to coordinate.
Note: The other agent sees the SAME options, but in a DIFFERENT order.

中国节日习俗
Options: 中秋节吃月饼, 过年放鞭炮, 端午节吃粽子, 清明扫墓

Which option do you choose? Respond with the exact option text.",过年放鞭炮,过年放鞭炮,True
中国婚嫁习俗,"[""红色嫁衣"", ""敬茶"", ""闹洞房"", ""份子钱""]","[""敬茶"", ""份子钱"", ""红色嫁衣"", ""闹洞房""]","[""闹洞房"", ""红色嫁衣"", ""份子钱"", ""敬茶""]","You are playing a coordination game with another agent.
If you both select the SAME option, you each get $1.
You cannot communicate - you must try to coordinate.
Note: The other agent sees the SAME options, but in a DIFFERENT order.

中国婚嫁习俗
Options: 敬茶, 份子钱, 红色嫁衣, 闹洞房

Which option do you choose? Respond with the exact option text.",敬茶,敬茶,"You are playing a coordination game with another agent.
If you both select the SAME option, you each get $1.
You cannot communicate - you must try to coordinate.
Note: The other agent sees the SAME options, but in a DIFFERENT order.

中国婚嫁习俗
Options: 闹洞房, 红色嫁衣, 份子钱, 敬茶

Which option do you choose? Respond with the exact option text.",敬茶,敬茶,True
US Federal Holidays,"[""Christmas"", ""Thanksgiving"", ""Independence Day"", ""New Year's Day""]","[""New Year's Day"", ""Independence Day"", ""Thanksgiving"", ""Christmas""]","[""Independence Day"", ""Thanksgiving"", ""Christmas"", ""New Year's Day""]","You are playing a coordination game with another agent.
If you both select the SAME option, you each get $1.
You cannot communicate - you must try to coordinate.
Note: The other agent sees the SAME options, but in a DIFFERENT order.

US Federal Holidays
Options: New Year's Day, Independence Day, Thanksgiving, Christmas

Which option do you choose? Respond with the exact option text.",New Year's Day,New Year's Day,"You are playing a coordination game with another agent.
If you both select the SAME option, you each get $1.
You cannot communicate - you must try to coordinate.
Note: The other agent sees the SAME options, but in a DIFFERENT order.

US Federal Holidays
Options: Independence Day, Thanksgiving, Christmas, New Year's Day

Which option do you choose? Respond with the exact option text.",Christmas,Christmas,False
US Celebrations,"[""Halloween"", ""Valentine's Day"", ""Easter"", ""St. Patrick's Day""]","[""Halloween"", ""Easter"", ""Valentine's Day"", ""St. Patrick's Day""]","[""Valentine's Day"", ""St. Patrick's Day"", ""Easter"", ""Halloween""]","You are playing a coordination game with another agent.
If you both select the SAME option, you each get $1.
You cannot communicate - you must try to coordinate.
Note: The other agent sees the SAME options, but in a DIFFERENT order.

US Celebrations
Options: Halloween, Easter, Valentine's Day, St. Patrick's Day

Which option do you choose? Respond with the exact option text.",Halloween,Halloween,"You are playing a coordination game with another agent.
If you both select the SAME option, you each get $1.
You cannot communicate - you must try to coordinate.
Note: The other agent sees the SAME options, but in a DIFFERENT order.

US Celebrations
Options: Valentine's Day, St. Patrick's Day, Easter, Halloween

Which option do you choose? Respond with the exact option text.",Valentine's Day,Valentine's Day,False
US Family Holidays,"[""Thanksgiving"", ""Christmas"", ""Mother's Day"", ""Father's Day""]","[""Mother's Day"", ""Christmas"", ""Father's Day"", ""Thanksgiving""]","[""Christmas"", ""Father's Day"", ""Thanksgiving"", ""Mother's Day""]","You are playing a coordination game with another agent.
If you both select the SAME option, you each get $1.
You cannot communicate - you must try to coordinate.
Note: The other agent sees the SAME options, but in a DIFFERENT order.

US Family Holidays
Options: Mother's Day, Christmas, Father's Day, Thanksgiving

Which option do you choose? Respond with the exact option text.",Christmas,Christmas,"You are playing a coordination game with another agent.
If you both select the SAME option, you each get $1.
You cannot communicate - you must try to coordinate.
Note: The other agent sees the SAME options, but in a DIFFERENT order.

US Family Holidays
Options: Christmas, Father's Day, Thanksgiving, Mother's Day

Which option do you choose? Respond with the exact option text.",Christmas,Christmas,True
US Summer Holidays,"[""July 4th"", ""Memorial Day"", ""Labor Day"", ""Flag Day""]","[""July 4th"", ""Flag Day"", ""Memorial Day"", ""Labor Day""]","[""July 4th"", ""Labor Day"", ""Flag Day"", ""Memorial Day""]","You are playing a coordination game with another agent.
If you both select the SAME option, you each get $1.
You cannot communicate - you must try to coordinate.
Note: The other agent sees the SAME options, but in a DIFFERENT order.

US Summer Holidays
Options: July 4th, Flag Day, Memorial Day, Labor Day

Which option do you choose? Respond with the exact option text.",July 4th,July 4th,"You are playing a coordination game with another agent.
If you both select the SAME option, you each get $1.
You cannot communicate - you must try to coordinate.
Note: The other agent sees the SAME options, but in a DIFFERENT order.

US Summer Holidays
Options: July 4th, Labor Day, Flag Day, Memorial Day

Which option do you choose? Respond with the exact option text.",July 4th,July 4th,True
US Winter Holidays,"[""Christmas"", ""New Year's"", ""Hanukkah"", ""Kwanzaa""]","[""New Year's"", ""Kwanzaa"", ""Christmas"", ""Hanukkah""]","[""Christmas"", ""New Year's"", ""Hanukkah"", ""Kwanzaa""]","You are playing a coordination game with another agent.
If you both select the SAME option, you each get $1.
You cannot communicate - you must try to coordinate.
Note: The other agent sees the SAME options, but in a DIFFERENT order.

US Winter Holidays
Options: New Year's, Kwanzaa, Christmas, Hanukkah

Which option do you choose? Respond with the exact option text.",Christmas,Christmas,"You are playing a coordination game with another agent.
If you both select the SAME option, you each get $1.
You cannot communicate - you must try to coordinate.
Note: The other agent sees the SAME options, but in a DIFFERENT order.

US Winter Holidays
Options: Christmas, New Year's, Hanukkah, Kwanzaa

Which option do you choose? Respond with the exact option text.",Christmas,Christmas,True
中国法定假日,"[""春节"", ""国庆节"", ""中秋节"", ""端午节""]","[""中秋节"", ""端午节"", ""国庆节"", ""春节""]","[""国庆节"", ""中秋节"", ""春节"", ""端午节""]","You are playing a coordination game with another agent.
If you both select the SAME option, you each get $1.
You cannot communicate - you must try to coordinate.
Note: The other agent sees the SAME options, but in a DIFFERENT order.

中国法定假日
Options: 中秋节, 端午节, 国庆节, 春节

Which option do you choose? Respond with the exact option text.",春节,春节,"You are playing a coordination game with another agent.
If you both select the SAME option, you each get $1.
You cannot communicate - you must try to coordinate.
Note: The other agent sees the SAME options, but in a DIFFERENT order.

中国法定假日
Options: 国庆节, 中秋节, 春节, 端午节

Which option do you choose? Respond with the exact option text.",春节,春节,True
中国传统节日,"[""元宵节"", ""七夕"", ""重阳节"", ""腊八节""]","[""重阳节"", ""腊八节"", ""元宵节"", ""七夕""]","[""七夕"", ""元宵节"", ""重阳节"", ""腊八节""]","You are playing a coordination game with another agent.
If you both select the SAME option, you each get $1.
You cannot communicate - you must try to coordinate.
Note: The other agent sees the SAME options, but in a DIFFERENT order.

中国传统节日
Options: 重阳节, 腊八节, 元宵节, 七夕

Which option do you choose? Respond with the exact option text.",元宵节,元宵节,"You are playing a coordination game with another agent.
If you both select the SAME option, you each get $1.
You cannot communicate - you must try to coordinate.
Note: The other agent sees the SAME options, but in a DIFFERENT order.

中国传统节日
Options: 七夕, 元宵节, 重阳节, 腊八节

Which option do you choose? Respond with the exact option text.",元宵节,元宵节,True
中国家庭节日,"[""春节"", ""中秋节"", ""端午节"", ""清明节""]","[""端午节"", ""清明节"", ""春节"", ""中秋节""]","[""清明节"", ""端午节"", ""春节"", ""中秋节""]","You are playing a coordination game with another agent.
If you both select the SAME option, you each get $1.
You cannot communicate - you must try to coordinate.
Note: The other agent sees the SAME options, but in a DIFFERENT order.

中国家庭节日
Options: 端午节, 清明节, 春节, 中秋节

Which option do you choose? Respond with the exact option text.",春节,春节,"You are playing a coordination game with another agent.
If you both select the SAME option, you each get $1.
You cannot communicate - you must try to coordinate.
Note: The other agent sees the SAME options, but in a DIFFERENT order.

中国家庭节日
Options: 清明节, 端午节, 春节, 中秋节

Which option do you choose? Respond with the exact option text.",春节,春节,True
中国现代节日,"[""五一劳动节"", ""国庆节"", ""元旦"", ""三八妇女节""]","[""三八妇女节"", ""元旦"", ""五一劳动节"", ""国庆节""]","[""国庆节"", ""元旦"", ""三八妇女节"", ""五一劳动节""]","You are playing a coordination game with another agent.
If you both select the SAME option, you each get $1.
You cannot communicate - you must try to coordinate.
Note: The other agent sees the SAME options, but in a DIFFERENT order.

中国现代节日
Options: 三八妇女节, 元旦, 五一劳动节, 国庆节

Which option do you choose? Respond with the exact option text.",元旦,元旦,"You are playing a coordination game with another agent.
If you both select the SAME option, you each get $1.
You cannot communicate - you must try to coordinate.
Note: The other agent sees the SAME options, but in a DIFFERENT order.

中国现代节日
Options: 国庆节, 元旦, 三八妇女节, 五一劳动节

Which option do you choose? Respond with the exact option text.",国庆节,国庆节,False
中国节气节日,"[""立春"", ""清明"", ""冬至"", ""中秋""]","[""中秋"", ""立春"", ""冬至"", ""清明""]","[""中秋"", ""立春"", ""冬至"", ""清明""]","You are playing a coordination game with another agent.
If you both select the SAME option, you each get $1.
You cannot communicate - you must try to coordinate.
Note: The other agent sees the SAME options, but in a DIFFERENT order.

中国节气节日
Options: 中秋, 立春, 冬至, 清明

Which option do you choose? Respond with the exact option text.",清明,清明,"You are playing a coordination game with another agent.
If you both select the SAME option, you each get $1.
You cannot communicate - you must try to coordinate.
Note: The other agent sees the SAME options, but in a DIFFERENT order.

中国节气节日
Options: 中秋, 立春, 冬至, 清明

Which option do you choose? Respond with the exact option text.",中秋,中秋,False
American Breakfast,"[""Pancakes"", ""Eggs"", ""Bacon"", ""Cereal""]","[""Bacon"", ""Cereal"", ""Pancakes"", ""Eggs""]","[""Bacon"", ""Eggs"", ""Cereal"", ""Pancakes""]","You are playing a coordination game with another agent.
If you both select the SAME option, you each get $1.
You cannot communicate - you must try to coordinate.
Note: The other agent sees the SAME options, but in a DIFFERENT order.

American Breakfast
Options: Bacon, Cereal, Pancakes, Eggs

Which option do you choose? Respond with the exact option text.",Bacon,Bacon,"You are playing a coordination game with another agent.
If you both select the SAME option, you each get $1.
You cannot communicate - you must try to coordinate.
Note: The other agent sees the SAME options, but in a DIFFERENT order.

American Breakfast
Options: Bacon, Eggs, Cereal, Pancakes

Which option do you choose? Respond with the exact option text.",Bacon,Bacon,True
American Fast Food,"[""Burger"", ""Pizza"", ""Hot Dog"", ""Fries""]","[""Fries"", ""Hot Dog"", ""Pizza"", ""Burger""]","[""Hot Dog"", ""Burger"", ""Fries"", ""Pizza""]","You are playing a coordination game with another agent.
If you both select the SAME option, you each get $1.
You cannot communicate - you must try to coordinate.
Note: The other agent sees the SAME options, but in a DIFFERENT order.

American Fast Food
Options: Fries, Hot Dog, Pizza, Burger

Which option do you choose? Respond with the exact option text.",Burger,Burger,"You are playing a coordination game with another agent.
If you both select the SAME option, you each get $1.
You cannot communicate - you must try to coordinate.
Note: The other agent sees the SAME options, but in a DIFFERENT order.

American Fast Food
Options: Hot Dog, Burger, Fries, Pizza

Which option do you choose? Respond with the exact option text.",Burger,Burger,True
American Dinner,"[""Steak"", ""Roast Chicken"", ""Pasta"", ""Salad""]","[""Salad"", ""Pasta"", ""Steak"", ""Roast Chicken""]","[""Steak"", ""Pasta"", ""Salad"", ""Roast Chicken""]","You are playing a coordination game with another agent.
If you both select the SAME option, you each get $1.
You cannot communicate - you must try to coordinate.
Note: The other agent sees the SAME options, but in a DIFFERENT order.

American Dinner
Options: Salad, Pasta, Steak, Roast Chicken

Which option do you choose? Respond with the exact option text.",Steak,Steak,"You are playing a coordination game with another agent.
If you both select the SAME option, you each get $1.
You cannot communicate - you must try to coordinate.
Note: The other agent sees the SAME options, but in a DIFFERENT order.

American Dinner
Options: Steak, Pasta, Salad, Roast Chicken

Which option do you choose? Respond with the exact option text.",Steak,Steak,True
American Snacks,"[""Chips"", ""Popcorn"", ""Cookies"", ""Candy""]","[""Cookies"", ""Popcorn"", ""Candy"", ""Chips""]","[""Cookies"", ""Candy"", ""Popcorn"", ""Chips""]","You are playing a coordination game with another agent.
If you both select the SAME option, you each get $1.
You cannot communicate - you must try to coordinate.
Note: The other agent sees the SAME options, but in a DIFFERENT order.

American Snacks
Options: Cookies, Popcorn, Candy, Chips

Which option do you choose? Respond with the exact option text.",Cookies,Cookies,"You are playing a coordination game with another agent.
If you both select the SAME option, you each get $1.
You cannot communicate - you must try to coordinate.
Note: The other agent sees the SAME options, but in a DIFFERENT order.

American Snacks
Options: Cookies, Candy, Popcorn, Chips

Which option do you choose? Respond with the exact option text.",Cookies,Cookies,True
American Desserts,"[""Apple Pie"", ""Brownie"", ""Ice Cream"", ""Cheesecake""]","[""Cheesecake"", ""Apple Pie"", ""Brownie"", ""Ice Cream""]","[""Brownie"", ""Cheesecake"", ""Apple Pie"", ""Ice Cream""]","You are playing a coordination game with another agent.
If you both select the SAME option, you each get $1.
You cannot communicate - you must try to coordinate.
Note: The other agent sees the SAME options, but in a DIFFERENT order.

American Desserts
Options: Cheesecake, Apple Pie, Brownie, Ice Cream

Which option do you choose? Respond with the exact option text.",Apple Pie,Apple Pie,"You are playing a coordination game with another agent.
If you both select the SAME option, you each get $1.
You cannot communicate - you must try to coordinate.
Note: The other agent sees the SAME options, but in a DIFFERENT order.

American Desserts
Options: Brownie, Cheesecake, Apple Pie, Ice Cream

Which option do you choose? Respond with the exact option text.",Apple Pie,Apple Pie,True
American Comfort Food,"[""Mac and Cheese"", ""Grilled Cheese"", ""Meatloaf"", ""Mashed Potatoes""]","[""Grilled Cheese"", ""Mashed Potatoes"", ""Mac and Cheese"", ""Meatloaf""]","[""Mac and Cheese"", ""Grilled Cheese"", ""Meatloaf"", ""Mashed Potatoes""]","You are playing a coordination game with another agent.
If you both select the SAME option, you each get $1.
You cannot communicate - you must try to coordinate.
Note: The other agent sees the SAME options, but in a DIFFERENT order.

American Comfort Food
Options: Grilled Cheese, Mashed Potatoes, Mac and Cheese, Meatloaf

Which option do you choose? Respond with the exact option text.",Mac and Cheese,Mac and Cheese,"You are playing a coordination game with another agent.
If you both select the SAME option, you each get $1.
You cannot communicate - you must try to coordinate.
Note: The other agent sees the SAME options, but in a DIFFERENT order.

American Comfort Food
Options: Mac and Cheese, Grilled Cheese, Meatloaf, Mashed Potatoes

Which option do you choose? Respond with the exact option text.",Mac and Cheese,Mac and Cheese,True
American Side Dishes,"[""French Fries"", ""Coleslaw"", ""Corn"", ""Baked Beans""]","[""Corn"", ""Baked Beans"", ""French Fries"", ""Coleslaw""]","[""French Fries"", ""Baked Beans"", ""Coleslaw"", ""Corn""]","You are playing a coordination game with another agent.
If you both select the SAME option, you each get $1.
You cannot communicate - you must try to coordinate.
Note: The other agent sees the SAME options, but in a DIFFERENT order.

American Side Dishes
Options: Corn, Baked Beans, French Fries, Coleslaw

Which option do you choose? Respond with the exact option text.",Corn,Corn,"You are playing a coordination game with another agent.
If you both select the SAME option, you each get $1.
You cannot communicate - you must try to coordinate.
Note: The other agent sees the SAME options, but in a DIFFERENT order.

American Side Dishes
Options: French Fries, Baked Beans, Coleslaw, Corn

Which option do you choose? Respond with the exact option text.",French Fries,French Fries,False
American BBQ,"[""Ribs"", ""Brisket"", ""Pulled Pork"", ""Grilled Chicken""]","[""Brisket"", ""Grilled Chicken"", ""Ribs"", ""Pulled Pork""]","[""Ribs"", ""Brisket"", ""Pulled Pork"", ""Grilled Chicken""]","You are playing a coordination game with another agent.
If you both select the SAME option, you each get $1.
You cannot communicate - you must try to coordinate.
Note: The other agent sees the SAME options, but in a DIFFERENT order.

American BBQ
Options: Brisket, Grilled Chicken, Ribs, Pulled Pork

Which option do you choose? Respond with the exact option text.",Brisket,Brisket,"You are playing a coordination game with another agent.
If you both select the SAME option, you each get $1.
You cannot communicate - you must try to coordinate.
Note: The other agent sees the SAME options, but in a DIFFERENT order.

American BBQ
Options: Ribs, Brisket, Pulled Pork, Grilled Chicken

Which option do you choose? Respond with the exact option text.",Brisket,Brisket,True
American Sandwiches,"[""BLT"", ""PB&J"", ""Club Sandwich"", ""Grilled Cheese""]","[""Grilled Cheese"", ""BLT"", ""Club Sandwich"", ""PB&J""]","[""PB&J"", ""Grilled Cheese"", ""BLT"", ""Club Sandwich""]","You are playing a coordination game with another agent.
If you both select the SAME option, you each get $1.
You cannot communicate - you must try to coordinate.
Note: The other agent sees the SAME options, but in a DIFFERENT order.

American Sandwiches
Options: Grilled Cheese, BLT, Club Sandwich, PB&J

Which option do you choose? Respond with the exact option text.",Grilled Cheese,Grilled Cheese,"You are playing a coordination game with another agent.
If you both select the SAME option, you each get $1.
You cannot communicate - you must try to coordinate.
Note: The other agent sees the SAME options, but in a DIFFERENT order.

American Sandwiches
Options: PB&J, Grilled Cheese, BLT, Club Sandwich

Which option do you choose? Respond with the exact option text.",PB&J,PB&J,False
American Holiday Food,"[""Turkey"", ""Ham"", ""Pumpkin Pie"", ""Stuffing""]","[""Stuffing"", ""Turkey"", ""Pumpkin Pie"", ""Ham""]","[""Pumpkin Pie"", ""Turkey"", ""Ham"", ""Stuffing""]","You are playing a coordination game with another agent.
If you both select the SAME option, you each get $1.
You cannot communicate - you must try to coordinate.
Note: The other agent sees the SAME options, but in a DIFFERENT order.

American Holiday Food
Options: Stuffing, Turkey, Pumpkin Pie, Ham

Which option do you choose? Respond with the exact option text.",Turkey,Turkey,"You are playing a coordination game with another agent.
If you both select the SAME option, you each get $1.
You cannot communicate - you must try to coordinate.
Note: The other agent sees the SAME options, but in a DIFFERENT order.

American Holiday Food
Options: Pumpkin Pie, Turkey, Ham, Stuffing

Which option do you choose? Respond with the exact option text.",Turkey,Turkey,True
中国早餐,"[""包子"", ""油条"", ""豆浆"", ""煎饼""]","[""煎饼"", ""包子"", ""豆浆"", ""油条""]","[""油条"", ""豆浆"", ""煎饼"", ""包子""]","You are playing a coordination game with another agent.
If you both select the SAME option, you each get $1.
You cannot communicate - you must try to coordinate.
Note: The other agent sees the SAME options, but in a DIFFERENT order.

中国早餐
Options: 煎饼, 包子, 豆浆, 油条

Which option do you choose? Respond with the exact option text.",包子,包子,"You are playing a coordination game with another agent.
If you both select the SAME option, you each get $1.
You cannot communicate - you must try to coordinate.
Note: The other agent sees the SAME options, but in a DIFFERENT order.

中国早餐
Options: 油条, 豆浆, 煎饼, 包子

Which option do you choose? Respond with the exact option text.",包子,包子,True
中国快餐,"[""炒饭"", ""面条"", ""饺子"", ""盒饭""]","[""面条"", ""炒饭"", ""盒饭"", ""饺子""]","[""饺子"", ""盒饭"", ""炒饭"", ""面条""]","You are playing a coordination game with another agent.
If you both select the SAME option, you each get $1.
You cannot communicate - you must try to coordinate.
Note: The other agent sees the SAME options, but in a DIFFERENT order.

中国快餐
Options: 面条, 炒饭, 盒饭, 饺子

Which option do you choose? Respond with the exact option text.",炒饭,炒饭,"You are playing a coordination game with another agent.
If you both select the SAME option, you each get $1.
You cannot communicate - you must try to coordinate.
Note: The other agent sees the SAME options, but in a DIFFERENT order.

中国快餐
Options: 饺子, 盒饭, 炒饭, 面条

Which option do you choose? Respond with the exact option text.",炒饭,炒饭,True
中国家常菜,"[""红烧肉"", ""宫保鸡丁"", ""麻婆豆腐"", ""西红柿炒鸡蛋""]","[""西红柿炒鸡蛋"", ""宫保鸡丁"", ""红烧肉"", ""麻婆豆腐""]","[""麻婆豆腐"", ""红烧肉"", ""宫保鸡丁"", ""西红柿炒鸡蛋""]","You are playing a coordination game with another agent.
If you both select the SAME option, you each get $1.
You cannot communicate - you must try to coordinate.
Note: The other agent sees the SAME options, but in a DIFFERENT order.

中国家常菜
Options: 西红柿炒鸡蛋, 宫保鸡丁, 红烧肉, 麻婆豆腐

Which option do you choose? Respond with the exact option text.",西红柿炒鸡蛋,西红柿炒鸡蛋,"You are playing a coordination game with another agent.
If you both select the SAME option, you each get $1.
You cannot communicate - you must try to coordinate.
Note: The other agent sees the SAME options, but in a DIFFERENT order.

中国家常菜
Options: 麻婆豆腐, 红烧肉, 宫保鸡丁, 西红柿炒鸡蛋

Which option do you choose? Respond with the exact option text.",西红柿炒鸡蛋,西红柿炒鸡蛋,True
中国小吃,"[""煎饼果子"", ""烤串"", ""臭豆腐"", ""糖葫芦""]","[""煎饼果子"", ""糖葫芦"", ""烤串"", ""臭豆腐""]","[""煎饼果子"", ""烤串"", ""糖葫芦"", ""臭豆腐""]","You are playing a coordination game with another agent.
If you both select the SAME option, you each get $1.
You cannot communicate - you must try to coordinate.
Note: The other agent sees the SAME options, but in a DIFFERENT order.

中国小吃
Options: 煎饼果子, 糖葫芦, 烤串, 臭豆腐

Which option do you choose? Respond with the exact option text.",煎饼果子,煎饼果子,"You are playing a coordination game with another agent.
If you both select the SAME option, you each get $1.
You cannot communicate - you must try to coordinate.
Note: The other agent sees the SAME options, but in a DIFFERENT order.

中国小吃
Options: 煎饼果子, 烤串, 糖葫芦, 臭豆腐

Which option do you choose? Respond with the exact option text.",煎饼果子,煎饼果子,True
中国甜点,"[""汤圆"", ""月饼"", ""粽子"", ""豆沙包""]","[""月饼"", ""汤圆"", ""粽子"", ""豆沙包""]","[""月饼"", ""粽子"", ""豆沙包"", ""汤圆""]","You are playing a coordination game with another agent.
If you both select the SAME option, you each get $1.
You cannot communicate - you must try to coordinate.
Note: The other agent sees the SAME options, but in a DIFFERENT order.

中国甜点
Options: 月饼, 汤圆, 粽子, 豆沙包

Which option do you choose? Respond with the exact option text.",月饼,月饼,"You are playing a coordination game with another agent.
If you both select the SAME option, you each get $1.
You cannot communicate - you must try to coordinate.
Note: The other agent sees the SAME options, but in a DIFFERENT order.

中国甜点
Options: 月饼, 粽子, 豆沙包, 汤圆

Which option do you choose? Respond with the exact option text.",月饼,月饼,True
中国主食,"[""米饭"", ""面条"", ""馒头"", ""饺子""]","[""面条"", ""馒头"", ""米饭"", ""饺子""]","[""米饭"", ""饺子"", ""面条"", ""馒头""]","You are playing a coordination game with another agent.
If you both select the SAME option, you each get $1.
You cannot communicate - you must try to coordinate.
Note: The other agent sees the SAME options, but in a DIFFERENT order.

中国主食
Options: 面条, 馒头, 米饭, 饺子

Which option do you choose? Respond with the exact option text.",米饭,米饭,"You are playing a coordination game with another agent.
If you both select the SAME option, you each get $1.
You cannot communicate - you must try to coordinate.
Note: The other agent sees the SAME options, but in a DIFFERENT order.

中国主食
Options: 米饭, 饺子, 面条, 馒头

Which option do you choose? Respond with the exact option text.",米饭,米饭,True
中国汤类,"[""鸡汤"", ""排骨汤"", ""紫菜蛋花汤"", ""酸辣汤""]","[""酸辣汤"", ""紫菜蛋花汤"", ""鸡汤"", ""排骨汤""]","[""酸辣汤"", ""鸡汤"", ""排骨汤"", ""紫菜蛋花汤""]","You are playing a coordination game with another agent.
If you both select the SAME option, you each get $1.
You cannot communicate - you must try to coordinate.
Note: The other agent sees the SAME options, but in a DIFFERENT order.

中国汤类
Options: 酸辣汤, 紫菜蛋花汤, 鸡汤, 排骨汤

Which option do you choose? Respond with the exact option text.",酸辣汤,酸辣汤,"You are playing a coordination game with another agent.
If you both select the SAME option, you each get $1.
You cannot communicate - you must try to coordinate.
Note: The other agent sees the SAME options, but in a DIFFERENT order.

中国汤类
Options: 酸辣汤, 鸡汤, 排骨汤, 紫菜蛋花汤

Which option do you choose? Respond with the exact option text.",酸辣汤,酸辣汤,True
中国火锅食材,"[""牛肉"", ""羊肉"", ""豆腐"", ""白菜""]","[""牛肉"", ""羊肉"", ""豆腐"", ""白菜""]","[""白菜"", ""豆腐"", ""羊肉"", ""牛肉""]","You are playing a coordination game with another agent.
If you both select the SAME option, you each get $1.
You cannot communicate - you must try to coordinate.
Note: The other agent sees the SAME options, but in a DIFFERENT order.

中国火锅食材
Options: 牛肉, 羊肉, 豆腐, 白菜

Which option do you choose? Respond with the exact option text.",牛肉,牛肉,"You are playing a coordination game with another agent.
If you both select the SAME option, you each get $1.
You cannot communicate - you must try to coordinate.
Note: The other agent sees the SAME options, but in a DIFFERENT order.

中国火锅食材
Options: 白菜, 豆腐, 羊肉, 牛肉

Which option do you choose? Respond with the exact option text.",羊肉,羊肉,False
中国面食,"[""拉面"", ""刀削面"", ""炸酱面"", ""担担面""]","[""担担面"", ""炸酱面"", ""刀削面"", ""拉面""]","[""炸酱面"", ""拉面"", ""担担面"", ""刀削面""]","You are playing a coordination game with another agent.
If you both select the SAME option, you each get $1.
You cannot communicate - you must try to coordinate.
Note: The other agent sees the SAME options, but in a DIFFERENT order.

中国面食
Options: 担担面, 炸酱面, 刀削面, 拉面

Which option do you choose? Respond with the exact option text.",炸酱面,炸酱面,"You are playing a coordination game with another agent.
If you both select the SAME option, you each get $1.
You cannot communicate - you must try to coordinate.
Note: The other agent sees the SAME options, but in a DIFFERENT order.

中国面食
Options: 炸酱面, 拉面, 担担面, 刀削面

Which option do you choose? Respond with the exact option text.",拉面,拉面,False
中国节日食物,"[""饺子"", ""月饼"", ""粽子"", ""汤圆""]","[""汤圆"", ""饺子"", ""月饼"", ""粽子""]","[""汤圆"", ""月饼"", ""粽子"", ""饺子""]","You are playing a coordination game with another agent.
If you both select the SAME option, you each get $1.
You cannot communicate - you must try to coordinate.
Note: The other agent sees the SAME options, but in a DIFFERENT order.

中国节日食物
Options: 汤圆, 饺子, 月饼, 粽子

Which option do you choose? Respond with the exact option text.",饺子,饺子,"You are playing a coordination game with another agent.
If you both select the SAME option, you each get $1.
You cannot communicate - you must try to coordinate.
Note: The other agent sees the SAME options, but in a DIFFERENT order.

中国节日食物
Options: 汤圆, 月饼, 粽子, 饺子

Which option do you choose? Respond with the exact option text.",饺子,饺子,True
American Breakfast Drinks,"[""Coffee"", ""Orange Juice"", ""Milk"", ""Tea""]","[""Tea"", ""Milk"", ""Orange Juice"", ""Coffee""]","[""Orange Juice"", ""Tea"", ""Milk"", ""Coffee""]","You are playing a coordination game with another agent.
If you both select the SAME option, you each get $1.
You cannot communicate - you must try to coordinate.
Note: The other agent sees the SAME options, but in a DIFFERENT order.

American Breakfast Drinks
Options: Tea, Milk, Orange Juice, Coffee

Which option do you choose? Respond with the exact option text.",Coffee,Coffee,"You are playing a coordination game with another agent.
If you both select the SAME option, you each get $1.
You cannot communicate - you must try to coordinate.
Note: The other agent sees the SAME options, but in a DIFFERENT order.

American Breakfast Drinks
Options: Orange Juice, Tea, Milk, Coffee

Which option do you choose? Respond with the exact option text.",Coffee,Coffee,True
American Soft Drinks,"[""Coca-Cola"", ""Pepsi"", ""Sprite"", ""Dr Pepper""]","[""Sprite"", ""Pepsi"", ""Dr Pepper"", ""Coca-Cola""]","[""Sprite"", ""Pepsi"", ""Coca-Cola"", ""Dr Pepper""]","You are playing a coordination game with another agent.
If you both select the SAME option, you each get $1.
You cannot communicate - you must try to coordinate.
Note: The other agent sees the SAME options, but in a DIFFERENT order.

American Soft Drinks
Options: Sprite, Pepsi, Dr Pepper, Coca-Cola

Which option do you choose? Respond with the exact option text.",Coca-Cola,Coca-Cola,"You are playing a coordination game with another agent.
If you both select the SAME option, you each get $1.
You cannot communicate - you must try to coordinate.
Note: The other agent sees the SAME options, but in a DIFFERENT order.

American Soft Drinks
Options: Sprite, Pepsi, Coca-Cola, Dr Pepper

Which option do you choose? Respond with the exact option text.",Coca-Cola,Coca-Cola,True
American Hot Drinks,"[""Coffee"", ""Tea"", ""Hot Chocolate"", ""Cider""]","[""Coffee"", ""Tea"", ""Hot Chocolate"", ""Cider""]","[""Coffee"", ""Tea"", ""Cider"", ""Hot Chocolate""]","You are playing a coordination game with another agent.
If you both select the SAME option, you each get $1.
You cannot communicate - you must try to coordinate.
Note: The other agent sees the SAME options, but in a DIFFERENT order.

American Hot Drinks
Options: Coffee, Tea, Hot Chocolate, Cider

Which option do you choose? Respond with the exact option text.",Coffee,Coffee,"You are playing a coordination game with another agent.
If you both select the SAME option, you each get $1.
You cannot communicate - you must try to coordinate.
Note: The other agent sees the SAME options, but in a DIFFERENT order.

American Hot Drinks
Options: Coffee, Tea, Cider, Hot Chocolate

Which option do you choose? Respond with the exact option text.",Coffee,Coffee,True
American Cocktails,"[""Margarita"", ""Mojito"", ""Martini"", ""Old Fashioned""]","[""Old Fashioned"", ""Margarita"", ""Mojito"", ""Martini""]","[""Mojito"", ""Old Fashioned"", ""Martini"", ""Margarita""]","You are playing a coordination game with another agent.
If you both select the SAME option, you each get $1.
You cannot communicate - you must try to coordinate.
Note: The other agent sees the SAME options, but in a DIFFERENT order.

American Cocktails
Options: Old Fashioned, Margarita, Mojito, Martini

Which option do you choose? Respond with the exact option text.",Old Fashioned,Old Fashioned,"You are playing a coordination game with another agent.
If you both select the SAME option, you each get $1.
You cannot communicate - you must try to coordinate.
Note: The other agent sees the SAME options, but in a DIFFERENT order.

American Cocktails
Options: Mojito, Old Fashioned, Martini, Margarita

Which option do you choose? Respond with the exact option text.",Old Fashioned,Old Fashioned,True
American Party Drinks,"[""Beer"", ""Wine"", ""Champagne"", ""Cocktail""]","[""Champagne"", ""Beer"", ""Wine"", ""Cocktail""]","[""Cocktail"", ""Wine"", ""Beer"", ""Champagne""]","You are playing a coordination game with another agent.
If you both select the SAME option, you each get $1.
You cannot communicate - you must try to coordinate.
Note: The other agent sees the SAME options, but in a DIFFERENT order.

American Party Drinks
Options: Champagne, Beer, Wine, Cocktail

Which option do you choose? Respond with the exact option text.",Beer,Beer,"You are playing a coordination game with another agent.
If you both select the SAME option, you each get $1.
You cannot communicate - you must try to coordinate.
Note: The other agent sees the SAME options, but in a DIFFERENT order.

American Party Drinks
Options: Cocktail, Wine, Beer, Champagne

Which option do you choose? Respond with the exact option text.",Beer,Beer,True
中国早餐饮品,"[""豆浆"", ""牛奶"", ""粥"", ""茶""]","[""豆浆"", ""茶"", ""粥"", ""牛奶""]","[""粥"", ""茶"", ""豆浆"", ""牛奶""]","You are playing a coordination game with another agent.
If you both select the SAME option, you each get $1.
You cannot communicate - you must try to coordinate.
Note: The other agent sees the SAME options, but in a DIFFERENT order.

中国早餐饮品
Options: 豆浆, 茶, 粥, 牛奶

Which option do you choose? Respond with the exact option text.",豆浆,豆浆,"You are playing a coordination game with another agent.
If you both select the SAME option, you each get $1.
You cannot communicate - you must try to coordinate.
Note: The other agent sees the SAME options, but in a DIFFERENT order.

中国早餐饮品
Options: 粥, 茶, 豆浆, 牛奶

Which option do you choose? Respond with the exact option text.",豆浆,豆浆,True
中国茶类,"[""绿茶"", ""红茶"", ""乌龙茶"", ""普洱茶""]","[""乌龙茶"", ""红茶"", ""绿茶"", ""普洱茶""]","[""绿茶"", ""红茶"", ""乌龙茶"", ""普洱茶""]","You are playing a coordination game with another agent.
If you both select the SAME option, you each get $1.
You cannot communicate - you must try to coordinate.
Note: The other agent sees the SAME options, but in a DIFFERENT order.

中国茶类
Options: 乌龙茶, 红茶, 绿茶, 普洱茶

Which option do you choose? Respond with the exact option text.",绿茶,绿茶,"You are playing a coordination game with another agent.
If you both select the SAME option, you each get $1.
You cannot communicate - you must try to coordinate.
Note: The other agent sees the SAME options, but in a DIFFERENT order.

中国茶类
Options: 绿茶, 红茶, 乌龙茶, 普洱茶

Which option do you choose? Respond with the exact option text.",绿茶,绿茶,True
中国热饮,"[""热水"", ""茶"", ""咖啡"", ""豆浆""]","[""茶"", ""热水"", ""咖啡"", ""豆浆""]","[""豆浆"", ""茶"", ""咖啡"", ""热水""]","You are playing a coordination game with another agent.
If you both select the SAME option, you each get $1.
You cannot communicate - you must try to coordinate.
Note: The other agent sees the SAME options, but in a DIFFERENT order.

中国热饮
Options: 茶, 热水, 咖啡, 豆浆

Which option do you choose? Respond with the exact option text.",茶,茶,"You are playing a coordination game with another agent.
If you both select the SAME option, you each get $1.
You cannot communicate - you must try to coordinate.
Note: The other agent sees the SAME options, but in a DIFFERENT order.

中国热饮
Options: 豆浆, 茶, 咖啡, 热水

Which option do you choose? Respond with the exact option text.",茶,茶,True
中国酒类,"[""白酒"", ""啤酒"", ""黄酒"", ""米酒""]","[""米酒"", ""啤酒"", ""黄酒"", ""白酒""]","[""啤酒"", ""米酒"", ""白酒"", ""黄酒""]","You are playing a coordination game with another agent.
If you both select the SAME option, you each get $1.
You cannot communicate - you must try to coordinate.
Note: The other agent sees the SAME options, but in a DIFFERENT order.

中国酒类
Options: 米酒, 啤酒, 黄酒, 白酒

Which option do you choose? Respond with the exact option text.",白酒,白酒,"You are playing a coordination game with another agent.
If you both select the SAME option, you each get $1.
You cannot communicate - you must try to coordinate.
Note: The other agent sees the SAME options, but in a DIFFERENT order.

中国酒类
Options: 啤酒, 米酒, 白酒, 黄酒

Which option do you choose? Respond with the exact option text.",白酒,白酒,True
中国冷饮,"[""冰红茶"", ""酸梅汤"", ""柠檬水"", ""凉茶""]","[""酸梅汤"", ""冰红茶"", ""凉茶"", ""柠檬水""]","[""凉茶"", ""冰红茶"", ""柠檬水"", ""酸梅汤""]","You are playing a coordination game with another agent.
If you both select the SAME option, you each get $1.
You cannot communicate - you must try to coordinate.
Note: The other agent sees the SAME options, but in a DIFFERENT order.

中国冷饮
Options: 酸梅汤, 冰红茶, 凉茶, 柠檬水

Which option do you choose? Respond with the exact option text.",酸梅汤,酸梅汤,"You are playing a coordination game with another agent.
If you both select the SAME option, you each get $1.
You cannot communicate - you must try to coordinate.
Note: The other agent sees the SAME options, but in a DIFFERENT order.

中国冷饮
Options: 凉茶, 冰红茶, 柠檬水, 酸梅汤

Which option do you choose? Respond with the exact option text.",酸梅汤,酸梅汤,True
US Presidents,"[""Washington"", ""Lincoln"", ""Kennedy"", ""Obama""]","[""Obama"", ""Washington"", ""Lincoln"", ""Kennedy""]","[""Washington"", ""Obama"", ""Lincoln"", ""Kennedy""]","You are playing a coordination game with another agent.
If you both select the SAME option, you each get $1.
You cannot communicate - you must try to coordinate.
Note: The other agent sees the SAME options, but in a DIFFERENT order.

US Presidents
Options: Obama, Washington, Lincoln, Kennedy

Which option do you choose? Respond with the exact option text.",Washington,Washington,"You are playing a coordination game with another agent.
If you both select the SAME option, you each get $1.
You cannot communicate - you must try to coordinate.
Note: The other agent sees the SAME options, but in a DIFFERENT order.

US Presidents
Options: Washington, Obama, Lincoln, Kennedy

Which option do you choose? Respond with the exact option text.",Washington,Washington,True
US Scientists,"[""Einstein"", ""Edison"", ""Tesla"", ""Newton""]","[""Edison"", ""Einstein"", ""Tesla"", ""Newton""]","[""Tesla"", ""Einstein"", ""Edison"", ""Newton""]","You are playing a coordination game with another agent.
If you both select the SAME option, you each get $1.
You cannot communicate - you must try to coordinate.
Note: The other agent sees the SAME options, but in a DIFFERENT order.

US Scientists
Options: Edison, Einstein, Tesla, Newton

Which option do you choose? Respond with the exact option text.",Einstein,Einstein,"You are playing a coordination game with another agent.
If you both select the SAME option, you each get $1.
You cannot communicate - you must try to coordinate.
Note: The other agent sees the SAME options, but in a DIFFERENT order.

US Scientists
Options: Tesla, Einstein, Edison, Newton

Which option do you choose? Respond with the exact option text.",Einstein,Einstein,True
US Musicians,"[""Elvis"", ""Michael Jackson"", ""Madonna"", ""Beyonce""]","[""Elvis"", ""Madonna"", ""Michael Jackson"", ""Beyonce""]","[""Madonna"", ""Michael Jackson"", ""Elvis"", ""Beyonce""]","You are playing a coordination game with another agent.
If you both select the SAME option, you each get $1.
You cannot communicate - you must try to coordinate.
Note: The other agent sees the SAME options, but in a DIFFERENT order.

US Musicians
Options: Elvis, Madonna, Michael Jackson, Beyonce

Which option do you choose? Respond with the exact option text.",Michael Jackson,Michael Jackson,"You are playing a coordination game with another agent.
If you both select the SAME option, you each get $1.
You cannot communicate - you must try to coordinate.
Note: The other agent sees the SAME options, but in a DIFFERENT order.

US Musicians
Options: Madonna, Michael Jackson, Elvis, Beyonce

Which option do you choose? Respond with the exact option text.",Michael Jackson,Michael Jackson,True
US Actors,"[""Tom Hanks"", ""Brad Pitt"", ""Meryl Streep"", ""Leonardo DiCaprio""]","[""Leonardo DiCaprio"", ""Brad Pitt"", ""Tom Hanks"", ""Meryl Streep""]","[""Brad Pitt"", ""Leonardo DiCaprio"", ""Meryl Streep"", ""Tom Hanks""]","You are playing a coordination game with another agent.
If you both select the SAME option, you each get $1.
You cannot communicate - you must try to coordinate.
Note: The other agent sees the SAME options, but in a DIFFERENT order.

US Actors
Options: Leonardo DiCaprio, Brad Pitt, Tom Hanks, Meryl Streep

Which option do you choose? Respond with the exact option text.",Tom Hanks,Tom Hanks,"You are playing a coordination game with another agent.
If you both select the SAME option, you each get $1.
You cannot communicate - you must try to coordinate.
Note: The other agent sees the SAME options, but in a DIFFERENT order.

US Actors
Options: Brad Pitt, Leonardo DiCaprio, Meryl Streep, Tom Hanks

Which option do you choose? Respond with the exact option text.",Brad Pitt,Brad Pitt,False
US Athletes,"[""Michael Jordan"", ""LeBron James"", ""Tom Brady"", ""Serena Williams""]","[""Tom Brady"", ""LeBron James"", ""Michael Jordan"", ""Serena Williams""]","[""Serena Williams"", ""Tom Brady"", ""Michael Jordan"", ""LeBron James""]","You are playing a coordination game with another agent.
If you both select the SAME option, you each get $1.
You cannot communicate - you must try to coordinate.
Note: The other agent sees the SAME options, but in a DIFFERENT order.

US Athletes
Options: Tom Brady, LeBron James, Michael Jordan, Serena Williams

Which option do you choose? Respond with the exact option text.",Michael Jordan,Michael Jordan,"You are playing a coordination game with another agent.
If you both select the SAME option, you each get $1.
You cannot communicate - you must try to coordinate.
Note: The other agent sees the SAME options, but in a DIFFERENT order.

US Athletes
Options: Serena Williams, Tom Brady, Michael Jordan, LeBron James

Which option do you choose? Respond with the exact option text.",Michael Jordan,Michael Jordan,True
US Business Leaders,"[""Elon Musk"", ""Steve Jobs"", ""Bill Gates"", ""Jeff Bezos""]","[""Jeff Bezos"", ""Elon Musk"", ""Bill Gates"", ""Steve Jobs""]","[""Elon Musk"", ""Steve Jobs"", ""Bill Gates"", ""Jeff Bezos""]","You are playing a coordination game with another agent.
If you both select the SAME option, you each get $1.
You cannot communicate - you must try to coordinate.
Note: The other agent sees the SAME options, but in a DIFFERENT order.

US Business Leaders
Options: Jeff Bezos, Elon Musk, Bill Gates, Steve Jobs

Which option do you choose? Respond with the exact option text.",Elon Musk,Elon Musk,"You are playing a coordination game with another agent.
If you both select the SAME option, you each get $1.
You cannot communicate - you must try to coordinate.
Note: The other agent sees the SAME options, but in a DIFFERENT order.

US Business Leaders
Options: Elon Musk, Steve Jobs, Bill Gates, Jeff Bezos

Which option do you choose? Respond with the exact option text.",Elon Musk,Elon Musk,True
US Writers,"[""Mark Twain"", ""Hemingway"", ""Fitzgerald"", ""Stephen King""]","[""Fitzgerald"", ""Hemingway"", ""Stephen King"", ""Mark Twain""]","[""Fitzgerald"", ""Hemingway"", ""Mark Twain"", ""Stephen King""]","You are playing a coordination game with another agent.
If you both select the SAME option, you each get $1.
You cannot communicate - you must try to coordinate.
Note: The other agent sees the SAME options, but in a DIFFERENT order.

US Writers
Options: Fitzgerald, Hemingway, Stephen King, Mark Twain

Which option do you choose? Respond with the exact option text.",Mark Twain,Mark Twain,"You are playing a coordination game with another agent.
If you both select the SAME option, you each get $1.
You cannot communicate - you must try to coordinate.
Note: The other agent sees the SAME options, but in a DIFFERENT order.

US Writers
Options: Fitzgerald, Hemingway, Mark Twain, Stephen King

Which option do you choose? Respond with the exact option text.",Mark Twain,Mark Twain,True
US Historical Figures,"[""Benjamin Franklin"", ""Martin Luther King Jr."", ""Amelia Earhart"", ""Rosa Parks""]","[""Benjamin Franklin"", ""Rosa Parks"", ""Martin Luther King Jr."", ""Amelia Earhart""]","[""Amelia Earhart"", ""Rosa Parks"", ""Benjamin Franklin"", ""Martin Luther King Jr.""]","You are playing a coordination game with another agent.
If you both select the SAME option, you each get $1.
You cannot communicate - you must try to coordinate.
Note: The other agent sees the SAME options, but in a DIFFERENT order.

US Historical Figures
Options: Benjamin Franklin, Rosa Parks, Martin Luther King Jr., Amelia Earhart

Which option do you choose? Respond with the exact option text.",Martin Luther King Jr.,Martin Luther King Jr.,"You are playing a coordination game with another agent.
If you both select the SAME option, you each get $1.
You cannot communicate - you must try to coordinate.
Note: The other agent sees the SAME options, but in a DIFFERENT order.

US Historical Figures
Options: Amelia Earhart, Rosa Parks, Benjamin Franklin, Martin Luther King Jr.

Which option do you choose? Respond with the exact option text.",Martin Luther King Jr.,Martin Luther King Jr.,True
US Directors,"[""Steven Spielberg"", ""Martin Scorsese"", ""Christopher Nolan"", ""Quentin Tarantino""]","[""Quentin Tarantino"", ""Christopher Nolan"", ""Steven Spielberg"", ""Martin Scorsese""]","[""Steven Spielberg"", ""Martin Scorsese"", ""Quentin Tarantino"", ""Christopher Nolan""]","You are playing a coordination game with another agent.
If you both select the SAME option, you each get $1.
You cannot communicate - you must try to coordinate.
Note: The other agent sees the SAME options, but in a DIFFERENT order.

US Directors
Options: Quentin Tarantino, Christopher Nolan, Steven Spielberg, Martin Scorsese

Which option do you choose? Respond with the exact option text.",Steven Spielberg,Steven Spielberg,"You are playing a coordination game with another agent.
If you both select the SAME option, you each get $1.
You cannot communicate - you must try to coordinate.
Note: The other agent sees the SAME options, but in a DIFFERENT order.

US Directors
Options: Steven Spielberg, Martin Scorsese, Quentin Tarantino, Christopher Nolan

Which option do you choose? Respond with the exact option text.",Steven Spielberg,Steven Spielberg,True
US Tech Founders,"[""Steve Jobs"", ""Bill Gates"", ""Mark Zuckerberg"", ""Elon Musk""]","[""Bill Gates"", ""Mark Zuckerberg"", ""Elon Musk"", ""Steve Jobs""]","[""Bill Gates"", ""Steve Jobs"", ""Elon Musk"", ""Mark Zuckerberg""]","You are playing a coordination game with another agent.
If you both select the SAME option, you each get $1.
You cannot communicate - you must try to coordinate.
Note: The other agent sees the SAME options, but in a DIFFERENT order.

US Tech Founders
Options: Bill Gates, Mark Zuckerberg, Elon Musk, Steve Jobs

Which option do you choose? Respond with the exact option text.",Elon Musk,Elon Musk,"You are playing a coordination game with another agent.
If you both select the SAME option, you each get $1.
You cannot communicate - you must try to coordinate.
Note: The other agent sees the SAME options, but in a DIFFERENT order.

US Tech Founders
Options: Bill Gates, Steve Jobs, Elon Musk, Mark Zuckerberg

Which option do you choose? Respond with the exact option text.",Elon Musk,Elon Musk,True
中国古代帝王,"[""秦始皇"", ""汉武帝"", ""唐太宗"", ""康熙帝""]","[""康熙帝"", ""唐太宗"", ""汉武帝"", ""秦始皇""]","[""汉武帝"", ""秦始皇"", ""康熙帝"", ""唐太宗""]","You are playing a coordination game with another agent.
If you both select the SAME option, you each get $1.
You cannot communicate - you must try to coordinate.
Note: The other agent sees the SAME options, but in a DIFFERENT order.

中国古代帝王
Options: 康熙帝, 唐太宗, 汉武帝, 秦始皇

Which option do you choose? Respond with the exact option text.",秦始皇,秦始皇,"You are playing a coordination game with another agent.
If you both select the SAME option, you each get $1.
You cannot communicate - you must try to coordinate.
Note: The other agent sees the SAME options, but in a DIFFERENT order.

中国古代帝王
Options: 汉武帝, 秦始皇, 康熙帝, 唐太宗

Which option do you choose? Respond with the exact option text.",秦始皇,秦始皇,True
中国科学家,"[""袁隆平"", ""屠呦呦"", ""钱学森"", ""邓稼先""]","[""邓稼先"", ""钱学森"", ""屠呦呦"", ""袁隆平""]","[""邓稼先"", ""屠呦呦"", ""袁隆平"", ""钱学森""]","You are playing a coordination game with another agent.
If you both select the SAME option, you each get $1.
You cannot communicate - you must try to coordinate.
Note: The other agent sees the SAME options, but in a DIFFERENT order.

中国科学家
Options: 邓稼先, 钱学森, 屠呦呦, 袁隆平

Which option do you choose? Respond with the exact option text.",屠呦呦,屠呦呦,"You are playing a coordination game with another agent.
If you both select the SAME option, you each get $1.
You cannot communicate - you must try to coordinate.
Note: The other agent sees the SAME options, but in a DIFFERENT order.

中国科学家
Options: 邓稼先, 屠呦呦, 袁隆平, 钱学森

Which option do you choose? Respond with the exact option text.",屠呦呦,屠呦呦,True
中国歌手,"[""周杰伦"", ""邓丽君"", ""王菲"", ""刘德华""]","[""邓丽君"", ""刘德华"", ""周杰伦"", ""王菲""]","[""邓丽君"", ""周杰伦"", ""刘德华"", ""王菲""]","You are playing a coordination game with another agent.
If you both select the SAME option, you each get $1.
You cannot communicate - you must try to coordinate.
Note: The other agent sees the SAME options, but in a DIFFERENT order.

中国歌手
Options: 邓丽君, 刘德华, 周杰伦, 王菲

Which option do you choose? Respond with the exact option text.",邓丽君,邓丽君,"You are playing a coordination game with another agent.
If you both select the SAME option, you each get $1.
You cannot communicate - you must try to coordinate.
Note: The other agent sees the SAME options, but in a DIFFERENT order.

中国歌手
Options: 邓丽君, 周杰伦, 刘德华, 王菲

Which option do you choose? Respond with the exact option text.",周杰伦,周杰伦,False
中国演员,"[""成龙"", ""周星驰"", ""巩俐"", ""章子怡""]","[""周星驰"", ""成龙"", ""巩俐"", ""章子怡""]","[""巩俐"", ""成龙"", ""周星驰"", ""章子怡""]","You are playing a coordination game with another agent.
If you both select the SAME option, you each get $1.
You cannot communicate - you must try to coordinate.
Note: The other agent sees the SAME options, but in a DIFFERENT order.

中国演员
Options: 周星驰, 成龙, 巩俐, 章子怡

Which option do you choose? Respond with the exact option text.",成龙,成龙,"You are playing a coordination game with another agent.
If you both select the SAME option, you each get $1.
You cannot communicate - you must try to coordinate.
Note: The other agent sees the SAME options, but in a DIFFERENT order.

中国演员
Options: 巩俐, 成龙, 周星驰, 章子怡

Which option do you choose? Respond with the exact option text.",成龙,成龙,True
中国运动员,"[""姚明"", ""刘翔"", ""李娜"", ""马龙""]","[""刘翔"", ""李娜"", ""马龙"", ""姚明""]","[""姚明"", ""刘翔"", ""李娜"", ""马龙""]","You are playing a coordination game with another agent.
If you both select the SAME option, you each get $1.
You cannot communicate - you must try to coordinate.
Note: The other agent sees the SAME options, but in a DIFFERENT order.

中国运动员
Options: 刘翔, 李娜, 马龙, 姚明

Which option do you choose? Respond with the exact option text.",姚明,姚明,"You are playing a coordination game with another agent.
If you both select the SAME option, you each get $1.
You cannot communicate - you must try to coordinate.
Note: The other agent sees the SAME options, but in a DIFFERENT order.

中国运动员
Options: 姚明, 刘翔, 李娜, 马龙

Which option do you choose? Respond with the exact option text.",姚明,姚明,True
中国企业家,"[""马云"", ""马化腾"", ""任正非"", ""雷军""]","[""马云"", ""任正非"", ""马化腾"", ""雷军""]","[""马云"", ""雷军"", ""任正非"", ""马化腾""]","You are playing a coordination game with another agent.
If you both select the SAME option, you each get $1.
You cannot communicate - you must try to coordinate.
Note: The other agent sees the SAME options, but in a DIFFERENT order.

中国企业家
Options: 马云, 任正非, 马化腾, 雷军

Which option do you choose? Respond with the exact option text.",马云,马云,"You are playing a coordination game with another agent.
If you both select the SAME option, you each get $1.
You cannot communicate - you must try to coordinate.
Note: The other agent sees the SAME options, but in a DIFFERENT order.

中国企业家
Options: 马云, 雷军, 任正非, 马化腾

Which option do you choose? Respond with the exact option text.",马云,马云,True
中国作家,"[""鲁迅"", ""莫言"", ""金庸"", ""余华""]","[""鲁迅"", ""余华"", ""金庸"", ""莫言""]","[""金庸"", ""余华"", ""莫言"", ""鲁迅""]","You are playing a coordination game with another agent.
If you both select the SAME option, you each get $1.
You cannot communicate - you must try to coordinate.
Note: The other agent sees the SAME options, but in a DIFFERENT order.

中国作家
Options: 鲁迅, 余华, 金庸, 莫言

Which option do you choose? Respond with the exact option text.",鲁迅,鲁迅,"You are playing a coordination game with another agent.
If you both select the SAME option, you each get $1.
You cannot communicate - you must try to coordinate.
Note: The other agent sees the SAME options, but in a DIFFERENT order.

中国作家
Options: 金庸, 余华, 莫言, 鲁迅

Which option do you choose? Respond with the exact option text.",鲁迅,鲁迅,True
中国历史人物,"[""孔子"", ""诸葛亮"", ""李白"", ""孙中山""]","[""李白"", ""孔子"", ""诸葛亮"", ""孙中山""]","[""孔子"", ""孙中山"", ""李白"", ""诸葛亮""]","You are playing a coordination game with another agent.
If you both select the SAME option, you each get $1.
You cannot communicate - you must try to coordinate.
Note: The other agent sees the SAME options, but in a DIFFERENT order.

中国历史人物
Options: 李白, 孔子, 诸葛亮, 孙中山

Which option do you choose? Respond with the exact option text.",孔子,孔子,"You are playing a coordination game with another agent.
If you both select the SAME option, you each get $1.
You cannot communicate - you must try to coordinate.
Note: The other agent sees the SAME options, but in a DIFFERENT order.

中国历史人物
Options: 孔子, 孙中山, 李白, 诸葛亮

Which option do you choose? Respond with the exact option text.",孔子,孔子,True
中国导演,"[""张艺谋"", ""李安"", ""陈凯歌"", ""王家卫""]","[""王家卫"", ""张艺谋"", ""陈凯歌"", ""李安""]","[""李安"", ""张艺谋"", ""陈凯歌"", ""王家卫""]","You are playing a coordination game with another agent.
If you both select the SAME option, you each get $1.
You cannot communicate - you must try to coordinate.
Note: The other agent sees the SAME options, but in a DIFFERENT order.

中国导演
Options: 王家卫, 张艺谋, 陈凯歌, 李安

Which option do you choose? Respond with the exact option text.",张艺谋,张艺谋,"You are playing a coordination game with another agent.
If you both select the SAME option, you each get $1.
You cannot communicate - you must try to coordinate.
Note: The other agent sees the SAME options, but in a DIFFERENT order.

中国导演
Options: 李安, 张艺谋, 陈凯歌, 王家卫

Which option do you choose? Respond with the exact option text.",张艺谋,张艺谋,True
中国互联网人物,"[""马云"", ""马化腾"", ""李彦宏"", ""张一鸣""]","[""李彦宏"", ""马化腾"", ""张一鸣"", ""马云""]","[""马化腾"", ""李彦宏"", ""马云"", ""张一鸣""]","You are playing a coordination game with another agent.
If you both select the SAME option, you each get $1.
You cannot communicate - you must try to coordinate.
Note: The other agent sees the SAME options, but in a DIFFERENT order.

中国互联网人物
Options: 李彦宏, 马化腾, 张一鸣, 马云

Which option do you choose? Respond with the exact option text.",马云,马云,"You are playing a coordination game with another agent.
If you both select the SAME option, you each get $1.
You cannot communicate - you must try to coordinate.
Note: The other agent sees the SAME options, but in a DIFFERENT order.

中国互联网人物
Options: 马化腾, 李彦宏, 马云, 张一鸣

Which option do you choose? Respond with the exact option text.",马云,马云,True
US Social Media,"[""Facebook"", ""Twitter"", ""Instagram"", ""TikTok""]","[""Facebook"", ""Twitter"", ""Instagram"", ""TikTok""]","[""Twitter"", ""Facebook"", ""TikTok"", ""Instagram""]","You are playing a coordination game with another agent.
If you both select the SAME option, you each get $1.
You cannot communicate - you must try to coordinate.
Note: The other agent sees the SAME options, but in a DIFFERENT order.

US Social Media
Options: Facebook, Twitter, Instagram, TikTok

Which option do you choose? Respond with the exact option text.",Facebook,Facebook,"You are playing a coordination game with another agent.
If you both select the SAME option, you each get $1.
You cannot communicate - you must try to coordinate.
Note: The other agent sees the SAME options, but in a DIFFERENT order.

US Social Media
Options: Twitter, Facebook, TikTok, Instagram

Which option do you choose? Respond with the exact option text.",Facebook,Facebook,True
US TV Shows,"[""Friends"", ""Breaking Bad"", ""The Office"", ""Game of Thrones""]","[""Friends"", ""Game of Thrones"", ""Breaking Bad"", ""The Office""]","[""Game of Thrones"", ""Friends"", ""Breaking Bad"", ""The Office""]","You are playing a coordination game with another agent.
If you both select the SAME option, you each get $1.
You cannot communicate - you must try to coordinate.
Note: The other agent sees the SAME options, but in a DIFFERENT order.

US TV Shows
Options: Friends, Game of Thrones, Breaking Bad, The Office

Which option do you choose? Respond with the exact option text.",Friends,Friends,"You are playing a coordination game with another agent.
If you both select the SAME option, you each get $1.
You cannot communicate - you must try to coordinate.
Note: The other agent sees the SAME options, but in a DIFFERENT order.

US TV Shows
Options: Game of Thrones, Friends, Breaking Bad, The Office

Which option do you choose? Respond with the exact option text.",Friends,Friends,True
US Movies,"[""Star Wars"", ""The Godfather"", ""Titanic"", ""Avengers""]","[""Titanic"", ""The Godfather"", ""Star Wars"", ""Avengers""]","[""The Godfather"", ""Star Wars"", ""Avengers"", ""Titanic""]","You are playing a coordination game with another agent.
If you both select the SAME option, you each get $1.
You cannot communicate - you must try to coordinate.
Note: The other agent sees the SAME options, but in a DIFFERENT order.

US Movies
Options: Titanic, The Godfather, Star Wars, Avengers

Which option do you choose? Respond with the exact option text.",The Godfather,The Godfather,"You are playing a coordination game with another agent.
If you both select the SAME option, you each get $1.
You cannot communicate - you must try to coordinate.
Note: The other agent sees the SAME options, but in a DIFFERENT order.

US Movies
Options: The Godfather, Star Wars, Avengers, Titanic

Which option do you choose? Respond with the exact option text.",Star Wars,Star Wars,False
US News Sources,"[""CNN"", ""Fox News"", ""New York Times"", ""BBC""]","[""New York Times"", ""Fox News"", ""BBC"", ""CNN""]","[""BBC"", ""Fox News"", ""New York Times"", ""CNN""]","You are playing a coordination game with another agent.
If you both select the SAME option, you each get $1.
You cannot communicate - you must try to coordinate.
Note: The other agent sees the SAME options, but in a DIFFERENT order.

US News Sources
Options: New York Times, Fox News, BBC, CNN

Which option do you choose? Respond with the exact option text.",New York Times,New York Times,"You are playing a coordination game with another agent.
If you both select the SAME option, you each get $1.
You cannot communicate - you must try to coordinate.
Note: The other agent sees the SAME options, but in a DIFFERENT order.

US News Sources
Options: BBC, Fox News, New York Times, CNN

Which option do you choose? Respond with the exact option text.",BBC,BBC,False
US Streaming Services,"[""Netflix"", ""Hulu"", ""Disney+"", ""Amazon Prime""]","[""Amazon Prime"", ""Disney+"", ""Hulu"", ""Netflix""]","[""Hulu"", ""Amazon Prime"", ""Disney+"", ""Netflix""]","You are playing a coordination game with another agent.
If you both select the SAME option, you each get $1.
You cannot communicate - you must try to coordinate.
Note: The other agent sees the SAME options, but in a DIFFERENT order.

US Streaming Services
Options: Amazon Prime, Disney+, Hulu, Netflix

Which option do you choose? Respond with the exact option text.",Netflix,Netflix,"You are playing a coordination game with another agent.
If you both select the SAME option, you each get $1.
You cannot communicate - you must try to coordinate.
Note: The other agent sees the SAME options, but in a DIFFERENT order.

US Streaming Services
Options: Hulu, Amazon Prime, Disney+, Netflix

Which option do you choose? Respond with the exact option text.",Netflix,Netflix,True
US Music Platforms,"[""Spotify"", ""Apple Music"", ""YouTube Music"", ""Pandora""]","[""Pandora"", ""Apple Music"", ""YouTube Music"", ""Spotify""]","[""Apple Music"", ""Pandora"", ""Spotify"", ""YouTube Music""]","You are playing a coordination game with another agent.
If you both select the SAME option, you each get $1.
You cannot communicate - you must try to coordinate.
Note: The other agent sees the SAME options, but in a DIFFERENT order.

US Music Platforms
Options: Pandora, Apple Music, YouTube Music, Spotify

Which option do you choose? Respond with the exact option text.",Spotify,Spotify,"You are playing a coordination game with another agent.
If you both select the SAME option, you each get $1.
You cannot communicate - you must try to coordinate.
Note: The other agent sees the SAME options, but in a DIFFERENT order.

US Music Platforms
Options: Apple Music, Pandora, Spotify, YouTube Music

Which option do you choose? Respond with the exact option text.",Spotify,Spotify,True
US Video Games,"[""Minecraft"", ""Fortnite"", ""Call of Duty"", ""GTA""]","[""GTA"", ""Fortnite"", ""Minecraft"", ""Call of Duty""]","[""Minecraft"", ""Fortnite"", ""Call of Duty"", ""GTA""]","You are playing a coordination game with another agent.
If you both select the SAME option, you each get $1.
You cannot communicate - you must try to coordinate.
Note: The other agent sees the SAME options, but in a DIFFERENT order.

US Video Games
Options: GTA, Fortnite, Minecraft, Call of Duty

Which option do you choose? Respond with the exact option text.",Minecraft,Minecraft,"You are playing a coordination game with another agent.
If you both select the SAME option, you each get $1.
You cannot communicate - you must try to coordinate.
Note: The other agent sees the SAME options, but in a DIFFERENT order.

US Video Games
Options: Minecraft, Fortnite, Call of Duty, GTA

Which option do you choose? Respond with the exact option text.",Minecraft,Minecraft,True
US Cartoons,"[""Simpsons"", ""Mickey Mouse"", ""Tom and Jerry"", ""SpongeBob""]","[""SpongeBob"", ""Mickey Mouse"", ""Tom and Jerry"", ""Simpsons""]","[""SpongeBob"", ""Mickey Mouse"", ""Simpsons"", ""Tom and Jerry""]","You are playing a coordination game with another agent.
If you both select the SAME option, you each get $1.
You cannot communicate - you must try to coordinate.
Note: The other agent sees the SAME options, but in a DIFFERENT order.

US Cartoons
Options: SpongeBob, Mickey Mouse, Tom and Jerry, Simpsons

Which option do you choose? Respond with the exact option text.",Mickey Mouse,Mickey Mouse,"You are playing a coordination game with another agent.
If you both select the SAME option, you each get $1.
You cannot communicate - you must try to coordinate.
Note: The other agent sees the SAME options, but in a DIFFERENT order.

US Cartoons
Options: SpongeBob, Mickey Mouse, Simpsons, Tom and Jerry

Which option do you choose? Respond with the exact option text.",Mickey Mouse,Mickey Mouse,True
US Talk Shows,"[""Tonight Show"", ""Ellen"", ""Oprah"", ""Late Night""]","[""Ellen"", ""Oprah"", ""Tonight Show"", ""Late Night""]","[""Late Night"", ""Ellen"", ""Tonight Show"", ""Oprah""]","You are playing a coordination game with another agent.
If you both select the SAME option, you each get $1.
You cannot communicate - you must try to coordinate.
Note: The other agent sees the SAME options, but in a DIFFERENT order.

US Talk Shows
Options: Ellen, Oprah, Tonight Show, Late Night

Which option do you choose? Respond with the exact option text.",Oprah,Oprah,"You are playing a coordination game with another agent.
If you both select the SAME option, you each get $1.
You cannot communicate - you must try to coordinate.
Note: The other agent sees the SAME options, but in a DIFFERENT order.

US Talk Shows
Options: Late Night, Ellen, Tonight Show, Oprah

Which option do you choose? Respond with the exact option text.",Oprah,Oprah,True
US Podcast Genres,"[""True Crime"", ""Comedy"", ""News"", ""Tech""]","[""News"", ""True Crime"", ""Tech"", ""Comedy""]","[""Comedy"", ""True Crime"", ""Tech"", ""News""]","You are playing a coordination game with another agent.
If you both select the SAME option, you each get $1.
You cannot communicate - you must try to coordinate.
Note: The other agent sees the SAME options, but in a DIFFERENT order.

US Podcast Genres
Options: News, True Crime, Tech, Comedy

Which option do you choose? Respond with the exact option text.",News,News,"You are playing a coordination game with another agent.
If you both select the SAME option, you each get $1.
You cannot communicate - you must try to coordinate.
Note: The other agent sees the SAME options, but in a DIFFERENT order.

US Podcast Genres
Options: Comedy, True Crime, Tech, News

Which option do you choose? Respond with the exact option text.",Comedy,Comedy,False
中国社交媒体,"[""微信"", ""微博"", ""抖音"", ""小红书""]","[""微博"", ""微信"", ""抖音"", ""小红书""]","[""抖音"", ""微信"", ""微博"", ""小红书""]","You are playing a coordination game with another agent.
If you both select the SAME option, you each get $1.
You cannot communicate - you must try to coordinate.
Note: The other agent sees the SAME options, but in a DIFFERENT order.

中国社交媒体
Options: 微博, 微信, 抖音, 小红书

Which option do you choose? Respond with the exact option text.",微信,微信,"You are playing a coordination game with another agent.
If you both select the SAME option, you each get $1.
You cannot communicate - you must try to coordinate.
Note: The other agent sees the SAME options, but in a DIFFERENT order.

中国社交媒体
Options: 抖音, 微信, 微博, 小红书

Which option do you choose? Respond with the exact option text.",微信,微信,True
中国电视剧,"[""甄嬛传"", ""琅琊榜"", ""庆余年"", ""都挺好""]","[""琅琊榜"", ""庆余年"", ""都挺好"", ""甄嬛传""]","[""都挺好"", ""琅琊榜"", ""甄嬛传"", ""庆余年""]","You are playing a coordination game with another agent.
If you both select the SAME option, you each get $1.
You cannot communicate - you must try to coordinate.
Note: The other agent sees the SAME options, but in a DIFFERENT order.

中国电视剧
Options: 琅琊榜, 庆余年, 都挺好, 甄嬛传

Which option do you choose? Respond with the exact option text.",甄嬛传,甄嬛传,"You are playing a coordination game with another agent.
If you both select the SAME option, you each get $1.
You cannot communicate - you must try to coordinate.
Note: The other agent sees the SAME options, but in a DIFFERENT order.

中国电视剧
Options: 都挺好, 琅琊榜, 甄嬛传, 庆余年

Which option do you choose? Respond with the exact option text.",甄嬛传,甄嬛传,True
中国电影,"[""战狼"", ""哪吒"", ""流浪地球"", ""长津湖""]","[""长津湖"", ""流浪地球"", ""战狼"", ""哪吒""]","[""哪吒"", ""流浪地球"", ""战狼"", ""长津湖""]","You are playing a coordination game with another agent.
If you both select the SAME option, you each get $1.
You cannot communicate - you must try to coordinate.
Note: The other agent sees the SAME options, but in a DIFFERENT order.

中国电影
Options: 长津湖, 流浪地球, 战狼, 哪吒

Which option do you choose? Respond with the exact option text.",流浪地球,流浪地球,"You are playing a coordination game with another agent.
If you both select the SAME option, you each get $1.
You cannot communicate - you must try to coordinate.
Note: The other agent sees the SAME options, but in a DIFFERENT order.

中国电影
Options: 哪吒, 流浪地球, 战狼, 长津湖

Which option do you choose? Respond with the exact option text.",流浪地球,流浪地球,True
中国新闻平台,"[""央视新闻"", ""人民日报"", ""新华社"", ""澎湃新闻""]","[""央视新闻"", ""澎湃新闻"", ""人民日报"", ""新华社""]","[""澎湃新闻"", ""央视新闻"", ""人民日报"", ""新华社""]","You are playing a coordination game with another agent.
If you both select the SAME option, you each get $1.
You cannot communicate - you must try to coordinate.
Note: The other agent sees the SAME options, but in a DIFFERENT order.

中国新闻平台
Options: 央视新闻, 澎湃新闻, 人民日报, 新华社

Which option do you choose? Respond with the exact option text.",新华社,新华社,"You are playing a coordination game with another agent.
If you both select the SAME option, you each get $1.
You cannot communicate - you must try to coordinate.
Note: The other agent sees the SAME options, but in a DIFFERENT order.

中国新闻平台
Options: 澎湃新闻, 央视新闻, 人民日报, 新华社

Which option do you choose? Respond with the exact option text.",人民日报,人民日报,False
中国视频平台,"[""优酷"", ""爱奇艺"", ""腾讯视频"", ""B站""]","[""爱奇艺"", ""优酷"", ""腾讯视频"", ""B站""]","[""腾讯视频"", ""爱奇艺"", ""B站"", ""优酷""]","You are playing a coordination game with another agent.
If you both select the SAME option, you each get $1.
You cannot communicate - you must try to coordinate.
Note: The other agent sees the SAME options, but in a DIFFERENT order.

中国视频平台
Options: 爱奇艺, 优酷, 腾讯视频, B站

Which option do you choose? Respond with the exact option text.",腾讯视频,腾讯视频,"You are playing a coordination game with another agent.
If you both select the SAME option, you each get $1.
You cannot communicate - you must try to coordinate.
Note: The other agent sees the SAME options, but in a DIFFERENT order.

中国视频平台
Options: 腾讯视频, 爱奇艺, B站, 优酷

Which option do you choose? Respond with the exact option text.",腾讯视频,腾讯视频,True
中国音乐平台,"[""QQ音乐"", ""网易云音乐"", ""酷狗音乐"", ""虾米音乐""]","[""网易云音乐"", ""虾米音乐"", ""QQ音乐"", ""酷狗音乐""]","[""QQ音乐"", ""网易云音乐"", ""酷狗音乐"", ""虾米音乐""]","You are playing a coordination game with another agent.
If you both select the SAME option, you each get $1.
You cannot communicate - you must try to coordinate.
Note: The other agent sees the SAME options, but in a DIFFERENT order.

中国音乐平台
Options: 网易云音乐, 虾米音乐, QQ音乐, 酷狗音乐

Which option do you choose? Respond with the exact option text.",QQ音乐,QQ音乐,"You are playing a coordination game with another agent.
If you both select the SAME option, you each get $1.
You cannot communicate - you must try to coordinate.
Note: The other agent sees the SAME options, but in a DIFFERENT order.

中国音乐平台
Options: QQ音乐, 网易云音乐, 酷狗音乐, 虾米音乐

Which option do you choose? Respond with the exact option text.",QQ音乐,QQ音乐,True
中国游戏,"[""王者荣耀"", ""原神"", ""和平精英"", ""英雄联盟""]","[""和平精英"", ""王者荣耀"", ""原神"", ""英雄联盟""]","[""王者荣耀"", ""和平精英"", ""英雄联盟"", ""原神""]","You are playing a coordination game with another agent.
If you both select the SAME option, you each get $1.
You cannot communicate - you must try to coordinate.
Note: The other agent sees the SAME options, but in a DIFFERENT order.

中国游戏
Options: 和平精英, 王者荣耀, 原神, 英雄联盟

Which option do you choose? Respond with the exact option text.",王者荣耀,王者荣耀,"You are playing a coordination game with another agent.
If you both select the SAME option, you each get $1.
You cannot communicate - you must try to coordinate.
Note: The other agent sees the SAME options, but in a DIFFERENT order.

中国游戏
Options: 王者荣耀, 和平精英, 英雄联盟, 原神

Which option do you choose? Respond with the exact option text.",王者荣耀,王者荣耀,True
中国动漫,"[""喜羊羊"", ""熊出没"", ""大闹天宫"", ""哪吒闹海""]","[""喜羊羊"", ""熊出没"", ""哪吒闹海"", ""大闹天宫""]","[""大闹天宫"", ""熊出没"", ""哪吒闹海"", ""喜羊羊""]","You are playing a coordination game with another agent.
If you both select the SAME option, you each get $1.
You cannot communicate - you must try to coordinate.
Note: The other agent sees the SAME options, but in a DIFFERENT order.

中国动漫
Options: 喜羊羊, 熊出没, 哪吒闹海, 大闹天宫

Which option do you choose? Respond with the exact option text.",大闹天宫,大闹天宫,"You are playing a coordination game with another agent.
If you both select the SAME option, you each get $1.
You cannot communicate - you must try to coordinate.
Note: The other agent sees the SAME options, but in a DIFFERENT order.

中国动漫
Options: 大闹天宫, 熊出没, 哪吒闹海, 喜羊羊

Which option do you choose? Respond with the exact option text.",大闹天宫,大闹天宫,True
中国综艺节目,"[""跑男"", ""好声音"", ""脱口秀大会"", ""歌手""]","[""脱口秀大会"", ""跑男"", ""好声音"", ""歌手""]","[""跑男"", ""歌手"", ""脱口秀大会"", ""好声音""]","You are playing a coordination game with another agent.
If you both select the SAME option, you each get $1.
You cannot communicate - you must try to coordinate.
Note: The other agent sees the SAME options, but in a DIFFERENT order.

中国综艺节目
Options: 脱口秀大会, 跑男, 好声音, 歌手

Which option do you choose? Respond with the exact option text.",跑男,跑男,"You are playing a coordination game with another agent.
If you both select the SAME option, you each get $1.
You cannot communicate - you must try to coordinate.
Note: The other agent sees the SAME options, but in a DIFFERENT order.

中国综艺节目
Options: 跑男, 歌手, 脱口秀大会, 好声音

Which option do you choose? Respond with the exact option text.",跑男,跑男,True
中国短视频平台,"[""抖音"", ""快手"", ""B站"", ""小红书""]","[""B站"", ""快手"", ""小红书"", ""抖音""]","[""快手"", ""小红书"", ""B站"", ""抖音""]","You are playing a coordination game with another agent.
If you both select the SAME option, you each get $1.
You cannot communicate - you must try to coordinate.
Note: The other agent sees the SAME options, but in a DIFFERENT order.

中国短视频平台
Options: B站, 快手, 小红书, 抖音

Which option do you choose? Respond with the exact option text.",抖音,抖音,"You are playing a coordination game with another agent.
If you both select the SAME option, you each get $1.
You cannot communicate - you must try to coordinate.
Note: The other agent sees the SAME options, but in a DIFFERENT order.

中国短视频平台
Options: 快手, 小红书, B站, 抖音

Which option do you choose? Respond with the exact option text.",抖音,抖音,True
US Tech Brands,"[""Apple"", ""Google"", ""Microsoft"", ""Amazon""]","[""Microsoft"", ""Apple"", ""Amazon"", ""Google""]","[""Google"", ""Amazon"", ""Apple"", ""Microsoft""]","You are playing a coordination game with another agent.
If you both select the SAME option, you each get $1.
You cannot communicate - you must try to coordinate.
Note: The other agent sees the SAME options, but in a DIFFERENT order.

US Tech Brands
Options: Microsoft, Apple, Amazon, Google

Which option do you choose? Respond with the exact option text.",Apple,Apple,"You are playing a coordination game with another agent.
If you both select the SAME option, you each get $1.
You cannot communicate - you must try to coordinate.
Note: The other agent sees the SAME options, but in a DIFFERENT order.

US Tech Brands
Options: Google, Amazon, Apple, Microsoft

Which option do you choose? Respond with the exact option text.",Google,Google,False
US Car Brands,"[""Ford"", ""Tesla"", ""Chevrolet"", ""Jeep""]","[""Tesla"", ""Ford"", ""Chevrolet"", ""Jeep""]","[""Ford"", ""Jeep"", ""Chevrolet"", ""Tesla""]","You are playing a coordination game with another agent.
If you both select the SAME option, you each get $1.
You cannot communicate - you must try to coordinate.
Note: The other agent sees the SAME options, but in a DIFFERENT order.

US Car Brands
Options: Tesla, Ford, Chevrolet, Jeep

Which option do you choose? Respond with the exact option text.",Tesla,Tesla,"You are playing a coordination game with another agent.
If you both select the SAME option, you each get $1.
You cannot communicate - you must try to coordinate.
Note: The other agent sees the SAME options, but in a DIFFERENT order.

US Car Brands
Options: Ford, Jeep, Chevrolet, Tesla

Which option do you choose? Respond with the exact option text.",Tesla,Tesla,True
US Fast Food Brands,"[""McDonald's"", ""Burger King"", ""KFC"", ""Subway""]","[""Subway"", ""Burger King"", ""KFC"", ""McDonald's""]","[""McDonald's"", ""Subway"", ""KFC"", ""Burger King""]","You are playing a coordination game with another agent.
If you both select the SAME option, you each get $1.
You cannot communicate - you must try to coordinate.
Note: The other agent sees the SAME options, but in a DIFFERENT order.

US Fast Food Brands
Options: Subway, Burger King, KFC, McDonald's

Which option do you choose? Respond with the exact option text.",McDonald's,McDonald's,"You are playing a coordination game with another agent.
If you both select the SAME option, you each get $1.
You cannot communicate - you must try to coordinate.
Note: The other agent sees the SAME options, but in a DIFFERENT order.

US Fast Food Brands
Options: McDonald's, Subway, KFC, Burger King

Which option do you choose? Respond with the exact option text.",McDonald's,McDonald's,True
US Soda Brands,"[""Coca-Cola"", ""Pepsi"", ""Sprite"", ""Dr Pepper""]","[""Dr Pepper"", ""Coca-Cola"", ""Pepsi"", ""Sprite""]","[""Sprite"", ""Dr Pepper"", ""Coca-Cola"", ""Pepsi""]","You are playing a coordination game with another agent.
If you both select the SAME option, you each get $1.
You cannot communicate - you must try to coordinate.
Note: The other agent sees the SAME options, but in a DIFFERENT order.

US Soda Brands
Options: Dr Pepper, Coca-Cola, Pepsi, Sprite

Which option do you choose? Respond with the exact option text.",Coca-Cola,Coca-Cola,"You are playing a coordination game with another agent.
If you both select the SAME option, you each get $1.
You cannot communicate - you must try to coordinate.
Note: The other agent sees the SAME options, but in a DIFFERENT order.

US Soda Brands
Options: Sprite, Dr Pepper, Coca-Cola, Pepsi

Which option do you choose? Respond with the exact option text.",Coca-Cola,Coca-Cola,True
US Clothing Brands,"[""Nike"", ""Levi's"", ""Gap"", ""Adidas""]","[""Gap"", ""Levi's"", ""Adidas"", ""Nike""]","[""Gap"", ""Adidas"", ""Levi's"", ""Nike""]","You are playing a coordination game with another agent.
If you both select the SAME option, you each get $1.
You cannot communicate - you must try to coordinate.
Note: The other agent sees the SAME options, but in a DIFFERENT order.

US Clothing Brands
Options: Gap, Levi's, Adidas, Nike

Which option do you choose? Respond with the exact option text.",Nike,Nike,"You are playing a coordination game with another agent.
If you both select the SAME option, you each get $1.
You cannot communicate - you must try to coordinate.
Note: The other agent sees the SAME options, but in a DIFFERENT order.

US Clothing Brands
Options: Gap, Adidas, Levi's, Nike

Which option do you choose? Respond with the exact option text.",Nike,Nike,True
US Coffee Brands,"[""Starbucks"", ""Dunkin'"", ""Peet's"", ""Tim Hortons""]","[""Dunkin'"", ""Tim Hortons"", ""Peet's"", ""Starbucks""]","[""Tim Hortons"", ""Starbucks"", ""Peet's"", ""Dunkin'""]","You are playing a coordination game with another agent.
If you both select the SAME option, you each get $1.
You cannot communicate - you must try to coordinate.
Note: The other agent sees the SAME options, but in a DIFFERENT order.

US Coffee Brands
Options: Dunkin', Tim Hortons, Peet's, Starbucks

Which option do you choose? Respond with the exact option text.",Starbucks,Starbucks,"You are playing a coordination game with another agent.
If you both select the SAME option, you each get $1.
You cannot communicate - you must try to coordinate.
Note: The other agent sees the SAME options, but in a DIFFERENT order.

US Coffee Brands
Options: Tim Hortons, Starbucks, Peet's, Dunkin'

Which option do you choose? Respond with the exact option text.",Starbucks,Starbucks,True
US Phone Brands,"[""Apple"", ""Samsung"", ""Google"", ""Motorola""]","[""Samsung"", ""Apple"", ""Motorola"", ""Google""]","[""Samsung"", ""Apple"", ""Motorola"", ""Google""]","You are playing a coordination game with another agent.
If you both select the SAME option, you each get $1.
You cannot communicate - you must try to coordinate.
Note: The other agent sees the SAME options, but in a DIFFERENT order.

US Phone Brands
Options: Samsung, Apple, Motorola, Google

Which option do you choose? Respond with the exact option text.",Apple,Apple,"You are playing a coordination game with another agent.
If you both select the SAME option, you each get $1.
You cannot communicate - you must try to coordinate.
Note: The other agent sees the SAME options, but in a DIFFERENT order.

US Phone Brands
Options: Samsung, Apple, Motorola, Google

Which option do you choose? Respond with the exact option text.",Apple,Apple,True
US Sports Brands,"[""Nike"", ""Under Armour"", ""Adidas"", ""Reebok""]","[""Adidas"", ""Reebok"", ""Nike"", ""Under Armour""]","[""Adidas"", ""Reebok"", ""Under Armour"", ""Nike""]","You are playing a coordination game with another agent.
If you both select the SAME option, you each get $1.
You cannot communicate - you must try to coordinate.
Note: The other agent sees the SAME options, but in a DIFFERENT order.

US Sports Brands
Options: Adidas, Reebok, Nike, Under Armour

Which option do you choose? Respond with the exact option text.",Nike,Nike,"You are playing a coordination game with another agent.
If you both select the SAME option, you each get $1.
You cannot communicate - you must try to coordinate.
Note: The other agent sees the SAME options, but in a DIFFERENT order.

US Sports Brands
Options: Adidas, Reebok, Under Armour, Nike

Which option do you choose? Respond with the exact option text.",Nike,Nike,True
US Retail Brands,"[""Walmart"", ""Target"", ""Costco"", ""Amazon""]","[""Target"", ""Amazon"", ""Costco"", ""Walmart""]","[""Costco"", ""Walmart"", ""Target"", ""Amazon""]","You are playing a coordination game with another agent.
If you both select the SAME option, you each get $1.
You cannot communicate - you must try to coordinate.
Note: The other agent sees the SAME options, but in a DIFFERENT order.

US Retail Brands
Options: Target, Amazon, Costco, Walmart

Which option do you choose? Respond with the exact option text.",Walmart,Walmart,"You are playing a coordination game with another agent.
If you both select the SAME option, you each get $1.
You cannot communicate - you must try to coordinate.
Note: The other agent sees the SAME options, but in a DIFFERENT order.

US Retail Brands
Options: Costco, Walmart, Target, Amazon

Which option do you choose? Respond with the exact option text.",Amazon,Amazon,False
US Snack Brands,"[""Lay's"", ""Doritos"", ""Oreo"", ""Pringles""]","[""Doritos"", ""Oreo"", ""Lay's"", ""Pringles""]","[""Doritos"", ""Oreo"", ""Pringles"", ""Lay's""]","You are playing a coordination game with another agent.
If you both select the SAME option, you each get $1.
You cannot communicate - you must try to coordinate.
Note: The other agent sees the SAME options, but in a DIFFERENT order.

US Snack Brands
Options: Doritos, Oreo, Lay's, Pringles

Which option do you choose? Respond with the exact option text.",Oreo,Oreo,"You are playing a coordination game with another agent.
If you both select the SAME option, you each get $1.
You cannot communicate - you must try to coordinate.
Note: The other agent sees the SAME options, but in a DIFFERENT order.

US Snack Brands
Options: Doritos, Oreo, Pringles, Lay's

Which option do you choose? Respond with the exact option text.",Doritos,Doritos,False
中国科技品牌,"[""华为"", ""小米"", ""OPPO"", ""vivo""]","[""vivo"", ""OPPO"", ""华为"", ""小米""]","[""vivo"", ""OPPO"", ""华为"", ""小米""]","You are playing a coordination game with another agent.
If you both select the SAME option, you each get $1.
You cannot communicate - you must try to coordinate.
Note: The other agent sees the SAME options, but in a DIFFERENT order.

中国科技品牌
Options: vivo, OPPO, 华为, 小米

Which option do you choose? Respond with the exact option text.",华为,华为,"You are playing a coordination game with another agent.
If you both select the SAME option, you each get $1.
You cannot communicate - you must try to coordinate.
Note: The other agent sees the SAME options, but in a DIFFERENT order.

中国科技品牌
Options: vivo, OPPO, 华为, 小米

Which option do you choose? Respond with the exact option text.",华为,华为,True
中国汽车品牌,"[""比亚迪"", ""吉利"", ""蔚来"", ""小鹏""]","[""小鹏"", ""蔚来"", ""吉利"", ""比亚迪""]","[""小鹏"", ""吉利"", ""比亚迪"", ""蔚来""]","You are playing a coordination game with another agent.
If you both select the SAME option, you each get $1.
You cannot communicate - you must try to coordinate.
Note: The other agent sees the SAME options, but in a DIFFERENT order.

中国汽车品牌
Options: 小鹏, 蔚来, 吉利, 比亚迪

Which option do you choose? Respond with the exact option text.",比亚迪,比亚迪,"You are playing a coordination game with another agent.
If you both select the SAME option, you each get $1.
You cannot communicate - you must try to coordinate.
Note: The other agent sees the SAME options, but in a DIFFERENT order.

中国汽车品牌
Options: 小鹏, 吉利, 比亚迪, 蔚来

Which option do you choose? Respond with the exact option text.",比亚迪,比亚迪,True
中国餐饮品牌,"[""海底捞"", ""全聚德"", ""沙县小吃"", ""兰州拉面""]","[""全聚德"", ""海底捞"", ""沙县小吃"", ""兰州拉面""]","[""沙县小吃"", ""兰州拉面"", ""海底捞"", ""全聚德""]","You are playing a coordination game with another agent.
If you both select the SAME option, you each get $1.
You cannot communicate - you must try to coordinate.
Note: The other agent sees the SAME options, but in a DIFFERENT order.

中国餐饮品牌
Options: 全聚德, 海底捞, 沙县小吃, 兰州拉面

Which option do you choose? Respond with the exact option text.",海底捞,海底捞,"You are playing a coordination game with another agent.
If you both select the SAME option, you each get $1.
You cannot communicate - you must try to coordinate.
Note: The other agent sees the SAME options, but in a DIFFERENT order.

中国餐饮品牌
Options: 沙县小吃, 兰州拉面, 海底捞, 全聚德

Which option do you choose? Respond with the exact option text.",海底捞,海底捞,True
中国饮料品牌,"[""王老吉"", ""加多宝"", ""农夫山泉"", ""康师傅""]","[""康师傅"", ""王老吉"", ""加多宝"", ""农夫山泉""]","[""加多宝"", ""农夫山泉"", ""王老吉"", ""康师傅""]","You are playing a coordination game with another agent.
If you both select the SAME option, you each get $1.
You cannot communicate - you must try to coordinate.
Note: The other agent sees the SAME options, but in a DIFFERENT order.

中国饮料品牌
Options: 康师傅, 王老吉, 加多宝, 农夫山泉

Which option do you choose? Respond with the exact option text.",农夫山泉,农夫山泉,"You are playing a coordination game with another agent.
If you both select the SAME option, you each get $1.
You cannot communicate - you must try to coordinate.
Note: The other agent sees the SAME options, but in a DIFFERENT order.

中国饮料品牌
Options: 加多宝, 农夫山泉, 王老吉, 康师傅

Which option do you choose? Respond with the exact option text.",农夫山泉,农夫山泉,True
中国服装品牌,"[""李宁"", ""安踏"", ""波司登"", ""海澜之家""]","[""安踏"", ""海澜之家"", ""李宁"", ""波司登""]","[""波司登"", ""安踏"", ""海澜之家"", ""李宁""]","You are playing a coordination game with another agent.
If you both select the SAME option, you each get $1.
You cannot communicate - you must try to coordinate.
Note: The other agent sees the SAME options, but in a DIFFERENT order.

中国服装品牌
Options: 安踏, 海澜之家, 李宁, 波司登

Which option do you choose? Respond with the exact option text.",李宁,李宁,"You are playing a coordination game with another agent.
If you both select the SAME option, you each get $1.
You cannot communicate - you must try to coordinate.
Note: The other agent sees the SAME options, but in a DIFFERENT order.

中国服装品牌
Options: 波司登, 安踏, 海澜之家, 李宁

Which option do you choose? Respond with the exact option text.",李宁,李宁,True
中国茶饮品牌,"[""喜茶"", ""奈雪的茶"", ""蜜雪冰城"", ""茶百道""]","[""奈雪的茶"", ""喜茶"", ""茶百道"", ""蜜雪冰城""]","[""喜茶"", ""茶百道"", ""奈雪的茶"", ""蜜雪冰城""]","You are playing a coordination game with another agent.
If you both select the SAME option, you each get $1.
You cannot communicate - you must try to coordinate.
Note: The other agent sees the SAME options, but in a DIFFERENT order.

中国茶饮品牌
Options: 奈雪的茶, 喜茶, 茶百道, 蜜雪冰城

Which option do you choose? Respond with the exact option text.",喜茶,喜茶,"You are playing a coordination game with another agent.
If you both select the SAME option, you each get $1.
You cannot communicate - you must try to coordinate.
Note: The other agent sees the SAME options, but in a DIFFERENT order.

中国茶饮品牌
Options: 喜茶, 茶百道, 奈雪的茶, 蜜雪冰城

Which option do you choose? Respond with the exact option text.",喜茶,喜茶,True
中国手机品牌,"[""华为"", ""小米"", ""OPPO"", ""vivo""]","[""小米"", ""vivo"", ""华为"", ""OPPO""]","[""小米"", ""vivo"", ""华为"", ""OPPO""]","You are playing a coordination game with another agent.
If you both select the SAME option, you each get $1.
You cannot communicate - you must try to coordinate.
Note: The other agent sees the SAME options, but in a DIFFERENT order.

中国手机品牌
Options: 小米, vivo, 华为, OPPO

Which option do you choose? Respond with the exact option text.",华为,华为,"You are playing a coordination game with another agent.
If you both select the SAME option, you each get $1.
You cannot communicate - you must try to coordinate.
Note: The other agent sees the SAME options, but in a DIFFERENT order.

中国手机品牌
Options: 小米, vivo, 华为, OPPO

Which option do you choose? Respond with the exact option text.",华为,华为,True
中国运动品牌,"[""李宁"", ""安踏"", ""特步"", ""361度""]","[""特步"", ""安踏"", ""李宁"", ""361度""]","[""李宁"", ""361度"", ""安踏"", ""特步""]","You are playing a coordination game with another agent.
If you both select the SAME option, you each get $1.
You cannot communicate - you must try to coordinate.
Note: The other agent sees the SAME options, but in a DIFFERENT order.

中国运动品牌
Options: 特步, 安踏, 李宁, 361度

Which option do you choose? Respond with the exact option text.",李宁,李宁,"You are playing a coordination game with another agent.
If you both select the SAME option, you each get $1.
You cannot communicate - you must try to coordinate.
Note: The other agent sees the SAME options, but in a DIFFERENT order.

中国运动品牌
Options: 李宁, 361度, 安踏, 特步

Which option do you choose? Respond with the exact option text.",李宁,李宁,True
中国电商平台,"[""淘宝"", ""京东"", ""拼多多"", ""抖音商城""]","[""淘宝"", ""抖音商城"", ""拼多多"", ""京东""]","[""京东"", ""拼多多"", ""抖音商城"", ""淘宝""]","You are playing a coordination game with another agent.
If you both select the SAME option, you each get $1.
You cannot communicate - you must try to coordinate.
Note: The other agent sees the SAME options, but in a DIFFERENT order.

中国电商平台
Options: 淘宝, 抖音商城, 拼多多, 京东

Which option do you choose? Respond with the exact option text.",淘宝,淘宝,"You are playing a coordination game with another agent.
If you both select the SAME option, you each get $1.
You cannot communicate - you must try to coordinate.
Note: The other agent sees the SAME options, but in a DIFFERENT order.

中国电商平台
Options: 京东, 拼多多, 抖音商城, 淘宝

Which option do you choose? Respond with the exact option text.",淘宝,淘宝,True
中国食品品牌,"[""卫龙"", ""三只松鼠"", ""良品铺子"", ""百草味""]","[""卫龙"", ""三只松鼠"", ""百草味"", ""良品铺子""]","[""百草味"", ""卫龙"", ""良品铺子"", ""三只松鼠""]","You are playing a coordination game with another agent.
If you both select the SAME option, you each get $1.
You cannot communicate - you must try to coordinate.
Note: The other agent sees the SAME options, but in a DIFFERENT order.

中国食品品牌
Options: 卫龙, 三只松鼠, 百草味, 良品铺子

Which option do you choose? Respond with the exact option text.",卫龙,卫龙,"You are playing a coordination game with another agent.
If you both select the SAME option, you each get $1.
You cannot communicate - you must try to coordinate.
Note: The other agent sees the SAME options, but in a DIFFERENT order.

中国食品品牌
Options: 百草味, 卫龙, 良品铺子, 三只松鼠

Which option do you choose? Respond with the exact option text.",卫龙,卫龙,True
US Search Engines,"[""Google"", ""Bing"", ""Yahoo"", ""DuckDuckGo""]","[""Yahoo"", ""DuckDuckGo"", ""Bing"", ""Google""]","[""Yahoo"", ""Google"", ""Bing"", ""DuckDuckGo""]","You are playing a coordination game with another agent.
If you both select the SAME option, you each get $1.
You cannot communicate - you must try to coordinate.
Note: The other agent sees the SAME options, but in a DIFFERENT order.

US Search Engines
Options: Yahoo, DuckDuckGo, Bing, Google

Which option do you choose? Respond with the exact option text.",Google,Google,"You are playing a coordination game with another agent.
If you both select the SAME option, you each get $1.
You cannot communicate - you must try to coordinate.
Note: The other agent sees the SAME options, but in a DIFFERENT order.

US Search Engines
Options: Yahoo, Google, Bing, DuckDuckGo

Which option do you choose? Respond with the exact option text.",Google,Google,True
US Email Providers,"[""Gmail"", ""Outlook"", ""Yahoo Mail"", ""AOL""]","[""Outlook"", ""Yahoo Mail"", ""Gmail"", ""AOL""]","[""Outlook"", ""Gmail"", ""Yahoo Mail"", ""AOL""]","You are playing a coordination game with another agent.
If you both select the SAME option, you each get $1.
You cannot communicate - you must try to coordinate.
Note: The other agent sees the SAME options, but in a DIFFERENT order.

US Email Providers
Options: Outlook, Yahoo Mail, Gmail, AOL

Which option do you choose? Respond with the exact option text.",Gmail,Gmail,"You are playing a coordination game with another agent.
If you both select the SAME option, you each get $1.
You cannot communicate - you must try to coordinate.
Note: The other agent sees the SAME options, but in a DIFFERENT order.

US Email Providers
Options: Outlook, Gmail, Yahoo Mail, AOL

Which option do you choose? Respond with the exact option text.",Gmail,Gmail,True
US Cloud Services,"[""AWS"", ""Google Cloud"", ""Azure"", ""Dropbox""]","[""Google Cloud"", ""Dropbox"", ""AWS"", ""Azure""]","[""Google Cloud"", ""Dropbox"", ""AWS"", ""Azure""]","You are playing a coordination game with another agent.
If you both select the SAME option, you each get $1.
You cannot communicate - you must try to coordinate.
Note: The other agent sees the SAME options, but in a DIFFERENT order.

US Cloud Services
Options: Google Cloud, Dropbox, AWS, Azure

Which option do you choose? Respond with the exact option text.",AWS,AWS,"You are playing a coordination game with another agent.
If you both select the SAME option, you each get $1.
You cannot communicate - you must try to coordinate.
Note: The other agent sees the SAME options, but in a DIFFERENT order.

US Cloud Services
Options: Google Cloud, Dropbox, AWS, Azure

Which option do you choose? Respond with the exact option text.",AWS,AWS,True
US Payment Platforms,"[""PayPal"", ""Venmo"", ""Cash App"", ""Zelle""]","[""PayPal"", ""Cash App"", ""Venmo"", ""Zelle""]","[""PayPal"", ""Venmo"", ""Zelle"", ""Cash App""]","You are playing a coordination game with another agent.
If you both select the SAME option, you each get $1.
You cannot communicate - you must try to coordinate.
Note: The other agent sees the SAME options, but in a DIFFERENT order.

US Payment Platforms
Options: PayPal, Cash App, Venmo, Zelle

Which option do you choose? Respond with the exact option text.",PayPal,PayPal,"You are playing a coordination game with another agent.
If you both select the SAME option, you each get $1.
You cannot communicate - you must try to coordinate.
Note: The other agent sees the SAME options, but in a DIFFERENT order.

US Payment Platforms
Options: PayPal, Venmo, Zelle, Cash App

Which option do you choose? Respond with the exact option text.",PayPal,PayPal,True
US E-commerce Platforms,"[""Amazon"", ""eBay"", ""Etsy"", ""Walmart Online""]","[""eBay"", ""Walmart Online"", ""Amazon"", ""Etsy""]","[""eBay"", ""Walmart Online"", ""Amazon"", ""Etsy""]","You are playing a coordination game with another agent.
If you both select the SAME option, you each get $1.
You cannot communicate - you must try to coordinate.
Note: The other agent sees the SAME options, but in a DIFFERENT order.

US E-commerce Platforms
Options: eBay, Walmart Online, Amazon, Etsy

Which option do you choose? Respond with the exact option text.",Amazon,Amazon,"You are playing a coordination game with another agent.
If you both select the SAME option, you each get $1.
You cannot communicate - you must try to coordinate.
Note: The other agent sees the SAME options, but in a DIFFERENT order.

US E-commerce Platforms
Options: eBay, Walmart Online, Amazon, Etsy

Which option do you choose? Respond with the exact option text.",Amazon,Amazon,True
US Ride-sharing Apps,"[""Uber"", ""Lyft"", ""Via"", ""Curb""]","[""Curb"", ""Lyft"", ""Via"", ""Uber""]","[""Uber"", ""Lyft"", ""Curb"", ""Via""]","You are playing a coordination game with another agent.
If you both select the SAME option, you each get $1.
You cannot communicate - you must try to coordinate.
Note: The other agent sees the SAME options, but in a DIFFERENT order.

US Ride-sharing Apps
Options: Curb, Lyft, Via, Uber

Which option do you choose? Respond with the exact option text.",Uber,Uber,"You are playing a coordination game with another agent.
If you both select the SAME option, you each get $1.
You cannot communicate - you must try to coordinate.
Note: The other agent sees the SAME options, but in a DIFFERENT order.

US Ride-sharing Apps
Options: Uber, Lyft, Curb, Via

Which option do you choose? Respond with the exact option text.",Uber,Uber,True
US Food Delivery,"[""DoorDash"", ""Uber Eats"", ""Grubhub"", ""Postmates""]","[""Uber Eats"", ""Grubhub"", ""Postmates"", ""DoorDash""]","[""Postmates"", ""Uber Eats"", ""DoorDash"", ""Grubhub""]","You are playing a coordination game with another agent.
If you both select the SAME option, you each get $1.
You cannot communicate - you must try to coordinate.
Note: The other agent sees the SAME options, but in a DIFFERENT order.

US Food Delivery
Options: Uber Eats, Grubhub, Postmates, DoorDash

Which option do you choose? Respond with the exact option text.",Uber Eats,Uber Eats,"You are playing a coordination game with another agent.
If you both select the SAME option, you each get $1.
You cannot communicate - you must try to coordinate.
Note: The other agent sees the SAME options, but in a DIFFERENT order.

US Food Delivery
Options: Postmates, Uber Eats, DoorDash, Grubhub

Which option do you choose? Respond with the exact option text.",DoorDash,DoorDash,False
US Messaging Apps,"[""WhatsApp"", ""iMessage"", ""Telegram"", ""Signal""]","[""WhatsApp"", ""Telegram"", ""Signal"", ""iMessage""]","[""iMessage"", ""WhatsApp"", ""Telegram"", ""Signal""]","You are playing a coordination game with another agent.
If you both select the SAME option, you each get $1.
You cannot communicate - you must try to coordinate.
Note: The other agent sees the SAME options, but in a DIFFERENT order.

US Messaging Apps
Options: WhatsApp, Telegram, Signal, iMessage

Which option do you choose? Respond with the exact option text.",WhatsApp,WhatsApp,"You are playing a coordination game with another agent.
If you both select the SAME option, you each get $1.
You cannot communicate - you must try to coordinate.
Note: The other agent sees the SAME options, but in a DIFFERENT order.

US Messaging Apps
Options: iMessage, WhatsApp, Telegram, Signal

Which option do you choose? Respond with the exact option text.",iMessage,iMessage,False
US Productivity Tools,"[""Google Docs"", ""Microsoft Office"", ""Notion"", ""Slack""]","[""Notion"", ""Slack"", ""Microsoft Office"", ""Google Docs""]","[""Google Docs"", ""Microsoft Office"", ""Notion"", ""Slack""]","You are playing a coordination game with another agent.
If you both select the SAME option, you each get $1.
You cannot communicate - you must try to coordinate.
Note: The other agent sees the SAME options, but in a DIFFERENT order.

US Productivity Tools
Options: Notion, Slack, Microsoft Office, Google Docs

Which option do you choose? Respond with the exact option text.",Microsoft Office,Microsoft Office,"You are playing a coordination game with another agent.
If you both select the SAME option, you each get $1.
You cannot communicate - you must try to coordinate.
Note: The other agent sees the SAME options, but in a DIFFERENT order.

US Productivity Tools
Options: Google Docs, Microsoft Office, Notion, Slack

Which option do you choose? Respond with the exact option text.",Microsoft Office,Microsoft Office,True
US Dating Apps,"[""Tinder"", ""Bumble"", ""Hinge"", ""OkCupid""]","[""Bumble"", ""OkCupid"", ""Hinge"", ""Tinder""]","[""Bumble"", ""OkCupid"", ""Hinge"", ""Tinder""]","You are playing a coordination game with another agent.
If you both select the SAME option, you each get $1.
You cannot communicate - you must try to coordinate.
Note: The other agent sees the SAME options, but in a DIFFERENT order.

US Dating Apps
Options: Bumble, OkCupid, Hinge, Tinder

Which option do you choose? Respond with the exact option text.",Tinder,Tinder,"You are playing a coordination game with another agent.
If you both select the SAME option, you each get $1.
You cannot communicate - you must try to coordinate.
Note: The other agent sees the SAME options, but in a DIFFERENT order.

US Dating Apps
Options: Bumble, OkCupid, Hinge, Tinder

Which option do you choose? Respond with the exact option text.",Tinder,Tinder,True
中国搜索引擎,"[""百度"", ""搜狗"", ""360搜索"", ""必应""]","[""360搜索"", ""必应"", ""搜狗"", ""百度""]","[""搜狗"", ""必应"", ""360搜索"", ""百度""]","You are playing a coordination game with another agent.
If you both select the SAME option, you each get $1.
You cannot communicate - you must try to coordinate.
Note: The other agent sees the SAME options, but in a DIFFERENT order.

中国搜索引擎
Options: 360搜索, 必应, 搜狗, 百度

Which option do you choose? Respond with the exact option text.",百度,百度,"You are playing a coordination game with another agent.
If you both select the SAME option, you each get $1.
You cannot communicate - you must try to coordinate.
Note: The other agent sees the SAME options, but in a DIFFERENT order.

中国搜索引擎
Options: 搜狗, 必应, 360搜索, 百度

Which option do you choose? Respond with the exact option text.",百度,百度,True
中国邮箱服务,"[""QQ邮箱"", ""网易邮箱"", ""139邮箱"", ""新浪邮箱""]","[""QQ邮箱"", ""新浪邮箱"", ""139邮箱"", ""网易邮箱""]","[""QQ邮箱"", ""新浪邮箱"", ""网易邮箱"", ""139邮箱""]","You are playing a coordination game with another agent.
If you both select the SAME option, you each get $1.
You cannot communicate - you must try to coordinate.
Note: The other agent sees the SAME options, but in a DIFFERENT order.

中国邮箱服务
Options: QQ邮箱, 新浪邮箱, 139邮箱, 网易邮箱

Which option do you choose? Respond with the exact option text.",QQ邮箱,QQ邮箱,"You are playing a coordination game with another agent.
If you both select the SAME option, you each get $1.
You cannot communicate - you must try to coordinate.
Note: The other agent sees the SAME options, but in a DIFFERENT order.

中国邮箱服务
Options: QQ邮箱, 新浪邮箱, 网易邮箱, 139邮箱

Which option do you choose? Respond with the exact option text.",网易邮箱,网易邮箱,False
中国云服务,"[""阿里云"", ""腾讯云"", ""华为云"", ""百度云""]","[""华为云"", ""腾讯云"", ""百度云"", ""阿里云""]","[""华为云"", ""百度云"", ""阿里云"", ""腾讯云""]","You are playing a coordination game with another agent.
If you both select the SAME option, you each get $1.
You cannot communicate - you must try to coordinate.
Note: The other agent sees the SAME options, but in a DIFFERENT order.

中国云服务
Options: 华为云, 腾讯云, 百度云, 阿里云

Which option do you choose? Respond with the exact option text.",阿里云,阿里云,"You are playing a coordination game with another agent.
If you both select the SAME option, you each get $1.
You cannot communicate - you must try to coordinate.
Note: The other agent sees the SAME options, but in a DIFFERENT order.

中国云服务
Options: 华为云, 百度云, 阿里云, 腾讯云

Which option do you choose? Respond with the exact option text.",阿里云,阿里云,True
中国支付平台,"[""支付宝"", ""微信支付"", ""银联"", ""云闪付""]","[""微信支付"", ""云闪付"", ""支付宝"", ""银联""]","[""支付宝"", ""微信支付"", ""云闪付"", ""银联""]","You are playing a coordination game with another agent.
If you both select the SAME option, you each get $1.
You cannot communicate - you must try to coordinate.
Note: The other agent sees the SAME options, but in a DIFFERENT order.

中国支付平台
Options: 微信支付, 云闪付, 支付宝, 银联

Which option do you choose? Respond with the exact option text.",支付宝,支付宝,"You are playing a coordination game with another agent.
If you both select the SAME option, you each get $1.
You cannot communicate - you must try to coordinate.
Note: The other agent sees the SAME options, but in a DIFFERENT order.

中国支付平台
Options: 支付宝, 微信支付, 云闪付, 银联

Which option do you choose? Respond with the exact option text.",支付宝,支付宝,True
中国电商平台,"[""淘宝"", ""京东"", ""拼多多"", ""唯品会""]","[""唯品会"", ""京东"", ""拼多多"", ""淘宝""]","[""淘宝"", ""京东"", ""唯品会"", ""拼多多""]","You are playing a coordination game with another agent.
If you both select the SAME option, you each get $1.
You cannot communicate - you must try to coordinate.
Note: The other agent sees the SAME options, but in a DIFFERENT order.

中国电商平台
Options: 唯品会, 京东, 拼多多, 淘宝

Which option do you choose? Respond with the exact option text.",淘宝,淘宝,"You are playing a coordination game with another agent.
If you both select the SAME option, you each get $1.
You cannot communicate - you must try to coordinate.
Note: The other agent sees the SAME options, but in a DIFFERENT order.

中国电商平台
Options: 淘宝, 京东, 唯品会, 拼多多

Which option do you choose? Respond with the exact option text.",淘宝,淘宝,True
中国出行平台,"[""滴滴"", ""高德打车"", ""曹操出行"", ""美团打车""]","[""滴滴"", ""美团打车"", ""高德打车"", ""曹操出行""]","[""高德打车"", ""曹操出行"", ""美团打车"", ""滴滴""]","You are playing a coordination game with another agent.
If you both select the SAME option, you each get $1.
You cannot communicate - you must try to coordinate.
Note: The other agent sees the SAME options, but in a DIFFERENT order.

中国出行平台
Options: 滴滴, 美团打车, 高德打车, 曹操出行

Which option do you choose? Respond with the exact option text.",滴滴,滴滴,"You are playing a coordination game with another agent.
If you both select the SAME option, you each get $1.
You cannot communicate - you must try to coordinate.
Note: The other agent sees the SAME options, but in a DIFFERENT order.

中国出行平台
Options: 高德打车, 曹操出行, 美团打车, 滴滴

Which option do you choose? Respond with the exact option text.",滴滴,滴滴,True
中国外卖平台,"[""美团"", ""饿了么"", ""百度外卖"", ""大众点评""]","[""大众点评"", ""美团"", ""饿了么"", ""百度外卖""]","[""美团"", ""饿了么"", ""百度外卖"", ""大众点评""]","You are playing a coordination game with another agent.
If you both select the SAME option, you each get $1.
You cannot communicate - you must try to coordinate.
Note: The other agent sees the SAME options, but in a DIFFERENT order.

中国外卖平台
Options: 大众点评, 美团, 饿了么, 百度外卖

Which option do you choose? Respond with the exact option text.",美团,美团,"You are playing a coordination game with another agent.
If you both select the SAME option, you each get $1.
You cannot communicate - you must try to coordinate.
Note: The other agent sees the SAME options, but in a DIFFERENT order.

中国外卖平台
Options: 美团, 饿了么, 百度外卖, 大众点评

Which option do you choose? Respond with the exact option text.",美团,美团,True
中国聊天工具,"[""微信"", ""QQ"", ""钉钉"", ""飞书""]","[""飞书"", ""钉钉"", ""微信"", ""QQ""]","[""钉钉"", ""QQ"", ""飞书"", ""微信""]","You are playing a coordination game with another agent.
If you both select the SAME option, you each get $1.
You cannot communicate - you must try to coordinate.
Note: The other agent sees the SAME options, but in a DIFFERENT order.

中国聊天工具
Options: 飞书, 钉钉, 微信, QQ

Which option do you choose? Respond with the exact option text.",微信,微信,"You are playing a coordination game with another agent.
If you both select the SAME option, you each get $1.
You cannot communicate - you must try to coordinate.
Note: The other agent sees the SAME options, but in a DIFFERENT order.

中国聊天工具
Options: 钉钉, QQ, 飞书, 微信

Which option do you choose? Respond with the exact option text.",微信,微信,True
中国办公工具,"[""钉钉"", ""飞书"", ""企业微信"", ""WPS""]","[""WPS"", ""钉钉"", ""企业微信"", ""飞书""]","[""飞书"", ""WPS"", ""企业微信"", ""钉钉""]","You are playing a coordination game with another agent.
If you both select the SAME option, you each get $1.
You cannot communicate - you must try to coordinate.
Note: The other agent sees the SAME options, but in a DIFFERENT order.

中国办公工具
Options: WPS, 钉钉, 企业微信, 飞书

Which option do you choose? Respond with the exact option text.",钉钉,钉钉,"You are playing a coordination game with another agent.
If you both select the SAME option, you each get $1.
You cannot communicate - you must try to coordinate.
Note: The other agent sees the SAME options, but in a DIFFERENT order.

中国办公工具
Options: 飞书, WPS, 企业微信, 钉钉

Which option do you choose? Respond with the exact option text.",钉钉,钉钉,True
中国社交平台,"[""微信"", ""微博"", ""小红书"", ""知乎""]","[""微信"", ""小红书"", ""微博"", ""知乎""]","[""微博"", ""微信"", ""小红书"", ""知乎""]","You are playing a coordination game with another agent.
If you both select the SAME option, you each get $1.
You cannot communicate - you must try to coordinate.
Note: The other agent sees the SAME options, but in a DIFFERENT order.

中国社交平台
Options: 微信, 小红书, 微博, 知乎

Which option do you choose? Respond with the exact option text.",微信,微信,"You are playing a coordination game with another agent.
If you both select the SAME option, you each get $1.
You cannot communicate - you must try to coordinate.
Note: The other agent sees the SAME options, but in a DIFFERENT order.

中国社交平台
Options: 微博, 微信, 小红书, 知乎

Which option do you choose? Respond with the exact option text.",微信,微信,True
US Meme Formats,"[""Distracted Boyfriend"", ""This Is Fine"", ""Drake Meme"", ""Woman Yelling at Cat""]","[""Distracted Boyfriend"", ""Woman Yelling at Cat"", ""Drake Meme"", ""This Is Fine""]","[""Distracted Boyfriend"", ""This Is Fine"", ""Drake Meme"", ""Woman Yelling at Cat""]","You are playing a coordination game with another agent.
If you both select the SAME option, you each get $1.
You cannot communicate - you must try to coordinate.
Note: The other agent sees the SAME options, but in a DIFFERENT order.

US Meme Formats
Options: Distracted Boyfriend, Woman Yelling at Cat, Drake Meme, This Is Fine

Which option do you choose? Respond with the exact option text.",Drake Meme,Drake Meme,"You are playing a coordination game with another agent.
If you both select the SAME option, you each get $1.
You cannot communicate - you must try to coordinate.
Note: The other agent sees the SAME options, but in a DIFFERENT order.

US Meme Formats
Options: Distracted Boyfriend, This Is Fine, Drake Meme, Woman Yelling at Cat

Which option do you choose? Respond with the exact option text.",Distracted Boyfriend,Distracted Boyfriend,False
US Online Slang,"[""LOL"", ""BRB"", ""TL;DR"", ""FOMO""]","[""LOL"", ""FOMO"", ""TL;DR"", ""BRB""]","[""FOMO"", ""BRB"", ""TL;DR"", ""LOL""]","You are playing a coordination game with another agent.
If you both select the SAME option, you each get $1.
You cannot communicate - you must try to coordinate.
Note: The other agent sees the SAME options, but in a DIFFERENT order.

US Online Slang
Options: LOL, FOMO, TL;DR, BRB

Which option do you choose? Respond with the exact option text.",LOL,LOL,"You are playing a coordination game with another agent.
If you both select the SAME option, you each get $1.
You cannot communicate - you must try to coordinate.
Note: The other agent sees the SAME options, but in a DIFFERENT order.

US Online Slang
Options: FOMO, BRB, TL;DR, LOL

Which option do you choose? Respond with the exact option text.",LOL,LOL,True
US Viral Challenges,"[""Ice Bucket Challenge"", ""Mannequin Challenge"", ""Harlem Shake"", ""Tide Pod""]","[""Tide Pod"", ""Mannequin Challenge"", ""Harlem Shake"", ""Ice Bucket Challenge""]","[""Mannequin Challenge"", ""Tide Pod"", ""Harlem Shake"", ""Ice Bucket Challenge""]","You are playing a coordination game with another agent.
If you both select the SAME option, you each get $1.
You cannot communicate - you must try to coordinate.
Note: The other agent sees the SAME options, but in a DIFFERENT order.

US Viral Challenges
Options: Tide Pod, Mannequin Challenge, Harlem Shake, Ice Bucket Challenge

Which option do you choose? Respond with the exact option text.",Ice Bucket Challenge,Ice Bucket Challenge,"You are playing a coordination game with another agent.
If you both select the SAME option, you each get $1.
You cannot communicate - you must try to coordinate.
Note: The other agent sees the SAME options, but in a DIFFERENT order.

US Viral Challenges
Options: Mannequin Challenge, Tide Pod, Harlem Shake, Ice Bucket Challenge

Which option do you choose? Respond with the exact option text.",Ice Bucket Challenge,Ice Bucket Challenge,True
US Online Communities,"[""Reddit"", ""4chan"", ""Discord"", ""Tumblr""]","[""Reddit"", ""4chan"", ""Discord"", ""Tumblr""]","[""Discord"", ""Reddit"", ""4chan"", ""Tumblr""]","You are playing a coordination game with another agent.
If you both select the SAME option, you each get $1.
You cannot communicate - you must try to coordinate.
Note: The other agent sees the SAME options, but in a DIFFERENT order.

US Online Communities
Options: Reddit, 4chan, Discord, Tumblr

Which option do you choose? Respond with the exact option text.",Reddit,Reddit,"You are playing a coordination game with another agent.
If you both select the SAME option, you each get $1.
You cannot communicate - you must try to coordinate.
Note: The other agent sees the SAME options, but in a DIFFERENT order.

US Online Communities
Options: Discord, Reddit, 4chan, Tumblr

Which option do you choose? Respond with the exact option text.",Reddit,Reddit,True
US Streaming Culture,"[""Twitch"", ""YouTube Live"", ""Kick"", ""Facebook Live""]","[""Facebook Live"", ""Kick"", ""YouTube Live"", ""Twitch""]","[""Twitch"", ""YouTube Live"", ""Kick"", ""Facebook Live""]","You are playing a coordination game with another agent.
If you both select the SAME option, you each get $1.
You cannot communicate - you must try to coordinate.
Note: The other agent sees the SAME options, but in a DIFFERENT order.

US Streaming Culture
Options: Facebook Live, Kick, YouTube Live, Twitch

Which option do you choose? Respond with the exact option text.",Twitch,Twitch,"You are playing a coordination game with another agent.
If you both select the SAME option, you each get $1.
You cannot communicate - you must try to coordinate.
Note: The other agent sees the SAME options, but in a DIFFERENT order.

US Streaming Culture
Options: Twitch, YouTube Live, Kick, Facebook Live

Which option do you choose? Respond with the exact option text.",Twitch,Twitch,True
US Hashtag Trends,"[""#TBT"", ""#OOTD"", ""#Goals"", ""#Viral""]","[""#Goals"", ""#Viral"", ""#OOTD"", ""#TBT""]","[""#TBT"", ""#OOTD"", ""#Goals"", ""#Viral""]","You are playing a coordination game with another agent.
If you both select the SAME option, you each get $1.
You cannot communicate - you must try to coordinate.
Note: The other agent sees the SAME options, but in a DIFFERENT order.

US Hashtag Trends
Options: #Goals, #Viral, #OOTD, #TBT

Which option do you choose? Respond with the exact option text.",#TBT,#TBT,"You are playing a coordination game with another agent.
If you both select the SAME option, you each get $1.
You cannot communicate - you must try to coordinate.
Note: The other agent sees the SAME options, but in a DIFFERENT order.

US Hashtag Trends
Options: #TBT, #OOTD, #Goals, #Viral

Which option do you choose? Respond with the exact option text.",#TBT,#TBT,True
US Online Gaming Terms,"[""GG"", ""NPC"", ""AFK"", ""Noob""]","[""Noob"", ""GG"", ""NPC"", ""AFK""]","[""Noob"", ""GG"", ""AFK"", ""NPC""]","You are playing a coordination game with another agent.
If you both select the SAME option, you each get $1.
You cannot communicate - you must try to coordinate.
Note: The other agent sees the SAME options, but in a DIFFERENT order.

US Online Gaming Terms
Options: Noob, GG, NPC, AFK

Which option do you choose? Respond with the exact option text.",GG,GG,"You are playing a coordination game with another agent.
If you both select the SAME option, you each get $1.
You cannot communicate - you must try to coordinate.
Note: The other agent sees the SAME options, but in a DIFFERENT order.

US Online Gaming Terms
Options: Noob, GG, AFK, NPC

Which option do you choose? Respond with the exact option text.",GG,GG,True
US Tech Buzzwords,"[""AI"", ""Blockchain"", ""Cloud"", ""Metaverse""]","[""Blockchain"", ""Metaverse"", ""Cloud"", ""AI""]","[""Blockchain"", ""AI"", ""Cloud"", ""Metaverse""]","You are playing a coordination game with another agent.
If you both select the SAME option, you each get $1.
You cannot communicate - you must try to coordinate.
Note: The other agent sees the SAME options, but in a DIFFERENT order.

US Tech Buzzwords
Options: Blockchain, Metaverse, Cloud, AI

Which option do you choose? Respond with the exact option text.",AI,AI,"You are playing a coordination game with another agent.
If you both select the SAME option, you each get $1.
You cannot communicate - you must try to coordinate.
Note: The other agent sees the SAME options, but in a DIFFERENT order.

US Tech Buzzwords
Options: Blockchain, AI, Cloud, Metaverse

Which option do you choose? Respond with the exact option text.",AI,AI,True
US Emoji Usage,"[""😂"", ""❤️"", ""🔥"", ""👍""]","[""👍"", ""😂"", ""❤️"", ""🔥""]","[""❤️"", ""👍"", ""😂"", ""🔥""]","You are playing a coordination game with another agent.
If you both select the SAME option, you each get $1.
You cannot communicate - you must try to coordinate.
Note: The other agent sees the SAME options, but in a DIFFERENT order.

US Emoji Usage
Options: 👍, 😂, ❤️, 🔥

Which option do you choose? Respond with the exact option text.",😂,😂,"You are playing a coordination game with another agent.
If you both select the SAME option, you each get $1.
You cannot communicate - you must try to coordinate.
Note: The other agent sees the SAME options, but in a DIFFERENT order.

US Emoji Usage
Options: ❤️, 👍, 😂, 🔥

Which option do you choose? Respond with the exact option text.",😂,😂,True
US Online Habits,"[""Scrolling"", ""Binge-watching"", ""Doom-scrolling"", ""Lurking""]","[""Scrolling"", ""Binge-watching"", ""Doom-scrolling"", ""Lurking""]","[""Lurking"", ""Scrolling"", ""Binge-watching"", ""Doom-scrolling""]","You are playing a coordination game with another agent.
If you both select the SAME option, you each get $1.
You cannot communicate - you must try to coordinate.
Note: The other agent sees the SAME options, but in a DIFFERENT order.

US Online Habits
Options: Scrolling, Binge-watching, Doom-scrolling, Lurking

Which option do you choose? Respond with the exact option text.",Scrolling,Scrolling,"You are playing a coordination game with another agent.
If you both select the SAME option, you each get $1.
You cannot communicate - you must try to coordinate.
Note: The other agent sees the SAME options, but in a DIFFERENT order.

US Online Habits
Options: Lurking, Scrolling, Binge-watching, Doom-scrolling

Which option do you choose? Respond with the exact option text.",Scrolling,Scrolling,True
中国网络梗,"[""社会性死亡"", ""凡尔赛"", ""内卷"", ""躺平""]","[""社会性死亡"", ""内卷"", ""凡尔赛"", ""躺平""]","[""凡尔赛"", ""内卷"", ""社会性死亡"", ""躺平""]","You are playing a coordination game with another agent.
If you both select the SAME option, you each get $1.
You cannot communicate - you must try to coordinate.
Note: The other agent sees the SAME options, but in a DIFFERENT order.

中国网络梗
Options: 社会性死亡, 内卷, 凡尔赛, 躺平

Which option do you choose? Respond with the exact option text.",内卷,内卷,"You are playing a coordination game with another agent.
If you both select the SAME option, you each get $1.
You cannot communicate - you must try to coordinate.
Note: The other agent sees the SAME options, but in a DIFFERENT order.

中国网络梗
Options: 凡尔赛, 内卷, 社会性死亡, 躺平

Which option do you choose? Respond with the exact option text.",内卷,内卷,True
中国网络用语,"[""666"", ""yyds"", ""绝绝子"", ""emo""]","[""yyds"", ""绝绝子"", ""666"", ""emo""]","[""emo"", ""绝绝子"", ""yyds"", ""666""]","You are playing a coordination game with another agent.
If you both select the SAME option, you each get $1.
You cannot communicate - you must try to coordinate.
Note: The other agent sees the SAME options, but in a DIFFERENT order.

中国网络用语
Options: yyds, 绝绝子, 666, emo

Which option do you choose? Respond with the exact option text.",yyds,yyds,"You are playing a coordination game with another agent.
If you both select the SAME option, you each get $1.
You cannot communicate - you must try to coordinate.
Note: The other agent sees the SAME options, but in a DIFFERENT order.

中国网络用语
Options: emo, 绝绝子, yyds, 666

Which option do you choose? Respond with the exact option text.",666,666,False
中国网络挑战,"[""冰桶挑战"", ""A4腰"", ""反手摸肚脐"", ""手指舞""]","[""A4腰"", ""反手摸肚脐"", ""冰桶挑战"", ""手指舞""]","[""手指舞"", ""反手摸肚脐"", ""A4腰"", ""冰桶挑战""]","You are playing a coordination game with another agent.
If you both select the SAME option, you each get $1.
You cannot communicate - you must try to coordinate.
Note: The other agent sees the SAME options, but in a DIFFERENT order.

中国网络挑战
Options: A4腰, 反手摸肚脐, 冰桶挑战, 手指舞

Which option do you choose? Respond with the exact option text.",冰桶挑战,冰桶挑战,"You are playing a coordination game with another agent.
If you both select the SAME option, you each get $1.
You cannot communicate - you must try to coordinate.
Note: The other agent sees the SAME options, but in a DIFFERENT order.

中国网络挑战
Options: 手指舞, 反手摸肚脐, A4腰, 冰桶挑战

Which option do you choose? Respond with the exact option text.",冰桶挑战,冰桶挑战,True
中国网络社区,"[""贴吧"", ""知乎"", ""豆瓣"", ""B站""]","[""贴吧"", ""B站"", ""知乎"", ""豆瓣""]","[""豆瓣"", ""B站"", ""知乎"", ""贴吧""]","You are playing a coordination game with another agent.
If you both select the SAME option, you each get $1.
You cannot communicate - you must try to coordinate.
Note: The other agent sees the SAME options, but in a DIFFERENT order.

中国网络社区
Options: 贴吧, B站, 知乎, 豆瓣

Which option do you choose? Respond with the exact option text.",B站,B站,"You are playing a coordination game with another agent.
If you both select the SAME option, you each get $1.
You cannot communicate - you must try to coordinate.
Note: The other agent sees the SAME options, but in a DIFFERENT order.

中国网络社区
Options: 豆瓣, B站, 知乎, 贴吧

Which option do you choose? Respond with the exact option text.",B站,B站,True
中国直播文化,"[""直播带货"", ""弹幕"", ""刷礼物"", ""打赏""]","[""打赏"", ""直播带货"", ""弹幕"", ""刷礼物""]","[""直播带货"", ""刷礼物"", ""打赏"", ""弹幕""]","You are playing a coordination game with another agent.
If you both select the SAME option, you each get $1.
You cannot communicate - you must try to coordinate.
Note: The other agent sees the SAME options, but in a DIFFERENT order.

中国直播文化
Options: 打赏, 直播带货, 弹幕, 刷礼物

Which option do you choose? Respond with the exact option text.",直播带货,直播带货,"You are playing a coordination game with another agent.
If you both select the SAME option, you each get $1.
You cannot communicate - you must try to coordinate.
Note: The other agent sees the SAME options, but in a DIFFERENT order.

中国直播文化
Options: 直播带货, 刷礼物, 打赏, 弹幕

Which option do you choose? Respond with the exact option text.",直播带货,直播带货,True
中国热搜话题,"[""热搜"", ""话题"", ""超话"", ""榜单""]","[""榜单"", ""热搜"", ""超话"", ""话题""]","[""超话"", ""榜单"", ""话题"", ""热搜""]","You are playing a coordination game with another agent.
If you both select the SAME option, you each get $1.
You cannot communicate - you must try to coordinate.
Note: The other agent sees the SAME options, but in a DIFFERENT order.

中国热搜话题
Options: 榜单, 热搜, 超话, 话题

Which option do you choose? Respond with the exact option text.",热搜,热搜,"You are playing a coordination game with another agent.
If you both select the SAME option, you each get $1.
You cannot communicate - you must try to coordinate.
Note: The other agent sees the SAME options, but in a DIFFERENT order.

中国热搜话题
Options: 超话, 榜单, 话题, 热搜

Which option do you choose? Respond with the exact option text.",热搜,热搜,True
中国游戏用语,"[""GG"", ""菜鸡"", ""带飞"", ""躺赢""]","[""带飞"", ""菜鸡"", ""躺赢"", ""GG""]","[""躺赢"", ""带飞"", ""GG"", ""菜鸡""]","You are playing a coordination game with another agent.
If you both select the SAME option, you each get $1.
You cannot communicate - you must try to coordinate.
Note: The other agent sees the SAME options, but in a DIFFERENT order.

中国游戏用语
Options: 带飞, 菜鸡, 躺赢, GG

Which option do you choose? Respond with the exact option text.",GG,GG,"You are playing a coordination game with another agent.
If you both select the SAME option, you each get $1.
You cannot communicate - you must try to coordinate.
Note: The other agent sees the SAME options, but in a DIFFERENT order.

中国游戏用语
Options: 躺赢, 带飞, GG, 菜鸡

Which option do you choose? Respond with the exact option text.",GG,GG,True
中国科技热词,"[""人工智能"", ""大数据"", ""云计算"", ""元宇宙""]","[""元宇宙"", ""人工智能"", ""云计算"", ""大数据""]","[""人工智能"", ""大数据"", ""元宇宙"", ""云计算""]","You are playing a coordination game with another agent.
If you both select the SAME option, you each get $1.
You cannot communicate - you must try to coordinate.
Note: The other agent sees the SAME options, but in a DIFFERENT order.

中国科技热词
Options: 元宇宙, 人工智能, 云计算, 大数据

Which option do you choose? Respond with the exact option text.",人工智能,人工智能,"You are playing a coordination game with another agent.
If you both select the SAME option, you each get $1.
You cannot communicate - you must try to coordinate.
Note: The other agent sees the SAME options, but in a DIFFERENT order.

中国科技热词
Options: 人工智能, 大数据, 元宇宙, 云计算

Which option do you choose? Respond with the exact option text.",人工智能,人工智能,True
中国表情包,"[""狗头"", ""微笑"", ""捂脸"", ""滑稽""]","[""微笑"", ""狗头"", ""捂脸"", ""滑稽""]","[""捂脸"", ""微笑"", ""狗头"", ""滑稽""]","You are playing a coordination game with another agent.
If you both select the SAME option, you each get $1.
You cannot communicate - you must try to coordinate.
Note: The other agent sees the SAME options, but in a DIFFERENT order.

中国表情包
Options: 微笑, 狗头, 捂脸, 滑稽

Which option do you choose? Respond with the exact option text.",滑稽,滑稽,"You are playing a coordination game with another agent.
If you both select the SAME option, you each get $1.
You cannot communicate - you must try to coordinate.
Note: The other agent sees the SAME options, but in a DIFFERENT order.

中国表情包
Options: 捂脸, 微笑, 狗头, 滑稽

Which option do you choose? Respond with the exact option text.",微笑,微笑,False
中国网络习惯,"[""刷手机"", ""追剧"", ""网购"", ""打卡""]","[""网购"", ""刷手机"", ""追剧"", ""打卡""]","[""打卡"", ""追剧"", ""网购"", ""刷手机""]","You are playing a coordination game with another agent.
If you both select the SAME option, you each get $1.
You cannot communicate - you must try to coordinate.
Note: The other agent sees the SAME options, but in a DIFFERENT order.

中国网络习惯
Options: 网购, 刷手机, 追剧, 打卡

Which option do you choose? Respond with the exact option text.",刷手机,刷手机,"You are playing a coordination game with another agent.
If you both select the SAME option, you each get $1.
You cannot communicate - you must try to coordinate.
Note: The other agent sees the SAME options, but in a DIFFERENT order.

中国网络习惯
Options: 打卡, 追剧, 网购, 刷手机

Which option do you choose? Respond with the exact option text.",网购,网购,False
